{"type":"FeatureCollection","crs":{"type":"name","properties":{"name":"EPSG:6706"}},"features":[{"type":"Feature","id":"AR_MARC:3929","properties":{"FID_1":3929},"geometry":{"type":"Polygon","coordinates":[[[11.876812102376629,45.40695016944166,17.0],[11.876810351659646,45.40694589297822,17.17],[11.876818993444362,45.40694495499392,17.15],[11.876890018818257,45.40689167702367,17.0],[11.876805616592245,45.40682503545279,17.0],[11.876790144231641,45.40684243793018,17.22],[11.876732058925505,45.406853623755346,17.16],[11.876249120399756,45.40689064209024,16.92],[11.876222137521808,45.406892762468516,16.91],[11.876233244609352,45.406932808121255,17.09],[11.876244483903248,45.40697294045267,17.28],[11.876327771449754,45.40697237114003,17.36],[11.876331761974239,45.406995583802995,17.44],[11.87633325334682,45.407004817503385,17.43],[11.876394220424926,45.40700256049285,17.34],[11.876397256980567,45.40701202527741,17.38],[11.876670750117434,45.406984967603464,17.44],[11.876683195580075,45.407006076827535,17.47],[11.876740328315572,45.4069937448803,17.52],[11.876758067581259,45.406990777281564,17.49],[11.876812102376629,45.40695016944166,17.0]]]}},{"type":"Feature","id":"AR_MARC:3950","properties":{"FID_1":3950},"geometry":{"type":"Polygon","coordinates":[[[11.876936089921937,45.407257676712575,17.36],[11.876936043964667,45.40725425739342,17.36],[11.876927436178315,45.40723323146051,17.35],[11.876855318791277,45.407056284810174,17.24],[11.876817226906766,45.40696300204947,17.19],[11.876812102376629,45.40695016944166,17.18],[11.876758067581259,45.406990777281564,17.0],[11.876784214139198,45.407052676806444,17.56],[11.876800193889657,45.4070905292614,17.58],[11.876820833124409,45.40713960582,17.62],[11.87684495101372,45.407196785811585,17.64],[11.87686181078277,45.40723686638364,17.65],[11.876936089921937,45.407257676712575,17.36],[11.876936089921937,45.407257676712575,17.36]]]}},{"type":"Feature","id":"AR_MARC:3979","properties":{"FID_1":3979},"geometry":{"type":"Polygon","coordinates":[[[11.876818993444362,45.40694495499392,17.0],[11.876866154090594,45.40694007541428,17.1],[11.876891195216418,45.406937463766376,17.06],[11.876943952962826,45.40693208298169,17.0],[11.876934679432143,45.40690801340671,17.01],[11.876928342053667,45.40689143085619,17.01],[11.876922747850415,45.40687689985643,17.01],[11.876890018818257,45.40689167702367,17.0],[11.876818993444362,45.40694495499392,17.0]]]}},{"type":"Feature","id":"AR_MARC:4801","properties":{"FID_1":4801},"geometry":{"type":"Polygon","coordinates":[[[11.873015226367803,45.40630602256567,15.61],[11.87299348510924,45.406305669870925,15.67],[11.872945276037763,45.40630499346571,15.67],[11.872883844511353,45.40630564009842,15.66],[11.87288376696857,45.40630411183681,15.66],[11.872797708969708,45.406302948133465,15.63],[11.872715356554417,45.40630178108292,15.58],[11.872660752727878,45.40630099551905,15.57],[11.872663151377939,45.40633567998904,15.66],[11.872713917469747,45.40633638214861,15.67],[11.87294626646369,45.406339623374585,15.64],[11.872996649691787,45.40634033504824,15.65],[11.87301826334213,45.40634069095549,15.58],[11.873015226367803,45.40630602256567,15.61],[11.873015226367803,45.40630602256567,15.61]]]}},{"type":"Feature","id":"AR_MARC:4825","properties":{"FID_1":4825},"geometry":{"type":"Polygon","coordinates":[[[11.872727012497943,45.40659699894654,16.0],[11.872608817787642,45.4063754832741,15.65],[11.872576529761941,45.40638385720691,15.58],[11.872669316782725,45.40655794586954,15.98],[11.872703640293397,45.40662243085813,15.98],[11.872727012497943,45.40659699894654,16.0]]]}},{"type":"Feature","id":"AR_MARC:4844","properties":{"FID_1":4844},"geometry":{"type":"Polygon","coordinates":[[[11.872703640293397,45.40662243085813,16.0],[11.872706461842403,45.406627670563246,15.98],[11.8727087362362,45.40662716323846,16.02],[11.87281792523959,45.406600650836864,15.88],[11.872926986514337,45.40657414154659,15.86],[11.872914232648814,45.40655447987743,15.81],[11.872727012497943,45.40659699894654,15.9],[11.872703640293397,45.40662243085813,16.0]]]}},{"type":"Feature","id":"AR_MARC:4852","properties":{"FID_1":4852},"geometry":{"type":"Polygon","coordinates":[[[11.874647792435509,45.40610450129696,16.0],[11.874637021216177,45.40609118076304,15.76],[11.87449193993346,45.40603740777114,16.05],[11.87438097548954,45.40599618702284,15.89],[11.874310828690648,45.40598121175862,15.89],[11.874303595232336,45.405979683735985,15.89],[11.874303577612014,45.40598940553985,15.89],[11.874375356105332,45.4060037996283,15.94],[11.874623092987914,45.40610125302561,15.88],[11.874647792435509,45.40610450129696,16.0]]]}},{"type":"Feature","id":"AR_MARC:4853","properties":{"FID_1":4853},"geometry":{"type":"Polygon","coordinates":[[[11.874701840835595,45.406182440692355,16.01],[11.874703385803105,45.40618015145327,16.01],[11.874704643402486,45.40617471901355,16.01],[11.874647792435509,45.40610450129696,15.8],[11.874623092987914,45.40610125302561,16.0],[11.874688422377579,45.40618241870941,15.97],[11.874701840835595,45.406182440692355,16.01],[11.874701840835595,45.406182440692355,16.01]]]}},{"type":"Feature","id":"AR_MARC:5004","properties":{"FID_1":5004},"geometry":{"type":"Polygon","coordinates":[[[11.874496115941245,45.40625810345203,16.01],[11.874619988356612,45.40622383837787,16.01],[11.87464985572649,45.40621561486402,16.01],[11.874652120956405,45.406214927706074,16.01],[11.874668597237617,45.40620722158448,16.01],[11.874680324327795,45.40620161538908,16.01],[11.874689941016973,45.406194712173416,16.01],[11.874697789266913,45.40618821356176,16.01],[11.874701840835595,45.406182440692355,16.01],[11.874688422377579,45.40618241870941,16.0],[11.874643742738364,45.4062034371485,15.98],[11.87449248238125,45.4062444230641,16.08],[11.874496115941245,45.40625810345203,16.01],[11.874496115941245,45.40625810345203,16.01]]]}},{"type":"Feature","id":"AR_MARC:5379","properties":{"FID_1":5379},"geometry":{"type":"Polygon","coordinates":[[[11.875888794209706,45.40731891314684,16.85],[11.875860917516821,45.40731853561566,16.79],[11.875867592771801,45.4073442909914,16.83],[11.875882657666446,45.40740187938615,16.9],[11.87583677299915,45.40740924675051,16.94],[11.87579088831907,45.407416614096725,16.97],[11.875727226063194,45.40740858726551,16.97],[11.875720453704748,45.40746897636352,16.98],[11.875764543479677,45.407471555666994,16.71],[11.875780309691354,45.40747250848939,16.47],[11.875874473407125,45.40747220546299,16.47],[11.875898494065867,45.40747214010591,16.47],[11.87601834210756,45.40747181967833,16.47],[11.876064690187407,45.40744841832171,17.0],[11.87606899118465,45.40738215066691,17.25],[11.876071080992492,45.407357884607755,17.0],[11.876069783133003,45.407322272341816,17.25],[11.876028182241127,45.407320890597916,17.16],[11.875888794209706,45.40731891314684,16.85]]]}},{"type":"Feature","id":"AR_MARC:6438","properties":{"FID_1":6438},"geometry":{"type":"Polygon","coordinates":[[[11.876522629668028,45.40564400379599,15.18],[11.876534601585846,45.4056734061371,15.3],[11.876538399233386,45.40568276171957,15.34],[11.876541175667779,45.405689622694425,15.37],[11.876542629978589,45.40569309652189,15.39],[11.876543382252759,45.40569532787163,15.39],[11.876579085341499,45.40570891980376,16.0],[11.876590479771234,45.405706832289255,15.62],[11.876639995421959,45.40569802288923,15.77],[11.876592222285561,45.405587701694145,15.63],[11.876560823010134,45.40554060659074,15.3],[11.876525742680169,45.405554362782304,15.26],[11.876518728438878,45.40555714997834,15.26],[11.876522629668028,45.40564400379599,15.18],[11.876522629668028,45.40564400379599,15.18]]]}},{"type":"Feature","id":"AR_MARC:6439","properties":{"FID_1":6439},"geometry":{"type":"Polygon","coordinates":[[[11.877623975962997,45.40595045002527,15.59],[11.87761266132267,45.405933993036726,15.59],[11.877611275471551,45.4059318676854,15.58],[11.877540109871967,45.40582645744669,15.31],[11.877517157777298,45.40583747773818,15.0],[11.8775977690657,45.40595777188974,15.38],[11.877623975962997,45.40595045002527,15.59],[11.877623975962997,45.40595045002527,15.59]]]}},{"type":"Feature","id":"AR_MARC:6440","properties":{"FID_1":6440},"geometry":{"type":"Polygon","coordinates":[[[11.877719950043044,45.40612661450848,16.0],[11.877740715009384,45.406120329992696,15.59],[11.877718500440183,45.40608803566718,15.59],[11.877700420625198,45.40606166789994,15.59],[11.877623975962997,45.40595045002527,15.59],[11.8775977690657,45.40595777188974,15.0],[11.877700230662699,45.40611072955293,15.8],[11.877719950043044,45.40612661450848,16.0]]]}},{"type":"Feature","id":"AR_MARC:6441","properties":{"FID_1":6441},"geometry":{"type":"Polygon","coordinates":[[[11.87774423272566,45.406149315339206,15.59],[11.877749141079908,45.40614532100428,15.59],[11.877751478122837,45.406135990764895,15.59],[11.877750502536923,45.40613439514354,15.59],[11.87772810134469,45.40614117099103,16.02],[11.87774423272566,45.406149315339206,15.59],[11.87774423272566,45.406149315339206,15.59]]]}},{"type":"Feature","id":"AR_MARC:6442","properties":{"FID_1":6442},"geometry":{"type":"Polygon","coordinates":[[[11.876543382252759,45.40569532787163,15.39],[11.87654921802412,45.40571210311715,15.41],[11.876564167621812,45.40575484226276,15.47],[11.876595279669047,45.40584407049924,15.59],[11.876625489083459,45.4059306211048,15.7],[11.876646279203591,45.40599022537188,15.78],[11.876651809559252,45.406006018172924,15.81],[11.87665998876506,45.406028675161885,15.83],[11.876668746968967,45.40605266774167,16.04],[11.876696028487046,45.406033797386144,16.24],[11.876738962417434,45.40602119332606,16.25],[11.87676779468235,45.40601272531629,16.28],[11.876731102672213,45.405959552836016,16.21],[11.876674755219478,45.405974745384945,16.03],[11.876579085341499,45.40570891980376,15.58],[11.876543382252759,45.40569532787163,15.39],[11.876543382252759,45.40569532787163,15.39]]]}},{"type":"Feature","id":"AR_MARC:6444","properties":{"FID_1":6444},"geometry":{"type":"Polygon","coordinates":[[[11.876696028487046,45.406033797386144,16.24],[11.876668751536258,45.4060527576391,15.86],[11.87667261774367,45.40606346167701,15.87],[11.876708849052337,45.40606983924325,16.0],[11.876702438767524,45.406051818314964,16.24],[11.876696028487046,45.406033797386144,16.24]]]}},{"type":"Feature","id":"AR_MARC:6445","properties":{"FID_1":6445},"geometry":{"type":"Polygon","coordinates":[[[11.87667261774367,45.40606346167701,16.0],[11.876681097881338,45.40608701120322,15.89],[11.876710226700082,45.40616737815838,15.98],[11.876760451194054,45.40630581143126,16.13],[11.876784961703656,45.406373242978006,16.21],[11.876791071138054,45.40639037136023,16.23],[11.8768036870958,45.40638717287565,16.22],[11.876816273749945,45.406365792585795,17.0],[11.8767394279356,45.40615611046321,16.0],[11.876776897365156,45.40614661457616,16.5],[11.87678244872898,45.40614521443614,16.52],[11.876751327601141,45.406060847163225,16.3],[11.876745511868872,45.406062073941875,16.3],[11.876708849052337,45.40606983924325,16.24],[11.87667261774367,45.40606346167701,16.0]]]}},{"type":"Feature","id":"AR_MARC:6510","properties":{"FID_1":6510},"geometry":{"type":"Polygon","coordinates":[[[11.8768036870958,45.40638717287565,16.0],[11.876819589229653,45.406383261447694,16.22],[11.876825145182778,45.40638195120252,16.21],[11.876891018898698,45.4063656182643,16.19],[11.877049401903193,45.40632651985852,16.14],[11.877124491318927,45.40630797413524,16.11],[11.877288680591176,45.40626746881211,16.05],[11.87731341561129,45.40626135429929,16.04],[11.877576795151708,45.40619629413381,15.95],[11.877586639913744,45.40619388555128,15.95],[11.877651505914596,45.40617784762495,15.93],[11.87771422517212,45.40616231386699,15.91],[11.877725273023977,45.406158434728276,15.77],[11.877739078267615,45.406153495906054,15.59],[11.87774423272566,45.406149315339206,15.59],[11.87772810134469,45.40614117099103,16.0],[11.877719950043044,45.40612661450848,16.02],[11.877700230662699,45.40611072955293,16.0],[11.877618861199691,45.40613141431519,15.8],[11.87757008426578,45.406144706139585,15.53],[11.877567987208272,45.40614115852257,15.46],[11.877308281793114,45.40620810629425,15.25],[11.877283282907253,45.40617885251218,14.46],[11.877263433760668,45.406183043560986,14.55],[11.877282297997592,45.4062147923718,15.32],[11.87730340519577,45.40625044517233,16.13],[11.877096887794067,45.4063003890112,16.41],[11.876900711614185,45.406347641397026,16.62],[11.876816273749945,45.406365792585795,16.5],[11.8768036870958,45.40638717287565,16.0]]]}},{"type":"Feature","id":"AR_MARC:6527","properties":{"FID_1":6527},"geometry":{"type":"Polygon","coordinates":[[[11.874271682857565,45.40630255267835,16.01],[11.874284540662009,45.40630159869511,16.01],[11.874328879366685,45.40629148050888,16.01],[11.874366773263963,45.406282784835064,16.01],[11.874392406712138,45.40627925868881,16.01],[11.874445957088177,45.40627187881577,16.01],[11.874446845872724,45.406271766412914,16.01],[11.874474944853837,45.406263947544595,16.01],[11.874496115941245,45.40625810345203,16.01],[11.87449248238125,45.4062444230641,16.0],[11.874432733861534,45.40626060031081,16.06],[11.87436218265496,45.40627038872861,16.06],[11.874279065847418,45.40628940488418,16.07],[11.874270445667118,45.4062706293747,16.16],[11.874270017168202,45.40626974004289,16.17],[11.874174607769286,45.40629077601704,16.17],[11.874179741229447,45.40631134960233,16.0],[11.874221440986505,45.40630210804546,16.21],[11.874232306893676,45.40629967403007,16.13],[11.874246335950714,45.40629662025756,16.01],[11.874251194842829,45.40629919823834,16.01],[11.874262211501527,45.406302251190525,16.01],[11.874271682857565,45.40630255267835,16.01]]]}},{"type":"Feature","id":"AR_MARC:6531","properties":{"FID_1":6531},"geometry":{"type":"Polygon","coordinates":[[[11.874174607769286,45.40629077601704,16.17],[11.874081983148992,45.40631129170303,16.18],[11.874005784965128,45.40632815311,16.06],[11.874014455263005,45.40634791751548,16.11],[11.874090653470262,45.40633105610215,16.16],[11.874179741229447,45.40631134960233,16.21],[11.874174607769286,45.40629077601704,16.17],[11.874174607769286,45.40629077601704,16.17]]]}},{"type":"Feature","id":"AR_MARC:6533","properties":{"FID_1":6533},"geometry":{"type":"Polygon","coordinates":[[[11.874250144594038,45.40634144059847,16.0],[11.874423940746727,45.40631644960571,16.02],[11.874487372589996,45.40630738057921,16.19],[11.874485480588623,45.4063003172487,16.19],[11.874480024821795,45.40630108478038,16.19],[11.874470635615072,45.406302401466945,16.19],[11.874264998241772,45.4063319751582,16.19],[11.87425446955896,45.406333500556016,16.19],[11.87423822985884,45.40633579990277,16.19],[11.87423838942462,45.406336425971396,16.19],[11.874239187253595,45.406339556314514,16.19],[11.874250144594038,45.40634144059847,16.0]]]}},{"type":"Feature","id":"AR_MARC:6535","properties":{"FID_1":6535},"geometry":{"type":"Polygon","coordinates":[[[11.874239187253595,45.406339556314514,16.0],[11.874240760094363,45.406345367512564,16.19],[11.874250917553898,45.40638435713188,16.19],[11.874264854422599,45.40643738352139,16.19],[11.87425203309526,45.40643905668423,16.19],[11.874268384105886,45.40653963891801,16.59],[11.874272159897165,45.40656870788181,16.62],[11.874277837283497,45.406612581019736,16.67],[11.874278466583641,45.40661742584691,16.69],[11.874297947817368,45.406699116591945,17.0],[11.8743238684866,45.406693692961724,17.02],[11.87430642444599,45.4066093405376,16.71],[11.874301327097516,45.406584445445034,16.64],[11.874297953047797,45.40656580782205,16.64],[11.874292764276538,45.406536594427834,16.57],[11.87429340238556,45.40653657835344,16.57],[11.874274881765027,45.406436050776826,16.32],[11.874250144594038,45.40634144059847,16.19],[11.874239187253595,45.406339556314514,16.0]]]}},{"type":"Feature","id":"AR_MARC:6537","properties":{"FID_1":6537},"geometry":{"type":"Polygon","coordinates":[[[11.87229739662419,45.408851377904924,15.25],[11.872408231461465,45.40883958653214,15.56],[11.872415729538691,45.40883876768642,15.56],[11.872422976922316,45.40883804516376,15.56],[11.872428059204635,45.40883746715815,15.56],[11.872442298716598,45.408836028536726,15.56],[11.87256421880317,45.40882359789657,15.56],[11.872583540586353,45.40882158124587,15.56],[11.872694780980988,45.40881022944696,15.56],[11.872740421207096,45.408805569880165,15.56],[11.872776781141782,45.408801864049224,15.56],[11.872762817883961,45.40875585913832,16.24],[11.872722624701046,45.408762091813244,16.24],[11.87272908016962,45.40879361370536,16.14],[11.872601047775353,45.40880646844219,15.68],[11.872446952095364,45.40882195944384,15.36],[11.872420250736129,45.408824611909615,14.94],[11.872417871672972,45.40883313298123,14.94],[11.872348082564923,45.408840380612055,14.94],[11.87229739662419,45.408851377904924,15.25],[11.87229739662419,45.408851377904924,15.25]]]}},{"type":"Feature","id":"AR_MARC:6552","properties":{"FID_1":6552},"geometry":{"type":"Polygon","coordinates":[[[11.874086844922024,45.40847885209035,16.1],[11.874092770335475,45.408477262634754,16.12],[11.874148789259813,45.40847819189162,16.14],[11.874319897677916,45.408515917510144,16.14],[11.874332614001736,45.408504615641036,16.0],[11.87432989733922,45.408503963976024,16.18],[11.874200919910823,45.408475528551016,16.18],[11.874151938055226,45.40846470070341,16.18],[11.874142384348348,45.40846530140574,16.18],[11.874136395046323,45.40846563229736,16.18],[11.874113075968193,45.408466939786706,16.18],[11.874100331606227,45.40846762085518,16.18],[11.87409905990817,45.408467742900505,16.18],[11.874086844922024,45.40847885209035,16.1],[11.874086844922024,45.40847885209035,16.1]]]}},{"type":"Feature","id":"AR_MARC:6754","properties":{"FID_1":6754},"geometry":{"type":"Polygon","coordinates":[[[11.874319897677916,45.408515917510144,16.14],[11.874292860823235,45.40861264199333,16.09],[11.874292601170112,45.40861507887331,16.08],[11.874283002466319,45.40869534183717,16.18],[11.87428671733119,45.40869551829517,16.18],[11.87429581989939,45.40869609910853,16.18],[11.87429680390866,45.4086877931651,16.18],[11.874304033606766,45.408626312489844,16.18],[11.874305372945496,45.408614937168146,16.18],[11.874305573430954,45.40861385196703,16.18],[11.87432534634613,45.40854269400921,16.18],[11.874333243666207,45.40851450116103,16.18],[11.874335845733198,45.40850534434345,16.18],[11.874332614001736,45.408504615641036,16.18],[11.874319897677916,45.408515917510144,16.14],[11.874319897677916,45.408515917510144,16.14]]]}},{"type":"Feature","id":"AR_MARC:6755","properties":{"FID_1":6755},"geometry":{"type":"Polygon","coordinates":[[[11.875415288601433,45.40782105519554,16.4],[11.875283452207425,45.40782185711353,16.21],[11.875280674948195,45.407860272453625,16.0],[11.875423755885462,45.407856936855914,16.38],[11.875429815611374,45.407827800099405,16.0],[11.875428342831903,45.4078214463219,16.4],[11.875415288601433,45.40782105519554,16.4]]]}},{"type":"Feature","id":"AR_MARC:6848","properties":{"FID_1":6848},"geometry":{"type":"Polygon","coordinates":[[[11.874300494494467,45.40689527986996,16.91],[11.874305941193528,45.406894332550195,16.92],[11.874285784927197,45.40680689800784,17.03],[11.874265505670868,45.40671955657165,17.05],[11.87425205607446,45.40666102714201,16.59],[11.874242663658652,45.40661193684309,16.59],[11.874237402050749,45.40658380543235,16.59],[11.874231816752332,45.40655433198628,16.59],[11.874228871384476,45.40653910404086,16.59],[11.874204836232675,45.40644573634621,16.19],[11.874193840202016,45.40640784799763,16.19],[11.874182825933616,45.40636960005683,16.19],[11.8741794295832,45.406358073986006,16.19],[11.87416446608676,45.406360341175066,16.1],[11.874148915898267,45.40638377609874,16.0],[11.874169498889335,45.4064494168752,16.58],[11.874179412305152,45.40644835704657,16.47],[11.874203593292389,45.40654208112331,16.6],[11.874207153013135,45.40654172141652,16.59],[11.874211406849586,45.40656258719512,16.59],[11.874221414364388,45.40660869158726,16.88],[11.874231882813772,45.40666387563827,16.95],[11.874284959768156,45.4068762284825,17.01],[11.874300494494467,45.40689527986996,16.91],[11.874300494494467,45.40689527986996,16.91]]]}},{"type":"Feature","id":"AR_MARC:6850","properties":{"FID_1":6850},"geometry":{"type":"Polygon","coordinates":[[[11.874603578422215,45.40732771605713,16.58],[11.874602474753777,45.40731856257948,16.58],[11.874598041653096,45.407279068730425,16.58],[11.874577629240802,45.40712116084838,16.58],[11.874509688115108,45.40712197235494,17.0],[11.874534934348276,45.407317203703755,17.11],[11.874603578422215,45.40732771605713,16.58],[11.874603578422215,45.40732771605713,16.58]]]}},{"type":"Feature","id":"AR_MARC:6874","properties":{"FID_1":6874},"geometry":{"type":"Polygon","coordinates":[[[11.87560782055705,45.405829985483955,15.58],[11.875547103354808,45.405862299983056,15.63],[11.875543247570695,45.4058643774323,15.63],[11.875498126932374,45.405891798215286,15.57],[11.875411107782465,45.405944668263764,15.6],[11.875403669694455,45.405949176311445,15.61],[11.875389417921019,45.405957906632445,15.62],[11.875265212593463,45.4060334067005,15.61],[11.87530457055225,45.40604096610045,16.0],[11.875423940170455,45.405968378242825,15.67],[11.875433237781243,45.40596274318148,15.67],[11.87549211347565,45.40592687464797,15.64],[11.875508356929794,45.40591710398256,15.63],[11.875515918059898,45.405912502814594,16.0],[11.875519878641256,45.40590997266227,16.0],[11.875537607873804,45.40589926442297,16.0],[11.875543555591081,45.40589560403967,15.61],[11.87556730557717,45.40588267377298,15.63],[11.875630579539383,45.405847864486645,15.58],[11.87560782055705,45.405829985483955,15.58],[11.87560782055705,45.405829985483955,15.58]]]}},{"type":"Feature","id":"AR_MARC:7016","properties":{"FID_1":7016},"geometry":{"type":"Polygon","coordinates":[[[11.87590773996547,45.40575725733656,16.0],[11.875906563532052,45.405751706207504,16.42],[11.875905564945112,45.40574714073436,16.42],[11.87589208746694,45.40574847056968,16.42],[11.875807754241563,45.40575860725411,15.59],[11.8758011454026,45.40575931389847,15.59],[11.875784509382038,45.405761353416814,15.6],[11.87571686781364,45.405780610675144,15.5],[11.875641164397058,45.40581222277264,15.54],[11.875639300318511,45.405813259890614,15.54],[11.87562735469111,45.4058195917934,15.55],[11.87560782055705,45.405829985483955,15.58],[11.875630579539383,45.405847864486645,16.0],[11.87563841415292,45.40584361646845,15.58],[11.875667505875303,45.40583019150524,15.55],[11.875690731847694,45.40581952473415,15.53],[11.87572845626893,45.40580750241227,15.48],[11.875726878949948,45.405804121687275,15.48],[11.87573201092298,45.405802012067625,15.49],[11.875793731993292,45.40578443423396,15.59],[11.875818622223168,45.40578137656158,15.58],[11.87589685712052,45.40577193365171,16.24],[11.87590773996547,45.40575725733656,16.0]]]}},{"type":"Feature","id":"AR_MARC:7017","properties":{"FID_1":7017},"geometry":{"type":"Polygon","coordinates":[[[11.877838385912867,45.408929409339095,15.91],[11.877867001730058,45.40892922766877,15.84],[11.8779073683496,45.40892892963364,15.78],[11.878100126220993,45.408927398120355,15.77],[11.8781310438846,45.40892724833429,15.89],[11.878100164015105,45.40890300376405,16.0],[11.87809719694449,45.40890496886936,15.82],[11.877836477753267,45.408906954327,15.92],[11.877838385912867,45.408929409339095,15.91],[11.877838385912867,45.408929409339095,15.91]]]}},{"type":"Feature","id":"AR_MARC:7020","properties":{"FID_1":7020},"geometry":{"type":"Polygon","coordinates":[[[11.87693833235714,45.40803865926239,16.86],[11.876907716645636,45.40804474194096,16.86],[11.876901900715868,45.40804596873226,16.86],[11.876907549302372,45.40805653780664,16.86],[11.876928994205825,45.40809128202734,17.47],[11.876949892091565,45.40812531993582,17.43],[11.87698796712377,45.40818052774731,17.49],[11.877019499091073,45.408215107624,17.45],[11.877058104453027,45.408243028232114,17.45],[11.87707914663352,45.40822206480048,17.0],[11.877040540991416,45.408191623854655,17.39],[11.877022807665497,45.408169567853804,17.39],[11.877005078921815,45.40814760174718,17.39],[11.876982326004365,45.40811478078559,17.43],[11.876956554671388,45.408072854643976,17.41],[11.876942586211648,45.408049443526764,17.07],[11.87693833235714,45.40803865926239,16.86],[11.87693833235714,45.40803865926239,16.86]]]}},{"type":"Feature","id":"AR_MARC:7039","properties":{"FID_1":7039},"geometry":{"type":"Polygon","coordinates":[[[11.877058104453027,45.408243028232114,17.45],[11.877059430957159,45.4082439849226,17.45],[11.877132922616275,45.408261844561935,17.42],[11.877142337455753,45.40824342462259,17.4],[11.87707914663352,45.40822206480048,17.4],[11.877058104453027,45.408243028232114,17.45],[11.877058104453027,45.408243028232114,17.45]]]}},{"type":"Feature","id":"AR_MARC:7235","properties":{"FID_1":7235},"geometry":{"type":"Polygon","coordinates":[[[11.876942586211648,45.408049443526764,17.0],[11.877357987376138,45.40796569864421,17.13],[11.877406223671267,45.40799202607759,17.0],[11.877404244736411,45.40798577510257,16.86],[11.877398199185619,45.407972425673734,16.86],[11.877392427162084,45.40795942939705,16.86],[11.877389482357625,45.40795680328168,16.86],[11.877381368605558,45.407953047339745,16.86],[11.877369667957687,45.40795163216469,16.86],[11.877363218493992,45.407952964968395,16.86],[11.87734790840327,45.407955961415894,16.86],[11.877140084953451,45.407997927139014,16.86],[11.877125663642566,45.408000811132894,16.86],[11.877103780992048,45.40800523345394,16.86],[11.87693833235714,45.40803865926239,16.86],[11.876942586211648,45.408049443526764,17.0]]]}},{"type":"Feature","id":"AR_MARC:7247","properties":{"FID_1":7247},"geometry":{"type":"Polygon","coordinates":[[[11.877357987376138,45.40796569864421,17.13],[11.877400474607581,45.40809514543463,16.9],[11.87740102652712,45.40809846198133,16.9],[11.877423443577307,45.40825541865753,16.86],[11.877462100340681,45.40825417376131,16.86],[11.877459596270304,45.40824010493741,16.86],[11.877458104672664,45.408230871259,16.86],[11.877439453803493,45.408122876461505,16.86],[11.877436552862335,45.40810602725569,16.86],[11.877433870924593,45.408090972778226,16.86],[11.877431330319846,45.40807618477422,16.86],[11.877429314224482,45.40806417393251,16.86],[11.877406223671267,45.40799202607759,16.86],[11.877357987376138,45.40796569864421,17.13],[11.877357987376138,45.40796569864421,17.13]]]}},{"type":"Feature","id":"AR_MARC:7376","properties":{"FID_1":7376},"geometry":{"type":"Polygon","coordinates":[[[11.877654473537207,45.40884349515679,16.2],[11.877618403998902,45.40875988303869,16.28],[11.8775707765781,45.40865000868687,16.39],[11.87757004706456,45.408648226833584,16.39],[11.8775373405232,45.40855534859344,16.55],[11.877520757019772,45.40850815016886,16.72],[11.877504168976767,45.40846086184352,16.76],[11.877486915106934,45.408372814615525,16.79],[11.877486454557996,45.408371296016384,16.79],[11.877469739881459,45.40829385666961,16.86],[11.877443467324467,45.40829487927273,16.84],[11.87745996326584,45.40837304424003,16.81],[11.877460277912858,45.40837420646845,16.81],[11.877488517626192,45.40850743299605,16.79],[11.877494274497556,45.40850755785268,16.78],[11.877545370136604,45.408652989746834,16.42],[11.877537876743599,45.40865389882457,16.43],[11.877608985084397,45.408818448719984,16.25],[11.877620675018175,45.40884227726748,16.23],[11.877654473537207,45.40884349515679,16.2]]]}},{"type":"Feature","id":"AR_MARC:7400","properties":{"FID_1":7400},"geometry":{"type":"Polygon","coordinates":[[[11.871567772283948,45.407083803133204,17.08],[11.871611410098483,45.40706740276391,17.0],[11.871599937394995,45.40705031907051,17.03],[11.871566012599676,45.40706422467631,17.13],[11.871224783748671,45.40701556378323,17.05],[11.871220230508216,45.40703413093877,17.02],[11.871307119319004,45.4070466165115,17.07],[11.871394003605811,45.40705901211922,17.03],[11.871560693728437,45.407082811113746,17.1],[11.871567772283948,45.407083803133204,17.08]]]}},{"type":"Feature","id":"AR_MARC:8480","properties":{"FID_1":8480},"geometry":{"type":"Polygon","coordinates":[[[11.87753569965775,45.40791963122633,17.0],[11.877398546132344,45.40763225942074,17.58],[11.87735363861819,45.40753815858416,18.08],[11.877262133268395,45.407351889742856,18.08],[11.877241281000984,45.40735646613293,17.88],[11.877191518580833,45.40725231623166,16.89],[11.877138305755162,45.407266349813256,17.0],[11.87713872060213,45.40726696944066,16.89],[11.877151713917923,45.40729382560318,16.89],[11.877180686754041,45.407353493465905,16.89],[11.877212509066728,45.40741894028495,16.89],[11.877262330783019,45.407521738490885,16.89],[11.877334401139127,45.407670062060674,16.89],[11.877419474606903,45.407845421490045,16.89],[11.877428319350267,45.40786356100621,16.89],[11.877435185467512,45.407877969891224,16.89],[11.877443134432793,45.407875969180544,16.89],[11.877449191874716,45.40787446623334,16.89],[11.877484018732607,45.407865756857724,16.89],[11.877484769547406,45.40789310174429,16.57],[11.877485172216566,45.407906053399486,16.43],[11.87748592272928,45.407930877941595,16.14],[11.877486664713873,45.40796056337739,15.81],[11.877506851947356,45.40795798399068,15.81],[11.877518534017875,45.407956519217954,15.81],[11.877551159926668,45.40795227594346,0.02],[11.87753569965775,45.40791963122633,17.0]]]}},{"type":"Feature","id":"AR_MARC:8483","properties":{"FID_1":8483},"geometry":{"type":"Polygon","coordinates":[[[11.87809113249421,45.40785053464532,16.0],[11.878074326550163,45.407846727966565,15.95],[11.878053984014647,45.40784625094377,16.03],[11.878055383970986,45.40785116632305,16.04],[11.8778448794549,45.407878078846856,16.83],[11.877848429043718,45.40790517311555,16.41],[11.877822152427157,45.40790862624778,16.51],[11.87781873504438,45.407881618656404,17.09],[11.87753569965775,45.40791963122633,17.26],[11.877551159926668,45.40795227594346,17.0],[11.877638513317594,45.407941161677016,15.81],[11.877789723685149,45.40792177587142,15.81],[11.877820448890494,45.4079178504958,15.81],[11.877825654079043,45.40791717913693,15.81],[11.877848380060517,45.407914265620484,15.81],[11.877849902415637,45.40791404719868,15.81],[11.877885705174364,45.40790945366446,15.81],[11.87793991751364,45.40790250551753,15.81],[11.878043898142648,45.40788917130413,15.81],[11.87806319651955,45.40788670425156,15.81],[11.87809113249421,45.40785053464532,16.0]]]}},{"type":"Feature","id":"AR_MARC:8495","properties":{"FID_1":8495},"geometry":{"type":"Polygon","coordinates":[[[11.877527537057109,45.405807871877286,15.27],[11.877417003315628,45.405644406118014,14.84],[11.877414655617121,45.405640954831235,14.83],[11.87741300083692,45.4056385662215,14.83],[11.877398107821527,45.40561706873256,14.81],[11.87732998392963,45.40551869264777,14.72],[11.87732750405449,45.40551515467967,14.72],[11.877310673686747,45.405490735618024,14.7],[11.87717339296876,45.40530130036555,14.25],[11.877161303747819,45.40528468283733,14.21],[11.877145485619918,45.40526257855365,14.21],[11.877145216678914,45.4052623152974,14.21],[11.877105616741389,45.4052072359806,14.21],[11.877103414970792,45.40520414105797,14.21],[11.877110966738423,45.405199359994626,14.06],[11.877115150459618,45.40519619407185,14.06],[11.87711546022927,45.40519474605926,14.06],[11.877115979557228,45.40519239263652,14.06],[11.877114885242113,45.4051884596757,14.06],[11.877067201250494,45.40510505019277,14.06],[11.877064680300926,45.405100703141024,14.06],[11.877062291537781,45.40509644276873,14.06],[11.877032140390721,45.4050437355392,14.06],[11.877029760767998,45.40503965496094,14.06],[11.87699946836258,45.40498668124634,14.06],[11.876994836745315,45.404978516870266,14.06],[11.876977860250635,45.40494870068593,14.06],[11.876932933149813,45.40498241804266,14.0],[11.8770789812962,45.40521114805358,14.22],[11.877118618882069,45.40527702794234,14.83],[11.877225657893293,45.4054245598812,15.25],[11.877297787931381,45.40552382514508,15.53],[11.877372690484624,45.40563238175556,15.03],[11.877380534658295,45.40563335410697,15.01],[11.877500559623591,45.405812602786476,15.26],[11.877527537057109,45.405807871877286,15.27],[11.877527537057109,45.405807871877286,15.27]],[[11.876978794793324,45.404992243222594,14.06],[11.876991519779933,45.404988681917146,14.06],[11.877055865783625,45.405103265726446,14.1],[11.877043013157781,45.40510683025744,14.14],[11.876978794793324,45.404992243222594,14.06]]]}},{"type":"Feature","id":"AR_MARC:8496","properties":{"FID_1":8496},"geometry":{"type":"Polygon","coordinates":[[[11.877540109871967,45.40582645744669,15.31],[11.877527537057109,45.405807871877286,15.27],[11.877500559623591,45.405812602786476,15.0],[11.877508860982864,45.40582508521137,15.26],[11.877517157777298,45.40583747773818,15.26],[11.877540109871967,45.40582645744669,15.31],[11.877540109871967,45.40582645744669,15.31]]]}},{"type":"Feature","id":"AR_MARC:9041","properties":{"FID_1":9041},"geometry":{"type":"Polygon","coordinates":[[[11.875209800461237,45.4060670275368,15.63],[11.875258941852682,45.40615904227003,15.64],[11.875251271107473,45.40616148588083,15.64],[11.875329998261114,45.40631270342837,15.72],[11.87533198582724,45.406316613896024,15.73],[11.875412550558254,45.40647129556768,15.95],[11.875415819125841,45.40647778411689,15.96],[11.875453341404778,45.40654983873667,16.19],[11.875499785107866,45.40663904094141,16.22],[11.87553175621635,45.40665965821954,16.0],[11.875534791749425,45.406659041643856,16.39],[11.875523057520933,45.40663431386581,16.38],[11.875479863467627,45.406543679587045,16.36],[11.875448011292322,45.4064725622359,16.07],[11.875447012936855,45.406470517105774,16.07],[11.875361793578284,45.4063047011819,15.75],[11.875327052476116,45.40623959742665,15.71],[11.875280450024922,45.40615228941149,15.64],[11.87522296641771,45.406044462660624,15.65],[11.875218062254365,45.40604602644121,15.65],[11.875209800461237,45.4060670275368,15.63],[11.875209800461237,45.4060670275368,15.63]]]}},{"type":"Feature","id":"AR_MARC:9061","properties":{"FID_1":9061},"geometry":{"type":"Polygon","coordinates":[[[11.875499785107866,45.40663904094141,16.0],[11.87540821318193,45.406657640911014,16.29],[11.875243218459019,45.406689882661425,16.39],[11.875242712535982,45.40668998542276,16.39],[11.87522336896724,45.4066940733633,16.4],[11.87522688525007,45.40672053846922,16.0],[11.875253056508797,45.406715018300474,16.38],[11.875419318387062,45.40668256457772,16.33],[11.87553175621635,45.40665965821954,16.39],[11.875499785107866,45.40663904094141,16.0]]]}},{"type":"Feature","id":"AR_MARC:9084","properties":{"FID_1":9084},"geometry":{"type":"Polygon","coordinates":[[[11.87522336896724,45.4066940733633,16.4],[11.87490391712051,45.40676225113788,16.53],[11.874917629163345,45.406785668969825,16.52],[11.87522688525007,45.40672053846922,16.39],[11.87522336896724,45.4066940733633,16.4],[11.87522336896724,45.4066940733633,16.4]]]}},{"type":"Feature","id":"AR_MARC:9093","properties":{"FID_1":9093},"geometry":{"type":"Polygon","coordinates":[[[11.874800015694815,45.407348420549035,17.0],[11.874753988865411,45.40734543961297,17.35],[11.874757692673997,45.407383151578415,17.04],[11.874760475189909,45.40741278562354,16.8],[11.874805462826323,45.407415432689305,16.66],[11.874800015694815,45.407348420549035,17.0],[11.874800015694815,45.407348420549035,17.0]]]}},{"type":"Feature","id":"AR_MARC:9112","properties":{"FID_1":9112},"geometry":{"type":"Polygon","coordinates":[[[11.874836935882959,45.40704369788339,17.0],[11.874734495060109,45.407037007584215,16.61],[11.874734627427301,45.4070396146141,16.61],[11.874738610161968,45.40709037137829,16.7],[11.874831948767572,45.407096480894914,16.93],[11.874836935882959,45.40704369788339,17.0],[11.874836935882959,45.40704369788339,17.0]]]}},{"type":"Feature","id":"AR_MARC:9113","properties":{"FID_1":9113},"geometry":{"type":"Polygon","coordinates":[[[11.875962032626948,45.40693433368768,16.47],[11.875760645402607,45.4069520113013,16.35],[11.875768309579941,45.40697711167168,16.39],[11.875962032626948,45.40693433368768,16.47],[11.875962032626948,45.40693433368768,16.47]]]}},{"type":"Feature","id":"AR_MARC:9152","properties":{"FID_1":9152},"geometry":{"type":"Polygon","coordinates":[[[11.875978805871148,45.40698278774272,17.0],[11.875969217894772,45.40695503549921,16.61],[11.875962032626948,45.40693433368768,16.47],[11.875768309579941,45.40697711167168,17.0],[11.875978805871148,45.40698278774272,17.0]]]}},{"type":"Feature","id":"AR_MARC:9211","properties":{"FID_1":9211},"geometry":{"type":"Polygon","coordinates":[[[11.875768309579941,45.40697711167168,17.0],[11.875831848334649,45.4071864997329,16.64],[11.875890239653275,45.40717629679248,17.0],[11.875833024525791,45.40698826238856,16.5],[11.875978167758053,45.406982803826644,16.64],[11.875978805871148,45.40698278774272,16.78],[11.875768309579941,45.40697711167168,17.0]]]}},{"type":"Feature","id":"AR_MARC:9233","properties":{"FID_1":9233},"geometry":{"type":"Polygon","coordinates":[[[11.875617501438619,45.407094958422164,16.58],[11.875619714492576,45.40707059925169,16.56],[11.875615101806584,45.407070355451665,16.56],[11.87561685810055,45.407087323566536,17.0],[11.875617501438619,45.407094958422164,16.58],[11.875617501438619,45.407094958422164,16.58]]]}},{"type":"Feature","id":"AR_MARC:9288","properties":{"FID_1":9288},"geometry":{"type":"Polygon","coordinates":[[[11.875615101806584,45.407070355451665,16.56],[11.875295700357743,45.407048970534966,16.68],[11.875301199322102,45.40707421551125,17.0],[11.875312097486919,45.40707493102054,16.84],[11.875617501438619,45.407094958422164,16.58],[11.87561685810055,45.407087323566536,17.0],[11.875615101806584,45.407070355451665,16.56],[11.875615101806584,45.407070355451665,16.56]]]}},{"type":"Feature","id":"AR_MARC:9314","properties":{"FID_1":9314},"geometry":{"type":"Polygon","coordinates":[[[11.875243000846531,45.407045437843536,16.92],[11.874838205702124,45.407018372354734,16.84],[11.874836935882959,45.40704369788339,16.89],[11.875244014724895,45.40707043579194,16.8],[11.875243000846531,45.407045437843536,16.92],[11.875243000846531,45.407045437843536,16.92]]]}},{"type":"Feature","id":"AR_MARC:9315","properties":{"FID_1":9315},"geometry":{"type":"Polygon","coordinates":[[[11.875295700357743,45.407048970534966,16.68],[11.875243000846531,45.407045437843536,16.84],[11.875244014724895,45.40707043579194,17.0],[11.875272607022723,45.407072325655214,16.82],[11.875301199322102,45.40707421551125,16.85],[11.875295700357743,45.407048970534966,16.68],[11.875295700357743,45.407048970534966,16.68]]]}},{"type":"Feature","id":"AR_MARC:9324","properties":{"FID_1":9324},"geometry":{"type":"Polygon","coordinates":[[[11.87572507474381,45.40710205864778,16.46],[11.875617501438619,45.407094958422164,16.58],[11.87561367278795,45.40714789229668,16.63],[11.875735863709227,45.40715597430273,16.52],[11.87572507474381,45.40710205864778,16.46]]]}},{"type":"Feature","id":"AR_MARC:9335","properties":{"FID_1":9335},"geometry":{"type":"Polygon","coordinates":[[[11.87607881004527,45.407582991261016,17.0],[11.876185378889375,45.40756275254803,17.36],[11.876185884818202,45.40756264978237,17.37],[11.876408261414428,45.4075229292891,17.43],[11.876445216991074,45.407515876806116,17.37],[11.87644673934191,45.40751565840316,17.37],[11.876482177125215,45.40750891420881,17.32],[11.876593608807724,45.40748630220775,17.66],[11.876629830299846,45.40747737790768,17.72],[11.876631220457705,45.407477072822445,17.72],[11.876666056347581,45.407468543493835,17.73],[11.876900685297416,45.40739835892555,17.63],[11.87689041327453,45.40737224423473,17.55],[11.876620278716192,45.40745286525601,17.61],[11.876438390991975,45.40748967520215,17.41],[11.876175617654463,45.407536624917746,17.19],[11.876069810031865,45.40755675442156,16.92],[11.87602715696495,45.40756485051899,16.94],[11.876024372071226,45.40756537077756,16.94],[11.87607881004527,45.407582991261016,17.0]]]}},{"type":"Feature","id":"AR_MARC:9373","properties":{"FID_1":9373},"geometry":{"type":"Polygon","coordinates":[[[11.876127192896428,45.407720391057325,17.0],[11.87607881004527,45.407582991261016,17.08],[11.876024372071226,45.40756537077756,17.0],[11.876017539743852,45.40756671315556,16.93],[11.876031997033564,45.40760730446775,17.12],[11.87607179002493,45.4077189971817,17.11],[11.876127192896428,45.407720391057325,17.0]]]}},{"type":"Feature","id":"AR_MARC:9402","properties":{"FID_1":9402},"geometry":{"type":"Polygon","coordinates":[[[11.876781672441982,45.40791308107464,16.38],[11.87677712323094,45.407826063604084,17.7],[11.876777232039569,45.40782066010652,17.73],[11.876780842146934,45.40769554162552,17.92],[11.87674684202331,45.40772052221807,17.76],[11.876743986014866,45.4078227584923,17.68],[11.876747375518875,45.40789198271426,17.18],[11.876750094619103,45.40791531742772,16.52],[11.876773213764785,45.40792265564605,17.0],[11.876782389035657,45.40792215427698,16.38],[11.876781672441982,45.40791308107464,16.38]]]}},{"type":"Feature","id":"AR_MARC:9563","properties":{"FID_1":9563},"geometry":{"type":"Polygon","coordinates":[[[11.876206159989366,45.407946672402616,17.0],[11.876163591272313,45.40784072049892,17.07],[11.87617689137793,45.40783840496463,17.13],[11.876174707569383,45.40783314927069,17.14],[11.876127192896428,45.407720391057325,17.36],[11.87607179002493,45.4077189971817,17.0],[11.876075364468308,45.407728988491215,17.11],[11.876079718358751,45.407739230191304,17.12],[11.876123973354453,45.40784567969762,16.97],[11.876167330339467,45.40794954145698,16.38],[11.876170717822802,45.40795836731253,16.38],[11.876173393376575,45.40795820985684,16.38],[11.876182568660868,45.40795770853575,16.38],[11.876206159989366,45.407946672402616,17.0]]]}},{"type":"Feature","id":"AR_MARC:9781","properties":{"FID_1":9781},"geometry":{"type":"Polygon","coordinates":[[[11.875748812292873,45.409119182084176,16.0],[11.875754950575129,45.40875195616997,15.95],[11.875785684606313,45.408738129739454,15.97],[11.87581604030899,45.40872440284858,15.87],[11.875752981369057,45.40870060862929,16.13],[11.875719159889949,45.408696420340085,16.13],[11.875719132720027,45.40869840130118,16.13],[11.875718443430417,45.40873766414953,16.13],[11.87571693836311,45.4088287947917,16.13],[11.875716897722118,45.40883302640623,16.13],[11.875716312546954,45.40886427551219,16.13],[11.875711815627183,45.409138027020155,15.94],[11.875711475208933,45.409153967821936,15.88],[11.875748812292873,45.409119182084176,16.0]]]}},{"type":"Feature","id":"AR_MARC:9782","properties":{"FID_1":9782},"geometry":{"type":"Polygon","coordinates":[[[11.876616796363669,45.40917759378469,16.1],[11.876599283992688,45.40917749521358,16.13],[11.876562932731836,45.4091763413675,16.13],[11.876522233002303,45.40917511711071,16.13],[11.876509552205864,45.40917453667034,16.08],[11.87652358851047,45.409191735260535,16.0],[11.876562975435766,45.409192272512975,15.78],[11.876603893891325,45.409192771140475,15.78],[11.876616796363669,45.40917759378469,16.1],[11.876616796363669,45.40917759378469,16.1]]]}},{"type":"Feature","id":"AR_MARC:9783","properties":{"FID_1":9783},"geometry":{"type":"Polygon","coordinates":[[[11.876509552205864,45.40917453667034,16.0],[11.876471259130183,45.40917289167307,15.94],[11.876471372008105,45.40916253738369,16.05],[11.876471801468126,45.4091282317738,16.19],[11.876193422257748,45.409124717847405,16.15],[11.875965168899786,45.40912183007601,14.3],[11.875798550695595,45.40911972874511,15.39],[11.875777200381666,45.40911954675354,15.69],[11.875748812292873,45.409119182084176,15.96],[11.875711475208933,45.409153967821936,16.0],[11.875711225660105,45.40916666588152,15.83],[11.875710980905605,45.409181974184335,15.78],[11.875715069554781,45.40918196115012,15.79],[11.875719035142646,45.40918204122984,15.79],[11.875748699538976,45.40918237373929,15.79],[11.875936030128731,45.40918467318778,15.78],[11.875983083841065,45.40918519742345,15.78],[11.876421549910399,45.40919052710604,15.78],[11.876470522602553,45.409191092776716,15.78],[11.876496481232655,45.40919142850043,15.78],[11.87652358851047,45.409191735260535,15.78],[11.876509552205864,45.40917453667034,16.0]]]}},{"type":"Feature","id":"AR_MARC:9784","properties":{"FID_1":9784},"geometry":{"type":"Polygon","coordinates":[[[11.877605903916933,45.40918775793146,15.78],[11.877606833436326,45.40914821897795,15.78],[11.877505310017748,45.40914708881377,16.0],[11.877456082120606,45.409146530023705,16.0],[11.877456523483422,45.40914012800185,16.0],[11.877458455849464,45.40910020370884,16.04],[11.877460454624654,45.409081700729,16.07],[11.877421003817517,45.409079905221994,16.04],[11.877418034561236,45.409139658424905,15.98],[11.877417716252419,45.40914596733086,15.98],[11.877214277394513,45.40914353643524,16.05],[11.877173358979942,45.40914303802591,16.07],[11.87688539854944,45.409139587364166,15.98],[11.876815841355736,45.409138820766394,15.99],[11.876679534770092,45.40913721665433,16.02],[11.876651529559892,45.409136842556876,16.06],[11.876651322949849,45.40916547175812,16.04],[11.876651178400277,45.40917771710979,16.05],[11.876616796363669,45.40917759378469,16.1],[11.876603893891325,45.409192771140475,16.0],[11.876629720326244,45.40919302015404,15.78],[11.876650819975431,45.409193298318016,15.78],[11.876657853191832,45.409193391038485,15.78],[11.87685899495895,45.40919588084454,15.78],[11.876880988000675,45.40919613644062,15.78],[11.876886740374053,45.40919617142878,15.78],[11.876965122206407,45.409197075528276,15.78],[11.877597952078593,45.4092047908221,15.78],[11.877605368177374,45.40920487382789,15.78],[11.877605903916933,45.40918775793146,15.78]]]}},{"type":"Feature","id":"AR_MARC:9785","properties":{"FID_1":9785},"geometry":{"type":"Polygon","coordinates":[[[11.874345574278085,45.409150039253525,16.0],[11.874348854290316,45.40905355317943,15.99],[11.874350510102422,45.409003104436096,16.01],[11.874347703524899,45.40895285811777,15.86],[11.874346352725645,45.40892876878059,15.98],[11.874339980661567,45.4089316296767,15.99],[11.874334105579734,45.408936728366896,15.99],[11.874333885268042,45.40898273033343,15.99],[11.87433358297111,45.409029634490544,15.99],[11.874332875241251,45.40914909898019,15.99],[11.87433355902047,45.40914998188063,15.99],[11.874335760806401,45.409153076854786,15.99],[11.874341960127763,45.40915688123962,15.99],[11.874345574278085,45.409150039253525,16.0]]]}},{"type":"Feature","id":"AR_MARC:9786","properties":{"FID_1":9786},"geometry":{"type":"Polygon","coordinates":[[[11.874341960127763,45.40915688123962,16.0],[11.874344075196436,45.40915826815958,15.99],[11.874349959930031,45.409160910305566,15.99],[11.874360229479338,45.40916182176635,16.11],[11.874370585579303,45.40916192093286,16.11],[11.874608361040957,45.40916358186627,16.11],[11.874618976780983,45.409161244130004,16.11],[11.874626857204998,45.40915285445153,16.11],[11.87434762088494,45.40915007770972,16.05],[11.874345574278085,45.409150039253525,16.05],[11.874341960127763,45.40915688123962,16.0]]]}},{"type":"Feature","id":"AR_MARC:9790","properties":{"FID_1":9790},"geometry":{"type":"Polygon","coordinates":[[[11.876750094619103,45.40791531742772,16.52],[11.876577679085534,45.407927315347216,16.63],[11.876571694428115,45.40792773626232,16.73],[11.876507522050003,45.407929804135925,17.3],[11.876453550506842,45.407931434789376,17.25],[11.876382103508492,45.407933685982655,17.22],[11.876206159989366,45.407946672402616,16.84],[11.876182568660868,45.40795770853575,17.0],[11.876206644076602,45.40795620153231,16.38],[11.876224994643483,45.40795519888406,16.38],[11.876369725184265,45.407946599786925,16.38],[11.876540700687169,45.40793643873725,16.38],[11.876582105633991,45.40793395469331,16.38],[11.876758564337187,45.407923565068344,16.38],[11.876773213764785,45.40792265564605,16.38],[11.876750094619103,45.40791531742772,16.52],[11.876750094619103,45.40791531742772,16.52]]]}},{"type":"Feature","id":"AR_MARC:9812","properties":{"FID_1":9812},"geometry":{"type":"Polygon","coordinates":[[[11.876756692130256,45.40644560574183,17.0],[11.87673256766679,45.40645116466474,17.17],[11.876665508671339,45.406466807293164,17.17],[11.87665389082202,45.406469530535794,17.17],[11.876612852326879,45.40647920637449,17.17],[11.876312565296317,45.40654978533627,17.17],[11.87626786675271,45.40656036342779,17.17],[11.876282677658377,45.406582763257475,17.0],[11.876652060032521,45.406483798681194,16.92],[11.876676997510659,45.4064942415183,16.83],[11.876756692130256,45.40644560574183,17.0],[11.876756692130256,45.40644560574183,17.0]]]}},{"type":"Feature","id":"AR_MARC:9862","properties":{"FID_1":9862},"geometry":{"type":"Polygon","coordinates":[[[11.87626786675271,45.40656036342779,17.17],[11.876235287437622,45.4065680256393,17.17],[11.876020741383696,45.4066184399473,17.17],[11.876015691308016,45.4066196473896,17.17],[11.876023610552554,45.406642220962375,17.17],[11.876084622448706,45.40663582240886,17.0],[11.876156107239881,45.40661673809589,16.77],[11.876282677658377,45.406582763257475,16.93],[11.87626786675271,45.40656036342779,17.17],[11.87626786675271,45.40656036342779,17.17]]]}},{"type":"Feature","id":"AR_MARC:9904","properties":{"FID_1":9904},"geometry":{"type":"Polygon","coordinates":[[[11.876922747850415,45.40687689985643,17.01],[11.876920541175796,45.406871194689735,17.02],[11.876909339077399,45.40684186299653,17.03],[11.876905668904406,45.406832504213774,17.03],[11.87682922426896,45.406633253509455,17.1],[11.876820520707422,45.406610339717204,17.11],[11.876764561127949,45.40646467003957,17.16],[11.876762938052666,45.40646039035697,17.16],[11.876757198048061,45.40644550297389,17.17],[11.876756692130256,45.40644560574183,17.09],[11.876676997510659,45.4064942415183,17.0],[11.876805616592245,45.40682503545279,17.22],[11.876890018818257,45.40689167702367,17.0],[11.876922747850415,45.40687689985643,17.01],[11.876922747850415,45.40687689985643,17.01]]]}},{"type":"Feature","id":"AR_MARC:9911","properties":{"FID_1":9911},"geometry":{"type":"Polygon","coordinates":[[[11.87153712749477,45.40899662133779,14.92],[11.871521515844398,45.408993683762496,14.92],[11.87150177451553,45.408989949987784,14.92],[11.871493510636473,45.408990788045614,14.92],[11.871483473648889,45.408991940762625,14.92],[11.871486992587899,45.40899581275739,15.0],[11.87150226234997,45.408997048702865,14.93],[11.871523526093958,45.409000564138715,14.99],[11.87153712749477,45.40899662133779,14.92],[11.87153712749477,45.40899662133779,14.92]]]}},{"type":"Feature","id":"AR_MARC:9912","properties":{"FID_1":9912},"geometry":{"type":"Polygon","coordinates":[[[11.871483473648889,45.408991940762625,14.92],[11.871477374879538,45.40899263431952,14.92],[11.871461749632022,45.40899446774375,14.92],[11.871415762716994,45.40899985562333,14.92],[11.871409281062798,45.40900055881204,14.92],[11.871222530050188,45.409022270689576,14.92],[11.871204999486725,45.40902433204853,14.92],[11.871193312443632,45.40902570628635,14.92],[11.871014059377934,45.409046599059664,14.92],[11.870994240614666,45.40904889798673,14.92],[11.871011128534871,45.40905180352091,15.0],[11.871409955713126,45.409003782286256,15.01],[11.871461749670834,45.40899698809437,14.93],[11.871478911010318,45.40899520602546,14.93],[11.871486992587899,45.40899581275739,14.93],[11.871483473648889,45.408991940762625,14.92],[11.871483473648889,45.408991940762625,14.92]]]}},{"type":"Feature","id":"AR_MARC:9913","properties":{"FID_1":9913},"geometry":{"type":"Polygon","coordinates":[[[11.871523526093958,45.409000564138715,14.99],[11.871512810424234,45.409031168044336,15.06],[11.871530600875241,45.409034230813305,15.11],[11.871544972737208,45.40903791968899,15.15],[11.871560857895126,45.409041210428,15.11],[11.871580558252175,45.409046655462134,15.06],[11.871598923103656,45.409053484291945,15.01],[11.87162156351295,45.40906146569072,15.04],[11.87163605398886,45.40907001224775,15.09],[11.871655822807789,45.40907932608577,15.16],[11.871670997031128,45.409088755555665,15.21],[11.87168447105843,45.4090974177007,15.22],[11.87170949107733,45.40911704082467,15.22],[11.871720923121265,45.40912827470952,15.22],[11.871734082783792,45.40914333565203,15.22],[11.871752042312917,45.409164846704776,15.19],[11.871765831223534,45.40918979318741,15.23],[11.871770421538116,45.40920218940111,15.26],[11.871774451235087,45.40921612993797,15.3],[11.871774506434628,45.40923989186298,15.34],[11.87176105531723,45.409239240269486,15.36],[11.871759505959972,45.40925908202627,15.38],[11.871775783142832,45.40926002254215,15.32],[11.871773436313813,45.409289335688435,15.33],[11.871820089089272,45.4092920320355,15.12],[11.871812080924318,45.40931554684378,15.19],[11.871801283169226,45.40933949191234,15.07],[11.87179904975437,45.409343328651914,15.05],[11.871818080231082,45.40935068076843,15.0],[11.87181930629814,45.40934713942007,14.93],[11.871827168650723,45.409325788582606,14.93],[11.871831216052877,45.40931488520695,14.93],[11.871838959889118,45.40929371737664,14.93],[11.871839525067903,45.40929226295072,14.93],[11.871842788117332,45.40926589715687,14.93],[11.871840768192158,45.409236153841334,14.93],[11.871839341033036,45.4092155768868,14.93],[11.871837348977111,45.409209056108615,14.93],[11.871833838953657,45.40919780287092,14.93],[11.87182973633723,45.40918494432208,14.93],[11.871828810964582,45.409181817173426,14.93],[11.871824289096299,45.40917328977918,14.93],[11.871811703537391,45.40914939316719,14.93],[11.871810577631623,45.409147351216234,14.93],[11.871794218076287,45.40912967044324,14.93],[11.871781769501547,45.40911603181143,14.93],[11.871762437991613,45.40909518538178,14.93],[11.871755404624306,45.409087531308245,14.93],[11.871749857296333,45.409083980410706,14.93],[11.871723146248994,45.409066290119206,14.93],[11.871709266540773,45.40905718812612,14.93],[11.871690824157575,45.40904883105194,14.93],[11.871682715162954,45.40904516459758,14.93],[11.871664404975018,45.40903689420463,14.93],[11.871648446808754,45.40902964476499,14.93],[11.871624908409155,45.409019075607354,14.93],[11.871607774245284,45.40901131568329,14.92],[11.871602673653246,45.40900901371129,14.92],[11.87159105949134,45.409006785653425,14.92],[11.871585767481047,45.40900574867389,14.92],[11.871570415640939,45.40900289457923,14.92],[11.871554931614972,45.40899995379663,14.92],[11.871540354662928,45.40899726022172,14.92],[11.87153712749477,45.40899662133779,14.92],[11.871523526093958,45.409000564138715,14.99],[11.871523526093958,45.409000564138715,14.99]]]}},{"type":"Feature","id":"AR_MARC:9914","properties":{"FID_1":9914},"geometry":{"type":"Polygon","coordinates":[[[11.870994240614666,45.40904889798673,15.0],[11.870984964812713,45.409049941494516,14.92],[11.8709873033571,45.409080936984786,14.92],[11.871013831722957,45.40907990943372,14.84],[11.871011128534871,45.40905180352091,14.85],[11.870994240614666,45.40904889798673,15.0]]]}},{"type":"Feature","id":"AR_MARC:9918","properties":{"FID_1":9918},"geometry":{"type":"Polygon","coordinates":[[[11.876023610552554,45.406642220962375,17.0],[11.876026756380975,45.40665132295261,17.17],[11.876102102046026,45.40692207188611,16.84],[11.876157611065542,45.40689789949845,16.8],[11.876084622448706,45.40663582240886,16.72],[11.876023610552554,45.406642220962375,17.0]]]}},{"type":"Feature","id":"AR_MARC:9920","properties":{"FID_1":9920},"geometry":{"type":"Polygon","coordinates":[[[11.874304061492115,45.40926117035383,16.07],[11.874253046668226,45.409260655194004,16.07],[11.873805431704533,45.40925635770789,16.07],[11.873761450106738,45.40925593522381,16.07],[11.87349807559093,45.40925347700396,16.07],[11.873490276594628,45.409253403373576,16.07],[11.87348311573832,45.40925331367203,16.07],[11.873473324884143,45.40925428034064,16.07],[11.873443072611352,45.40925747253304,16.07],[11.873442192903328,45.40925776472457,16.07],[11.873414890011432,45.40926619337524,16.07],[11.873406835882966,45.409268646515635,16.07],[11.873396771768746,45.40927430071194,16.07],[11.873387081411495,45.409279765470025,16.07],[11.87340685057778,45.40928907899521,16.0],[11.87346758940108,45.40931752357979,16.0],[11.873488433724107,45.40931528840786,16.38],[11.873611987148909,45.40931739754755,16.23],[11.873720963591492,45.40931933360969,16.12],[11.873786318456622,45.40932038796265,16.18],[11.873787088788578,45.40932045857344,16.18],[11.874300350729907,45.40932400258025,16.05],[11.874303005115872,45.409278119324796,16.0],[11.874304061492115,45.40926117035383,16.07],[11.874304061492115,45.40926117035383,16.07]]]}},{"type":"Feature","id":"AR_MARC:9921","properties":{"FID_1":9921},"geometry":{"type":"Polygon","coordinates":[[[11.873387081411495,45.409279765470025,16.0],[11.873382359297638,45.409282404737084,16.07],[11.873380021053537,45.40928417385884,16.07],[11.873373995406984,45.40928882622815,16.07],[11.873360107252877,45.40929970743595,16.07],[11.87335580452098,45.40930305624127,16.07],[11.873351037148499,45.409312357575686,16.07],[11.873345700071924,45.40932302344467,16.07],[11.873345080550932,45.40933096015033,16.07],[11.873343727568008,45.40934710646854,16.07],[11.87334357725023,45.4093491805426,16.07],[11.873343942377641,45.409358892703516,16.07],[11.873344608633975,45.409374538109724,16.07],[11.873350615435763,45.409450087400266,15.95],[11.873355331788034,45.409515317743114,16.01],[11.873358483552428,45.40955727423494,16.0],[11.873373125293,45.40966699086676,15.91],[11.873387497019534,45.409753761095146,15.91],[11.873404723158183,45.40985900202303,15.91],[11.873443394111924,45.410021670978416,15.85],[11.873464662771275,45.41011087786959,15.88],[11.873473311234427,45.41014027419829,15.89],[11.873495413428138,45.41021568817207,15.95],[11.873508853483731,45.41026143612281,15.74],[11.873571440338077,45.41047480987799,15.79],[11.873684470751243,45.410873779189835,15.82],[11.873742169842549,45.41111923038233,16.01],[11.873744075777713,45.4111290837582,16.01],[11.873762632497332,45.411127086176876,16.01],[11.873781439916318,45.41112499226584,16.01],[11.873795355797961,45.411114650386104,15.64],[11.87378668830132,45.411077333462266,15.42],[11.873737145813006,45.41086669173672,15.84],[11.873636110130388,45.410510176347245,15.78],[11.873672398067598,45.410505031843925,15.78],[11.873763753751495,45.4104921095144,15.76],[11.873851905080118,45.410481518132606,15.72],[11.873838897631735,45.410434229114564,15.8],[11.873750673503032,45.41044590247037,15.81],[11.873659313326312,45.41045873489008,15.8],[11.87362287497057,45.410463433114856,15.8],[11.873561537132627,45.410254528559186,15.8],[11.873548092473746,45.410208690718,15.95],[11.873517332598778,45.41010370063671,15.84],[11.873513526516232,45.41010424655123,15.84],[11.873492417353445,45.410015665740204,15.79],[11.873462171616731,45.409888069544394,15.88],[11.873459238889792,45.40985294849471,15.96],[11.873431527918385,45.40972996910657,16.05],[11.873406216549867,45.40973483711253,15.97],[11.873393364677668,45.409688084196354,15.96],[11.873386963844887,45.409665202174445,15.94],[11.873410579633696,45.409662177123394,16.0],[11.873395874071264,45.409553722279234,16.01],[11.87339287272146,45.409512212063305,16.01],[11.873388142638612,45.40944671203011,15.97],[11.873415368434603,45.409444316168496,16.0],[11.873409845063447,45.40937577568621,16.18],[11.873411385223116,45.40936583551973,16.2],[11.873414297480673,45.40935775106333,16.21],[11.873420541632681,45.40934733238594,16.24],[11.873426690219915,45.40934006655415,16.26],[11.873442675046057,45.40932769233653,16.31],[11.873452616099277,45.409322131247855,16.33],[11.87346758940108,45.40931752357979,16.37],[11.87340685057778,45.40928907899521,16.0],[11.873387081411495,45.409279765470025,16.0]]]}},{"type":"Feature","id":"AR_MARC:9922","properties":{"FID_1":9922},"geometry":{"type":"Polygon","coordinates":[[[11.875003182313785,45.40927830166335,16.19],[11.875453003509818,45.40928325894572,16.19],[11.87547052048607,45.4092834475895,16.19],[11.87547204223552,45.40927566816032,16.19],[11.875449401884978,45.40927524857989,16.19],[11.875440449673398,45.409275114132406,16.19],[11.874997196712501,45.40926864111353,16.19],[11.875003182313785,45.40927830166335,16.19],[11.875003182313785,45.40927830166335,16.19]]]}},{"type":"Feature","id":"AR_MARC:9923","properties":{"FID_1":9923},"geometry":{"type":"Polygon","coordinates":[[[11.87482013308015,45.409297405811486,16.16],[11.874882930785455,45.40929843395129,16.19],[11.874881784814669,45.40933374774568,16.19],[11.874893641102037,45.40934074003271,16.0],[11.87489577402152,45.409277047416914,16.19],[11.87497223701805,45.409277911221636,16.19],[11.875003182313785,45.40927830166335,16.19],[11.874997196712501,45.40926864111353,16.0],[11.874982742807614,45.409268375217636,16.19],[11.874972259062012,45.40926827932301,16.19],[11.874910997490417,45.409267302540414,16.19],[11.874898467133832,45.409267168193026,16.19],[11.874883885601296,45.40926690550031,16.19],[11.87487476505978,45.40927100583959,16.14],[11.874861642593244,45.40927682723534,16.07],[11.874829284260686,45.40927629233207,16.07],[11.874782987097712,45.40927556853361,16.07],[11.87482013308015,45.409297405811486,16.16],[11.87482013308015,45.409297405811486,16.16]]]}},{"type":"Feature","id":"AR_MARC:9924","properties":{"FID_1":9924},"geometry":{"type":"Polygon","coordinates":[[[11.874623054542647,45.40926420577106,16.0],[11.874621395379977,45.40926424757127,16.07],[11.874585978548394,45.409263879665886,16.07],[11.87451591521682,45.40926321442797,16.07],[11.874304061492115,45.40926117035383,16.07],[11.874303005115872,45.409278119324796,16.0],[11.874300350729907,45.40932400258025,16.0],[11.874551035566693,45.40932569848599,15.99],[11.874550935502205,45.4093287614337,15.99],[11.87460520596949,45.40928013759809,16.0],[11.874623054542647,45.40926420577106,16.0]]]}},{"type":"Feature","id":"AR_MARC:9926","properties":{"FID_1":9926},"geometry":{"type":"Polygon","coordinates":[[[11.874550935502205,45.4093287614337,15.99],[11.874541038942164,45.40964225443337,15.72],[11.874538667391256,45.409688670642026,15.78],[11.8746099346832,45.409690385684534,15.75],[11.874650735016225,45.409691068014375,16.07],[11.874661162868291,45.4092949300987,16.07],[11.87482013308015,45.409297405811486,16.16],[11.874782987097712,45.40927556853361,16.0],[11.874673131051665,45.40927392568558,16.07],[11.874666243527113,45.409271668870794,16.07],[11.87464376677853,45.40926440405446,16.07],[11.87463469150414,45.409264362656636,16.07],[11.874623054542647,45.40926420577106,16.07],[11.87460520596949,45.40928013759809,16.0],[11.874550935502205,45.4093287614337,15.99],[11.874550935502205,45.4093287614337,15.99]]]}},{"type":"Feature","id":"AR_MARC:9933","properties":{"FID_1":9933},"geometry":{"type":"Polygon","coordinates":[[[11.873026899991176,45.40643786710886,16.0],[11.873037597407981,45.406437147689125,15.73],[11.873039379550482,45.40643701280279,15.73],[11.873041161692974,45.406436877916406,15.73],[11.873040915469401,45.40643454378898,15.73],[11.87302400181022,45.40622965095379,15.51],[11.873008573322485,45.40623030947275,15.56],[11.873015226367803,45.40630602256567,15.61],[11.87301826334213,45.40634069095549,16.0],[11.873026899991176,45.40643786710886,16.0],[11.873026899991176,45.40643786710886,16.0]]]}},{"type":"Feature","id":"AR_MARC:9934","properties":{"FID_1":9934},"geometry":{"type":"Polygon","coordinates":[[[11.873196645682683,45.40856914119281,16.0],[11.87330647697915,45.40855773426637,16.4],[11.87337080046554,45.40855107374971,16.35],[11.873376776095578,45.40855047320496,16.33],[11.873461406230481,45.408551132353374,16.19],[11.87353674296958,45.40856255695427,16.15],[11.873648169836347,45.40855741039492,16.15],[11.873653885647647,45.40855672636662,16.16],[11.87382336352638,45.40853715579372,16.12],[11.873976791709284,45.40850853790889,16.15],[11.873981080804812,45.40850743973732,16.15],[11.874086844922024,45.40847885209035,16.1],[11.87409905990817,45.408467742900505,16.0],[11.874090522645762,45.40846822798275,16.18],[11.874081949028607,45.408470514231325,16.18],[11.873987780509054,45.40849592940251,16.18],[11.873976435613123,45.408499005546574,16.18],[11.873967196474652,45.40850076847422,16.18],[11.873955810506075,45.40850303553768,16.18],[11.873831544730168,45.40852713836783,16.18],[11.873830273030059,45.4085272604102,16.18],[11.873814771065122,45.40852900103958,16.18],[11.873680613641527,45.408544531609294,16.18],[11.873654062925155,45.4085476306331,16.18],[11.87365190240225,45.408547865071114,16.18],[11.873649363563041,45.40854819904956,16.18],[11.873646692534496,45.40854844634456,16.18],[11.873638278317943,45.40854883828143,16.18],[11.873547631759722,45.4085530114362,16.18],[11.873537686024388,45.40855344193558,16.18],[11.873527384656265,45.40855190111399,16.18],[11.873473685361303,45.40854380214291,16.18],[11.87346325636999,45.4085422645295,16.18],[11.873396261505683,45.4085416113411,16.18],[11.873389488180877,45.40854160188709,16.18],[11.873375809342336,45.40854149629414,16.18],[11.873368944890782,45.40854220923421,16.18],[11.87336729030984,45.40854234091334,16.18],[11.873304621414125,45.40854886974957,16.18],[11.873226951889118,45.40855694645125,16.18],[11.873196950659963,45.4085600422444,16.18],[11.873186271095609,45.40856112127964,16.18],[11.873182077670494,45.40856158692428,16.18],[11.873183235661866,45.40856677849359,16.18],[11.873196645682683,45.40856914119281,16.0]]]}},{"type":"Feature","id":"AR_MARC:9935","properties":{"FID_1":9935},"geometry":{"type":"Polygon","coordinates":[[[11.873183235661866,45.40856677849359,16.0],[11.873200222680603,45.4086446616718,16.18],[11.87320669196771,45.408673932875345,16.18],[11.87322166849739,45.408742415356855,16.18],[11.873221814373322,45.408742771733756,16.18],[11.873234554250052,45.40874200086394,16.18],[11.873216422838464,45.40865919581824,16.23],[11.87320579113018,45.40861085675418,16.23],[11.873196645682683,45.40856914119281,16.18],[11.873183235661866,45.40856677849359,16.0]]]}},{"type":"Feature","id":"AR_MARC:9936","properties":{"FID_1":9936},"geometry":{"type":"Polygon","coordinates":[[[11.876076980429326,45.40799223452585,17.0],[11.876074266649614,45.40797403037885,16.65],[11.87607196867837,45.407966527246444,16.68],[11.876059863300656,45.40792695680939,16.93],[11.876030869892604,45.40792975790788,16.93],[11.876040441020765,45.40796975227662,16.82],[11.876042752687843,45.40797752510215,16.81],[11.876044946584672,45.40799304197704,16.79],[11.876076980429326,45.40799223452585,17.0]]]}},{"type":"Feature","id":"AR_MARC:9937","properties":{"FID_1":9937},"geometry":{"type":"Polygon","coordinates":[[[11.876107498584876,45.408343954480564,16.38],[11.876101449341085,45.40824248277564,16.38],[11.876099527231375,45.40820967663894,16.38],[11.876093918616485,45.4081395181983,16.52],[11.876088442211497,45.408069446436784,16.55],[11.876076980429326,45.40799223452585,16.64],[11.876044946584672,45.40799304197704,17.0],[11.876056604448307,45.40807159913725,16.66],[11.876061700317269,45.40807129066474,16.64],[11.876061727717172,45.408071830049494,16.64],[11.876071279232416,45.40819193609342,16.52],[11.8760721060447,45.40821072787881,16.47],[11.876083715386386,45.40821034523725,16.43],[11.876091699916715,45.40833985208194,16.36],[11.876107498584876,45.408343954480564,16.38],[11.876107498584876,45.408343954480564,16.38]]]}},{"type":"Feature","id":"AR_MARC:9938","properties":{"FID_1":9938},"geometry":{"type":"Polygon","coordinates":[[[11.876108735935501,45.40836579634424,16.38],[11.876107498584876,45.408343954480564,16.38],[11.876091699916715,45.40833985208194,16.0],[11.876092950718148,45.408359443292646,16.0],[11.876094196954025,45.40837894460579,16.0],[11.876108735935501,45.40836579634424,16.38],[11.876108735935501,45.40836579634424,16.38]]]}},{"type":"Feature","id":"AR_MARC:9939","properties":{"FID_1":9939},"geometry":{"type":"Polygon","coordinates":[[[11.875965487687548,45.40839605077565,16.0],[11.876028698266074,45.408387616558386,16.25],[11.876094196954025,45.40837894460579,16.36],[11.876092950718148,45.408359443292646,16.0],[11.876091699916715,45.40833985208194,16.0],[11.876026096480668,45.40834897673625,16.29],[11.875897186803186,45.40836716803132,16.1],[11.875904540509028,45.40838363500705,16.0],[11.875965487687548,45.40839605077565,16.0]]]}},{"type":"Feature","id":"AR_MARC:9940","properties":{"FID_1":9940},"geometry":{"type":"Polygon","coordinates":[[[11.876094196954025,45.40837894460579,16.36],[11.876095210529922,45.40839638149445,16.36],[11.87611053475723,45.408396175248576,16.0],[11.87611024705015,45.408390511709186,16.38],[11.876108735935501,45.40836579634424,16.38],[11.876094196954025,45.40837894460579,16.36],[11.876094196954025,45.40837894460579,16.36]]]}},{"type":"Feature","id":"AR_MARC:9941","properties":{"FID_1":9941},"geometry":{"type":"Polygon","coordinates":[[[11.875965487687548,45.40839605077565,16.0],[11.875904540509028,45.40838363500705,16.0],[11.875845648449147,45.40841419341345,16.0],[11.875905504265758,45.40840512371843,16.0],[11.875965487687548,45.40839605077565,16.0]]]}},{"type":"Feature","id":"AR_MARC:9942","properties":{"FID_1":9942},"geometry":{"type":"Polygon","coordinates":[[[11.875897186803186,45.40836716803132,16.1],[11.875655424982199,45.40840017507825,15.76],[11.875656693899803,45.40842012588726,15.74],[11.875657967384718,45.408440166593664,15.72],[11.875693752420387,45.40843521414488,16.0],[11.875845648449147,45.40841419341345,16.0],[11.875904540509028,45.40838363500705,16.0],[11.875897186803186,45.40836716803132,16.1],[11.875897186803186,45.40836716803132,16.1]]]}},{"type":"Feature","id":"AR_MARC:9943","properties":{"FID_1":9943},"geometry":{"type":"Polygon","coordinates":[[[11.875845648449147,45.40841419341345,16.0],[11.875847561609154,45.40849965712829,15.94],[11.875947315409821,45.408501193423554,16.02],[11.875965487687548,45.40839605077565,16.0],[11.875905504265758,45.40840512371843,16.0],[11.875845648449147,45.40841419341345,16.0]]]}},{"type":"Feature","id":"AR_MARC:9944","properties":{"FID_1":9944},"geometry":{"type":"Polygon","coordinates":[[[11.876095210529922,45.40839638149445,16.36],[11.876101934944721,45.40850359698292,16.33],[11.876102071948223,45.408506293906406,16.33],[11.876102724998526,45.408519149241634,16.32],[11.876117935333278,45.40851921590328,16.38],[11.87611718662116,45.40850699306738,16.38],[11.876116844110634,45.40850025075875,16.38],[11.87611053475723,45.408396175248576,16.38],[11.876095210529922,45.40839638149445,16.36],[11.876095210529922,45.40839638149445,16.36]]]}},{"type":"Feature","id":"AR_MARC:9945","properties":{"FID_1":9945},"geometry":{"type":"Polygon","coordinates":[[[11.875657967384718,45.408440166593664,16.0],[11.875660345413326,45.40847692179924,15.74],[11.875659596943285,45.40851753632831,15.81],[11.875646983490812,45.40860633656836,16.13],[11.875644654926258,45.40861332622131,16.13],[11.875641998275045,45.40862140429356,16.13],[11.875645982088024,45.408621843966756,16.13],[11.875648552879147,45.40862213922649,16.13],[11.875669114642873,45.40862441140474,16.13],[11.875675371548558,45.40860922161565,16.0],[11.875685269576447,45.408585208840975,16.0],[11.87569468521451,45.40851899233151,15.85],[11.875695469962679,45.40847657663663,15.78],[11.875693752420387,45.40843521414488,15.77],[11.875657967384718,45.408440166593664,16.0]]]}},{"type":"Feature","id":"AR_MARC:9946","properties":{"FID_1":9946},"geometry":{"type":"Polygon","coordinates":[[[11.875850838597708,45.40864467478312,16.06],[11.875902888027682,45.408650473891704,16.13],[11.875909957709805,45.40865128583972,16.06],[11.875921871683024,45.40864180426784,16.0],[11.875936932675023,45.40855591272192,16.0],[11.875888716915112,45.408552627366724,15.98],[11.875840496593415,45.408549252093536,15.95],[11.875831822656055,45.40859987774775,16.0],[11.875850838597708,45.40864467478312,16.06],[11.875850838597708,45.40864467478312,16.06]]]}},{"type":"Feature","id":"AR_MARC:9947","properties":{"FID_1":9947},"geometry":{"type":"Polygon","coordinates":[[[11.875669114642873,45.40862441140474,16.13],[11.875776426936321,45.40863637883667,16.13],[11.875815239509999,45.40864071135098,16.13],[11.87585071097134,45.40864467799985,16.13],[11.875843019795619,45.40862659930081,16.0],[11.875831822656055,45.40859987774775,16.0],[11.875685269576447,45.408585208840975,15.86],[11.875675371548558,45.40860922161565,16.0],[11.875669114642873,45.40862441140474,16.13],[11.875669114642873,45.40862441140474,16.13]]]}},{"type":"Feature","id":"AR_MARC:9948","properties":{"FID_1":9948},"geometry":{"type":"Polygon","coordinates":[[[11.876110698396522,45.408673589839545,16.13],[11.87611802333669,45.40867439534045,16.13],[11.876118486948938,45.40866088177027,16.11],[11.876103841639093,45.408659360665396,16.1],[11.876110698396522,45.408673589839545,16.13],[11.876110698396522,45.408673589839545,16.13]]]}},{"type":"Feature","id":"AR_MARC:9949","properties":{"FID_1":9949},"geometry":{"type":"Polygon","coordinates":[[[11.875910085336182,45.40865128262292,16.13],[11.8759305194923,45.40865355797031,16.13],[11.876046952725483,45.408666465416644,16.13],[11.876110698396522,45.408673589839545,16.13],[11.876103841639093,45.408659360665396,16.0],[11.876054258186427,45.40865430960394,16.13],[11.875921871683024,45.40864180426784,16.05],[11.875910085336182,45.40865128262292,16.13],[11.875910085336182,45.40865128262292,16.13]]]}},{"type":"Feature","id":"AR_MARC:9950","properties":{"FID_1":9950},"geometry":{"type":"Polygon","coordinates":[[[11.87407284339051,45.40781788244397,17.0],[11.874129294272244,45.40781222991242,16.66],[11.874147603773674,45.40781041852001,16.7],[11.874186378701088,45.407806471381456,16.79],[11.874216753213478,45.40780318589938,16.74],[11.874221988641379,45.407775420159496,17.0],[11.874215379544404,45.40777612671823,16.84],[11.874131867880802,45.40778489127617,16.7],[11.87406765017674,45.40779109949568,16.61],[11.873982707211681,45.40779935992147,16.6],[11.87407284339051,45.40781788244397,17.0]]]}},{"type":"Feature","id":"AR_MARC:9951","properties":{"FID_1":9951},"geometry":{"type":"Polygon","coordinates":[[[11.874252346641315,45.4077994989055,17.0],[11.87443312144396,45.407780993038806,16.57],[11.874442023216623,45.40778013869785,16.56],[11.874593558347712,45.407764619492426,16.59],[11.874765158913585,45.40776425672965,16.37],[11.87477904076304,45.407738163382696,16.0],[11.874751077314233,45.40773859787898,16.33],[11.874589919385407,45.40774076782588,16.33],[11.874438967502376,45.4077526718305,16.59],[11.874242454054157,45.40777328440657,16.81],[11.874252346641315,45.4077994989055,17.0]]]}},{"type":"Feature","id":"AR_MARC:9952","properties":{"FID_1":9952},"geometry":{"type":"Polygon","coordinates":[[[11.874242454054157,45.40777328440657,16.81],[11.874221988641379,45.407775420159496,16.83],[11.874216753213478,45.40780318589938,17.0],[11.874234547646184,45.40780129745501,17.0],[11.874252346641315,45.4077994989055,17.0],[11.874242454054157,45.40777328440657,16.81],[11.874242454054157,45.40777328440657,16.81]]]}},{"type":"Feature","id":"AR_MARC:9953","properties":{"FID_1":9953},"geometry":{"type":"Polygon","coordinates":[[[11.874216753213478,45.40780318589938,16.74],[11.874221303061972,45.40789029346927,16.96],[11.874221535811152,45.407894878247376,16.97],[11.874222530700447,45.407914475926255,16.97],[11.874226117889053,45.40791465560242,16.98],[11.874242180372466,45.40791389093564,17.0],[11.874258242855333,45.407913126266614,17.01],[11.874257270772599,45.4078939780764,17.0],[11.874257033456772,45.407889303400836,17.0],[11.874252346641315,45.4077994989055,16.79],[11.874234547646184,45.40780129745501,17.0],[11.874216753213478,45.40780318589938,16.74],[11.874216753213478,45.40780318589938,16.74]]]}},{"type":"Feature","id":"AR_MARC:9954","properties":{"FID_1":9954},"geometry":{"type":"Polygon","coordinates":[[[11.874765158913585,45.40776425672965,16.37],[11.87473932650101,45.40792494991969,16.19],[11.87471931403017,45.40795110770619,16.17],[11.874713313084872,45.40797889275499,16.13],[11.874703202190881,45.408026404090506,16.11],[11.874688142906848,45.40809726333779,16.09],[11.874673716972442,45.40816549626135,16.05],[11.874659787637016,45.408230926281696,15.99],[11.874627791504674,45.40838097321684,16.01],[11.8746171792862,45.40843119754928,16.08],[11.874600347269872,45.40850993253545,15.9],[11.874638179757005,45.40851510025553,15.71],[11.874656105761732,45.408437777903046,15.92],[11.874667027792375,45.408386105560616,15.99],[11.87468453853572,45.40830312287284,16.01],[11.874699060157782,45.408234257450395,16.0],[11.87471297119018,45.408168467836155,16.04],[11.874727501880251,45.40809978220554,16.06],[11.874742141723608,45.408028213420195,16.07],[11.874751568997194,45.40798233953109,16.09],[11.874763151454243,45.40792605989607,16.33],[11.8747670512175,45.40789967797193,16.33],[11.874773028389711,45.40785884169632,16.33],[11.874782627417341,45.40779370078613,16.33],[11.874786431493025,45.40776795135974,16.33],[11.87479091896604,45.40773804413661,16.33],[11.87477904076304,45.407738163382696,16.33],[11.874765158913585,45.40776425672965,16.37],[11.874765158913585,45.40776425672965,16.37]]]}},{"type":"Feature","id":"AR_MARC:9955","properties":{"FID_1":9955},"geometry":{"type":"Polygon","coordinates":[[[11.873548705185472,45.407889321753785,16.4],[11.87364967381311,45.4078694964873,16.57],[11.873719196878435,45.40785703402984,16.53],[11.873774900206826,45.4078492401998,16.43],[11.873778200199945,45.40784879703542,16.42],[11.87388951126659,45.40783636213805,16.55],[11.873928163172414,45.40783250819852,16.6],[11.873929813167793,45.40783228661415,16.6],[11.87393489990508,45.40783179844162,16.6],[11.87407284339051,45.40781788244397,16.64],[11.873982707211681,45.40779935992147,17.0],[11.873932477991936,45.40780422558438,16.6],[11.8739304451233,45.40780445681242,16.6],[11.87377160781179,45.40782213932613,16.42],[11.873714632824436,45.407830055194644,16.55],[11.873640930111408,45.407843253001666,16.58],[11.873533252159836,45.40786432737918,16.36],[11.87352137404914,45.4078669668438,16.36],[11.873522066924728,45.407868029545334,16.36],[11.87353324419012,45.40788683072242,16.36],[11.87353700944685,45.407893036778,16.36],[11.873552042977037,45.40791480126415,16.36],[11.873602385789486,45.40798770376802,16.36],[11.873602914541042,45.407988050501885,16.36],[11.873614241768403,45.40799721654914,16.36],[11.873709404312246,45.408074480990486,16.36],[11.873719933881548,45.408083037028604,16.36],[11.873720335009365,45.408083386976216,16.36],[11.873810128304845,45.408158086183384,16.36],[11.873833484910486,45.40817766072625,16.36],[11.87383906877766,45.40818193070301,16.36],[11.873875525784527,45.40821035656242,16.36],[11.873929286040536,45.40825238854636,16.36],[11.87394232726822,45.408262591540094,16.36],[11.873945923752693,45.4082654713679,16.36],[11.873997710701707,45.40831142356244,16.36],[11.874051097699097,45.4083586856187,16.36],[11.874075047119344,45.40837986540553,16.36],[11.87409715696645,45.408357255405505,16.6],[11.874103309618247,45.40834503874285,16.65],[11.874060790107558,45.40831550548729,15.77],[11.874063839130997,45.40831011794518,15.74],[11.873965978206135,45.408247683829444,16.27],[11.873955189938052,45.40825920713242,16.32],[11.873877211574797,45.40819825241854,16.27],[11.873843015472216,45.40817156986619,16.28],[11.873725339226043,45.4080737196095,16.38],[11.873615116232074,45.40798423271613,16.39],[11.873613119725363,45.40798266277134,16.38],[11.873548705185472,45.407889321753785,16.4]]]}},{"type":"Feature","id":"AR_MARC:9956","properties":{"FID_1":9956},"geometry":{"type":"Polygon","coordinates":[[[11.873044780606167,45.407963760170595,16.75],[11.873042510724561,45.40796435740097,16.76],[11.872958775655762,45.407983838219934,16.29],[11.872965312635582,45.408001856164255,16.37],[11.872980324005574,45.40804333403598,16.44],[11.873000076312895,45.408097654341724,16.5],[11.873005118098312,45.408111389328226,16.52],[11.873081625105241,45.40832216259794,16.43],[11.873113872840488,45.40841118313322,16.18],[11.873150250629218,45.40840531643184,16.41],[11.87311897366631,45.40831528132417,16.56],[11.873040961755978,45.408089963936426,16.8],[11.873013542770261,45.40803565665555,16.74],[11.87299364979213,45.40799619196755,16.58],[11.873042674844555,45.40796507336902,17.0],[11.873044780606167,45.407963760170595,16.75],[11.873044780606167,45.407963760170595,16.75]]]}},{"type":"Feature","id":"AR_MARC:9957","properties":{"FID_1":9957},"geometry":{"type":"Polygon","coordinates":[[[11.87299364979213,45.40799619196755,16.58],[11.873048847220218,45.40798346053951,16.8],[11.873151288294045,45.40795990812368,16.75],[11.873245639062857,45.40794313025941,16.78],[11.873246906189335,45.40794291832613,16.78],[11.873297554742132,45.40793372180255,16.7],[11.87348116928729,45.40790065391244,16.42],[11.873498266342438,45.40789761298209,16.37],[11.873542095627279,45.40797058953475,16.39],[11.8735645732851,45.40800809876989,16.38],[11.873565535101795,45.40800942473576,16.38],[11.873558210405918,45.40801113941644,16.4],[11.87360917735962,45.40807619510447,16.38],[11.873611862319217,45.40808125820097,16.38],[11.873620043897391,45.40807880183593,16.37],[11.87367200822889,45.40812573985057,16.23],[11.873792361058571,45.408241075198845,16.09],[11.873807868357666,45.408254546561714,16.08],[11.873831138446523,45.40827493339694,16.0],[11.87385547062743,45.40829610358971,16.08],[11.873857448755592,45.408294793591004,16.08],[11.874019131710808,45.408431320817094,16.16],[11.874039634180734,45.40843494497142,16.0],[11.874041019813784,45.4084345500192,16.18],[11.874057501528602,45.408429454215664,16.18],[11.874059643790815,45.40842886017966,16.18],[11.874052610207585,45.40842120625271,16.18],[11.87404627864575,45.408414794818356,16.16],[11.873883807105392,45.40827783742982,16.12],[11.873822438800776,45.40822438542428,16.18],[11.873701944907234,45.40811382432633,16.36],[11.87368653444356,45.408119883237056,16.36],[11.873666022038611,45.40809843678092,16.36],[11.873646047527712,45.40807751684958,16.36],[11.87361784073628,45.40804798301123,16.36],[11.873576816047521,45.408005090067,16.36],[11.873575152226875,45.40800252160481,16.36],[11.873560492283268,45.4079780473364,16.36],[11.873502705077938,45.40788183901105,16.36],[11.873499774013595,45.40787696213482,16.36],[11.873487371711262,45.40787934475928,16.36],[11.87329248985768,45.40791449664359,16.68],[11.87323878744432,45.40792395009068,16.74],[11.873146578959235,45.4079401339299,16.72],[11.8731436755163,45.40794083712832,16.72],[11.873044780606167,45.407963760170595,16.75],[11.873042674844555,45.40796507336902,17.0],[11.87299364979213,45.40799619196755,16.58],[11.87299364979213,45.40799619196755,16.58]]]}},{"type":"Feature","id":"AR_MARC:9958","properties":{"FID_1":9958},"geometry":{"type":"Polygon","coordinates":[[[11.874019131710808,45.408431320817094,16.0],[11.873864232577793,45.40847878843356,16.16],[11.873862591689903,45.40847918981271,16.16],[11.873782156211824,45.40849822807871,16.06],[11.873654657692235,45.40850395956112,16.15],[11.873594979038698,45.40851149339832,16.18],[11.873504064108486,45.408525484646546,16.21],[11.873500038352955,45.408506593379414,16.28],[11.873470470109549,45.40850814812684,16.23],[11.873461193565078,45.40849154939267,16.25],[11.873334014862136,45.408513654748624,16.29],[11.873197341744179,45.40854004960768,16.18],[11.873200719685165,45.408548695766044,16.18],[11.873286306247383,45.4085329486743,16.18],[11.873344033955831,45.408522223675924,16.18],[11.873441521494119,45.40850428650861,16.18],[11.87344206849999,45.408504992833755,16.18],[11.873450601843855,45.408517019645,16.18],[11.873465589385193,45.40852780376629,16.18],[11.873476260066031,45.408531585606944,16.18],[11.873481725314676,45.40853351826162,16.18],[11.873488065697785,45.40853506882675,16.18],[11.873493366819483,45.40853628551369,16.18],[11.873508458543172,45.40853401518411,16.18],[11.873511120446427,45.408533588097015,16.18],[11.873582376500329,45.40852252228179,16.18],[11.873594929377878,45.40852058591781,16.18],[11.873604200472428,45.408519452303494,16.18],[11.873653596156203,45.40851325758991,16.18],[11.873654612603838,45.408513141978055,16.18],[11.873656262620143,45.408512920397136,16.18],[11.873760300737198,45.40850822985185,16.18],[11.873784654543611,45.40850716641149,16.18],[11.873790210779738,45.4085058563075,16.18],[11.873856247461083,45.408490151111494,16.18],[11.87386887775122,45.40848722262938,16.18],[11.873881457844075,45.40848330527198,16.18],[11.873927639546826,45.40846918027217,16.18],[11.874039634180734,45.40843494497142,16.18],[11.874019131710808,45.408431320817094,16.0]]]}},{"type":"Feature","id":"AR_MARC:9959","properties":{"FID_1":9959},"geometry":{"type":"Polygon","coordinates":[[[11.875044798765764,45.40782796079188,16.4],[11.874802894922063,45.407827934997414,16.32],[11.87480035778441,45.407850952126395,16.27],[11.875044654835799,45.40785280788793,16.36],[11.875052597562759,45.40782803432091,16.0],[11.875044798765764,45.40782796079188,16.4]]]}},{"type":"Feature","id":"AR_MARC:9960","properties":{"FID_1":9960},"geometry":{"type":"Polygon","coordinates":[[[11.875044654835799,45.40785280788793,16.36],[11.87504430860993,45.40791393514677,16.34],[11.875043424179024,45.40808777170163,16.33],[11.875036594718933,45.40830307381807,16.11],[11.87502993471036,45.40835310859219,16.1],[11.875020012177131,45.40841690748129,15.94],[11.87503745147752,45.4084180882871,16.0],[11.875044143833072,45.40837372348946,16.03],[11.875047310079939,45.40835303083148,16.03],[11.87505197052573,45.40832149901578,16.03],[11.875052849816795,45.40831616611866,16.03],[11.87505464015723,45.408303609260344,16.03],[11.875064367100304,45.40830390424203,16.04],[11.875070244492248,45.4081554154384,16.19],[11.875072928426661,45.408087478334444,16.38],[11.87507049898272,45.40808744953781,16.38],[11.875065134159097,45.408087494705256,16.4],[11.875064864425871,45.40807715005658,16.4],[11.875062986215404,45.40801499869827,16.4],[11.875062716286944,45.4080021337025,16.4],[11.875062017243577,45.407980818337876,16.4],[11.875058475213423,45.407858220455786,16.4],[11.875057597748118,45.40782835839227,16.4],[11.875052597562759,45.40782803432091,16.2],[11.875044654835799,45.40785280788793,16.36],[11.875044654835799,45.40785280788793,16.36]]]}},{"type":"Feature","id":"AR_MARC:9961","properties":{"FID_1":9961},"geometry":{"type":"Polygon","coordinates":[[[11.874723594005898,45.408518619113735,16.0],[11.874750403846514,45.408382204706164,16.08],[11.874786681739566,45.40838444112994,16.08],[11.874804110699424,45.40830740131359,16.14],[11.874811914127575,45.40830756475497,16.16],[11.87481722307794,45.408291318745526,16.16],[11.874919515729335,45.408297562639525,16.25],[11.874925698621073,45.40826581244381,16.26],[11.87482535217738,45.40825762925609,16.34],[11.874846329868756,45.40815484643898,16.41],[11.874851761107486,45.40812842592643,16.21],[11.874857716537042,45.408102262243894,16.05],[11.87477411687036,45.408096717491304,16.07],[11.874773511064367,45.40810240354627,16.08],[11.87476285793403,45.40815181881179,16.21],[11.874730761689259,45.40829988802325,16.01],[11.874711564308623,45.40837985278472,16.04],[11.874686349612086,45.408514966819084,15.3],[11.874687635003243,45.40851511445989,15.29],[11.874692257477914,45.408523099131145,15.29],[11.874696875026311,45.40852595321027,15.29],[11.874723594005898,45.408518619113735,16.0]]]}},{"type":"Feature","id":"AR_MARC:9962","properties":{"FID_1":9962},"geometry":{"type":"Polygon","coordinates":[[[11.875020012177131,45.40841690748129,15.94],[11.875002468111033,45.408534455882865,15.79],[11.875016703096836,45.40853544739289,16.0],[11.87503745147752,45.4084180882871,16.03],[11.875020012177131,45.40841690748129,15.94],[11.875020012177131,45.40841690748129,15.94]]]}},{"type":"Feature","id":"AR_MARC:9963","properties":{"FID_1":9963},"geometry":{"type":"Polygon","coordinates":[[[11.875007123563304,45.40855567155698,15.79],[11.875010715358895,45.408555941104915,15.58],[11.875016703096836,45.40853544739289,15.78],[11.875002468111033,45.408534455882865,16.0],[11.875007123563304,45.40855567155698,15.79],[11.875007123563304,45.40855567155698,15.79]]]}},{"type":"Feature","id":"AR_MARC:9964","properties":{"FID_1":9964},"geometry":{"type":"Polygon","coordinates":[[[11.875002468111033,45.408534455882865,15.79],[11.874871308487622,45.408525968977656,15.96],[11.874869367273032,45.40853303886782,15.75],[11.874723594005898,45.408518619113735,16.09],[11.874696875026311,45.40852595321027,16.0],[11.874698461315853,45.40852699339568,15.29],[11.874847014988456,45.40854080305278,15.44],[11.874851381669693,45.40854123310718,15.44],[11.874879117838185,45.408543864739926,15.47],[11.874985431469018,45.40855378779016,15.58],[11.874992491998627,45.408554420000605,15.58],[11.875007123563304,45.40855567155698,15.58],[11.875002468111033,45.408534455882865,15.79],[11.875002468111033,45.408534455882865,15.79]]]}},{"type":"Feature","id":"AR_MARC:9965","properties":{"FID_1":9965},"geometry":{"type":"Polygon","coordinates":[[[11.87549474279485,45.40785820834858,16.0],[11.875636259578739,45.40784672075872,16.61],[11.875945127662254,45.40782165369002,16.84],[11.875964344165213,45.40782008918224,16.81],[11.876017631601568,45.4078150555263,16.89],[11.876008753679274,45.40777864418489,16.94],[11.87593874747659,45.407784099236416,16.79],[11.875873832537176,45.40778915588434,16.76],[11.875841252004257,45.40779177730872,16.75],[11.875670851404076,45.407805703347854,16.56],[11.875625672549981,45.40780936232302,16.47],[11.875474360724892,45.40782172683343,16.29],[11.87549474279485,45.40785820834858,16.0]]]}},{"type":"Feature","id":"AR_MARC:9966","properties":{"FID_1":9966},"geometry":{"type":"Polygon","coordinates":[[[11.875474360724892,45.40782172683343,16.0],[11.875467870134951,45.40782225045316,16.28],[11.875474509830692,45.4078598884056,16.35],[11.875475412763908,45.40786508637981,16.35],[11.875502320001944,45.407931917713114,16.29],[11.875566050097094,45.4080846831694,16.09],[11.875585558095661,45.40813162815296,16.09],[11.875621995621945,45.40824016512836,15.58],[11.875623645621271,45.408239943519376,15.57],[11.875625378252668,45.4082463807577,15.57],[11.875642194310661,45.408313286350605,15.57],[11.875644597706883,45.40832789782698,15.57],[11.87565320789262,45.408379168014804,15.57],[11.875654699202716,45.408388401723954,15.57],[11.87569633650291,45.408380421379704,15.75],[11.875661386011435,45.40823575191418,15.9],[11.875625663939378,45.40812620678194,16.16],[11.875617541584306,45.40812731160993,16.14],[11.875616492965223,45.40812427761025,16.14],[11.875598015297527,45.408080007042415,16.15],[11.875590403448914,45.40808109900263,16.13],[11.875586087023958,45.40808165784817,16.11],[11.875522657786547,45.40792978494669,16.36],[11.875495458750848,45.40786224087127,16.33],[11.87549474279485,45.40785820834858,16.32],[11.875474360724892,45.40782172683343,16.0]]]}},{"type":"Feature","id":"AR_MARC:9967","properties":{"FID_1":9967},"geometry":{"type":"Polygon","coordinates":[[[11.875283452207425,45.40782185711353,16.21],[11.875281410214104,45.407821908570455,16.21],[11.875278219599531,45.40782198897182,16.2],[11.875084727208606,45.407829114998705,16.32],[11.875088968975836,45.40786483311913,16.33],[11.875280674948195,45.407860272453625,16.36],[11.875283452207425,45.40782185711353,16.21],[11.875283452207425,45.40782185711353,16.21]]]}},{"type":"Feature","id":"AR_MARC:9968","properties":{"FID_1":9968},"geometry":{"type":"Polygon","coordinates":[[[11.875423755885462,45.407856936855914,16.38],[11.875435583579664,45.407906145703706,16.37],[11.87542484940334,45.407906146174284,16.35],[11.875428351760684,45.40792730087906,16.19],[11.875442680898816,45.40796537514168,16.17],[11.875444618527446,45.40797081707864,16.18],[11.875463228656468,45.40802021505023,16.23],[11.875466333391781,45.408028507976766,16.22],[11.875487022089048,45.40807857366267,16.1],[11.875490240759337,45.4080865936795,16.1],[11.875505098531672,45.40812249430964,16.05],[11.875508298944153,45.40813015473576,16.04],[11.87552062749772,45.40817160986991,16.0],[11.875522346417592,45.4081777774177,16.0],[11.875546087161942,45.40825774036009,16.05],[11.87554792914731,45.40826381479339,16.05],[11.875558613863328,45.40832322385052,16.04],[11.875559120019538,45.40832564143373,16.04],[11.875568099307532,45.40837663228829,15.95],[11.87556900225985,45.40838183026091,15.94],[11.875570380728593,45.40840393861156,15.87],[11.875571886824744,45.408426043745685,15.93],[11.87558994121403,45.40842423855094,16.0],[11.875602402892497,45.40842302436472,16.0],[11.87560074610749,45.408397952614074,15.78],[11.875599326754777,45.40837755553283,15.79],[11.875589695391652,45.40832379072488,15.87],[11.875578167049156,45.40826035236628,15.87],[11.875577711117915,45.40825892365558,15.87],[11.875552410991771,45.408173419239816,16.0],[11.87553806258576,45.40812490401988,16.01],[11.875520004380192,45.40808134296882,16.08],[11.87549551343295,45.40802183177814,16.24],[11.875453975668721,45.407910992950264,16.36],[11.875449185067616,45.40790976348892,16.4],[11.875445783574985,45.40789562722327,16.4],[11.875430950960963,45.4078325421541,16.4],[11.875429815611374,45.407827800099405,16.4],[11.875423755885462,45.407856936855914,16.38],[11.875423755885462,45.407856936855914,16.38]]]}},{"type":"Feature","id":"AR_MARC:9969","properties":{"FID_1":9969},"geometry":{"type":"Polygon","coordinates":[[[11.875571886824744,45.408426043745685,15.87],[11.875572808702893,45.408439162346845,15.74],[11.8755673048399,45.40856981926993,15.64],[11.875566067087561,45.408593253729556,15.6],[11.875565844237215,45.40859893013714,15.59],[11.875574482393743,45.408605463381434,16.0],[11.87557743606276,45.40860574899351,15.58],[11.875595791642974,45.4086073566846,15.58],[11.875595992103612,45.40860627148182,15.58],[11.875596698060125,45.40860004282352,15.58],[11.875596870903069,45.40859589788969,15.6],[11.875597880564518,45.40857048890176,15.68],[11.875600200576898,45.40851804312149,15.74],[11.87560016861496,45.40851741383908,15.74],[11.87560347088908,45.40843901968513,15.66],[11.875602402892497,45.40842302436472,15.71],[11.87558994121403,45.40842423855094,16.0],[11.875571886824744,45.408426043745685,15.87],[11.875571886824744,45.408426043745685,15.87]]]}},{"type":"Feature","id":"AR_MARC:9970","properties":{"FID_1":9970},"geometry":{"type":"Polygon","coordinates":[[[11.875565844237215,45.40859893013714,16.0],[11.875355992507062,45.408578384989404,15.63],[11.875218314268775,45.40856484202401,15.73],[11.875220368755988,45.408549938180705,15.96],[11.875103758465505,45.40854108491624,16.06],[11.875102217820462,45.40854094371196,16.06],[11.875100681740635,45.408540892405185,16.06],[11.87505196008478,45.408537709455906,15.77],[11.875045758193021,45.408559018678915,15.58],[11.87505192077478,45.408559583498956,15.58],[11.875088376632114,45.40856280548055,15.58],[11.875097875758417,45.4085636462752,15.58],[11.875098518454973,45.40856372009326,15.58],[11.875175792302405,45.40857050415901,15.58],[11.875215712342984,45.40857399885811,15.58],[11.875269753457458,45.40857875792979,15.58],[11.875574482393743,45.408605463381434,15.58],[11.875565844237215,45.40859893013714,16.0]]]}},{"type":"Feature","id":"AR_MARC:9971","properties":{"FID_1":9971},"geometry":{"type":"Polygon","coordinates":[[[11.875113527611484,45.40832579874135,16.0],[11.875137557033069,45.408144718054416,16.29],[11.875137983119618,45.40805748514022,16.23],[11.875137937467757,45.40805658616488,16.23],[11.875138312576983,45.408016161069824,16.24],[11.87510690312227,45.40801668248615,16.3],[11.87510662365984,45.40805647508304,16.29],[11.875106270368518,45.408142626012044,16.26],[11.87510624774164,45.40814469687123,16.25],[11.875094413918768,45.40830422728584,16.1],[11.875092259566554,45.40832471442274,16.06],[11.875113527611484,45.40832579874135,16.0],[11.875113527611484,45.40832579874135,16.0]]]}},{"type":"Feature","id":"AR_MARC:9972","properties":{"FID_1":9972},"geometry":{"type":"Polygon","coordinates":[[[11.872747942140277,45.40696417340317,15.9],[11.872409717785326,45.406949555181825,16.29],[11.872277299601684,45.40694388736173,16.23],[11.872144881436947,45.406938219387264,16.66],[11.872145424044675,45.40694639687374,16.88],[11.87212943925199,45.40694616915102,16.88],[11.872086220604507,45.40694563680268,16.88],[11.87198059882243,45.40694424482611,16.88],[11.87196717560947,45.40694413262981,16.88],[11.871954468030905,45.40694553263319,16.88],[11.871940488781686,45.40694705465573,16.88],[11.871938578996769,45.40694719273764,16.88],[11.871923355436119,45.40694937616548,16.88],[11.87190953122156,45.406953954709785,16.88],[11.871903090900348,45.40695798735194,16.88],[11.871898510205034,45.40696089303658,16.88],[11.87189569343231,45.40696330426087,16.88],[11.871892995162634,45.40696553247727,16.88],[11.871879522050518,45.40697703314956,16.88],[11.87177295391494,45.40706783768223,16.88],[11.87176805872968,45.407072101465566,16.88],[11.871767206403895,45.407072933030555,16.88],[11.871746089709886,45.40709497751088,16.88],[11.871729931933803,45.4071089760734,16.88],[11.871720373951598,45.40711452737224,16.88],[11.87171689624868,45.40711650516351,16.88],[11.871704115761442,45.40712150747709,16.88],[11.87168227856847,45.407126827739205,16.88],[11.87165972118242,45.40713054589621,16.88],[11.871637642370489,45.40713362191624,16.88],[11.871635108139595,45.40713404574645,16.88],[11.871622427865546,45.40713598510108,16.88],[11.871613238977039,45.40713621635966,16.88],[11.871603922464965,45.407136450829405,16.88],[11.871574318303042,45.4071322451839,16.88],[11.871470555592975,45.40711460368335,16.88],[11.871455865187531,45.407112182989806,16.88],[11.871446967987906,45.40711060664281,16.88],[11.871332872387473,45.4070907947111,16.88],[11.871314950377965,45.40708764520845,16.88],[11.871284398188639,45.4070823831933,16.88],[11.871270988590918,45.407080020257865,16.88],[11.871185772492703,45.407065242252,16.88],[11.871181642958126,45.4070644460393,16.88],[11.871174382104018,45.40706489878436,16.88],[11.87117158806676,45.40706523912928,16.88],[11.870879909521259,45.40710165240876,16.88],[11.870848149520276,45.407105331911445,16.88],[11.870827570240577,45.40710773995755,16.88],[11.870796316167878,45.407111316703926,16.88],[11.870789802826303,45.40711895162344,17.0],[11.870828285860654,45.40711429287069,16.85],[11.870986269969203,45.40709492568735,16.84],[11.871178931022692,45.40707144524936,16.97],[11.871280496624454,45.40708860222869,16.96],[11.871279010759617,45.407092060097355,17.01],[11.871317188472977,45.407099020485425,17.02],[11.871455842494749,45.40711929455467,16.87],[11.87162450196697,45.407149164750784,17.12],[11.871724727336137,45.4071424117179,17.22],[11.871775287805722,45.40707858045113,16.95],[11.871877453039529,45.40699166726364,16.91],[11.871907225158251,45.406966434489036,16.89],[11.871962253542119,45.40696801984091,16.89],[11.871961050384622,45.406974531030485,16.91],[11.871977568478048,45.406975195416365,16.9],[11.872096084805092,45.40697635283536,16.85],[11.872096312377197,45.40696320527021,16.84],[11.872146705287946,45.40696409710102,16.79],[11.872147589852599,45.40697649657109,16.83],[11.872777346889437,45.40699970814268,16.08],[11.872747942140277,45.40696417340317,15.9],[11.872747942140277,45.40696417340317,15.9]]]}},{"type":"Feature","id":"AR_MARC:9973","properties":{"FID_1":9973},"geometry":{"type":"Polygon","coordinates":[[[11.870796316167878,45.407111316703926,16.88],[11.870788312353326,45.40711223818016,16.88],[11.870789802826303,45.40711895162344,16.88],[11.870796316167878,45.407111316703926,16.88],[11.870796316167878,45.407111316703926,16.88]]]}},{"type":"Feature","id":"AR_MARC:9974","properties":{"FID_1":9974},"geometry":{"type":"Polygon","coordinates":[[[11.872778166062625,45.40696548273732,15.86],[11.872747942140277,45.40696417340317,15.9],[11.872777346889437,45.40699970814268,16.0],[11.872774166542655,45.40715361971424,16.01],[11.87279009665605,45.407152768572246,16.0],[11.872790260582454,45.407148443841194,15.86],[11.872790829154063,45.40711683511075,15.86],[11.872793231627355,45.40700551907365,15.86],[11.872778166062625,45.40696548273732,15.86]]]}},{"type":"Feature","id":"AR_MARC:9975","properties":{"FID_1":9975},"geometry":{"type":"Polygon","coordinates":[[[11.872774166542655,45.40715361971424,16.01],[11.872769634471725,45.407361482848756,16.08],[11.872761967919303,45.40736149584649,16.18],[11.872756668685962,45.407408165768274,16.3],[11.872749710889266,45.407469999560014,16.49],[11.87276982075675,45.40746841309857,16.16],[11.87281617156774,45.40771955134427,16.87],[11.872832410076972,45.407792772778194,16.55],[11.8728499082599,45.40779008189584,17.0],[11.872846780915424,45.40777629870012,15.86],[11.87283384296862,45.407717756228855,15.86],[11.872832589239092,45.40771067680188,15.86],[11.872830131957349,45.40769750682283,15.86],[11.872813546431757,45.40760737176095,15.86],[11.872810373398403,45.40759016923645,15.86],[11.87279611758224,45.40751320736255,15.86],[11.872791704526803,45.40748919510232,15.86],[11.872788367393355,45.40747127660797,15.86],[11.872787669880768,45.40746760365399,15.86],[11.872787231611829,45.40744889207283,15.86],[11.872785614818314,45.407361620581014,15.86],[11.872785687705907,45.40736053859498,15.86],[11.872786356532014,45.407328387265814,15.86],[11.872789996494433,45.407155831521735,15.86],[11.87279009665605,45.407152768572246,15.86],[11.872774166542655,45.40715361971424,16.01],[11.872774166542655,45.40715361971424,16.01]]]}},{"type":"Feature","id":"AR_MARC:9976","properties":{"FID_1":9976},"geometry":{"type":"Polygon","coordinates":[[[11.872832410076972,45.407792772778194,16.55],[11.872884945019349,45.40799955911062,16.2],[11.872897066764903,45.408047050578666,16.85],[11.872946397273457,45.40823852540956,16.17],[11.8730101424858,45.408469782864564,16.13],[11.873038621288545,45.40846690547989,16.0],[11.873036693208519,45.408466683990596,15.86],[11.873027659113852,45.40846745154094,15.86],[11.87297472720053,45.40827552735589,15.86],[11.872973464418525,45.408270788485645,15.86],[11.872963918395444,45.40823628399509,15.86],[11.872958023868629,45.40821329918381,15.86],[11.872918544825033,45.40805983165304,15.86],[11.872914587830438,45.40804480917316,15.86],[11.872911396691126,45.40803228776191,15.86],[11.87290213783419,45.40799588577072,15.86],[11.87289942537079,45.40798524257065,15.86],[11.872855989615518,45.407814232173436,15.86],[11.872852310714977,45.407799652751876,15.86],[11.87285006781534,45.40779070796654,15.86],[11.8728499082599,45.40779008189584,16.43],[11.872832410076972,45.407792772778194,16.55],[11.872832410076972,45.407792772778194,16.55]]]}},{"type":"Feature","id":"AR_MARC:9977","properties":{"FID_1":9977},"geometry":{"type":"Polygon","coordinates":[[[11.873062730602138,45.408503833651636,16.22],[11.873080350564612,45.40857152949146,16.24],[11.873114089361495,45.408566539364664,16.0],[11.873096615235308,45.40849919990809,15.86],[11.873094203800235,45.4084944899626,15.86],[11.873086513956123,45.408486492450564,15.86],[11.873084658757552,45.40848518897616,15.86],[11.873062730602138,45.408503833651636,16.22],[11.873062730602138,45.408503833651636,16.22]]]}},{"type":"Feature","id":"AR_MARC:9978","properties":{"FID_1":9978},"geometry":{"type":"Polygon","coordinates":[[[11.8730101424858,45.408469782864564,16.0],[11.873020600429339,45.40850966514221,16.34],[11.873062730602138,45.408503833651636,16.22],[11.873084658757552,45.40848518897616,16.0],[11.873073942380715,45.40847798777203,15.86],[11.873061120227186,45.40847209976597,15.86],[11.873049287261093,45.40846807711478,15.86],[11.873038621288545,45.40846690547989,15.86],[11.8730101424858,45.408469782864564,16.0]]]}},{"type":"Feature","id":"AR_MARC:9979","properties":{"FID_1":9979},"geometry":{"type":"Polygon","coordinates":[[[11.87312512494435,45.40878148151707,16.25],[11.872936624952269,45.408798919641626,16.03],[11.872930380350873,45.408799256897964,16.03],[11.872899280407818,45.408800850063336,15.97],[11.872900247092298,45.40880982697964,15.99],[11.872932746376085,45.40880810856782,16.02],[11.872937846896715,45.4088078901305,16.02],[11.873054607072675,45.40879702908668,16.13],[11.873137154153723,45.408789369758736,16.28],[11.873159288256096,45.408787372207236,16.14],[11.87313556765872,45.40878328885349,16.0],[11.87312512494435,45.40878148151707,16.25],[11.87312512494435,45.40878148151707,16.25]]]}},{"type":"Feature","id":"AR_MARC:9980","properties":{"FID_1":9980},"geometry":{"type":"Polygon","coordinates":[[[11.873080350564612,45.40857152949146,16.24],[11.8731036828375,45.40866113456817,16.26],[11.87312350027218,45.40873687619741,16.22],[11.873134915724723,45.408780514880185,16.26],[11.87312512494435,45.40878148151707,16.25],[11.87313556765872,45.40878328885349,16.0],[11.873159288256096,45.408787372207236,16.0],[11.87317137176032,45.408786257822186,16.28],[11.87316041671601,45.4087441377632,16.2],[11.873157713286046,45.408733674368015,16.21],[11.873137576684288,45.408656680605674,16.26],[11.873114089361495,45.408566539364664,16.27],[11.873080350564612,45.40857152949146,16.24],[11.873080350564612,45.40857152949146,16.24]]]}},{"type":"Feature","id":"AR_MARC:9982","properties":{"FID_1":9982},"geometry":{"type":"Polygon","coordinates":[[[11.87416446608676,45.406360341175066,16.1],[11.874097510919551,45.40637048890914,16.19],[11.874019644162923,45.406382171624784,16.19],[11.8739786825168,45.40638833408827,16.19],[11.873858842186756,45.406406384655874,16.19],[11.873815091079528,45.40641297736864,16.19],[11.873700829487971,45.40643016716039,16.19],[11.873688782997586,45.40643200077038,16.19],[11.873580929782708,45.40644956911983,16.19],[11.873526782060376,45.40645777374299,16.19],[11.87345742008244,45.40646834176416,16.19],[11.873367638710068,45.40648194430992,16.19],[11.873263399642374,45.406497711106034,16.19],[11.873259470737333,45.40649835011777,16.19],[11.873244757843183,45.406500520862856,16.19],[11.873169055715117,45.40651205847591,16.19],[11.873125304433774,45.40651865092811,16.19],[11.87317025449209,45.40651301842817,16.15],[11.873252921191952,45.40650274563722,16.13],[11.873373505814325,45.40650438972033,15.88],[11.873492111372622,45.40648718087269,15.83],[11.873532831594732,45.406481294702004,15.91],[11.873588729415083,45.40646980554753,16.04],[11.87369427178712,45.40645202535256,16.22],[11.873693391858538,45.406447276846805,16.21],[11.874022160821658,45.40639398989604,16.34],[11.874024905198674,45.40640274200341,16.46],[11.874148915898267,45.40638377609874,16.4],[11.87416446608676,45.406360341175066,16.1],[11.87416446608676,45.406360341175066,16.1]]]}},{"type":"Feature","id":"AR_MARC:9983","properties":{"FID_1":9983},"geometry":{"type":"Polygon","coordinates":[[[11.87276781682514,45.40664313820604,16.0],[11.872725259690583,45.40665312091738,16.02],[11.872729521847276,45.406666605509635,16.02],[11.87276781682514,45.40664313820604,16.0]]]}},{"type":"Feature","id":"AR_MARC:9984","properties":{"FID_1":9984},"geometry":{"type":"Polygon","coordinates":[[[11.872729521847276,45.406666605509635,16.0],[11.87278811645968,45.40685181635892,15.89],[11.8727977665441,45.40687578677845,16.18],[11.872846244973115,45.406995093046426,16.09],[11.8728466051311,45.40699715426772,16.09],[11.872868100434355,45.40711353939874,16.33],[11.87289236194867,45.40709807646002,16.0],[11.872870119596087,45.40699467195431,16.11],[11.872827560895242,45.406848482913894,15.93],[11.87276781682514,45.40664313820604,15.94],[11.872729521847276,45.406666605509635,16.0]]]}},{"type":"Feature","id":"AR_MARC:9985","properties":{"FID_1":9985},"geometry":{"type":"Polygon","coordinates":[[[11.872868100434355,45.40711353939874,16.33],[11.87286984649598,45.40712276673176,16.35],[11.873080560881943,45.40709999869052,16.37],[11.873388144511903,45.407052197710684,16.58],[11.873500780295128,45.40703567926578,16.62],[11.87381602026337,45.40698264361071,16.89],[11.873853253775044,45.4069735146783,16.9],[11.874004681566017,45.40694836761193,16.93],[11.874008728988631,45.40694754556416,16.93],[11.874135908320829,45.40692300909532,16.99],[11.874226902508607,45.40690811521789,16.85],[11.874290107022562,45.40689707175149,16.88],[11.874300494494467,45.40689527986996,16.91],[11.874284959768156,45.4068762284825,17.0],[11.874217830920244,45.406888000888245,17.01],[11.874127775754296,45.40690377123106,16.99],[11.87400023169847,45.406926156575615,16.91],[11.873874715810794,45.40694822065614,16.91],[11.87384557703088,45.406953185162344,16.91],[11.873842331285315,45.406944625704284,16.9],[11.873492009185577,45.40700385567605,16.65],[11.873492934607778,45.40700698281085,16.65],[11.87337979294869,45.407023603999946,16.59],[11.873379341646107,45.40702226517624,16.59],[11.873073116405543,45.40706913180247,16.25],[11.873074862498639,45.40707835913161,16.27],[11.87289236194867,45.40709807646002,16.26],[11.872868100434355,45.40711353939874,16.33],[11.872868100434355,45.40711353939874,16.33]]]}},{"type":"Feature","id":"AR_MARC:9986","properties":{"FID_1":9986},"geometry":{"type":"Polygon","coordinates":[[[11.87528185084345,45.40746823806905,16.51],[11.875335316493029,45.40747175143572,16.56],[11.875339284449558,45.40744671796062,16.0],[11.875310318220533,45.40744501756227,16.79],[11.875281351992884,45.4074433171565,0.02],[11.87528185084345,45.40746823806905,16.51],[11.87528185084345,45.40746823806905,16.51]]]}},{"type":"Feature","id":"AR_MARC:9987","properties":{"FID_1":9987},"geometry":{"type":"Polygon","coordinates":[[[11.875066413968923,45.40743073073714,16.0],[11.874805462826323,45.407415432689305,16.66],[11.874806430697111,45.40743701132172,16.31],[11.874844895847774,45.4074395526692,16.11],[11.87506670749631,45.40745412661051,16.31],[11.875066413968923,45.40743073073714,16.0]]]}},{"type":"Feature","id":"AR_MARC:9988","properties":{"FID_1":9988},"geometry":{"type":"Polygon","coordinates":[[[11.87506670749631,45.40745412661051,16.31],[11.87528185084345,45.40746823806905,16.51],[11.875281351992884,45.4074433171565,16.0],[11.875066413968923,45.40743073073714,16.71],[11.87506670749631,45.40745412661051,16.31],[11.87506670749631,45.40745412661051,16.31]]]}},{"type":"Feature","id":"AR_MARC:9989","properties":{"FID_1":9989},"geometry":{"type":"Polygon","coordinates":[[[11.875335316493029,45.40747175143572,16.56],[11.87543916657504,45.40747849569248,16.65],[11.87543874049202,45.40745249279597,17.0],[11.875339284449558,45.40744671796062,16.82],[11.875335316493029,45.40747175143572,16.56],[11.875335316493029,45.40747175143572,16.56]]]}},{"type":"Feature","id":"AR_MARC:9990","properties":{"FID_1":9990},"geometry":{"type":"Polygon","coordinates":[[[11.87543916657504,45.40747849569248,16.65],[11.875717903700453,45.40749676450471,16.9],[11.875720453704748,45.40746897636352,16.98],[11.87543874049202,45.40745249279597,16.87],[11.87543916657504,45.40747849569248,16.65],[11.87543916657504,45.40747849569248,16.65]]]}},{"type":"Feature","id":"AR_MARC:9991","properties":{"FID_1":9991},"geometry":{"type":"Polygon","coordinates":[[[11.874018519249642,45.407638865593924,17.0],[11.87401852381299,45.40763895549157,16.79],[11.874036199800907,45.40771529098698,16.58],[11.874056829332583,45.407713871234066,16.58],[11.874082171841554,45.40771215273801,16.58],[11.874075480458021,45.4076332002347,17.13],[11.874018519249642,45.407638865593924,17.0]]]}},{"type":"Feature","id":"AR_MARC:9992","properties":{"FID_1":9992},"geometry":{"type":"Polygon","coordinates":[[[11.874075480458021,45.4076332002347,17.0],[11.874064525036498,45.40751555971626,17.22],[11.874052530832053,45.407480666917024,16.8],[11.874149741911628,45.407447253942195,16.98],[11.874209086062951,45.40743063696946,16.81],[11.874245645167148,45.40742080479702,16.8],[11.87424791501344,45.407420207543524,16.79],[11.874324274626044,45.40741153305477,16.76],[11.87442319216746,45.407409221210145,16.78],[11.874569462665036,45.40740580633423,16.76],[11.874715518968062,45.40740320678022,17.15],[11.87470427805629,45.40739070820177,17.0],[11.874652572207536,45.4073916508316,16.67],[11.87459383792425,45.40739259048265,16.66],[11.87456893761078,45.407392947763654,16.65],[11.874567150878997,45.407392992776956,16.65],[11.874520299287758,45.40739390306555,16.65],[11.87442097609024,45.407395775150796,16.64],[11.874334255848,45.40739921993275,16.62],[11.874324943878795,45.40739954452311,16.62],[11.874308161437602,45.40740122746367,16.62],[11.874247895963101,45.40740724621254,16.61],[11.874244080941097,45.40740761235167,16.61],[11.87423374813797,45.40741048300175,16.61],[11.874203643088668,45.40741907244271,16.61],[11.874202886473087,45.40741927152692,16.61],[11.874189267391714,45.40742285504192,16.61],[11.874143615193194,45.40743480650996,16.6],[11.874140588729093,45.40743560284523,16.6],[11.874069922985996,45.40746078611614,16.59],[11.874033149795086,45.40747395408991,16.58],[11.874008085900426,45.407483676676485,16.58],[11.873987912630321,45.40749156583367,16.58],[11.873978263550582,45.40749531936468,16.58],[11.8739854698168,45.407496308017116,16.58],[11.874018519249642,45.407638865593924,16.58],[11.874075480458021,45.4076332002347,17.0]]]}},{"type":"Feature","id":"AR_MARC:9993","properties":{"FID_1":9993},"geometry":{"type":"Polygon","coordinates":[[[11.874715518968062,45.40740320678022,17.15],[11.874710947795549,45.40766552857613,16.67],[11.87473127657405,45.407665736504676,16.67],[11.874731898466015,45.40763016587021,16.66],[11.874732138934405,45.40761476766174,16.66],[11.87473531487775,45.40741053912683,16.67],[11.874735282745858,45.40740738949623,16.67],[11.874735559550182,45.407390190120324,16.67],[11.874724068855032,45.40739038961018,16.67],[11.874715896375347,45.4073905054985,16.67],[11.87470427805629,45.40739070820177,16.67],[11.874715518968062,45.40740320678022,17.15],[11.874715518968062,45.40740320678022,17.15]]]}},{"type":"Feature","id":"AR_MARC:9994","properties":{"FID_1":9994},"geometry":{"type":"Polygon","coordinates":[[[11.872409214918482,45.40598499295789,15.0],[11.872526675238078,45.40595278184145,15.35],[11.872587718973268,45.40595205515162,15.34],[11.872797664180768,45.40594946981591,15.37],[11.87279623207291,45.40592376227118,15.36],[11.872585776477795,45.40592636045363,15.25],[11.872519495763465,45.40592712897146,15.26],[11.8723715389174,45.405967758869025,15.34],[11.872409214918482,45.40598499295789,15.0]]]}},{"type":"Feature","id":"AR_MARC:9995","properties":{"FID_1":9995},"geometry":{"type":"Polygon","coordinates":[[[11.8723715389174,45.405967758869025,15.0],[11.872362842537242,45.405970138091995,15.35],[11.872495198030553,45.40623153316403,15.47],[11.87249917733161,45.40623944410595,15.48],[11.872531786551725,45.406300371802644,15.56],[11.872568468643232,45.40630052846806,15.62],[11.872533516351265,45.406231198585836,15.5],[11.87252641012425,45.40621706548476,15.49],[11.872470162138333,45.4061057857601,15.34],[11.872528571126992,45.4060909034414,15.35],[11.872512097868439,45.40605837354909,15.37],[11.872453684347493,45.40607316596092,15.3],[11.872409214918482,45.40598499295789,15.32],[11.8723715389174,45.405967758869025,15.0]]]}},{"type":"Feature","id":"AR_MARC:9996","properties":{"FID_1":9996},"geometry":{"type":"Polygon","coordinates":[[[11.873104632701677,45.40604831559537,15.0],[11.873095625369597,45.40591613387791,15.39],[11.87306539754608,45.40591725506601,15.39],[11.873075708282197,45.40604742368912,15.23],[11.873077754777276,45.406047462170946,15.23],[11.873078156094543,45.4060528528213,15.23],[11.873083610328317,45.40612508560702,15.23],[11.873089789672763,45.40620657143023,15.23],[11.873089972138803,45.40621016733932,15.23],[11.873088199126856,45.406210482021734,15.23],[11.873101048640859,45.406337796320514,15.33],[11.873109064824549,45.40641770567436,15.65],[11.87311377060482,45.40646511382746,15.82],[11.87311525698246,45.40647677803626,15.82],[11.87314461847187,45.40646109661073,16.0],[11.873139940036959,45.40641422784585,15.63],[11.873121153512876,45.40622783476527,15.29],[11.873118627501329,45.406205755274065,15.37],[11.873123700417112,45.40620499744792,15.4],[11.873116423143896,45.40613713117403,15.56],[11.873107929090278,45.40607298605419,15.52],[11.873104632701677,45.40604831559537,15.0],[11.873104632701677,45.40604831559537,15.0]]]}},{"type":"Feature","id":"AR_MARC:9997","properties":{"FID_1":9997},"geometry":{"type":"Polygon","coordinates":[[[11.87311525698246,45.40647677803626,16.0],[11.8731154165364,45.40647740410675,15.82],[11.873116432949097,45.40647728850053,15.82],[11.873126587952296,45.4064759526425,15.82],[11.873145124937388,45.40647359560721,15.82],[11.873330613193277,45.40644984208163,15.82],[11.873358033496224,45.40644627117115,15.82],[11.87335970649984,45.4064515397834,15.87],[11.873519775182118,45.406430496364564,16.19],[11.873519191573072,45.40642655050827,16.19],[11.873535531580485,45.40642370866235,16.19],[11.873675362765637,45.40639921413094,16.19],[11.873707153957062,45.40639364279006,16.19],[11.873715891403863,45.40639207254362,16.19],[11.873716306340464,45.40639521253375,16.19],[11.873861493045954,45.40637301323152,16.08],[11.873858274015419,45.406352391413584,16.02],[11.87385777707887,45.40635015361514,16.01],[11.873745694318652,45.406367468599264,16.01],[11.87371409907444,45.40637186485224,16.01],[11.873714432149038,45.40637842738248,16.02],[11.87358842053716,45.406400773672,16.07],[11.873517372311097,45.406413364473984,15.96],[11.873354081199043,45.40643385895004,15.64],[11.87314461847187,45.40646109661073,15.73],[11.87311525698246,45.40647677803626,16.0]]]}},{"type":"Feature","id":"AR_MARC:9998","properties":{"FID_1":9998},"geometry":{"type":"Polygon","coordinates":[[[11.871527312161035,45.405887924007075,15.0],[11.871526929299062,45.40588793364233,15.07],[11.871433884593408,45.40588001376913,14.98],[11.871433241931184,45.40587993992951,14.98],[11.871432088786362,45.40587987893646,14.98],[11.87142463250606,45.405914271363486,15.01],[11.87142565803085,45.40591433556822,15.01],[11.871442472084933,45.40591580269716,15.03],[11.871526405627597,45.40592296172029,15.03],[11.871526915831058,45.40590278605929,15.0],[11.871527312161035,45.405887924007075,15.0]]]}},{"type":"Feature","id":"AR_MARC:9999","properties":{"FID_1":9999},"geometry":{"type":"Polygon","coordinates":[[[11.872023252027443,45.40594610178992,15.39],[11.872026674644411,45.405930443461344,14.87],[11.871846619665153,45.40591517267425,15.05],[11.871776801891418,45.405909188827884,15.05],[11.871527312161035,45.405887924007075,15.07],[11.871526915831058,45.40590278605929,15.0],[11.871526405627597,45.40592296172029,15.0],[11.871840704202317,45.40594970637235,15.04],[11.871841884559595,45.405942745694055,15.03],[11.872020531237562,45.40595796192395,15.32],[11.872171438687813,45.40597297600465,15.23],[11.87219013535718,45.40598132660356,15.32],[11.872203138801941,45.405973168181625,15.0],[11.872200244501025,45.40597153079864,15.39],[11.872187564314055,45.4059659091564,15.39],[11.872178671774433,45.405961902408976,15.39],[11.872177495826675,45.40596139193451,15.39],[11.872155531314087,45.405959154435166,15.39],[11.872108785517067,45.40595457030104,15.39],[11.872023252027443,45.40594610178992,15.39]]]}},{"type":"Feature","id":"AR_MARC:10000","properties":{"FID_1":10000},"geometry":{"type":"Polygon","coordinates":[[[11.872460814405935,45.406420255035876,15.51],[11.872451349986502,45.406498174161165,16.18],[11.87244333399434,45.406544192366084,16.18],[11.87242938421237,45.406611782944786,16.18],[11.872419490265571,45.40665604817187,16.18],[11.872404865912484,45.40672545598007,16.16],[11.872396831390489,45.40676355353947,16.16],[11.872386276856703,45.40681998709111,16.16],[11.872376814836473,45.40682994664601,16.16],[11.872363400995656,45.40683757534257,16.16],[11.87234875196926,45.40684604524488,16.16],[11.872327689950247,45.40685656684672,16.16],[11.872311792049022,45.4068656082582,16.16],[11.872289914042634,45.4068726399034,16.16],[11.872273241132547,45.40687648008908,16.16],[11.872235824919256,45.40687949224883,16.16],[11.872046446151662,45.40687696823247,16.08],[11.872010652480212,45.40687669902435,16.08],[11.87191529081046,45.4068760388715,15.68],[11.871883453393247,45.40687314969289,16.81],[11.871882017887364,45.40688515749732,15.39],[11.871903071152564,45.406887057934576,15.39],[11.871915136099798,45.40688810445154,15.39],[11.871922169036853,45.406888197471396,15.39],[11.872034659549259,45.40688896654763,15.39],[11.872046163846063,45.40688903702438,15.39],[11.872053452028748,45.40688912361135,15.39],[11.87206623711412,45.40688925185989,15.39],[11.872217511351296,45.40689129483322,15.39],[11.87223656363665,45.40689153533937,15.39],[11.87224318178225,45.406891008692725,15.39],[11.872273984418268,45.406888613076966,15.39],[11.872276910622224,45.406888359390564,15.39],[11.87228764454972,45.406885838870544,15.39],[11.872296236251495,45.40688391235158,15.39],[11.872305037593112,45.406881080428846,15.39],[11.87232087635731,45.40687591104803,15.39],[11.872327457943056,45.406872144863875,15.39],[11.872338014002972,45.40686611832593,15.39],[11.87234113160295,45.4068645996436,15.39],[11.872359080584031,45.40685568661993,15.39],[11.872371373188825,45.406848626225184,15.39],[11.87238267673333,45.406842220815705,15.39],[11.872389627497158,45.40683817529653,15.39],[11.872395324760847,45.40683209104317,15.39],[11.8724025990261,45.40682434686347,15.39],[11.872411996124605,45.406777843832,15.39],[11.87241977539297,45.406739752697426,15.39],[11.872437644400344,45.40665118053732,15.39],[11.872445095500021,45.40661417781284,15.39],[11.872447551859615,45.406602144301445,15.39],[11.872459099914357,45.4065451456555,15.39],[11.872466865444613,45.40650678482464,15.39],[11.87246707508137,45.40650587942125,15.39],[11.872468410355877,45.40649945491252,15.39],[11.872473536706513,45.406456929929796,15.39],[11.872460814405935,45.406420255035876,15.51],[11.872460814405935,45.406420255035876,15.51]]]}},{"type":"Feature","id":"AR_MARC:10001","properties":{"FID_1":10001},"geometry":{"type":"Polygon","coordinates":[[[11.87219013535718,45.40598132660356,15.32],[11.872234880823461,45.40600693399198,15.29],[11.872278196510544,45.406082444330536,15.42],[11.872460814405935,45.406420255035876,15.51],[11.872473536706513,45.406456929929796,16.0],[11.872475532579063,45.40644085744373,15.39],[11.872478234735286,45.40641855630853,15.39],[11.872476411466945,45.40641536175568,15.39],[11.872465968666088,45.40639591189322,15.39],[11.872307891792024,45.40610356986723,15.39],[11.872294076101323,45.40607808403852,15.39],[11.872288610923658,45.40606859026671,15.39],[11.87225075127643,45.4060023939108,15.39],[11.872249201518063,45.4059995525195,15.39],[11.872241439315209,45.40599515727294,15.39],[11.872203138801941,45.405973168181625,15.39],[11.87219013535718,45.40598132660356,15.32],[11.87219013535718,45.40598132660356,15.32]]]}},{"type":"Feature","id":"AR_MARC:10003","properties":{"FID_1":10003},"geometry":{"type":"Polygon","coordinates":[[[11.872314243525715,45.40586856711852,15.0],[11.872351162836493,45.405724787742784,15.19],[11.872416142017258,45.40548929923406,15.4],[11.872437702724923,45.40540549480399,15.29],[11.872440665335734,45.40540596029759,15.29],[11.87244535488502,45.405390090035844,15.27],[11.872455467619014,45.40535266024887,15.26],[11.872501278585048,45.40520784685753,15.08],[11.872501830029483,45.4052061227355,15.08],[11.872512844228009,45.40513860603888,15.16],[11.872493951618386,45.405123869529916,15.0],[11.872492041896434,45.405124007619534,15.14],[11.872478990710087,45.405204267371886,15.07],[11.872478694503004,45.405205985068264,15.07],[11.87243282419397,45.4053496297807,15.23],[11.872430951095758,45.40535552775374,15.23],[11.87241852780733,45.405402827078355,15.29],[11.872394446819515,45.405494886096925,15.25],[11.872390281408826,45.4055110131995,15.25],[11.872341695362215,45.40569685213055,15.18],[11.8723395533939,45.40570500718515,15.18],[11.872338054015747,45.405710715723345,15.18],[11.872334959561085,45.4057227652969,15.17],[11.872326177480197,45.405756201020075,15.16],[11.872298035580611,45.405863934419735,15.12],[11.872293751620555,45.40588024452748,15.12],[11.872306928460029,45.405880542912556,15.12],[11.872314243525715,45.40586856711852,15.0]]]}},{"type":"Feature","id":"AR_MARC:10004","properties":{"FID_1":10004},"geometry":{"type":"Polygon","coordinates":[[[11.872710109746054,45.405891095713365,15.12],[11.872709876872833,45.40587894987619,15.12],[11.872548655431624,45.40587472764093,15.01],[11.87245793533128,45.40587233086196,15.03],[11.872314243525715,45.40586856711852,15.12],[11.872306928460029,45.405880542912556,15.0],[11.872320109859947,45.40588093119389,15.12],[11.872361180946498,45.40588196757876,15.12],[11.872538140780454,45.405886603975304,15.12],[11.872553879153601,45.40588701786967,15.12],[11.872680169004813,45.405890319307,15.12],[11.872710109746054,45.405891095713365,15.12]]]}},{"type":"Feature","id":"AR_MARC:10006","properties":{"FID_1":10006},"geometry":{"type":"Polygon","coordinates":[[[11.872257406719628,45.40586657739641,15.11],[11.872258555304377,45.4058665484833,15.11],[11.872261203076246,45.40585324998003,15.11],[11.872265272710592,45.405832714676706,15.11],[11.872288542085839,45.405717092820204,15.11],[11.872298321931343,45.405668059803666,15.11],[11.872303330347915,45.40564336028689,15.11],[11.872310758634153,45.40560590807757,15.11],[11.872316081495875,45.40557985045546,15.11],[11.872318104964542,45.4055718784094,15.11],[11.872333527046969,45.40551064166658,15.11],[11.872337870187332,45.40549297987781,15.11],[11.872376174597559,45.40534124451016,15.11],[11.872378398564878,45.40533218726424,15.11],[11.872379793113454,45.405326931427204,15.11],[11.872395522210233,45.40532716555179,15.15],[11.872395905068133,45.405327155913724,15.15],[11.872414097786097,45.40525252754491,15.11],[11.872435065860259,45.405167117804936,14.68],[11.872436714680404,45.40512909097853,14.68],[11.872437110923736,45.405119269629594,14.68],[11.872437493485682,45.40510917858727,14.68],[11.872437466123019,45.40510863920049,14.68],[11.872437707458428,45.40510080202854,14.68],[11.872419622000999,45.405099457065525,15.0],[11.872419244069082,45.40511215835673,15.1],[11.872414841764813,45.405131171827946,14.89],[11.872403466383387,45.40516386273048,14.9],[11.87236611048591,45.40532673579572,15.15],[11.87231876883183,45.405514433660024,15.32],[11.87230339710202,45.40558422033006,15.14],[11.872293489309977,45.40562065480479,15.15],[11.872292295263884,45.40562482544214,15.15],[11.872288261860252,45.405635998524865,15.16],[11.872283043664382,45.40565656274232,15.16],[11.872287510366213,45.40565645030177,15.15],[11.872277867524975,45.405715741304626,14.99],[11.872251216688559,45.40585035092458,15.1],[11.872257406719628,45.40586657739641,15.11],[11.872257406719628,45.40586657739641,15.11]]]}},{"type":"Feature","id":"AR_MARC:10007","properties":{"FID_1":10007},"geometry":{"type":"Polygon","coordinates":[[[11.871557201881428,45.4058272233984,15.0],[11.87154697205169,45.40568850140095,15.16],[11.871540471455614,45.40561071408956,15.13],[11.871539190696186,45.405610656309214,15.13],[11.871537786875823,45.40561069163846,15.13],[11.871536952283702,45.40557407751497,14.69],[11.871522768232749,45.4055740744265,15.11],[11.871524108463795,45.40559042299054,15.11],[11.871525011058482,45.40560066171162,15.11],[11.871527604936578,45.40563417113187,15.11],[11.871532359589906,45.40569264967473,15.11],[11.871534237768339,45.40571708583383,15.11],[11.8715425254155,45.405820031697225,15.11],[11.871543820070091,45.40583548128156,15.11],[11.871548815507639,45.40583571561389,15.11],[11.871557201881428,45.4058272233984,15.0]]]}},{"type":"Feature","id":"AR_MARC:10008","properties":{"FID_1":10008},"geometry":{"type":"Polygon","coordinates":[[[11.871548815507639,45.40583571561389,15.0],[11.871552789980921,45.40583597564024,15.11],[11.871585852855215,45.405837843932176,15.11],[11.871798459850446,45.405849955514,15.11],[11.87184715627822,45.405852690427814,15.11],[11.87202580255841,45.40586286595438,15.11],[11.872027338564859,45.405862917304475,15.11],[11.872043961155107,45.40586312898762,15.11],[11.872240907189385,45.405866272634064,15.11],[11.872257406719628,45.40586657739641,15.11],[11.872251216688559,45.40585035092458,15.0],[11.872027529681896,45.40584905055436,14.88],[11.871804175134848,45.405834149475616,15.03],[11.871557201881428,45.4058272233984,15.01],[11.871548815507639,45.40583571561389,15.0]]]}},{"type":"Feature","id":"AR_MARC:10009","properties":{"FID_1":10009},"geometry":{"type":"Polygon","coordinates":[[[11.873589295439194,45.40594465784236,16.0],[11.873591878646575,45.405922539700185,15.56],[11.873453870203019,45.405914943744705,15.85],[11.87345395304572,45.40593168400082,16.1],[11.87345390310289,45.405935735825246,15.87],[11.873589295439194,45.40594465784236,16.0],[11.873589295439194,45.40594465784236,16.0]]]}},{"type":"Feature","id":"AR_MARC:10011","properties":{"FID_1":10011},"geometry":{"type":"Polygon","coordinates":[[[11.874551542414576,45.40629271214496,16.0],[11.874672566300982,45.406260229015786,15.89],[11.874675360273589,45.4062598885866,15.89],[11.87473358710501,45.406254010986125,15.84],[11.874727052939257,45.40621592026072,15.96],[11.87471657503084,45.406225995618044,15.96],[11.87470656178403,45.40623263878916,15.96],[11.874702350465233,45.40623526524284,15.96],[11.874675081332706,45.40624684378881,15.96],[11.874667173563104,45.40624965338222,15.96],[11.874611805461166,45.40626905082843,15.96],[11.874546519207117,45.40628689786337,15.96],[11.874542362474534,45.40628808273453,15.96],[11.874551542414576,45.40629271214496,16.0]]]}},{"type":"Feature","id":"AR_MARC:10012","properties":{"FID_1":10012},"geometry":{"type":"Polygon","coordinates":[[[11.874542362474534,45.40628808273453,16.0],[11.87453228056746,45.40629085707869,15.96],[11.874534523490311,45.406297281479624,15.96],[11.87453623784236,45.40630587949881,15.94],[11.874557812998995,45.40641119076146,15.91],[11.874570623872117,45.406457134486196,15.96],[11.874585878352715,45.406510937754426,16.07],[11.874599911069716,45.40656081124682,16.16],[11.874632740200902,45.4066688093809,16.53],[11.874655046327792,45.40672810577412,16.55],[11.87466819388238,45.4067630594685,16.52],[11.874684008362154,45.406805236989634,16.74],[11.874707413105568,45.40680059675937,16.72],[11.874691607738566,45.40675859903705,16.49],[11.874678615178523,45.40672418151591,16.51],[11.87467816384827,45.406722842697995,16.51],[11.87465643208682,45.40666479201494,16.52],[11.874629306211524,45.406576002907975,16.15],[11.874623612041832,45.40655697368389,16.15],[11.874609579305258,45.406507100194894,16.07],[11.874594315675406,45.40645311713514,15.94],[11.874581532168555,45.406407712799115,15.88],[11.87457531979215,45.40640867942194,15.89],[11.874551542414576,45.40629271214496,15.95],[11.874542362474534,45.40628808273453,16.0]]]}},{"type":"Feature","id":"AR_MARC:10013","properties":{"FID_1":10013},"geometry":{"type":"Polygon","coordinates":[[[11.874532040946168,45.40692797219262,17.0],[11.874527441625478,45.406922957345024,16.58],[11.874510503646503,45.4069140227493,16.58],[11.874486761273177,45.40691453086601,16.58],[11.874467157758628,45.40691853521414,16.58],[11.874375585006538,45.40693713437406,16.58],[11.874335872014345,45.40694524578698,16.58],[11.874340408563544,45.406966644513275,17.0],[11.874486006351681,45.406939933432206,16.9],[11.874532040946168,45.40692797219262,17.0]]]}},{"type":"Feature","id":"AR_MARC:10014","properties":{"FID_1":10014},"geometry":{"type":"Polygon","coordinates":[[[11.874577629240802,45.40712116084838,17.0],[11.874558366084141,45.40697078506295,16.58],[11.874543131281062,45.4069400245194,16.58],[11.874532040946168,45.40692797219262,16.58],[11.874486006351681,45.406939933432206,17.0],[11.874509688115108,45.40712197235494,17.0],[11.874577629240802,45.40712116084838,17.0]]]}},{"type":"Feature","id":"AR_MARC:10015","properties":{"FID_1":10015},"geometry":{"type":"Polygon","coordinates":[[[11.874335872014345,45.40694524578698,17.0],[11.874311965814156,45.40695007859811,16.58],[11.874311081582432,45.40695028089783,16.58],[11.874245660369315,45.40693779691878,16.58],[11.874148148559891,45.40695771566572,17.01],[11.874050636678216,45.40697763433094,16.98],[11.87397227228121,45.406989599585934,16.92],[11.873857066179815,45.40700834353719,16.85],[11.873780324701153,45.407027108739996,16.89],[11.873682876035213,45.407040724617595,16.58],[11.873508443869651,45.407068340859865,16.58],[11.873485499212476,45.40707197911871,16.58],[11.873340857550973,45.40709488431513,16.58],[11.87332894309232,45.40709680457464,16.58],[11.873306928269797,45.407101139482855,16.58],[11.873259612345088,45.407110522128406,16.58],[11.873201917975832,45.407121876334436,16.58],[11.873185308817629,45.407124454872005,16.58],[11.873102627624837,45.407136978292534,16.58],[11.873100850022439,45.40713720307812,16.58],[11.873035566407692,45.40714505778272,16.58],[11.873025789591201,45.4071462940974,16.58],[11.873001358900508,45.40714834944995,16.58],[11.872868143237216,45.4071597147741,16.58],[11.872850453764965,45.40716115029965,16.58],[11.872850399124367,45.40716259187665,16.58],[11.872867742413087,45.40716692587241,16.0],[11.873027298575442,45.40715336709556,16.53],[11.87310451948821,45.407144041648706,16.57],[11.873204443405205,45.40712883372248,16.58],[11.873288578367031,45.40711222305339,16.64],[11.873330962605293,45.40710386471259,16.6],[11.873621772902082,45.407060446044405,16.64],[11.873689877583686,45.407050269639775,16.69],[11.873783802874346,45.40703521228284,16.9],[11.873977109137368,45.40700432983156,16.94],[11.874055318550708,45.40699182840161,16.99],[11.874255087621304,45.40695988256358,17.1],[11.874263935935302,45.40698063260248,17.13],[11.874340408563544,45.406966644513275,16.98],[11.874335872014345,45.40694524578698,17.0]]]}},{"type":"Feature","id":"AR_MARC:10016","properties":{"FID_1":10016},"geometry":{"type":"Polygon","coordinates":[[[11.873144219021375,45.407551159019555,16.58],[11.873172355430476,45.40754657998393,16.58],[11.873247005999865,45.407534438761964,16.58],[11.873285912887036,45.40752805826725,16.58],[11.873197547748742,45.40744873203674,17.0],[11.87318081465089,45.4074337612423,17.0],[11.873179868756592,45.407379867527894,16.93],[11.872917610574953,45.407379090093585,16.67],[11.872871087068981,45.40737891129242,16.52],[11.872871168197243,45.407355325954775,16.45],[11.872867742413087,45.40716692587241,16.37],[11.872850399124367,45.40716259187665,17.0],[11.872850367290887,45.40716448294231,16.58],[11.872850797126901,45.40720065717643,16.58],[11.87285218874187,45.40735652392228,16.58],[11.872852303457428,45.407376413813324,16.58],[11.872853282915848,45.40748134381557,16.58],[11.872853223811251,45.407485215844424,16.58],[11.87285343888229,45.40750708348502,16.58],[11.872853630854202,45.407520940588014,16.58],[11.872853791090877,45.40753920910617,16.58],[11.872853868928617,45.40754829841636,16.58],[11.872853805262727,45.407552080547454,16.58],[11.872857766175903,45.40755207083191,16.58],[11.87287757074166,45.40755202225213,16.58],[11.872888177238575,45.4075520252363,16.58],[11.872909385670685,45.40755194130395,16.58],[11.872921013161363,45.40755191857792,16.58],[11.873122372470979,45.407551259063695,16.58],[11.873144219021375,45.407551159019555,16.58]],[[11.873144863286997,45.40748327331542,17.0],[11.873145262272718,45.40753898105236,16.65],[11.872912853832615,45.40753970228315,16.65],[11.872912582699145,45.40748399132627,16.66],[11.873144863286997,45.40748327331542,17.0],[11.873144863286997,45.40748327331542,17.0]]]}},{"type":"Feature","id":"AR_MARC:10017","properties":{"FID_1":10017},"geometry":{"type":"Polygon","coordinates":[[[11.873285912887036,45.40752805826725,16.58],[11.873425200021137,45.40750537799788,16.58],[11.87346757133889,45.407506831302676,16.64],[11.873539396699385,45.40751204345183,16.69],[11.873705070449397,45.40749814963542,16.74],[11.873706724998973,45.40749801795215,16.74],[11.873827934893306,45.40747669259958,16.8],[11.873895551917032,45.40745941736154,16.86],[11.873962921604509,45.40742216552144,17.0],[11.873994744535626,45.407404621629006,17.0],[11.873959315755723,45.40741406520035,17.11],[11.8739233764682,45.40742352161903,17.06],[11.873816784577016,45.407450869790765,16.93],[11.873701655055152,45.407471141868825,16.86],[11.87369975438403,45.40747145977586,16.86],[11.873540188412726,45.40748483971574,16.77],[11.873539167420567,45.40748486542846,16.77],[11.873472105245348,45.407480343438884,16.74],[11.873428630832219,45.40747729768877,16.83],[11.873432253015036,45.40744795238407,16.97],[11.873434772695887,45.40742961637781,17.03],[11.873381403088993,45.40743051031691,16.97],[11.873290749043862,45.407431983079036,16.98],[11.87318081465089,45.4074337612423,16.84],[11.873197547748742,45.40744873203674,17.0],[11.873285912887036,45.40752805826725,16.58],[11.873285912887036,45.40752805826725,16.58]]]}},{"type":"Feature","id":"AR_MARC:10018","properties":{"FID_1":10018},"geometry":{"type":"Polygon","coordinates":[[[11.873895551917032,45.40745941736154,17.0],[11.873970985750113,45.4074400549309,16.92],[11.873998337883373,45.407432615043064,16.95],[11.87412513024837,45.40739791691364,17.06],[11.874183174989291,45.407375841918274,17.11],[11.874247934172976,45.40736268902496,17.28],[11.874368278552701,45.40735704708808,16.58],[11.87436697916845,45.40735158905414,16.58],[11.874403524998456,45.407349048184024,16.58],[11.874556987388159,45.40733879121764,16.58],[11.874604490568327,45.40733561418379,16.58],[11.874603578422215,45.40732771605713,16.58],[11.874534934348276,45.407317203703755,17.0],[11.874362779967662,45.40733180205812,16.96],[11.874241209445948,45.407335944662215,17.32],[11.874168610641412,45.40735073523001,17.3],[11.874109057252447,45.407373298282366,17.25],[11.873995250467509,45.407404518872994,17.15],[11.873994744535626,45.407404621629006,17.15],[11.873962921604509,45.40742216552144,17.0],[11.873895551917032,45.40745941736154,17.0]]]}},{"type":"Feature","id":"AR_MARC:10019","properties":{"FID_1":10019},"geometry":{"type":"Polygon","coordinates":[[[11.874541077884876,45.406501894992644,16.09],[11.874514626223252,45.406403727561965,15.96],[11.874502064719117,45.40640548421991,15.98],[11.874528361354564,45.406503115483495,16.1],[11.874519965705845,45.40650386706811,16.11],[11.87453401865897,45.406584344337965,16.27],[11.874542926852136,45.406613824068465,16.35],[11.874605330125275,45.40682108112821,16.76],[11.874625896986753,45.40684108584562,17.0],[11.874640345533644,45.406838741557,16.7],[11.874633479732005,45.406816771436624,16.68],[11.87460955892384,45.406740773378765,16.61],[11.874578904614427,45.40664289187043,16.43],[11.874569918636741,45.40660936353617,16.28],[11.874561894655496,45.4065796815066,16.23],[11.874541077884876,45.406501894992644,16.09]]]}},{"type":"Feature","id":"AR_MARC:10020","properties":{"FID_1":10020},"geometry":{"type":"Polygon","coordinates":[[[11.874605330125275,45.40682108112821,16.76],[11.874334987166455,45.40686488684188,17.13],[11.874339414177726,45.40688412802586,17.01],[11.874413676328672,45.406874426162965,17.09],[11.874426876051876,45.40687265343695,17.11],[11.874570632415518,45.40684994918993,16.71],[11.874573804721063,45.406849509219306,16.71],[11.874625896986753,45.40684108584562,16.86],[11.874605330125275,45.40682108112821,16.76],[11.874605330125275,45.40682108112821,16.76]]]}},{"type":"Feature","id":"AR_MARC:10021","properties":{"FID_1":10021},"geometry":{"type":"Polygon","coordinates":[[[11.875499766382422,45.40511134767313,15.52],[11.875496320683782,45.40511143450905,15.52],[11.875496011501502,45.40512044356111,15.52],[11.875492090889164,45.40521937620244,15.52],[11.875491062904441,45.405244425612075,15.52],[11.87549078090385,45.4052514537017,15.52],[11.875486805710567,45.40535182791823,15.52],[11.87548652827488,45.40535894590533,15.52],[11.875486269100413,45.40536642348261,15.52],[11.875485800550553,45.40537732681516,15.52],[11.875479929160095,45.4055309462616,15.52],[11.875479779133487,45.40553554068492,15.52],[11.875479569967348,45.40554148678759,15.52],[11.87548258801998,45.40555059201428,15.52],[11.875503117196892,45.405612633409255,15.52],[11.875505542602307,45.40562013334398,15.52],[11.875506431585293,45.40562254128056,15.52],[11.875518921951008,45.40564454963001,15.52],[11.875528891466127,45.40566221089014,15.52],[11.87553183627477,45.40566735740701,15.52],[11.875587687517507,45.40576568381129,15.52],[11.87559610259411,45.40578041382464,15.52],[11.875598495845558,45.40578476412676,15.52],[11.87560188679802,45.40578359851632,15.52],[11.875605272321454,45.405772261619404,16.0],[11.875539305423876,45.405653397245395,15.36],[11.875518555237045,45.40561971539507,15.32],[11.875492436703588,45.40554071246806,15.5],[11.87549931756931,45.405359163675236,15.48],[11.875503210774704,45.40525969165058,15.51],[11.87550874616852,45.4051221029083,15.46],[11.875499766382422,45.40511134767313,15.52],[11.875499766382422,45.40511134767313,15.52]]]}},{"type":"Feature","id":"AR_MARC:10023","properties":{"FID_1":10023},"geometry":{"type":"Polygon","coordinates":[[[11.875919509051206,45.40571474479073,15.66],[11.875957895206302,45.40571323718746,15.63],[11.876001819003118,45.405710059777256,15.62],[11.876004891009645,45.405710162370404,15.63],[11.876152693659149,45.40571435791336,15.77],[11.87614988049873,45.40570425740136,15.69],[11.876003203388974,45.4056970630691,15.52],[11.87600270180911,45.40569473538427,15.52],[11.875958094264423,45.405697029902925,15.52],[11.875915656250882,45.405699269721275,15.53],[11.875919509051206,45.40571474479073,15.66],[11.875919509051206,45.40571474479073,15.66]]]}},{"type":"Feature","id":"AR_MARC:10024","properties":{"FID_1":10024},"geometry":{"type":"Polygon","coordinates":[[[11.87560188679802,45.40578359851632,16.0],[11.875612314894468,45.40578009525182,15.52],[11.875630286046398,45.40577415156853,15.52],[11.875731823199235,45.405740448183955,15.52],[11.87574439342199,45.4057363508431,15.52],[11.875828384636224,45.405724512586325,15.59],[11.875907011445065,45.405715239816814,15.81],[11.875919509051206,45.40571474479073,15.66],[11.875915656250882,45.405699269721275,16.0],[11.875904571597333,45.40569990915892,15.53],[11.875824422503634,45.4057094003198,15.59],[11.875756543144815,45.40571894223481,15.49],[11.875737099941396,45.405726093202425,15.37],[11.8757310746365,45.405728225337256,15.38],[11.875605272321454,45.405772261619404,15.5],[11.87560188679802,45.40578359851632,16.0]]]}},{"type":"Feature","id":"AR_MARC:10029","properties":{"FID_1":10029},"geometry":{"type":"Polygon","coordinates":[[[11.874707038311945,45.406073394510784,15.33],[11.874712763164279,45.40607541057913,15.33],[11.874716536130542,45.40606163360768,15.33],[11.874722373315146,45.4060406936345,15.33],[11.874743279502459,45.405964196284884,15.33],[11.874750816277803,45.405936462544936,15.33],[11.874751267067877,45.40593024031849,15.33],[11.874751335353194,45.40592906843435,15.33],[11.874755223405938,45.4058672218368,15.33],[11.874756689344938,45.405843241552844,15.33],[11.874756979494801,45.405821271169565,15.33],[11.874757147301827,45.405809475291846,15.33],[11.874759188731414,45.405673504839456,15.33],[11.874759133960918,45.40567242606823,15.33],[11.874759442902999,45.40565837631948,15.33],[11.874760389053897,45.405631708752836,15.33],[11.874763291581647,45.40555548496706,15.33],[11.874763769932512,45.405552322474186,15.33],[11.874767214235469,45.40553207287366,15.33],[11.874767200542873,45.405531803180864,15.33],[11.874768366306572,45.40551701174357,15.33],[11.874777013405595,45.40540040759065,15.33],[11.874777263901585,45.405397790914044,15.33],[11.874777946926569,45.405388592420124,15.33],[11.874778683296016,45.40536030991102,15.33],[11.874778942385664,45.40535031198466,15.33],[11.874781901377515,45.40523493129143,15.33],[11.874782074103916,45.405228266007086,15.33],[11.874780969930457,45.4052115514828,15.33],[11.874773500719815,45.40509715362619,15.33],[11.874771926624831,45.4050736999959,15.33],[11.874771223925812,45.40506237611229,15.33],[11.874767258625935,45.40506229599224,15.33],[11.874757168347276,45.40507245160115,15.0],[11.874767384248074,45.40522836607883,15.22],[11.874767366168872,45.40523052683678,15.22],[11.874763461884104,45.40538517683972,15.23],[11.87476335269918,45.40538805999381,15.23],[11.87475260171444,45.40553118085651,15.28],[11.874751895509112,45.40553488916566,15.29],[11.874748660797911,45.40555423335912,15.33],[11.874748164189503,45.40555703626154,15.33],[11.874744729937387,45.40565550655488,15.32],[11.874742443602718,45.405809305671355,15.41],[11.874741990201285,45.405843161830134,15.44],[11.874741981250493,45.40584550238308,15.45],[11.874740041393027,45.40593565386325,15.43],[11.87470846337126,45.40605112549726,15.81],[11.874707038311945,45.406073394510784,15.33],[11.874707038311945,45.406073394510784,15.33]]]}},{"type":"Feature","id":"AR_MARC:10031","properties":{"FID_1":10031},"geometry":{"type":"Polygon","coordinates":[[[11.873073791256454,45.40508793766813,15.0],[11.873065897143581,45.405088496491864,15.41],[11.873067694452367,45.40512643655434,15.41],[11.873068752809726,45.40514981318171,15.41],[11.873070075732842,45.40517840387818,15.4],[11.87307601071746,45.40530796259433,15.41],[11.873076535288497,45.40531830083471,15.41],[11.873076645481751,45.40533810083217,15.41],[11.873076645686808,45.40534314153264,15.41],[11.873077802690759,45.405549781326954,15.41],[11.873077926985895,45.40557993241744,15.41],[11.873078000382932,45.40559145218178,15.41],[11.873078155887766,45.40560459010538,15.41],[11.873080032122612,45.40578762848237,15.41],[11.87308008281827,45.4058012191077,15.41],[11.873080151345537,45.405805087923774,15.41],[11.873080270050124,45.40580994561492,15.41],[11.87308024278441,45.405811926578544,15.41],[11.873080663902398,45.40585548207053,15.41],[11.873080727764524,45.405856740638804,15.41],[11.873080823869309,45.40586618954128,15.41],[11.873094779903614,45.40586169754758,15.0],[11.873092726766982,45.405811162167765,15.45],[11.873095256427467,45.40559155774858,15.58],[11.873093773003866,45.40531804681288,15.42],[11.873093398959647,45.405310675198116,15.42],[11.87308384181623,45.40510217662394,15.3],[11.873073791256454,45.40508793766813,15.0]]]}},{"type":"Feature","id":"AR_MARC:10032","properties":{"FID_1":10032},"geometry":{"type":"Polygon","coordinates":[[[11.873080823869309,45.40586618954128,15.0],[11.873080892604698,45.405875099057326,15.41],[11.873087670173538,45.40587519843545,15.41],[11.873139561624578,45.40587542200581,15.41],[11.873257145779018,45.40587588158942,15.41],[11.873271999930264,45.40587649767587,15.41],[11.873382013652224,45.405881378358764,15.41],[11.873385855951463,45.40588155163709,15.41],[11.873388034622993,45.40588167679737,15.41],[11.87341582406128,45.40588286724437,15.41],[11.873473586174338,45.40588546317432,15.41],[11.873529301802014,45.40588802060107,15.41],[11.873565031085594,45.40588955113008,15.41],[11.873675436830537,45.405894601682036,15.41],[11.873708476965732,45.40589601986775,15.41],[11.873738189845646,45.40589734181836,15.41],[11.873775847132029,45.40589909376072,15.41],[11.87377573333448,45.40590188701725,15.41],[11.873775319208441,45.40591386912243,15.45],[11.873988651555312,45.405927668587864,15.79],[11.87414336009822,45.40593448318156,15.73],[11.874147074781657,45.40593465964877,15.71],[11.874298068667981,45.40594129756454,15.89],[11.87432395752737,45.40594280570475,15.89],[11.874342152811082,45.40594630790091,15.89],[11.874347440013667,45.40594725486141,15.89],[11.874365006486052,45.40595347327219,15.89],[11.87446336328383,45.40598799066878,15.89],[11.874503432576848,45.40600201333209,15.89],[11.874628080083406,45.406045949664176,15.89],[11.874702749237136,45.40607197235693,15.33],[11.874707038311945,45.406073394510784,15.33],[11.87470846337126,45.40605112549726,16.0],[11.874634587351114,45.40602562290178,15.83],[11.874511804158496,45.40598316982387,15.86],[11.874356422521693,45.405930376251575,15.91],[11.874295131975593,45.4059186883684,15.55],[11.874147870630697,45.4059050254586,15.58],[11.87407922880716,45.405902073829715,15.78],[11.873987733665716,45.40589699741331,15.82],[11.873776170004284,45.40588531370198,15.61],[11.873707601214182,45.40588380021128,15.44],[11.873404342311105,45.405873164990545,15.26],[11.873403863527647,45.40586876643059,15.19],[11.87340015341174,45.40586867983673,15.21],[11.873352382204954,45.40586655237549,15.42],[11.873295773259285,45.405864017357715,15.0],[11.87325838036778,45.40586243862397,15.37],[11.873094779903614,45.40586169754758,15.35],[11.873080823869309,45.40586618954128,15.0]]]}},{"type":"Feature","id":"AR_MARC:10036","properties":{"FID_1":10036},"geometry":{"type":"Polygon","coordinates":[[[11.87555377663212,45.40581505521831,16.0],[11.8755566797209,45.40581183161457,15.71],[11.875560033510244,45.40580238578327,15.71],[11.875558632759018,45.40578486862875,15.71],[11.875550636648164,45.40576580744944,15.71],[11.87554274098309,45.405748724015204,15.71],[11.875528659157599,45.40571802455412,15.71],[11.875522705619808,45.405706472954755,15.71],[11.87551689796596,45.40569527772895,15.71],[11.875508669681926,45.40567919281324,15.71],[11.875501726941568,45.40566577587742,15.71],[11.87548272671394,45.40562880946592,15.71],[11.875481030925991,45.405625611748185,15.71],[11.875479006853578,45.405620982102,15.71],[11.875468316669316,45.40559667806681,15.71],[11.875458633963717,45.40557459895611,15.71],[11.87544504444781,45.405543527026936,15.71],[11.875444898567276,45.405543170652834,15.71],[11.875435005879206,45.40551695625219,15.71],[11.875432047184415,45.40550901969212,15.71],[11.875426959012222,45.40548934514576,15.71],[11.875423767493489,45.40547682381023,15.71],[11.875424805258858,45.40545951523899,15.69],[11.875428724525964,45.40539829791627,15.63],[11.875433859386442,45.405320757678474,15.56],[11.875435334165891,45.405296957186465,15.53],[11.875437678414077,45.40526008295602,15.5],[11.875445726493979,45.405136742899046,15.38],[11.875447142127124,45.40511429408591,15.36],[11.875447952453252,45.40510257202667,15.35],[11.875445641625468,45.40510236022357,15.18],[11.875432096635173,45.40511242292841,15.0],[11.875430936233135,45.40513486530938,15.21],[11.875428055769298,45.40519137580053,15.33],[11.87542446104684,45.405264016546525,15.48],[11.875416024509176,45.4052639591143,15.46],[11.875417435977331,45.40530181884946,15.52],[11.875417792268756,45.405311351206365,15.53],[11.875419654851445,45.40540338715794,15.55],[11.87541165279055,45.40547730913261,15.6],[11.875419786594449,45.40550914864139,15.64],[11.875420256191896,45.405510847046635,15.64],[11.87543266536155,45.405543838989,15.66],[11.875446597683595,45.40558669393089,15.65],[11.875465866598416,45.40562140326254,15.6],[11.875463856641739,45.405622084003575,15.6],[11.875383353540212,45.405649766320124,15.64],[11.875432088088198,45.40572873941,15.7],[11.875474232920077,45.40570814459075,15.66],[11.87549753466981,45.40573168073552,15.67],[11.875455394395077,45.40575236546108,15.65],[11.875514943402784,45.405812793423365,15.7],[11.87555377663212,45.40581505521831,16.0]]]}},{"type":"Feature","id":"AR_MARC:10037","properties":{"FID_1":10037},"geometry":{"type":"Polygon","coordinates":[[[11.875514943402784,45.405812793423365,16.0],[11.875444249593468,45.40585247028671,15.63],[11.875459651799297,45.405866394140475,15.62],[11.87543456645163,45.405880708225716,15.55],[11.87544493627218,45.40588863804456,15.52],[11.875535688033946,45.40583378363771,15.71],[11.875548945759236,45.40582057772028,15.71],[11.87555377663212,45.40581505521831,15.71],[11.875514943402784,45.405812793423365,16.0]]]}},{"type":"Feature","id":"AR_MARC:10038","properties":{"FID_1":10038},"geometry":{"type":"Polygon","coordinates":[[[11.874809543908661,45.40573659514725,15.0],[11.87481035947481,45.405732524032075,15.48],[11.874824565774384,45.40553413838769,15.45],[11.874830941505449,45.40546088751895,15.48],[11.874818165879736,45.40546093936743,15.48],[11.874817136697233,45.405473387036594,15.48],[11.874811758182252,45.40553356095267,15.48],[11.874811475917717,45.405538068694284,15.48],[11.87481008705595,45.40555601619391,15.48],[11.874798129702656,45.40571816011013,15.48],[11.87479781092263,45.40572194867085,15.48],[11.874796868455018,45.40573610439392,15.48],[11.874809543908661,45.40573659514725,15.0],[11.874809543908661,45.40573659514725,15.0]]]}},{"type":"Feature","id":"AR_MARC:10039","properties":{"FID_1":10039},"geometry":{"type":"Polygon","coordinates":[[[11.874869137253842,45.40610243505783,15.72],[11.874955590531327,45.40609125551213,15.45],[11.875216655839191,45.40601329729771,15.7],[11.875235411091445,45.406007693968874,15.68],[11.875218631866334,45.4059867838021,15.73],[11.875189621726836,45.405996786116155,15.78],[11.874946304484942,45.406069436402674,15.74],[11.874869883065987,45.406079373043184,15.69],[11.874846789743508,45.40610020772725,16.0],[11.874869137253842,45.40610243505783,15.72]]]}},{"type":"Feature","id":"AR_MARC:10040","properties":{"FID_1":10040},"geometry":{"type":"Polygon","coordinates":[[[11.874869883065987,45.406079373043184,16.0],[11.874870023828576,45.40607207847667,15.69],[11.87474890157848,45.406059828036696,15.49],[11.874744933783708,45.40608990219688,15.45],[11.874745845385979,45.40609023927975,15.45],[11.874846789743508,45.40610020772725,15.67],[11.874869883065987,45.406079373043184,16.0]]]}},{"type":"Feature","id":"AR_MARC:10041","properties":{"FID_1":10041},"geometry":{"type":"Polygon","coordinates":[[[11.87589685712052,45.40577193365171,16.24],[11.875924622427384,45.40590850303653,15.89],[11.875978271412444,45.406086725922734,16.29],[11.876012770093292,45.4061847801991,16.54],[11.876041087664335,45.406226552371706,16.76],[11.876036192642426,45.40622829598223,16.7],[11.876074521866864,45.40629609946825,16.42],[11.87618223903549,45.40648718136553,16.89],[11.876209055444484,45.40650945860371,17.0],[11.876214360748987,45.406508244719134,16.97],[11.876200306242575,45.40648312543589,16.86],[11.876153534009442,45.40640005265214,16.62],[11.876092579889475,45.40629186376195,16.38],[11.876089201901804,45.406285738040424,16.43],[11.876053940608918,45.406222987946194,16.94],[11.876032419604773,45.406189235608764,16.94],[11.876025622795083,45.40617869543036,16.94],[11.876024277857326,45.40617485878933,16.91],[11.875997119101484,45.40609552215324,16.48],[11.875993230186785,45.40608436860185,16.42],[11.875987704336932,45.40606614531546,16.42],[11.875945412441922,45.40592535145284,16.42],[11.875942955000923,45.40591722224709,16.42],[11.875939736174557,45.405906681892084,16.42],[11.875939398744112,45.40590507017036,16.42],[11.87593068948533,45.40586442397056,16.42],[11.87590773996547,45.40575725733656,16.42],[11.87589685712052,45.40577193365171,16.24],[11.87589685712052,45.40577193365171,16.24]]]}},{"type":"Feature","id":"AR_MARC:10042","properties":{"FID_1":10042},"geometry":{"type":"Polygon","coordinates":[[[11.87618223903549,45.40648718136553,17.0],[11.875998029941371,45.406528549757795,16.77],[11.87599918333703,45.4065311310507,16.76],[11.875907019551398,45.40655316681789,16.59],[11.875906294685985,45.40655147484888,16.6],[11.875831222550579,45.40656785903125,16.52],[11.875830210709042,45.40656806455904,16.52],[11.875699514593432,45.406596292057024,16.46],[11.875698511660769,45.406594157031904,16.45],[11.8756086628832,45.40661397391038,16.41],[11.875570244793591,45.40662241316973,16.4],[11.875573145950314,45.40664934383044,16.0],[11.87558235277409,45.40664695149848,16.61],[11.875711504132937,45.4066210133824,16.48],[11.875842072676488,45.4065927890861,16.51],[11.87591588232246,45.40657670675535,16.55],[11.87593999779483,45.4065709682069,16.54],[11.875991127492204,45.40655869792925,16.71],[11.876009053416341,45.406554375553355,16.73],[11.876067047251412,45.40654139215027,16.93],[11.876209055444484,45.40650945860371,16.97],[11.87618223903549,45.40648718136553,17.0]]]}},{"type":"Feature","id":"AR_MARC:10043","properties":{"FID_1":10043},"geometry":{"type":"Polygon","coordinates":[[[11.875265212593463,45.4060334067005,16.0],[11.875264095963825,45.40603406492682,15.61],[11.875276426759113,45.40605544723458,15.58],[11.87532228104096,45.40613557309891,15.65],[11.875382412812945,45.40624018262337,15.79],[11.875417279907946,45.406229762624456,15.84],[11.875356573893916,45.40612642776543,15.65],[11.875353921249186,45.40612703468763,15.65],[11.87530457055225,45.40604096610045,15.62],[11.875265212593463,45.4060334067005,16.0]]]}},{"type":"Feature","id":"AR_MARC:10044","properties":{"FID_1":10044},"geometry":{"type":"Polygon","coordinates":[[[11.875570244793591,45.40662241316973,16.4],[11.875504239089919,45.40648770755167,16.5],[11.875478140494634,45.4064342677028,16.34],[11.875464605735159,45.40640679490309,16.0],[11.875454314267875,45.4064104747358,17.0],[11.875460454844996,45.406423191787724,16.61],[11.875504646911725,45.406513350861125,16.61],[11.875513203619246,45.40653086769999,16.61],[11.87555825290474,45.40662280539989,16.61],[11.875571509693655,45.40664983513016,16.61],[11.875573145950314,45.40664934383044,16.61],[11.875570244793591,45.40662241316973,16.4],[11.875570244793591,45.40662241316973,16.4]]]}},{"type":"Feature","id":"AR_MARC:10045","properties":{"FID_1":10045},"geometry":{"type":"Polygon","coordinates":[[[11.877902427256837,45.406071335060965,15.0],[11.87795666398048,45.40605484495486,15.39],[11.877939461053225,45.40604321717285,15.69],[11.877877427437582,45.40596413052775,15.4],[11.877873743779837,45.40595702243002,15.41],[11.877873902116182,45.40594756711425,15.42],[11.877877369435724,45.405937848313684,15.37],[11.877883134232171,45.40593059191825,15.33],[11.877891538242569,45.40592497919487,15.32],[11.877840550890191,45.40593751677378,15.32],[11.877902427256837,45.406071335060965,15.0],[11.877902427256837,45.406071335060965,15.0]]]}},{"type":"Feature","id":"AR_MARC:10047","properties":{"FID_1":10047},"geometry":{"type":"Polygon","coordinates":[[[11.876175910423976,45.40866681532978,16.15],[11.876162933388159,45.40866543220511,16.14],[11.876163905645399,45.40867953966929,16.13],[11.876175910423976,45.40866681532978,16.15],[11.876175910423976,45.40866681532978,16.15]]]}},{"type":"Feature","id":"AR_MARC:10048","properties":{"FID_1":10048},"geometry":{"type":"Polygon","coordinates":[[[11.876163905645399,45.40867953966929,16.0],[11.876184977951755,45.40868179888513,16.13],[11.87626453131316,45.40869068505344,16.13],[11.876301415855432,45.4086947959662,16.13],[11.876510338349991,45.40871464269805,16.33],[11.87651444523377,45.40871498922568,16.34],[11.876563358930609,45.40872194723554,16.37],[11.876562308395084,45.40870127083144,16.0],[11.876510090132145,45.40869466616737,16.36],[11.876509989123143,45.40868764773414,16.37],[11.876306673407903,45.40866999999064,16.17],[11.876307166405054,45.408677188567815,16.16],[11.876268299475441,45.40867681814396,16.11],[11.876267920408372,45.40866935665698,16.11],[11.876175910423976,45.40866681532978,16.15],[11.876163905645399,45.40867953966929,16.0]]]}},{"type":"Feature","id":"AR_MARC:10049","properties":{"FID_1":10049},"geometry":{"type":"Polygon","coordinates":[[[11.876563358930609,45.40872194723554,16.37],[11.876635054365474,45.40873211139859,16.35],[11.876636004717405,45.40871057443731,16.44],[11.876562308395084,45.40870127083144,16.4],[11.876563358930609,45.40872194723554,16.37],[11.876563358930609,45.40872194723554,16.37]]]}},{"type":"Feature","id":"AR_MARC:10050","properties":{"FID_1":10050},"geometry":{"type":"Polygon","coordinates":[[[11.877589411814315,45.40803358273969,17.0],[11.877567433242227,45.40803611730496,16.99],[11.87756641681279,45.40803623295127,16.99],[11.87756659012787,45.408037128706034,16.99],[11.8775702571602,45.408056478940196,16.98],[11.877626355272255,45.40811177208087,17.0],[11.877589411814315,45.40803358273969,17.0]]]}},{"type":"Feature","id":"AR_MARC:10051","properties":{"FID_1":10051},"geometry":{"type":"Polygon","coordinates":[[[11.8775702571602,45.408056478940196,17.0],[11.877573408818382,45.40807323180718,16.98],[11.877575497740876,45.40808416065885,16.98],[11.877626355272255,45.40811177208087,17.0],[11.8775702571602,45.408056478940196,17.0]]]}},{"type":"Feature","id":"AR_MARC:10052","properties":{"FID_1":10052},"geometry":{"type":"Polygon","coordinates":[[[11.877575497740876,45.40808416065885,17.0],[11.877586266153143,45.40814014693877,16.98],[11.877587652679647,45.40814731297647,16.98],[11.87758817262719,45.40815000024059,16.98],[11.877626355272255,45.40811177208087,17.0],[11.877575497740876,45.40808416065885,17.0]]]}},{"type":"Feature","id":"AR_MARC:10053","properties":{"FID_1":10053},"geometry":{"type":"Polygon","coordinates":[[[11.87763741668514,45.40825146265227,17.0],[11.877756781603852,45.40823909089669,16.89],[11.877801778161258,45.408234355523746,16.87],[11.877808391825841,45.4082337386544,16.87],[11.877854026499758,45.408228987166524,16.84],[11.877939821648285,45.408219892247786,16.48],[11.877923147861452,45.40814578239962,16.48],[11.877898366083295,45.40814847774518,16.89],[11.877883926938473,45.40808313275927,16.98],[11.877910358673223,45.40808021577581,16.48],[11.877902262551673,45.40803658385902,16.48],[11.877901760868857,45.40803425618589,16.48],[11.877985696180184,45.40802628829265,19.19],[11.877971247182556,45.4079557228363,19.17],[11.87797007506166,45.40795026163398,19.17],[11.877968533450677,45.407942559437025,19.17],[11.877967502663855,45.40793736470749,19.17],[11.877848247780411,45.407949373858685,19.17],[11.877838963172003,45.407950238121536,19.17],[11.877824600996286,45.40795177052386,19.17],[11.877813971918782,45.40795383885781,19.17],[11.877756172947558,45.40796564806964,19.17],[11.877746943166345,45.40796759109301,19.17],[11.877716911196943,45.40797509946759,19.17],[11.877719315421421,45.40799223123182,19.17],[11.877720702274836,45.4080019176117,19.17],[11.877724145147289,45.408014342526734,19.19],[11.877724313895488,45.40801514838388,18.73],[11.877724852125052,45.408018195236615,16.99],[11.877602374714792,45.40803217566892,16.99],[11.877589411814315,45.40803358273969,16.99],[11.877626355272255,45.40811177208087,17.0],[11.87763741668514,45.40825146265227,17.0]],[[11.877855849299658,45.40801093075569,17.0],[11.877817452854945,45.40801477958432,16.96],[11.877809904507373,45.40797689464921,17.81],[11.877848173302574,45.40797304904266,17.78],[11.877855849299658,45.40801093075569,17.0],[11.877855849299658,45.40801093075569,17.0]],[[11.877738050759543,45.40815216110584,15.42],[11.877715443163103,45.40815489158932,15.88],[11.877704635068302,45.408110697968795,16.53],[11.877774230840775,45.40810219175681,16.4],[11.877778435547526,45.40811954814682,15.21],[11.877784601597636,45.408147836602076,15.17],[11.877738050759543,45.40815216110584,15.42]]]}},{"type":"Feature","id":"AR_MARC:10054","properties":{"FID_1":10054},"geometry":{"type":"Polygon","coordinates":[[[11.87758817262719,45.40815000024059,17.0],[11.877589071190116,45.40815510829546,16.98],[11.877589942338723,45.408159676966314,16.98],[11.877597436050936,45.40819900349403,16.98],[11.877598443964454,45.40820374874077,16.98],[11.877607880724671,45.40825364774716,16.97],[11.877608054041238,45.408254543501805,16.97],[11.877608815223876,45.40825443429238,16.97],[11.87763741668514,45.40825146265227,16.96],[11.877626355272255,45.40811177208087,17.0],[11.87758817262719,45.40815000024059,17.0]]]}},{"type":"Feature","id":"AR_MARC:10056","properties":{"FID_1":10056},"geometry":{"type":"Polygon","coordinates":[[[11.876807805146012,45.406450617934794,17.0],[11.876806151719004,45.40646083104449,16.89],[11.876839766772758,45.406549005959725,16.97],[11.876948637022013,45.406835651415854,17.26],[11.876953788978318,45.40684902340168,17.27],[11.876958480416553,45.406860876784926,17.24],[11.877005333804131,45.4068398926427,17.0],[11.876873557072287,45.406487215478315,16.7],[11.876807805146012,45.406450617934794,17.0]]]}},{"type":"Feature","id":"AR_MARC:10057","properties":{"FID_1":10057},"geometry":{"type":"Polygon","coordinates":[[[11.877729168914774,45.40626023072192,16.0],[11.877780097182706,45.40624652451987,15.7],[11.877779062377416,45.40620856530635,16.0],[11.877773159529672,45.4062055637429,14.51],[11.877726191796098,45.4062167397142,14.51],[11.87771546282965,45.40621935063422,14.51],[11.877705362827838,45.406221765665165,14.51],[11.877393374366179,45.40629588304746,14.51],[11.877364587449797,45.406302729845045,14.51],[11.877363014587624,45.40629943904313,15.38],[11.877360420463324,45.4062936536425,16.89],[11.877346801866763,45.406297237523155,16.88],[11.877238094567142,45.40632563238292,16.88],[11.877212365951445,45.406332312009674,16.88],[11.876883590652906,45.4064181028692,16.89],[11.876859247513444,45.40642438743321,16.89],[11.876858240246268,45.40642468286738,16.89],[11.876850072757728,45.40642740914797,16.89],[11.876829585654598,45.40643413655838,16.89],[11.876818396360378,45.40643774913855,16.89],[11.876817179526004,45.406438949982025,16.89],[11.876808196874396,45.40644826773098,16.89],[11.876807900794326,45.40644998543513,16.89],[11.876807805146012,45.406450617934794,16.89],[11.876873557072287,45.406487215478315,17.0],[11.877009471059324,45.406458585029604,16.61],[11.877046371049348,45.40645045360125,16.57],[11.87703923571212,45.40643074073576,16.53],[11.877087949355207,45.40641871091118,16.44],[11.877358900364476,45.40635175009504,16.32],[11.877361931290542,45.406351043574254,16.31],[11.87736092830082,45.40634890856514,16.31],[11.877373804024733,45.406345793479325,16.28],[11.877729168914774,45.40626023072192,16.0],[11.877729168914774,45.40626023072192,16.0]]]}},{"type":"Feature","id":"AR_MARC:10059","properties":{"FID_1":10059},"geometry":{"type":"Polygon","coordinates":[[[11.877780097182706,45.40624652451987,15.7],[11.877817809594006,45.40632226408369,15.05],[11.877798753582237,45.40632697529708,15.62],[11.877836187988757,45.40640227180273,15.59],[11.877848557780702,45.40639925943637,15.55],[11.877867760542632,45.406437660542494,15.29],[11.877855017018423,45.406440862362366,15.45],[11.87798538417865,45.40670284126346,15.4],[11.877998323592944,45.40669846432454,15.3],[11.87801897577673,45.40673520861811,15.14],[11.878003944141728,45.40673864819353,15.34],[11.878045541029875,45.4068178902011,15.21],[11.878025486746006,45.40682307669503,15.37],[11.878034390909745,45.40684238483137,15.29],[11.878072024728253,45.40683360447346,15.01],[11.878111228622544,45.40691101655231,14.67],[11.878146740911978,45.406920832275325,15.0],[11.878147861430872,45.40691522323076,14.51],[11.8781407994258,45.40690198949159,14.51],[11.87810746351794,45.40683946150915,14.51],[11.878100684194617,45.406826760712434,14.51],[11.878055070887376,45.40674140916587,14.51],[11.878043217397838,45.406719385033426,14.51],[11.878036433534831,45.406706594334594,14.51],[11.878021033093944,45.40667763868479,14.51],[11.878019072748042,45.406674267653166,14.51],[11.878014541040834,45.406665560724825,14.51],[11.877925233356118,45.40648985844727,15.31],[11.877917847677619,45.406475282668595,15.15],[11.87788959981039,45.406419827292645,14.54],[11.87788803148381,45.4064166263962,14.51],[11.877874017076472,45.406389796068645,14.51],[11.877841319892473,45.40632725189411,14.51],[11.87782759275702,45.40630104440309,14.51],[11.87779460388525,45.406237787470545,14.51],[11.877779431845607,45.40621080630262,14.51],[11.877779454377595,45.40620873544479,14.51],[11.877779062377416,45.40620856530635,15.26],[11.877780097182706,45.40624652451987,15.7],[11.877780097182706,45.40624652451987,15.7]]]}},{"type":"Feature","id":"AR_MARC:10061","properties":{"FID_1":10061},"geometry":{"type":"Polygon","coordinates":[[[11.876958480416553,45.406860876784926,17.0],[11.876970626147381,45.40689117481869,17.17],[11.877103409535296,45.4072233936136,17.45],[11.877159247882572,45.4072107340448,17.46],[11.87709687709042,45.40705460472159,17.6],[11.877164902803338,45.407037857312865,17.54],[11.877143743402124,45.40698609355492,17.54],[11.877076223665739,45.40700273818029,17.52],[11.877026605530386,45.40687878179601,17.27],[11.877005333804131,45.4068398926427,17.12],[11.876958480416553,45.406860876784926,17.0]]]}},{"type":"Feature","id":"AR_MARC:10062","properties":{"FID_1":10062},"geometry":{"type":"Polygon","coordinates":[[[11.87616855116244,45.408408754795936,16.0],[11.876231812205429,45.408403829683955,16.38],[11.87623033906911,45.40839495557452,16.38],[11.87621009680864,45.40839645597125,16.38],[11.876168855663018,45.40839965585144,16.38],[11.876155363864852,45.40840071604075,16.38],[11.876155573940038,45.408404851323304,16.38],[11.87616855116244,45.408408754795936,16.0]]]}},{"type":"Feature","id":"AR_MARC:10063","properties":{"FID_1":10063},"geometry":{"type":"Polygon","coordinates":[[[11.876155573940038,45.408404851323304,16.0],[11.876155628742268,45.40840593009267,16.38],[11.876158793576291,45.40846822902279,16.38],[11.876159935293845,45.40849070338408,16.38],[11.876161127494967,45.4085166869627,16.38],[11.876161269068222,45.408519473783464,16.38],[11.87617405450779,45.408519601562084,16.26],[11.876172068649328,45.40848805721062,16.31],[11.87616855116244,45.408408754795936,16.36],[11.876155573940038,45.408404851323304,16.0]]]}},{"type":"Feature","id":"AR_MARC:10064","properties":{"FID_1":10064},"geometry":{"type":"Polygon","coordinates":[[[11.876399967593178,45.408348193577204,16.0],[11.876516096210297,45.408329963876625,16.84],[11.876515143192993,45.408326297387234,16.84],[11.876513136937655,45.408319507010376,16.85],[11.876398148093479,45.40834004830191,16.4],[11.876399967593178,45.408348193577204,16.0],[11.876399967593178,45.408348193577204,16.0]]]}},{"type":"Feature","id":"AR_MARC:10065","properties":{"FID_1":10065},"geometry":{"type":"Polygon","coordinates":[[[11.877215558855948,45.408484792219,17.0],[11.877208818287613,45.408452737693764,17.14],[11.877182145566074,45.408305069572194,17.41],[11.877140913405995,45.40830592925097,17.46],[11.877159402811342,45.408440931935125,17.2],[11.877162504995528,45.40846425697723,17.14],[11.87716712071048,45.40848970415567,17.09],[11.877215558855948,45.408484792219,17.0]]]}},{"type":"Feature","id":"AR_MARC:10066","properties":{"FID_1":10066},"geometry":{"type":"Polygon","coordinates":[[[11.87716712071048,45.40848970415567,17.09],[11.877169820875718,45.40850511822924,17.05],[11.877171907795857,45.40853864029119,16.97],[11.877173492477212,45.40856479398738,16.91],[11.87718262558797,45.40867158862165,16.67],[11.877194113773731,45.40880460753498,16.46],[11.877216343934835,45.40880701738851,16.45],[11.87724191523194,45.408809793048626,16.44],[11.877230832065628,45.408672173286526,16.64],[11.877215558855948,45.408484792219,17.06],[11.87716712071048,45.40848970415567,17.09],[11.87716712071048,45.40848970415567,17.09]]]}},{"type":"Feature","id":"AR_MARC:10067","properties":{"FID_1":10067},"geometry":{"type":"Polygon","coordinates":[[[11.876802935644383,45.40770281568462,17.95],[11.87693511132241,45.40751756769221,17.99],[11.876905906666273,45.4075036320011,17.93],[11.876864092994873,45.40755842377342,18.03],[11.87681618190316,45.40754099915446,17.98],[11.876764775657167,45.407615745499,17.86],[11.876812860100117,45.40763406589445,17.88],[11.876780842146934,45.40769554162552,17.92],[11.876802935644383,45.40770281568462,17.95]]]}},{"type":"Feature","id":"AR_MARC:10068","properties":{"FID_1":10068},"geometry":{"type":"Polygon","coordinates":[[[11.877059243654706,45.40795864980824,17.69],[11.877071541021465,45.40795671950383,17.69],[11.877092142841283,45.40795223947283,17.67],[11.877175675865992,45.40793384086196,17.6],[11.877276779612695,45.40791166864763,17.51],[11.877285785838522,45.407907841035765,17.51],[11.877292791187594,45.407904873992436,17.51],[11.877294276996368,45.40790393639911,17.51],[11.877306774175835,45.40789588017589,17.51],[11.877315510849275,45.4078867486174,17.51],[11.877321904593172,45.40787677601483,17.51],[11.87732703549927,45.407864584943,17.51],[11.877328051629274,45.40786194895442,17.51],[11.877330565786755,45.40784604334181,17.51],[11.877326598511761,45.40783084124893,17.51],[11.877314639678849,45.407804229059245,17.51],[11.877222018444469,45.40782483722096,17.91],[11.877228013976227,45.40783971813439,17.79],[11.877040409772386,45.40787721326422,17.75],[11.87703441428491,45.40786233233985,17.86],[11.876940963144275,45.40788170102285,17.7],[11.876956787665126,45.40791397658633,17.7],[11.876966648141027,45.40792695981099,17.7],[11.876970764668137,45.40793252680809,17.7],[11.87698277621584,45.407942575391615,17.69],[11.877002390431413,45.407951352126176,17.69],[11.877020358669307,45.40795539969391,17.69],[11.877047005388857,45.40795922843257,17.69],[11.877059243654706,45.40795864980824,17.69]]]}},{"type":"Feature","id":"AR_MARC:10069","properties":{"FID_1":10069},"geometry":{"type":"Polygon","coordinates":[[[11.876141392089245,45.408012483980116,16.0],[11.876208759526145,45.408007905434026,16.48],[11.876320079639886,45.40799816831151,16.52],[11.876488999351299,45.40798526877319,16.56],[11.876591221724437,45.407977560990304,17.44],[11.876648123839518,45.40797324602356,17.19],[11.876769987213807,45.40796981356871,17.32],[11.87681311524189,45.40796854617376,17.0],[11.87680857903637,45.40795974929977,16.38],[11.876669486347561,45.40796361617459,16.38],[11.876647156584287,45.407964269152494,16.38],[11.876634681331499,45.40796521375758,16.38],[11.876589743979018,45.40796859698867,16.38],[11.876487653813813,45.40797639144983,16.38],[11.87636442813333,45.40798570876184,16.38],[11.876329422645615,45.407988391456044,16.38],[11.876318729561289,45.40798920108807,16.38],[11.876317075005376,45.40798933280942,16.38],[11.876303209567562,45.407990582460286,16.38],[11.876208298272037,45.40799882579169,16.38],[11.876207281839894,45.40799894142595,16.38],[11.87620256885316,45.40799924025348,16.38],[11.876145137900565,45.40800320827782,16.38],[11.876129089131048,45.408004242904866,16.38],[11.876141392089245,45.408012483980116,16.0]]]}},{"type":"Feature","id":"AR_MARC:10070","properties":{"FID_1":10070},"geometry":{"type":"Polygon","coordinates":[[[11.876769987213807,45.40796981356871,17.32],[11.876824215337777,45.408063769643434,17.57],[11.876825058741082,45.40806527859246,17.57],[11.876859706558735,45.408125973611206,17.49],[11.876859984648528,45.408126416662505,17.49],[11.876894783008776,45.408187557937254,17.55],[11.87691413570498,45.4082213647738,17.57],[11.876921480545736,45.4082376518826,17.59],[11.876939868571316,45.408244929330785,18.0],[11.876966865195572,45.4082380377703,17.56],[11.876932499849142,45.40817787573826,17.58],[11.87689714527521,45.40811584837339,17.49],[11.876891118377014,45.40810537884972,17.52],[11.876862219335337,45.408054710315476,17.43],[11.87681311524189,45.40796854617376,16.38],[11.876769987213807,45.40796981356871,17.32],[11.876769987213807,45.40796981356871,17.32]]]}},{"type":"Feature","id":"AR_MARC:10071","properties":{"FID_1":10071},"geometry":{"type":"Polygon","coordinates":[[[11.876129089131048,45.408004242904866,16.0],[11.876127562199024,45.40800437140648,16.38],[11.876128018385609,45.40800832046048,16.38],[11.876129875099979,45.40802474595865,16.38],[11.876138127578393,45.408096638006405,16.38],[11.876139897530999,45.40811135545242,16.38],[11.876148191141368,45.40818405657494,16.38],[11.876149587112703,45.40819644312084,16.38],[11.876149774106562,45.40819760857065,16.38],[11.876149815207853,45.408198417647704,16.38],[11.87615575404681,45.40833544709661,16.38],[11.876156078292617,45.408341829815406,16.38],[11.876156324902178,45.40834668427757,16.38],[11.876169050933555,45.40834564339093,16.0],[11.876162326811162,45.408195671928134,16.58],[11.876141392089245,45.408012483980116,16.44],[11.876129089131048,45.408004242904866,16.0]]]}},{"type":"Feature","id":"AR_MARC:10072","properties":{"FID_1":10072},"geometry":{"type":"Polygon","coordinates":[[[11.876156324902178,45.40834668427757,16.0],[11.876157279619166,45.408367993189664,16.38],[11.876170014789023,45.408367132097695,16.38],[11.876169050933555,45.40834564339093,16.4],[11.876156324902178,45.40834668427757,16.0]]]}},{"type":"Feature","id":"AR_MARC:10073","properties":{"FID_1":10073},"geometry":{"type":"Polygon","coordinates":[[[11.876921480545736,45.4082376518826,17.59],[11.876755330132887,45.40827991635014,17.22],[11.876701332214143,45.40829360946959,17.17],[11.876698934736115,45.408294209989705,17.17],[11.876558822320348,45.40831826525292,16.96],[11.876565924997138,45.40832978782361,16.97],[11.876703699069155,45.40830498139256,17.2],[11.87676008990739,45.40829059785303,17.25],[11.876769424564802,45.40828820220268,17.27],[11.876939868571316,45.408244929330785,17.52],[11.876921480545736,45.4082376518826,17.59],[11.876921480545736,45.4082376518826,17.59]]]}},{"type":"Feature","id":"AR_MARC:10074","properties":{"FID_1":10074},"geometry":{"type":"Polygon","coordinates":[[[11.878058412078852,45.40835065968868,15.99],[11.87805700819879,45.408350695099735,15.99],[11.87784550143728,45.408360440503785,16.05],[11.877792719309308,45.40836285190531,16.2],[11.877654296497205,45.40837237387846,16.62],[11.877657522561046,45.40840064647402,17.0],[11.878060316387918,45.408378065486815,15.89],[11.878058412078852,45.40835065968868,15.99],[11.878058412078852,45.40835065968868,15.99]]]}},{"type":"Feature","id":"AR_MARC:10076","properties":{"FID_1":10076},"geometry":{"type":"Polygon","coordinates":[[[11.877654296497205,45.40837237387846,16.62],[11.877607818258936,45.40837561634717,16.69],[11.877618684183172,45.40840837692137,16.63],[11.877640251892466,45.40847318210529,16.5],[11.877632480427321,45.40847364813947,16.51],[11.877635941279141,45.408483912301456,16.49],[11.877670226393533,45.40858773223453,16.24],[11.87768863888073,45.408643255677134,16.25],[11.87776534439057,45.40887517373027,16.06],[11.87777409930654,45.40890159663793,16.05],[11.877779074095397,45.408916503264614,15.96],[11.877783460698156,45.408929894512404,15.93],[11.877838385912867,45.408929409339095,15.91],[11.877836477753267,45.408906954327,16.0],[11.877807362584116,45.4088872558089,16.0],[11.877672104760594,45.40848138002617,16.37],[11.877657522561046,45.40840064647402,16.56],[11.877654296497205,45.40837237387846,16.62],[11.877654296497205,45.40837237387846,16.62]]]}},{"type":"Feature","id":"AR_MARC:10077","properties":{"FID_1":10077},"geometry":{"type":"Polygon","coordinates":[[[11.871063188061251,45.40803974252988,15.0],[11.871048292049345,45.408000511817,15.63],[11.871047370991995,45.407954628582516,15.11],[11.871048273432434,45.40794722484443,15.13],[11.8710348178577,45.407916239041185,15.27],[11.871029247932418,45.40791727931766,15.4],[11.870974887629199,45.40773736180224,15.28],[11.870983766667637,45.40773605824061,15.31],[11.870965000877622,45.40766839089956,16.0],[11.870958286911,45.407669549970926,15.76],[11.870954740769745,45.40767017927221,15.76],[11.870934845000178,45.40767347026521,15.76],[11.870951691744391,45.40772597377229,15.76],[11.870960493452158,45.407753386168736,15.76],[11.870983407106937,45.4078247296708,15.76],[11.87099191257001,45.4078513394053,15.76],[11.871013595610076,45.40791857328651,15.76],[11.871014890130597,45.4079239414681,15.76],[11.871020647113397,45.40794927016853,15.76],[11.871021941635423,45.40795463835001,15.76],[11.871030629538177,45.407992405049185,15.76],[11.871033090961284,45.40800314462302,15.76],[11.871038624532394,45.40801650727214,15.76],[11.871051501271175,45.40804867780271,15.76],[11.871052804897706,45.40805170542788,15.76],[11.871062363139353,45.40805119488302,15.76],[11.871063188061251,45.40803974252988,15.0]]]}},{"type":"Feature","id":"AR_MARC:10078","properties":{"FID_1":10078},"geometry":{"type":"Polygon","coordinates":[[[11.871062363139353,45.40805119488302,16.0],[11.871080713868615,45.408050193059196,15.76],[11.871470555010344,45.4080292214628,15.76],[11.871509170814994,45.408027169503804,15.76],[11.871894549240183,45.408006398779044,15.76],[11.871893409508653,45.40799652608308,15.76],[11.871892971856337,45.40799293659585,15.76],[11.871063188061251,45.40803974252988,15.42],[11.871062363139353,45.40805119488302,16.0]]]}},{"type":"Feature","id":"AR_MARC:10079","properties":{"FID_1":10079},"geometry":{"type":"Polygon","coordinates":[[[11.871172660905854,45.40825058770765,15.0],[11.87136553552617,45.408233762513255,15.44],[11.871918460281965,45.408185552042326,15.23],[11.87191347335689,45.408167855074076,15.32],[11.871360339107932,45.408216970918446,15.46],[11.871358812156254,45.40821709935665,15.45],[11.871165003177682,45.408233137938076,14.0],[11.871172660905854,45.40825058770765,15.0],[11.871172660905854,45.40825058770765,15.0]]]}},{"type":"Feature","id":"AR_MARC:10080","properties":{"FID_1":10080},"geometry":{"type":"Polygon","coordinates":[[[11.870989247835043,45.408128915205126,15.74],[11.871024737544019,45.40821893491149,15.01],[11.871035686023415,45.408218119350025,15.01],[11.871058887036149,45.40827496357889,14.96],[11.871095370614556,45.40836441817807,14.95],[11.87109776822442,45.408371378827965,14.95],[11.871118480687482,45.40843206618965,15.0],[11.871118927391123,45.40843331512522,15.0],[11.871152389241269,45.40853121690773,15.01],[11.871174806642678,45.408600322537126,14.93],[11.871175864154262,45.408603536378855,14.93],[11.871195542025902,45.40865641866559,14.94],[11.871238006613968,45.40877056617782,14.82],[11.871239488046442,45.408774579464456,14.82],[11.871259494068722,45.40881377157238,14.94],[11.871284062270398,45.40880937280678,14.89],[11.871297235201187,45.40880706104259,14.92],[11.871295448388787,45.40880458565493,14.9],[11.871276144309888,45.40876663606526,14.55],[11.871274731262835,45.408763971246664,14.54],[11.871232521860922,45.40864981732654,14.65],[11.87121310832939,45.40859710841953,14.76],[11.87119038092175,45.40852693044771,14.65],[11.871133348512501,45.40835986204609,14.9],[11.871132906368102,45.4083587030084,14.9],[11.871074388576236,45.40821525524254,15.74],[11.871057441297317,45.40816581471399,15.74],[11.871050599536412,45.40815185489505,15.74],[11.871046898332725,45.40814438696983,15.74],[11.871037340002918,45.40813481610807,15.74],[11.870989247835043,45.408128915205126,15.74],[11.870989247835043,45.408128915205126,15.74]]]}},{"type":"Feature","id":"AR_MARC:10081","properties":{"FID_1":10081},"geometry":{"type":"Polygon","coordinates":[[[11.871037340002918,45.40813481610807,16.0],[11.871033328882032,45.408131316533535,15.74],[11.871011614235197,45.40812646216281,15.74],[11.870989247835043,45.408128915205126,15.74],[11.871037340002918,45.40813481610807,16.0]]]}},{"type":"Feature","id":"AR_MARC:10082","properties":{"FID_1":10082},"geometry":{"type":"Polygon","coordinates":[[[11.872168005684584,45.408865166479515,15.56],[11.872275153074238,45.40885373809435,15.56],[11.872296384727976,45.408851583402665,15.56],[11.872297141369728,45.408851384330475,15.56],[11.872347448989819,45.408840486573986,15.25],[11.87216641472968,45.408858995660516,14.94],[11.872168005684584,45.408865166479515,15.56]]]}},{"type":"Feature","id":"AR_MARC:10083","properties":{"FID_1":10083},"geometry":{"type":"Polygon","coordinates":[[[11.871748741567682,45.408910824332104,15.18],[11.87196867033963,45.408880625435934,15.23],[11.871961951025561,45.40885397082028,15.15],[11.871740609280186,45.408881504888924,15.2],[11.871748741567682,45.408910824332104,15.18]]]}},{"type":"Feature","id":"AR_MARC:10084","properties":{"FID_1":10084},"geometry":{"type":"Polygon","coordinates":[[[11.87430241247008,45.408017958402795,17.0],[11.874301228478783,45.407964430750084,16.99],[11.874267726670384,45.40796149415283,16.96],[11.87423409723997,45.407958560760555,16.94],[11.874235390857464,45.408016766306055,16.85],[11.874266221535816,45.40801742987298,16.82],[11.87429705221448,45.408018093431565,16.8],[11.87430241247008,45.408017958402795,17.0],[11.87430241247008,45.408017958402795,17.0]]]}},{"type":"Feature","id":"AR_MARC:10085","properties":{"FID_1":10085},"geometry":{"type":"Polygon","coordinates":[[[11.874371480722862,45.4084345068937,16.0],[11.874186060155962,45.40839678182209,15.79],[11.874136089309372,45.40838660896793,15.92],[11.874119340383134,45.40841916534562,16.36],[11.874360630107022,45.4084674547954,16.13],[11.874371480722862,45.4084345068937,16.0]]]}},{"type":"Feature","id":"AR_MARC:10086","properties":{"FID_1":10086},"geometry":{"type":"Polygon","coordinates":[[[11.874360630107022,45.4084674547954,16.13],[11.874429572055394,45.40848129021288,16.04],[11.874442628789733,45.4084490068287,16.36],[11.874440951394035,45.40844868903537,16.36],[11.874371480722862,45.4084345068937,16.2],[11.874360630107022,45.4084674547954,16.13],[11.874360630107022,45.4084674547954,16.13]]]}},{"type":"Feature","id":"AR_MARC:10087","properties":{"FID_1":10087},"geometry":{"type":"Polygon","coordinates":[[[11.874265283594886,45.40916439355858,15.99],[11.874267061254903,45.40916416875344,15.99],[11.874272321046933,45.40915953562909,15.99],[11.874272593902074,45.40914980739982,15.99],[11.874273663322711,45.40912304673174,15.99],[11.874281863832085,45.40891959180425,15.99],[11.874282437252527,45.40890571542558,15.99],[11.874282664795084,45.40890012891508,15.99],[11.874282666081283,45.40884981186269,15.83],[11.87428266280574,45.40879940491235,15.93],[11.874282660825248,45.408698680908046,16.11],[11.874283002466319,45.40869534183717,16.18],[11.874262750740066,45.408694141749564,16.1],[11.874249687968053,45.40877665227243,15.97],[11.874265384930702,45.40889957406546,15.96],[11.874263633361668,45.40895065530834,16.01],[11.874260170970008,45.409048586176404,16.03],[11.874256617622123,45.409149759786295,16.06],[11.874265283594886,45.40916439355858,15.99],[11.874265283594886,45.40916439355858,15.99]]]}},{"type":"Feature","id":"AR_MARC:10088","properties":{"FID_1":10088},"geometry":{"type":"Polygon","coordinates":[[[11.87337488578427,45.409135152376095,16.0],[11.873283162316863,45.40875049819163,16.3],[11.873280736929551,45.40874047786055,16.3],[11.873234554250052,45.40874200086394,16.18],[11.873246749590509,45.40879345098946,16.3],[11.873286513353289,45.40896005305509,15.64],[11.873287165297151,45.4089628270272,15.64],[11.873287653114495,45.408964885031885,15.64],[11.87332761320691,45.40913283232375,15.84],[11.873327946024773,45.4091343541561,15.82],[11.873328123839944,45.40913533981644,15.82],[11.873329336364648,45.40913656945815,15.82],[11.873329874250643,45.40913709598832,15.82],[11.873330690204652,45.40913806557889,15.82],[11.873339474197664,45.409147475721426,15.83],[11.873347660871461,45.40915267031513,15.98],[11.873354375079623,45.40915403144864,15.98],[11.873358085410668,45.40915411803853,15.98],[11.87337488578427,45.409135152376095,16.0]]]}},{"type":"Feature","id":"AR_MARC:10089","properties":{"FID_1":10089},"geometry":{"type":"Polygon","coordinates":[[[11.873358085410668,45.40915411803853,15.98],[11.873365633700557,45.40915428800393,15.98],[11.873388912146712,45.4091546919294,15.98],[11.873393648062713,45.40915484270365,15.98],[11.873399145182848,45.40915488429586,15.98],[11.873524886182894,45.40915729849093,15.98],[11.87357950187831,45.409158263366365,15.98],[11.873624910122764,45.40915910005365,15.98],[11.873682602574881,45.40916025742974,15.98],[11.873895814375691,45.40916388867929,15.98],[11.873971917171783,45.40916521229052,15.98],[11.873980873931739,45.40916543675137,15.98],[11.873990719522412,45.40916554881108,15.98],[11.874008099713622,45.40916556109994,15.98],[11.874255014209513,45.40916600243666,15.98],[11.874265283594886,45.40916439355858,15.99],[11.874256617622123,45.409149759786295,16.0],[11.873913795161652,45.40914552329404,16.14],[11.873596274799922,45.40913875828734,16.25],[11.873531822662168,45.40913786111616,16.3],[11.873384471552992,45.409135181018634,16.31],[11.87337488578427,45.409135152376095,16.3],[11.873358085410668,45.40915411803853,15.98],[11.873358085410668,45.40915411803853,15.98]]]}},{"type":"Feature","id":"AR_MARC:10090","properties":{"FID_1":10090},"geometry":{"type":"Polygon","coordinates":[[[11.873241546358631,45.40913157916673,15.15],[11.873226864469567,45.409031134814505,16.32],[11.873226276282802,45.409027099060765,16.32],[11.873169668244582,45.408813124460735,16.33],[11.873122177407659,45.40881657062277,16.31],[11.87317910896065,45.40903188728827,16.33],[11.873179665208442,45.409035293758585,16.33],[11.873194201138773,45.40913538174203,16.27],[11.873217818009515,45.40916008057042,16.0],[11.873220110747958,45.40915993282386,15.62],[11.87323220766322,45.409151527077746,15.41],[11.873242540597769,45.409143615812745,15.17],[11.873241546358631,45.40913157916673,15.15]]]}},{"type":"Feature","id":"AR_MARC:10091","properties":{"FID_1":10091},"geometry":{"type":"Polygon","coordinates":[[[11.873194201138773,45.40913538174203,16.0],[11.87294563747419,45.40915532246816,16.07],[11.87269071502024,45.40917587280774,15.86],[11.872462174858237,45.409195038315794,16.06],[11.872461650579233,45.409192261125106,16.05],[11.872375387983968,45.409202263811046,15.94],[11.872201527916921,45.40924885629234,15.83],[11.871999835788442,45.409308570792035,15.31],[11.872015479599169,45.409317178283004,15.31],[11.872048042927934,45.409311677984334,15.31],[11.87220965572439,45.409270524746866,15.25],[11.87222290161735,45.40926713088851,15.24],[11.872380986173729,45.40922696634793,15.18],[11.872403945379535,45.40922107763237,15.17],[11.87245934042822,45.409217252759795,15.14],[11.872475129815037,45.409216135167085,15.13],[11.872636857044112,45.4092049526231,15.05],[11.872682041818008,45.40920138469707,15.09],[11.872703300951112,45.40919976931315,15.11],[11.873195542450285,45.40916181165759,15.6],[11.873217818009515,45.40916008057042,15.62],[11.873194201138773,45.40913538174203,16.0]]]}},{"type":"Feature","id":"AR_MARC:10092","properties":{"FID_1":10092},"geometry":{"type":"Polygon","coordinates":[[[11.876475202652703,45.40570901836337,15.96],[11.8764436625712,45.405711973781365,15.96],[11.876342292158238,45.405721280183755,15.96],[11.876308454905637,45.405724293472936,15.96],[11.876202503829811,45.405733985259666,15.96],[11.876180375616299,45.40573607326717,15.96],[11.87617374851983,45.40573642034299,15.95],[11.876141766180636,45.40573821666178,15.96],[11.875958044330154,45.4057488784165,15.96],[11.875947976060328,45.40574940222752,15.96],[11.875943135638154,45.40574970425643,15.96],[11.87594495976836,45.405760459790336,15.96],[11.876183466855975,45.405746616831735,15.86],[11.876378582582639,45.40572882652885,15.75],[11.87644217781497,45.40572299274805,15.85],[11.876475202652703,45.40570901836337,15.96],[11.876475202652703,45.40570901836337,15.96]]]}},{"type":"Feature","id":"AR_MARC:10093","properties":{"FID_1":10093},"geometry":{"type":"Polygon","coordinates":[[[11.876483006740974,45.40571926308443,15.96],[11.876479404968967,45.40570873239841,15.96],[11.876475202652703,45.40570901836337,15.96],[11.87644217781497,45.40572299274805,16.0],[11.876494442623152,45.40585633400578,15.84],[11.876499378701395,45.40585539945379,15.83],[11.87656930348687,45.40605715509739,16.18],[11.876576042045837,45.406076607958596,16.22],[11.87661070863109,45.40606979315294,16.0],[11.876604266406863,45.4060511429362,16.06],[11.876604125084844,45.40605087646131,16.06],[11.876593055258818,45.406019111059095,16.01],[11.87653378535608,45.405848501211615,15.73],[11.876483006740974,45.40571926308443,15.96]]]}},{"type":"Feature","id":"AR_MARC:10094","properties":{"FID_1":10094},"geometry":{"type":"Polygon","coordinates":[[[11.876576042045837,45.406076607958596,16.22],[11.876617371677561,45.406195912834974,16.46],[11.876694001642136,45.4063938088318,16.8],[11.876728909943482,45.40638671785862,16.79],[11.876652448595426,45.406189627747324,16.32],[11.87661070863109,45.40606979315294,16.09],[11.876576042045837,45.406076607958596,16.22],[11.876576042045837,45.406076607958596,16.22]]]}},{"type":"Feature","id":"AR_MARC:10095","properties":{"FID_1":10095},"geometry":{"type":"Polygon","coordinates":[[[11.874998766077793,45.406133733725625,16.0],[11.875209800461237,45.4060670275368,15.63],[11.875218062254365,45.40604602644121,16.0],[11.875156837694117,45.40606584176608,15.7],[11.874994790436858,45.40611835173365,15.54],[11.874995428730283,45.40612085600322,15.55],[11.874998766077793,45.406133733725625,16.0],[11.874998766077793,45.406133733725625,16.0]]]}},{"type":"Feature","id":"AR_MARC:10096","properties":{"FID_1":10096},"geometry":{"type":"Polygon","coordinates":[[[11.87601834210756,45.40747181967833,16.47],[11.876063826380365,45.407471663339294,16.47],[11.87609145679208,45.40746970670175,16.47],[11.876160974927782,45.407464713921826,16.47],[11.876163878305443,45.40746401064811,16.47],[11.876193199292546,45.407457600755244,16.47],[11.876197169080529,45.407455250372955,16.47],[11.876205733073393,45.4074502638303,16.47],[11.876211443430513,45.40744192874224,16.47],[11.876609185546956,45.407375374061516,17.37],[11.87661182909971,45.407374587314266,17.36],[11.876612376132718,45.40737529362361,17.36],[11.876618079137705,45.40738442114011,17.36],[11.876648771646773,45.407374826112246,17.36],[11.876873413650296,45.4073042632952,17.36],[11.876881084472336,45.40730181957363,17.36],[11.876888003257827,45.40729966485069,17.36],[11.87690464369321,45.40729267436861,17.36],[11.87691240559248,45.40728950824793,17.36],[11.876924702265532,45.407282537272394,17.36],[11.87693227203225,45.40727307511437,17.36],[11.87693610902825,45.407265597337606,17.36],[11.876936089921937,45.407257676712575,17.36],[11.87686181078277,45.40723686638364,18.0],[11.876850757819199,45.40723813520226,17.65],[11.876773552307156,45.40725781424589,17.64],[11.8767813126269,45.40728228203506,17.67],[11.876783893311517,45.40729031810138,17.68],[11.876774317273412,45.40729298987676,17.67],[11.876603867345265,45.407341123334625,17.52],[11.876601892828242,45.407332441894184,17.52],[11.876249001164,45.4073939054222,17.44],[11.876173133670967,45.40739716804132,17.3],[11.876174292313278,45.407359603591175,17.37],[11.876071080992492,45.407357884607755,17.26],[11.87606899118465,45.40738215066691,17.0],[11.876163793098799,45.40738435166694,17.32],[11.876163329492734,45.40739786523943,17.29],[11.876161643547656,45.407450205043325,17.15],[11.876064690187407,45.40744841832171,17.17],[11.87601834210756,45.40747181967833,16.47],[11.87601834210756,45.40747181967833,16.47]]]}},{"type":"Feature","id":"AR_MARC:10097","properties":{"FID_1":10097},"geometry":{"type":"Polygon","coordinates":[[[11.876037258105134,45.40790709374457,17.0],[11.876058881236125,45.40790510850914,16.96],[11.876049359860465,45.407861062321906,16.86],[11.876028958192892,45.407861936616605,16.85],[11.876037258105134,45.40790709374457,17.0],[11.876037258105134,45.40790709374457,17.0]]]}},{"type":"Feature","id":"AR_MARC:10098","properties":{"FID_1":10098},"geometry":{"type":"Polygon","coordinates":[[[11.875834248645594,45.40871053205207,16.13],[11.875783840045067,45.40870433150688,16.13],[11.875767125308965,45.40870232244068,16.13],[11.875752981369057,45.40870060862929,16.13],[11.875816774103725,45.408723754266056,16.06],[11.875834248645594,45.40871053205207,16.13],[11.875834248645594,45.40871053205207,16.13]]]}},{"type":"Feature","id":"AR_MARC:10099","properties":{"FID_1":10099},"geometry":{"type":"Polygon","coordinates":[[[11.875816774103725,45.408723754266056,16.0],[11.875816901730275,45.408723751049344,15.93],[11.875819768877186,45.4087248489489,15.87],[11.875932268647052,45.4087383057143,15.84],[11.875969809601008,45.4087427602397,16.0],[11.875994884015434,45.4087458187415,15.9],[11.876128337701685,45.40876171756958,16.03],[11.876128978927596,45.40874666930893,11.0],[11.876025723015765,45.40873405988928,16.13],[11.876007330852252,45.408731733089134,16.13],[11.875985989579702,45.408729210582194,16.13],[11.875834248645594,45.40871053205207,16.13],[11.875816774103725,45.408723754266056,16.0],[11.875816774103725,45.408723754266056,16.0]]]}},{"type":"Feature","id":"AR_MARC:10100","properties":{"FID_1":10100},"geometry":{"type":"Polygon","coordinates":[[[11.876128337701685,45.40876171756958,16.03],[11.87624160793003,45.40877524462125,16.13],[11.87624520887763,45.408775693924696,16.13],[11.876455294779674,45.40880334252287,16.13],[11.876458561269034,45.408787147927754,16.13],[11.87642679999144,45.40878326796187,16.13],[11.876251657207602,45.40876175945471,16.13],[11.876245485460931,45.4087610149055,16.13],[11.876231979627688,45.4087592850683,16.13],[11.876131681919817,45.40874705123795,16.13],[11.876128978927596,45.40874666930893,16.13],[11.876128337701685,45.40876171756958,16.03],[11.876128337701685,45.40876171756958,16.03]]]}},{"type":"Feature","id":"AR_MARC:10101","properties":{"FID_1":10101},"geometry":{"type":"Polygon","coordinates":[[[11.874626946762305,45.40855309851922,15.73],[11.874498461854778,45.40853185202783,15.93],[11.874435956081381,45.408521455015155,15.9],[11.874369977036752,45.408510605389225,16.05],[11.874364959871466,45.408530084479175,16.01],[11.874431084820994,45.4085412904826,15.85],[11.874596467961105,45.4085694385592,15.96],[11.874626946762305,45.40855309851922,15.73],[11.874626946762305,45.40855309851922,15.73]]]}},{"type":"Feature","id":"AR_MARC:10102","properties":{"FID_1":10102},"geometry":{"type":"Polygon","coordinates":[[[11.874596467961105,45.4085694385592,15.96],[11.874587732543597,45.40866921252575,15.97],[11.874586858123145,45.40867967601227,15.97],[11.874574049820312,45.40867909856874,15.97],[11.87457814058537,45.408774768873116,16.07],[11.874581378885845,45.40886875041382,16.0],[11.87458790155684,45.40886885612432,16.01],[11.874590505840384,45.40902082172305,15.99],[11.874626332789314,45.40902171937007,15.82],[11.874623573395645,45.40886921760462,16.04],[11.874620175447092,45.4087746099993,16.04],[11.874616577038017,45.40868108759373,15.98],[11.874626946762305,45.40855309851922,15.73],[11.874596467961105,45.4085694385592,15.96],[11.874596467961105,45.4085694385592,15.96]]]}},{"type":"Feature","id":"AR_MARC:10103","properties":{"FID_1":10103},"geometry":{"type":"Polygon","coordinates":[[[11.874971379360442,45.40861931095125,16.0],[11.87497146133673,45.40861840876012,16.07],[11.874961073382721,45.40861768036287,16.07],[11.874944919415775,45.40861664718477,16.07],[11.874719743858265,45.408601347647746,16.07],[11.874680885912431,45.40859863612947,16.07],[11.874687145439234,45.40861621090086,16.0],[11.874791922727546,45.40862104212237,16.09],[11.874955745801488,45.408628526094105,16.06],[11.874971379360442,45.40861931095125,16.0]]]}},{"type":"Feature","id":"AR_MARC:10104","properties":{"FID_1":10104},"geometry":{"type":"Polygon","coordinates":[[[11.875588776844975,45.40866046085781,16.0],[11.875589231672915,45.408649287837704,16.15],[11.875577708768342,45.408648858137454,16.15],[11.875570666486052,45.40864858555365,16.15],[11.875522400654367,45.40864683151895,16.15],[11.87521858895381,45.40863567498798,16.15],[11.875198250699277,45.4086352873601,16.1],[11.875178550576944,45.408634883648645,16.06],[11.875156936058383,45.40863452817324,16.06],[11.875195325238048,45.40864562250956,16.0],[11.875443701243245,45.40865475566104,16.09],[11.875569040186724,45.40865933803417,16.05],[11.875588776844975,45.40866046085781,16.0]]]}},{"type":"Feature","id":"AR_MARC:10105","properties":{"FID_1":10105},"geometry":{"type":"Polygon","coordinates":[[[11.874680885912431,45.40859863612947,16.0],[11.874677681558907,45.40859844682247,16.07],[11.874677763901541,45.40860258532573,16.07],[11.874678476513504,45.40862417038684,16.07],[11.874684167769525,45.408789110036,16.07],[11.874684665854122,45.408806469911084,16.07],[11.874685314389145,45.40882427605845,16.07],[11.874687292314299,45.40888336447715,16.07],[11.8746870558643,45.4088912915394,16.07],[11.874686197337558,45.408932268882936,16.07],[11.874685665825407,45.408957035727155,16.07],[11.87468298526045,45.409077900112216,16.07],[11.874682730551864,45.409085467584035,16.07],[11.874682607853257,45.40909060139097,16.07],[11.874682321556516,45.40910258027382,16.07],[11.874681144963764,45.409157427563,16.07],[11.874683078001706,45.409162779615144,16.23],[11.874683602206288,45.40916303644595,16.12],[11.874690065206435,45.40909401401171,16.0],[11.874693752344943,45.40908861037653,16.0],[11.87469584349902,45.40901150694367,16.08],[11.874696609262951,45.40901148765086,16.08],[11.874719131011952,45.409012090394086,16.08],[11.874720158406047,45.408974439260824,15.28],[11.874697768863888,45.408973923199504,15.79],[11.874696875473226,45.408973945707785,15.81],[11.874697775802943,45.40894385883063,15.8],[11.874699153411294,45.40889548737946,16.09],[11.874699607872861,45.408813834539295,16.0],[11.87469945267604,45.40881077802236,16.02],[11.874687145439234,45.40861621090086,16.05],[11.874680885912431,45.40859863612947,16.0]]]}},{"type":"Feature","id":"AR_MARC:10106","properties":{"FID_1":10106},"geometry":{"type":"Polygon","coordinates":[[[11.874959679830608,45.409166522040444,16.0],[11.874974261337188,45.40916678472413,16.09],[11.874990629630746,45.40916700238466,16.11],[11.875011094955081,45.409099427368815,16.0],[11.874976421169352,45.409098590799495,16.07],[11.874957618843112,45.409098254440956,16.07],[11.874957728210331,45.409097891635064,16.07],[11.874958223664445,45.40907996665282,16.07],[11.87496166027542,45.40895890318652,16.07],[11.874962228381573,45.408937375871055,16.07],[11.874963419568502,45.40889792035707,16.07],[11.87496513321068,45.40883603855176,16.07],[11.87496597881313,45.40880739325183,16.07],[11.874970133977012,45.4086652487367,16.07],[11.87497095655965,45.408633633601596,16.07],[11.874971106817217,45.40863155952672,16.07],[11.874971320403139,45.4086231829769,16.07],[11.874971311079186,45.408620482835005,16.07],[11.874971379360442,45.40861931095125,16.07],[11.874955745801488,45.408628526094105,16.0],[11.874947888337646,45.408816040211335,16.1],[11.874944922778042,45.4088985664361,15.99],[11.874951463712218,45.408899031715876,16.02],[11.874949361641615,45.40894823153692,16.04],[11.874945699271192,45.40909756463379,16.17],[11.874959679830608,45.409166522040444,16.0]]]}},{"type":"Feature","id":"AR_MARC:10107","properties":{"FID_1":10107},"geometry":{"type":"Polygon","coordinates":[[[11.875156936058383,45.40863452817324,16.0],[11.875138384574075,45.40863409551117,16.05],[11.875128484496106,45.40863542512454,16.07],[11.875103861925417,45.4086387459384,16.11],[11.87508647753753,45.40864116426154,16.14],[11.875066773442494,45.40864823167342,16.13],[11.875063911076436,45.40864974399871,16.13],[11.875046746007117,45.40865899774414,16.12],[11.875044006701332,45.40866041695559,16.12],[11.87503750766825,45.408670842145156,16.11],[11.875027706749735,45.40877478356942,16.19],[11.875027214896738,45.408780196716236,16.2],[11.875026773063308,45.4087840783892,16.2],[11.875178207899314,45.40879421451458,16.37],[11.875152366523906,45.40877605304921,16.38],[11.875150780219158,45.40877501287053,16.38],[11.875138610025827,45.408774419411266,16.39],[11.875141046611986,45.408749424534975,16.34],[11.875133361619252,45.40874907810669,16.34],[11.87513917302622,45.408689883431194,16.22],[11.875145454118893,45.408690265234775,16.21],[11.87514781329204,45.4086662624469,16.16],[11.87516399923271,45.408667924878486,16.15],[11.875162435554968,45.408664813840886,16.15],[11.875195325238048,45.40864562250956,16.05],[11.875156936058383,45.40863452817324,16.0]]]}},{"type":"Feature","id":"AR_MARC:10108","properties":{"FID_1":10108},"geometry":{"type":"Polygon","coordinates":[[[11.875598981893432,45.409170844907564,16.13],[11.875602532411945,45.40916778501256,16.13],[11.875607978408897,45.409156756242425,16.13],[11.875606700671378,45.40908882896525,16.15],[11.87557404175611,45.4090899220748,16.15],[11.875598981893432,45.409170844907564,16.13],[11.875598981893432,45.409170844907564,16.13]]]}},{"type":"Feature","id":"AR_MARC:10109","properties":{"FID_1":10109},"geometry":{"type":"Polygon","coordinates":[[[11.87557404175611,45.4090899220748,16.0],[11.87557471154378,45.40903517756102,16.15],[11.87557496524684,45.40901752870621,16.15],[11.87557578837394,45.408995994960854,16.15],[11.875581518516915,45.4088471498053,16.15],[11.875582305335687,45.40882741722561,16.15],[11.875582832777749,45.40881264187342,16.15],[11.875584133561501,45.408780384594984,16.15],[11.875588776844975,45.40866046085781,16.15],[11.875569040186724,45.40865933803417,16.0],[11.875568516644767,45.408666642245784,16.03],[11.875566008075802,45.408700280151336,15.98],[11.875559775345206,45.40878387887014,16.05],[11.875556602121042,45.408827074856674,15.49],[11.875557492926813,45.408849645558945,15.49],[11.875551996909891,45.40901819756273,16.2],[11.87557404175611,45.4090899220748,16.0]]]}},{"type":"Feature","id":"AR_MARC:10110","properties":{"FID_1":10110},"geometry":{"type":"Polygon","coordinates":[[[11.874990629630746,45.40916700238466,16.11],[11.875012112160091,45.40916727120473,16.13],[11.875017463784816,45.40917199703775,16.13],[11.875040874426222,45.40917248730736,16.13],[11.875056992031158,45.40917280128756,16.13],[11.875087308261328,45.40917338758234,16.13],[11.875287889502367,45.40917742449923,16.13],[11.87540583611361,45.40917985300717,16.13],[11.87541517119305,45.40917997780891,16.13],[11.875559085571727,45.409182921917214,16.13],[11.875583015637071,45.409181058658596,16.13],[11.875589291997382,45.409178830192886,16.13],[11.875590422381432,45.409178441654674,16.13],[11.875598981893432,45.409170844907564,16.13],[11.87557404175611,45.4090899220748,16.0],[11.875551996909891,45.40901819756273,16.0],[11.875384075328897,45.409015588397686,16.0],[11.875375632837716,45.409113554785726,16.39],[11.875167557510643,45.409100345556354,16.41],[11.875167306413733,45.40909540119302,16.42],[11.875128366342258,45.40909611237409,16.43],[11.875128380442186,45.40910142275956,16.42],[11.875011094955081,45.409099427368815,16.07],[11.874990629630746,45.40916700238466,16.11],[11.874990629630746,45.40916700238466,16.11]]]}},{"type":"Feature","id":"AR_MARC:10111","properties":{"FID_1":10111},"geometry":{"type":"Polygon","coordinates":[[[11.874683602206288,45.40916303644595,16.12],[11.874684386230845,45.40916337674337,16.23],[11.87468910863698,45.409165778117995,16.23],[11.874697669003057,45.40916826282318,16.23],[11.874710509369976,45.409169469532806,16.09],[11.874778430300475,45.409170728704076,16.08],[11.87492450520245,45.409173439154515,16.07],[11.874929236555914,45.40917349996733,16.07],[11.8749462793163,45.409171900389076,16.07],[11.87495545898832,45.40916644836581,16.07],[11.874959679830608,45.409166522040444,16.07],[11.874945699271192,45.40909756463379,16.0],[11.874693643341287,45.40909401387611,16.11],[11.874693752344943,45.40908861037653,16.11],[11.874690065206435,45.40909401401171,16.0],[11.874683602206288,45.40916303644595,16.12],[11.874683602206288,45.40916303644595,16.12]]]}},{"type":"Feature","id":"AR_MARC:10112","properties":{"FID_1":10112},"geometry":{"type":"Polygon","coordinates":[[[11.870825737293702,45.406844769312585,16.0],[11.870829000784664,45.406841086699,15.77],[11.870831626148732,45.40683237943612,15.77],[11.870830773806277,45.40683069064223,15.77],[11.870830477537009,45.40682988798321,15.77],[11.870829766491994,45.40682846567197,15.77],[11.870829196744374,45.40682730984341,15.77],[11.8708284902576,45.40682597743005,15.77],[11.87082806180738,45.406825088084155,15.77],[11.870822268628507,45.40681920299887,15.77],[11.87080744155994,45.40680400387327,15.77],[11.870660958029763,45.40665448789913,15.77],[11.870660014535797,45.40665352149787,15.77],[11.870659203222209,45.4066526417837,15.77],[11.870656377298452,45.406649832477754,15.77],[11.870659066502201,45.40662978202674,15.77],[11.87065962713252,45.40662571735562,15.77],[11.870657152172308,45.406622269131766,15.77],[11.870656596104036,45.4066213829959,15.77],[11.870655907855518,45.406620410172934,15.77],[11.870655356345154,45.40661961393497,15.77],[11.870654813950521,45.406618997492856,15.77],[11.87061585730291,45.406563899745656,15.77],[11.870615301235892,45.40656301360956,15.77],[11.870614754284471,45.406562307269304,15.77],[11.87061185544303,45.40655805959531,15.77],[11.870610752424827,45.4065564671189,15.77],[11.870609663080025,45.40655514433623,15.77],[11.87060870135753,45.40655381834278,15.77],[11.870587566263008,45.40652509597418,15.77],[11.870580556180887,45.406515370950174,15.77],[11.870575875197979,45.406508737770686,15.77],[11.870574211570478,45.40650112855441,15.77],[11.870573710203466,45.40649880084056,15.77],[11.870573546119616,45.4064980848679,15.77],[11.870574279954525,45.4064949159655,15.77],[11.870588263829008,45.406432995548,15.77],[11.870588883713625,45.406430099550015,15.77],[11.870589521829109,45.40642756314374,15.77],[11.87059598047326,45.40639868664029,15.77],[11.870596390690736,45.406396696043,15.77],[11.870596819139125,45.40639506503741,15.77],[11.870599635962499,45.406382572433884,15.77],[11.87060016924389,45.4063804887279,15.77],[11.87060871542433,45.406342378420675,15.77],[11.870609763754803,45.406337851416964,15.77],[11.870611008077937,45.406332149318736,15.77],[11.870633268980002,45.406317547304816,15.77],[11.870648187054401,45.40631186124382,15.77],[11.87067138230441,45.40630560688624,15.77],[11.870673798000855,45.40630536608479,15.77],[11.87068256743459,45.40630442535431,15.77],[11.870684472644179,45.40630419739595,15.77],[11.870695019665336,45.40630303191698,15.77],[11.87069946819269,45.40630255994559,15.77],[11.870706842902795,45.40630183432845,15.77],[11.87071357494641,45.40630103486726,15.77],[11.870840029763563,45.40628741182663,15.77],[11.870844095423326,45.40628694948267,15.77],[11.870847782776243,45.40628658666955,15.77],[11.870883621655048,45.40628271452645,15.77],[11.870904082129092,45.40628048948441,15.77],[11.870915207991514,45.40627813925719,15.77],[11.870994889378098,45.40626191237414,15.77],[11.870996657846506,45.406261507826045,15.77],[11.871005285945254,45.406255259884155,15.77],[11.871004456386533,45.406251500228606,15.77],[11.871004123651408,45.406249978386775,15.77],[11.871003813708082,45.40624890603443,15.77],[11.871003216613236,45.40624721081922,15.77],[11.870987755965514,45.40620187344017,15.77],[11.871011753300294,45.406191278227055,15.77],[11.871023006748663,45.40618640442647,15.77],[11.871033758826359,45.40618172326546,15.77],[11.871056384217912,45.40617179265201,15.77],[11.871052651246613,45.40616369543621,15.77],[11.871031470704418,45.406171879454355,15.56],[11.870972195246535,45.4061974042929,15.67],[11.870991470898474,45.40625245705444,15.74],[11.87090208117526,45.40627126853352,15.74],[11.870900554274392,45.406271396964335,15.73],[11.870853047146639,45.40627700289364,15.66],[11.870742818536822,45.40628805740415,15.7],[11.870677854555597,45.40629464254066,15.75],[11.87067779074574,45.40629338396979,15.75],[11.870677731493737,45.40629221529685,15.75],[11.870667161684999,45.406292931284575,15.76],[11.870626856027188,45.40629439538466,15.75],[11.870589453767135,45.4062926359857,15.65],[11.870589202999545,45.406328017242124,15.82],[11.870582174572403,45.4063759007363,15.82],[11.870576955711842,45.406391424185465,15.81],[11.870582994960277,45.40639208236279,15.81],[11.870574781494042,45.406426673806486,15.76],[11.870569375794151,45.40642590967732,15.76],[11.870555218659604,45.40650205644018,15.83],[11.87055123041253,45.40652168950726,15.85],[11.87054979006424,45.40653612775717,15.8],[11.870543367875033,45.406555642031385,15.86],[11.870600428685245,45.40656203758938,15.87],[11.87064403896674,45.40662574948361,15.83],[11.870640629595819,45.406651758883285,15.85],[11.870816101741541,45.40683367015963,15.98],[11.870825737293702,45.406844769312585,16.0]]]}},{"type":"Feature","id":"AR_MARC:10115","properties":{"FID_1":10115},"geometry":{"type":"Polygon","coordinates":[[[11.869159666295353,45.40681196544632,15.06],[11.869229111230032,45.40681814029617,15.12],[11.869391055287286,45.40683153033894,15.39],[11.869477556188706,45.40683637599268,15.53],[11.869637886803,45.406850706385924,15.74],[11.869739014103585,45.40686427525973,16.07],[11.869952791402248,45.4068893226613,16.12],[11.869954847041967,45.406889540994364,16.11],[11.869953780423726,45.40689370840137,16.14],[11.870097579419843,45.40691970553231,16.29],[11.870104038046222,45.40692107328666,16.28],[11.870386198714566,45.40698175496632,16.43],[11.870388135850687,45.40698215629785,16.43],[11.870530230551234,45.40701233633511,16.51],[11.870533849580815,45.40701314541458,16.51],[11.870657616805685,45.407039735802094,16.58],[11.870699117162141,45.406950929430046,16.24],[11.870723962636358,45.40692429070057,15.77],[11.870735375790437,45.40693012440797,15.77],[11.870744833565764,45.40692259543599,15.77],[11.87075417283167,45.40691524947004,15.77],[11.87077088687552,45.406902137175756,15.77],[11.870786821499397,45.40688877445141,15.77],[11.870787423149421,45.40688803921329,15.77],[11.870803499053057,45.40686990226511,15.77],[11.870825737293702,45.406844769312585,15.77],[11.870816101741541,45.40683367015963,16.0],[11.870791680240993,45.4068611083556,16.62],[11.870774556007172,45.40688125195471,16.04],[11.870736688469329,45.40691064866399,16.6],[11.870712462876044,45.406899106465815,16.77],[11.870672462160606,45.40694187868491,16.61],[11.870640296518332,45.40701064743146,16.56],[11.870543786024067,45.40698985221548,16.52],[11.870542623741649,45.40698961141818,16.52],[11.870398459776675,45.40695894337625,16.43],[11.87039613521422,45.4069584617786,16.43],[11.870114106833682,45.40689786680837,16.2],[11.870113591784298,45.40689778975135,16.2],[11.869958480053034,45.406865416255066,16.09],[11.869742515026244,45.406840063836775,15.91],[11.869643315781955,45.40682671651343,15.81],[11.869481057222217,45.40681216457486,15.59],[11.869394428734692,45.40680732213227,15.38],[11.869233255039603,45.40679400273509,15.14],[11.869163422709917,45.40678774761646,15.02],[11.869159666295353,45.40681196544632,15.06],[11.869159666295353,45.40681196544632,15.06]]]}},{"type":"Feature","id":"AR_MARC:10143","properties":{"FID_1":10143},"geometry":{"type":"Polygon","coordinates":[[[11.870767478918122,45.409372797856165,15.0],[11.870757400344635,45.40922696105556,14.79],[11.870747326399854,45.409081214147356,14.85],[11.870700350207281,45.40908221601268,14.85],[11.870702711395644,45.409116181353305,14.8],[11.87070844572702,45.4091990286581,14.83],[11.870697597330887,45.4091993015947,14.82],[11.870699475346598,45.409226258111836,14.74],[11.870706239643873,45.40922608792776,14.75],[11.870713482805227,45.40933113037079,14.86],[11.870726651358703,45.409341330527695,15.0],[11.870767478918122,45.409372797856165,15.0]]]}},{"type":"Feature","id":"AR_MARC:10164","properties":{"FID_1":10164},"geometry":{"type":"Polygon","coordinates":[[[11.871343592938286,45.4058785054468,14.98],[11.871136783435057,45.40585472552219,14.95],[11.871006706016056,45.40583972602654,14.83],[11.870918533807329,45.40582961284167,14.75],[11.870918488210359,45.405823673157684,14.75],[11.870816337030357,45.40581508178236,14.68],[11.870714313497421,45.40580648710396,14.73],[11.87058385340875,45.40579401710582,14.76],[11.870429068020549,45.40577558798733,14.74],[11.870376875829741,45.40576942991676,14.79],[11.870277883439712,45.405757608154246,14.88],[11.870169893855207,45.40574475244958,14.78],[11.87016839423069,45.405752981318095,14.79],[11.870164246343808,45.40577450865378,14.83],[11.870272363604847,45.40578736115197,14.92],[11.870422645805158,45.40580518366804,14.74],[11.870423288465497,45.405805257513414,14.74],[11.870577431272931,45.40582361279318,14.76],[11.870714308923173,45.405836641438384,14.71],[11.870714217767881,45.40583232312722,14.7],[11.870917622292183,45.40584943854722,14.77],[11.87091608632472,45.40586198894442,14.78],[11.871044873894244,45.4058767509611,14.94],[11.871304769180341,45.40590666623546,15.0],[11.871343592938286,45.4058785054468,14.98],[11.871343592938286,45.4058785054468,14.98]]]}},{"type":"Feature","id":"AR_MARC:10165","properties":{"FID_1":10165},"geometry":{"type":"Polygon","coordinates":[[[11.871329943716148,45.40603520080045,16.0],[11.871355160856634,45.40587983456864,14.98],[11.871343592938286,45.4058785054468,14.98],[11.871304769180341,45.40590666623546,15.0],[11.87128442399424,45.406032115688454,15.27],[11.871329943716148,45.40603520080045,16.0],[11.871329943716148,45.40603520080045,16.0]]]}},{"type":"Feature","id":"AR_MARC:10166","properties":{"FID_1":10166},"geometry":{"type":"Polygon","coordinates":[[[11.87140248433064,45.40579250161536,15.0],[11.871122644360016,45.40577497009295,14.66],[11.870994640973544,45.405763068835604,14.69],[11.870994709347508,45.405764417304134,14.68],[11.870826400731898,45.405748939357615,14.62],[11.870826861072164,45.405745417284095,14.64],[11.870749354455311,45.40573647582016,14.77],[11.870651797789716,45.40572524834841,14.82],[11.870450763894423,45.4057019519592,14.86],[11.870448279673727,45.40573612922859,14.81],[11.870822130043589,45.40577812087756,14.63],[11.87097143695452,45.40579182662894,14.71],[11.870994545392811,45.40579394556084,14.69],[11.871120616307607,45.40580553539434,14.89],[11.87140088487984,45.40582395626171,14.89],[11.87140248433064,45.40579250161536,15.0]]]}},{"type":"Feature","id":"AR_MARC:10167","properties":{"FID_1":10167},"geometry":{"type":"Polygon","coordinates":[[[11.87140088487984,45.40582395626171,14.89],[11.871429476466819,45.40582584710761,14.89],[11.871459604060716,45.40582778930408,14.89],[11.871469111774015,45.405826289858034,14.89],[11.871479371500149,45.40582198109561,14.89],[11.871483751596234,45.4058201606268,14.89],[11.871493842634793,45.40581252564223,14.89],[11.871498427754013,45.40580466916934,14.89],[11.87149811317837,45.40579846621693,14.89],[11.87140248433064,45.40579250161536,14.81],[11.87140088487984,45.40582395626171,14.89],[11.87140088487984,45.40582395626171,14.89]]]}},{"type":"Feature","id":"AR_MARC:10168","properties":{"FID_1":10168},"geometry":{"type":"Polygon","coordinates":[[[11.870712339901523,45.40710082775372,16.62],[11.870739195681493,45.40724489230611,16.28],[11.870781375795376,45.40747192293762,15.68],[11.870784365890412,45.40749057032286,15.64],[11.870825201570963,45.40764319435875,15.43],[11.87083759954489,45.40768860880915,15.35],[11.870865877918376,45.4077851108898,15.3],[11.870893522817132,45.40787919856155,15.05],[11.870916108297312,45.40795667118783,15.08],[11.8709493234284,45.40806988138054,15.04],[11.87098984472939,45.40809532549852,15.0],[11.87099086117618,45.40809520991044,15.34],[11.8709483382552,45.40795469008067,15.29],[11.870947877883962,45.407953171450536,15.28],[11.870924380752045,45.40787536171841,15.17],[11.870905815561319,45.40781417022667,15.29],[11.87089568289581,45.40778067045942,15.43],[11.870866515659566,45.40768428076301,15.5],[11.87085890831539,45.407685462306425,15.47],[11.870855886301017,45.407673746694854,15.47],[11.870846861291039,45.40763940894028,15.47],[11.870841783588066,45.407619913956346,15.47],[11.870809494230066,45.40749722911257,15.47],[11.870808673778509,45.40749364925222,15.47],[11.870804981744774,45.40747627970451,15.52],[11.870802087372896,45.40746204052758,15.57],[11.870800432797388,45.40745461111298,15.59],[11.870783043819733,45.407371246910465,15.83],[11.870779638958922,45.40735450022444,15.88],[11.870777633420527,45.40734518937545,15.91],[11.870771885732106,45.40731752009985,15.99],[11.870729163420114,45.4071125561836,16.59],[11.870727340220597,45.407104320896856,16.61],[11.870726127792624,45.40709805052021,16.63],[11.87072297366671,45.40709380927216,16.63],[11.870712339901523,45.40710082775372,16.62],[11.870712339901523,45.40710082775372,16.62]]]}},{"type":"Feature","id":"AR_MARC:10169","properties":{"FID_1":10169},"geometry":{"type":"Polygon","coordinates":[[[11.87072297366671,45.40709380927216,16.63],[11.870722289968986,45.407092926347744,16.63],[11.870716241526717,45.407089568031786,16.62],[11.870699882934419,45.40708700918597,16.62],[11.870539095685972,45.407061170165186,16.55],[11.87049580858756,45.4070542480425,16.54],[11.87045690171248,45.40704802582335,16.52],[11.870300367255805,45.407022889591154,16.47],[11.870268803310314,45.40701783278016,16.45],[11.870270261928733,45.40700879483,16.45],[11.870271451609765,45.40700201395955,16.45],[11.870225840042323,45.40699208977937,16.25],[11.870209558990915,45.40698853877418,16.19],[11.870056447919442,45.40695530497218,16.45],[11.870051739276555,45.40697837661918,15.9],[11.870205515889811,45.40700961340906,16.19],[11.870221523471493,45.40701281124359,16.24],[11.870218314493139,45.407032694733,16.19],[11.870265284395245,45.40703916426872,16.32],[11.870481482800898,45.407071620818115,16.45],[11.870712339901523,45.40710082775372,16.62],[11.87072297366671,45.40709380927216,16.63],[11.87072297366671,45.40709380927216,16.63]]]}},{"type":"Feature","id":"AR_MARC:10170","properties":{"FID_1":10170},"geometry":{"type":"Polygon","coordinates":[[[11.8709493234284,45.40806988138054,14.91],[11.870741216180337,45.40809375004714,14.82],[11.870745195423526,45.40812182386499,14.82],[11.870771249305877,45.408119008056744,14.88],[11.87079844725874,45.40811607344516,14.83],[11.87098984472939,45.40809532549852,15.34],[11.8709493234284,45.40806988138054,14.91],[11.8709493234284,45.40806988138054,14.91]]]}},{"type":"Feature","id":"AR_MARC:10171","properties":{"FID_1":10171},"geometry":{"type":"Polygon","coordinates":[[[11.871410296867928,45.408955076907496,14.92],[11.871410474539895,45.40894850151962,14.92],[11.871407858120705,45.408944786835335,14.92],[11.871389565993173,45.408919233532494,14.92],[11.87130839345052,45.408805340050634,14.92],[11.871297235201187,45.40880706104259,14.92],[11.871398518620929,45.4089521328588,14.92],[11.871410296867928,45.408955076907496,14.92],[11.871410296867928,45.408955076907496,14.92]]]}},{"type":"Feature","id":"AR_MARC:10173","properties":{"FID_1":10173},"geometry":{"type":"Polygon","coordinates":[[[11.870314180315079,45.40900686919578,14.7],[11.870110326830092,45.40900632631042,14.36],[11.8701098163188,45.40900633915181,14.36],[11.869960924819301,45.40900603370032,14.41],[11.869771643669726,45.409005573737986,14.21],[11.869696885440021,45.40902068580303,14.38],[11.869379352739603,45.40919519464332,13.92],[11.869343251981865,45.409204023588,13.82],[11.869347641300102,45.409212464401435,14.0],[11.869369607155694,45.409207141352574,13.82],[11.869384626348301,45.40920343319247,13.84],[11.869385510634205,45.40920323092968,13.84],[11.869410872483623,45.409189271279004,13.88],[11.869682654627685,45.409039946348805,14.3],[11.869693717327705,45.40903381730282,14.33],[11.869702797216233,45.40902890828751,14.36],[11.869705213033207,45.409028667503634,14.36],[11.869773744737557,45.40902181316686,14.22],[11.869868203013084,45.40902222779586,14.33],[11.86996265672899,45.40902255244868,14.41],[11.869964443519244,45.40902250750613,14.41],[11.87011232315368,45.40902301843055,14.38],[11.870179883845418,45.409024739467256,14.46],[11.870313984212492,45.40902820710489,14.92],[11.870356538978305,45.40902821675049,14.92],[11.870528686125395,45.40902847670559,14.92],[11.870579937811776,45.4090286275237,14.92],[11.87058837036415,45.40902859540162,14.92],[11.870668967325917,45.40902530752606,14.92],[11.870727124576579,45.409023034227644,14.92],[11.87082812828574,45.40901896277892,14.92],[11.87087301679104,45.409017113262976,14.92],[11.870869438505036,45.40898686906322,15.0],[11.870718299967459,45.408997692682796,14.89],[11.870580161163366,45.409005308652354,14.84],[11.870577102655046,45.4090054756111,14.84],[11.870473874578062,45.4090060022938,14.78],[11.870314180315079,45.40900686919578,14.7]]]}},{"type":"Feature","id":"AR_MARC:10175","properties":{"FID_1":10175},"geometry":{"type":"Polygon","coordinates":[[[11.87087301679104,45.409017113262976,14.92],[11.87092606890999,45.40901496831137,14.92],[11.871030386344,45.409010723293726,14.92],[11.87103459805907,45.4090106173183,14.92],[11.871040719631186,45.40901037327411,14.92],[11.871079381692038,45.40900670007105,14.92],[11.871178083421498,45.40899755551983,14.92],[11.871183152056219,45.40899670787551,14.92],[11.871357805633883,45.4089682795145,14.92],[11.87140051977114,45.408961353792726,14.92],[11.871406477232446,45.40896039375833,14.92],[11.871410237631794,45.40895642858657,14.92],[11.871410296867928,45.408955076907496,14.92],[11.871398518620929,45.4089521328588,15.0],[11.871175640154881,45.40898717554392,14.91],[11.871040459736426,45.40900020839468,14.88],[11.871037642609727,45.40897489573842,14.75],[11.870869438505036,45.40898686906322,14.87],[11.87087301679104,45.409017113262976,14.92],[11.87087301679104,45.409017113262976,14.92]]]}},{"type":"Feature","id":"AR_MARC:10177","properties":{"FID_1":10177},"geometry":{"type":"Polygon","coordinates":[[[11.869436409143324,45.40821055259833,14.45],[11.869616134158106,45.408199011742376,14.53],[11.869751404181386,45.408190298929725,14.49],[11.869795859085915,45.40818747060516,14.46],[11.87006073325615,45.40817171712308,14.67],[11.870262145277946,45.40815692936428,14.6],[11.870422944803167,45.40814514320996,14.65],[11.87060849909983,45.408130123678,14.82],[11.870607364150313,45.408110259454006,14.74],[11.870421472627193,45.408123667241405,14.62],[11.870261653151692,45.408134618627166,14.59],[11.870055865470702,45.408148796347774,14.56],[11.869793407148013,45.408166829383894,14.52],[11.86974870612082,45.40816984392284,14.56],[11.869721581022086,45.40817169630073,14.62],[11.869434672919805,45.40819142358421,14.46],[11.869426606958704,45.408105394387405,14.52],[11.869423567417066,45.40807315631369,14.57],[11.869419205953086,45.408045092061485,14.57],[11.869413682085982,45.40802182770712,14.56],[11.869408358856468,45.40799495780404,14.56],[11.869392675513467,45.40795277625925,14.55],[11.869368861124402,45.40788883612031,14.77],[11.869396286970861,45.40788535603695,15.05],[11.869332912060093,45.407681271026014,15.49],[11.869307977118499,45.40759521595754,15.31],[11.869275640774173,45.407479102777984,15.52],[11.869242499346363,45.407483266634074,15.62],[11.869234181673916,45.40745530185673,15.61],[11.869213389809376,45.40738543485829,15.45],[11.869198916998734,45.40725366032847,15.5],[11.869172977439817,45.407253682512824,15.67],[11.869189187869933,45.407344097579205,15.67],[11.869197372864013,45.40738961814902,15.67],[11.86920484737924,45.407413553565426,15.67],[11.869209272841616,45.40742775428217,15.67],[11.869226035849913,45.407481160277634,15.67],[11.869231628103817,45.40749821205542,15.67],[11.869246473614222,45.40749612850651,15.67],[11.869247230186955,45.407498449808394,15.67],[11.869266495386368,45.407560884146335,15.67],[11.869278577746526,45.40760009583598,15.67],[11.86930488462949,45.40768548632276,15.67],[11.869336870537351,45.40778711627926,15.22],[11.86935958615932,45.40785963525111,14.45],[11.869347780787427,45.40786119230064,14.45],[11.869350825341622,45.40787083709602,14.45],[11.869357060302782,45.40789048306895,14.45],[11.869366257876582,45.40791563531876,14.45],[11.869385382299344,45.40796772172777,14.45],[11.869395919886106,45.407996620804724,14.45],[11.869397109411388,45.40800244170789,14.45],[11.86940124766605,45.4080235806065,14.45],[11.869404852695343,45.408041762499565,14.45],[11.869408248091338,45.40805832943805,14.45],[11.869411009970966,45.40807248196863,14.45],[11.869411611488076,45.40807930779697,14.45],[11.869420766449144,45.40818178190885,14.45],[11.869423400392353,45.40821105976745,14.45],[11.869426463419043,45.40821098273861,14.45],[11.869436409143324,45.40821055259833,14.45]]]}},{"type":"Feature","id":"AR_MARC:10178","properties":{"FID_1":10178},"geometry":{"type":"Polygon","coordinates":[[[11.869414989446485,45.40827202976735,14.0],[11.869501538364169,45.40826517256067,14.38],[11.869773359618469,45.408242764132176,14.21],[11.869887635233471,45.40823331901052,14.46],[11.870091504352784,45.40821657948857,14.58],[11.87009608521888,45.40821619422458,14.58],[11.870363452698784,45.40819416645544,14.72],[11.870453424459527,45.408186772357105,14.77],[11.870455584984954,45.40818653797966,14.77],[11.870623691122931,45.408172677465494,14.65],[11.870822851262446,45.40815632514329,14.69],[11.870821196659488,45.40814889573036,14.7],[11.870723900207363,45.408155484265585,14.7],[11.870626599170523,45.40816198282052,14.69],[11.870622278123234,45.408162451581774,14.69],[11.870454477394802,45.40817981490079,14.75],[11.870362431726434,45.408186631083595,14.72],[11.870094439846582,45.40820642424225,14.59],[11.869885953474,45.40822030948801,14.48],[11.869882384500608,45.40822048926732,14.47],[11.869771609533942,45.40822840613794,14.24],[11.869636211798214,45.40823712218647,14.44],[11.8696210652949,45.40823831323017,14.43],[11.86949873093744,45.408247600700584,14.4],[11.86941382751829,45.40825414648671,14.24],[11.869414989446485,45.40827202976735,14.0]]]}},{"type":"Feature","id":"AR_MARC:10443","properties":{"FID_1":10443},"geometry":{"type":"Polygon","coordinates":[[[11.877703496650216,45.405760138146974,14.77],[11.877711219032898,45.40577128497045,14.77],[11.87776866276274,45.40585309783576,14.77],[11.877778152949055,45.40585879931282,14.77],[11.877790972770095,45.40584704438061,15.0],[11.877725715250767,45.405752286757995,15.03],[11.877703496650216,45.405760138146974,14.77],[11.877703496650216,45.405760138146974,14.77]]]}},{"type":"Feature","id":"AR_MARC:10471","properties":{"FID_1":10471},"geometry":{"type":"Polygon","coordinates":[[[11.877066750672345,45.40490505354838,14.0],[11.877094522147614,45.404953680194005,14.33],[11.877098729812785,45.4049610451427,14.36],[11.877101250758189,45.40496539219388,14.38],[11.877130704450787,45.405016946828546,14.34],[11.8771332254013,45.40502129387886,14.34],[11.877162683722009,45.405072938400785,14.28],[11.877192830437536,45.405125555694696,14.22],[11.877208535199713,45.40515297357439,14.19],[11.877224522622663,45.40518092439974,14.16],[11.877233296891735,45.40518511376135,14.16],[11.877242955067802,45.40518658045512,14.16],[11.877244873912487,45.40518662208103,14.16],[11.87725585366646,45.405186435221204,14.16],[11.877269508550938,45.40518357053664,14.16],[11.87727508808317,45.40519027079628,14.19],[11.877276451061825,45.40519194666568,14.19],[11.877480342033222,45.40543740007132,14.72],[11.877502395998471,45.40546402770265,14.76],[11.877506070138558,45.405468435674926,14.77],[11.877519098819764,45.40548844995265,14.77],[11.877526164757398,45.405499253293556,14.77],[11.877603748928811,45.40561782353536,14.77],[11.877658306733446,45.40569565867342,14.77],[11.877678145973242,45.40572396235235,14.77],[11.877701709665779,45.40575766286317,14.77],[11.877703496650216,45.405760138146974,14.77],[11.877725715250767,45.405752286757995,15.0],[11.877713580079332,45.40573477032233,15.04],[11.877692819759641,45.40570342945148,14.97],[11.877541914923615,45.405484814122886,14.9],[11.877525184382078,45.40545733214697,14.89],[11.877300204916615,45.405179105951675,14.44],[11.877295223230133,45.4051791415625,14.0],[11.87729479012531,45.4051781623455,14.0],[11.877271863289058,45.40512932357125,14.0],[11.877249134100277,45.40513466739483,14.21],[11.877210319566784,45.405052294489536,14.03],[11.877208031005296,45.40504749151794,14.03],[11.877162808291668,45.404964740110046,13.95],[11.877162115387126,45.40496367743098,13.94],[11.877161417914715,45.40496252485449,13.93],[11.877122827741893,45.40488707723065,13.89],[11.877091772062117,45.4048970415971,14.0],[11.877066750672345,45.40490505354838,14.0]],[[11.87718472912493,45.40506671171077,14.25],[11.877171625847623,45.40507037258933,14.27],[11.877107685627587,45.404958749028864,14.29],[11.877120784316125,45.40495499826069,14.16],[11.87718472912493,45.40506671171077,14.25]]]}},{"type":"Feature","id":"AR_MARC:10473","properties":{"FID_1":10473},"geometry":{"type":"Polygon","coordinates":[[[11.877778152949055,45.40585879931282,14.77],[11.877779999024783,45.40585992291617,14.77],[11.877796111427964,45.405862666980354,14.77],[11.877799279080179,45.40586213702465,14.77],[11.877808531365714,45.4058606434919,14.77],[11.87780979842651,45.405860431509495,14.77],[11.877822979513443,45.40585829880951,14.77],[11.878038971116256,45.40581378547271,14.77],[11.878057689771072,45.40580998285421,14.77],[11.87805433412787,45.40580178633728,14.77],[11.878050978485698,45.405793589820235,14.77],[11.877790972770095,45.40584704438061,14.97],[11.877778152949055,45.40585879931282,14.77],[11.877778152949055,45.40585879931282,14.77]]]}},{"type":"Feature","id":"AR_MARC:10646","properties":{"FID_1":10646},"geometry":{"type":"Polygon","coordinates":[[[11.878238445773873,45.406087882887455,0.04],[11.878220114472713,45.40609176577707,15.47],[11.87812814361018,45.40611253829919,15.47],[11.878094156432374,45.40612014654239,15.47],[11.878062571186284,45.40612724412677,15.47],[11.877980454077026,45.40614578770348,15.47],[11.877969588377473,45.4061482220711,15.47],[11.877886204137235,45.40616697756578,15.47],[11.877879636405824,45.40616849340716,15.47],[11.877872280421908,45.4061720994191,15.47],[11.877867094304346,45.40617817105463,15.47],[11.877866151333215,45.406182245404835,15.47],[11.877881110677537,45.40618492852677,16.0],[11.877980378330617,45.40615938151513,15.46],[11.878078780617502,45.40613943702545,15.31],[11.87816325425558,45.40612200409897,15.0],[11.878245448951041,45.40610498864738,15.42],[11.878238445773873,45.406087882887455,0.04],[11.878238445773873,45.406087882887455,0.04]]]}},{"type":"Feature","id":"AR_MARC:10647","properties":{"FID_1":10647},"geometry":{"type":"Polygon","coordinates":[[[11.877866151333215,45.406182245404835,15.0],[11.877864994243579,45.406187135268816,15.47],[11.877868098895897,45.40619290778147,15.46],[11.877873049955285,45.40620232423997,15.45],[11.877951897661928,45.40635074654369,15.3],[11.877956424762727,45.40635936357849,15.29],[11.877958676890207,45.40636344735245,15.28],[11.878084455811834,45.40660051837271,15.04],[11.878085016563745,45.40660149436676,15.04],[11.878091235102023,45.40661321917163,15.03],[11.878091654523733,45.4066139286928,15.03],[11.878092347467101,45.406614991365004,15.02],[11.878126091848603,45.40666544736402,14.96],[11.878193006331909,45.40676511364103,14.83],[11.878215823335886,45.40679919292627,14.79],[11.878257997249655,45.406862128022844,14.71],[11.878262113482464,45.406865174629196,14.71],[11.878273289724355,45.40686633290355,14.71],[11.878279483797648,45.40686500649054,14.71],[11.878318772949882,45.40682846041909,15.0],[11.878289048891439,45.406781683591134,14.73],[11.878189172756203,45.4066243406493,13.6],[11.878206733930876,45.406620387178805,13.76],[11.87818693389496,45.40658281131017,14.92],[11.878095883656894,45.4066091413626,15.06],[11.877969596497367,45.406354530719945,15.44],[11.877881110677537,45.40618492852677,15.5],[11.877866151333215,45.406182245404835,15.0]]]}},{"type":"Feature","id":"AR_MARC:11126","properties":{"FID_1":11126},"geometry":{"type":"Polygon","coordinates":[[[11.876646669863039,45.409343003811166,16.0],[11.876915965702194,45.40934629559296,16.11],[11.87717707965594,45.40934952301522,16.01],[11.877279888860448,45.409350801073394,15.97],[11.877280399371626,45.40935078819988,15.97],[11.877547780794032,45.40935412676405,15.91],[11.8776020000612,45.40935482967131,15.9],[11.877602145849425,45.40931747078544,15.73],[11.877601124827953,45.409317496535294,15.73],[11.877600099237199,45.40931743238784,15.73],[11.8775943991882,45.40929831345497,15.73],[11.877583682412512,45.40929363303735,15.73],[11.877556702720325,45.40929332331182,15.73],[11.877434330044359,45.409291818761005,15.72],[11.876905329293686,45.40928535523991,15.72],[11.876866840268269,45.409284885479394,15.72],[11.876718381293665,45.409283047739244,15.72],[11.876695877706576,45.40928280498352,15.72],[11.876648053587127,45.409282210452666,15.72],[11.876641918321436,45.40928218510567,15.72],[11.876632210018155,45.40928729054191,15.72],[11.876631189265511,45.40928983662782,15.72],[11.876628555298678,45.409295843861706,15.72],[11.876628232334184,45.40930206287015,15.72],[11.87662771457099,45.409319538358766,15.72],[11.876646669863039,45.409343003811166,16.0]]]}},{"type":"Feature","id":"AR_MARC:11154","properties":{"FID_1":11154},"geometry":{"type":"Polygon","coordinates":[[[11.876513872230861,45.40929477454592,15.78],[11.876509254266436,45.40928940019975,15.78],[11.876500825741099,45.40928448196807,15.78],[11.876497853762965,45.40928383679133,15.78],[11.876494621961905,45.40928310815208,15.78],[11.876467136324505,45.40928290093599,15.78],[11.87616772517626,45.40928045723027,15.78],[11.876086544537133,45.409279803155286,15.78],[11.875785342016748,45.409277313586266,15.78],[11.875752359248201,45.40927706472095,15.78],[11.875750950776053,45.409277010206786,15.78],[11.875734281992907,45.40928094080627,15.78],[11.875730649739431,45.409287423242326,15.78],[11.875728886010517,45.40929043810832,15.78],[11.875728562947259,45.40929665711674,15.78],[11.875753251068431,45.40930971680068,16.0],[11.875809460354143,45.40933953447251,16.0],[11.87613248325472,45.40934390429641,16.36],[11.876465096520905,45.40934839148462,16.14],[11.876513872230861,45.40929477454592,15.78],[11.876513872230861,45.40929477454592,15.78]]]}},{"type":"Feature","id":"AR_MARC:11155","properties":{"FID_1":11155},"geometry":{"type":"Polygon","coordinates":[[[11.875728562947259,45.40929665711674,16.0],[11.87572732571876,45.40932513226558,15.78],[11.87572667068827,45.40933991083308,15.78],[11.875725951958179,45.40935595118173,15.78],[11.8757116910186,45.40967396489271,15.79],[11.875711459051244,45.409679461504474,15.79],[11.875711245120133,45.40968279736049,15.79],[11.875709721349503,45.40971821069564,15.79],[11.875708961517903,45.40973344196632,15.79],[11.875714756192416,45.4097468878171,15.97],[11.875715667859913,45.40974722489041,15.97],[11.875727797628024,45.40975204989651,15.97],[11.875761851934927,45.40975326190034,15.97],[11.875798393490193,45.40973802892208,16.0],[11.875797194133096,45.409732028309826,15.93],[11.875798566688662,45.409688607668,15.99],[11.87579983924707,45.40964824997288,16.11],[11.87580820629726,45.40938277210474,16.29],[11.875809460354143,45.40933953447251,16.26],[11.875753251068431,45.40930971680068,16.0],[11.875728562947259,45.40929665711674,16.0]]]}},{"type":"Feature","id":"AR_MARC:11156","properties":{"FID_1":11156},"geometry":{"type":"Polygon","coordinates":[[[11.876476376767366,45.40977413650936,16.0],[11.87647908868253,45.409772177878914,15.78],[11.87647992059799,45.40975082393274,15.78],[11.876493398107295,45.40939232423136,15.78],[11.876499779506071,45.40939216335623,15.78],[11.87651674489139,45.40939155563182,15.78],[11.876517273561014,45.409303870078155,15.78],[11.876517405228107,45.40929891606841,15.78],[11.876513872230861,45.40929477454592,15.78],[11.876465096520905,45.40934839148462,16.0],[11.876452481195823,45.409759076727035,15.92],[11.876476376767366,45.40977413650936,16.0]]]}},{"type":"Feature","id":"AR_MARC:12052","properties":{"FID_1":null},"geometry":{"type":"Polygon","coordinates":[[[11.875969809487094,45.408742760323825,15.904652501773626],[11.875932268533106,45.40873830579842,15.844652501717746],[11.87592784892558,45.40875695978206,15.374651501280141],[11.875925015128136,45.40876909289089,15.004651500935552],[11.875911655853066,45.40882559744733,13.514652499547765],[11.875950277236502,45.40883119476624,13.494652499529138],[11.875962957044326,45.40877389736252,15.044651500972805],[11.875965540548266,45.40876186043003,15.424652501326591],[11.875969809487094,45.408742760323825,15.904652501773626]]]}},{"type":"Feature","id":"AR_MARC:12056","properties":{"FID_1":null},"geometry":{"type":"Polygon","coordinates":[[[11.872630138073767,45.40856630259209,16.08465150194138],[11.872606816448643,45.40849199928476,16.4146525022486],[11.872560506281994,45.408498565928106,16.244652502090275],[11.87258367762885,45.408572423109426,16.05465150191344],[11.872630138073767,45.40856630259209,16.08465150194138]]]}},{"type":"Feature","id":"AR_MARC:12057","properties":{"FID_1":null},"geometry":{"type":"Polygon","coordinates":[[[11.875965487566324,45.40839605071562,16.11465150196932],[11.875947315295889,45.408501193507455,16.0246515018855],[11.87597967337772,45.40850172795561,16.094651501950693],[11.875965487566324,45.40839605071562,16.11465150196932]]]}},{"type":"Feature","id":"AR_MARC:12067","properties":{"FID_1":null},"geometry":{"type":"Polygon","coordinates":[[[11.873831138330615,45.40827493348063,16.064651501922754],[11.873807868234435,45.40825454650157,16.08465150194138],[11.873700984216027,45.40830386498566,16.01465250187607],[11.873721761089788,45.408325484799256,16.064651501922754],[11.873831138330615,45.40827493348063,16.064651501922754]]]}},{"type":"Feature","id":"AR_MARC:12077","properties":{"FID_1":null},"geometry":{"type":"Polygon","coordinates":[[[11.870965000759046,45.407668390982685,15.76465250164324],[11.870983766541785,45.40773605817997,15.314651501224262],[11.871126346162308,45.40771527829745,16.0246515018855],[11.871094202045928,45.40760051098768,15.844652501717746],[11.870951877947274,45.40762128440098,15.52465150141984],[11.870965000759046,45.407668390982685,15.76465250164324]]]}},{"type":"Feature","id":"AR_MARC:12080","properties":{"FID_1":null},"geometry":{"type":"Polygon","coordinates":[[[11.870949292544902,45.407381286059575,16.10465250195989],[11.870939451435808,45.40734597856274,16.194651502043826],[11.870860602828769,45.40735597372787,16.094651501950693],[11.870870192785578,45.407391377419174,15.994651501857561],[11.870949292544902,45.407381286059575,16.10465250195989]]]}},{"type":"Feature","id":"AR_MARC:12081","properties":{"FID_1":null},"geometry":{"type":"Polygon","coordinates":[[[11.875890239531985,45.40717629673132,16.774651502583993],[11.875831848424808,45.40718649981043,16.644652502462804],[11.875857166278292,45.407269843282734,16.744651502556053],[11.875876000190726,45.40727332913704,16.804651502611932],[11.875876465456928,45.4072749376366,16.81465250262113],[11.875918471112147,45.40726919824026,16.904651502705065],[11.875890239531985,45.40717629673132,16.774651502583993]]]}},{"type":"Feature","id":"AR_MARC:12084","properties":{"FID_1":null},"geometry":{"type":"Polygon","coordinates":[[[11.877886174052694,45.40711670118039,15.384651501289454],[11.87786365135731,45.40706830240738,15.324651501233575],[11.877816729144007,45.40708289760067,15.43465150133602],[11.87783709977045,45.40712919035999,15.444652501345217],[11.877847504049047,45.40715287129093,15.46465150136396],[11.877847932814937,45.40715376060244,15.46465150136396],[11.877862048261846,45.40718508901099,15.4946515013919],[11.87791238012797,45.40717220805109,15.364652501270712],[11.877886174052694,45.40711670118039,15.384651501289454]]]}},{"type":"Feature","id":"AR_MARC:12101","properties":{"FID_1":null},"geometry":{"type":"Polygon","coordinates":[[[11.875454314350376,45.40641047466877,16.614652502434865],[11.875464605817669,45.406406794836066,16.464651502295283],[11.875478140380267,45.40643426778479,16.344651502183524],[11.875510186411837,45.40642616902216,16.01465250187607],[11.875498629883772,45.40639990669253,15.994651501857561],[11.875460108875929,45.406318245908096,15.894651501764429],[11.875412735065497,45.40633150144871,15.77465150165267],[11.875450545066366,45.406411739965606,16.574651502397728],[11.875454314350376,45.40641047466877,16.614652502434865]]]}},{"type":"Feature","id":"AR_MARC:12102","properties":{"FID_1":null},"geometry":{"type":"Polygon","coordinates":[[[11.87622407991991,45.4062920594603,16.54465150236979],[11.876224665599418,45.406268371529855,16.494651502323222],[11.876185964709023,45.406271237201366,16.47465250230448],[11.87619239288271,45.40628709740516,16.504651502332536],[11.87619358326888,45.406292918360975,16.51465150234185],[11.87622407991991,45.4062920594603,16.54465150236979]]]}},{"type":"Feature","id":"AR_MARC:12106","properties":{"FID_1":null},"geometry":{"type":"Polygon","coordinates":[[[11.875537607752188,45.40589926436062,15.614651501503658],[11.875519878723814,45.405909972594806,4.869614258495858e-07],[11.875515918149759,45.405912502890956,4.869614258495858e-07],[11.875508356808156,45.40591710392024,15.634651501522285],[11.87551683995341,45.40592814185141,15.644652501531482],[11.875575401496853,45.40600434672586,15.704652501587361],[11.875592092168484,45.406000865659315,15.684651501568851],[11.875610943037765,45.40599462977076,15.674652501559422],[11.875537607752188,45.40589926436062,15.614651501503658]]]}},{"type":"Feature","id":"AR_MARC:12109","properties":{"FID_1":null},"geometry":{"type":"Polygon","coordinates":[[[11.873295773142884,45.40586401743917,15.45465250135453],[11.873352382088607,45.40586655245695,15.424652501326591],[11.873354743736565,45.405782151039645,15.18465150110319],[11.873298016492145,45.40578231937985,15.374651501280141],[11.873295773142884,45.40586401743917,15.45465250135453]]]}}]}
