{"type":"FeatureCollection","crs":{"type":"name","properties":{"name":"EPSG:6706"}},"features":[{"type":"Feature","id":"AR_STR:9","properties":{"FID":9},"geometry":{"type":"Polygon","coordinates":[[[11.875947315409821,45.408501193423554,16.0],[11.875897440792583,45.40850047023558,16.0],[11.875847561609154,45.40849965712829,16.0],[11.875840496593415,45.408549252093536,16.0],[11.875888716915112,45.408552627366724,16.0],[11.875936932675023,45.40855591272192,16.0],[11.875947315409821,45.408501193423554,16.0]]]}},{"type":"Feature","id":"AR_STR:240","properties":{"FID":240},"geometry":{"type":"Polygon","coordinates":[[[11.875069608596364,45.407775488408326,16.0],[11.87506909417126,45.407725094330566,16.0],[11.87506670749631,45.40745412661051,16.0],[11.875066413968923,45.40743073073714,16.0],[11.874805462826323,45.407415432689305,17.0],[11.87479631787999,45.407705953647614,16.0],[11.87480035778441,45.407850952126395,16.0],[11.875044654835799,45.40785280788793,16.0],[11.875052597562759,45.40782803432091,16.0],[11.875069608596364,45.407775488408326,16.0]]]}},{"type":"Feature","id":"AR_STR:270","properties":{"FID":270},"geometry":{"type":"Polygon","coordinates":[[[11.875962032626948,45.40693433368768,16.0],[11.875768309579941,45.40697711167168,17.0],[11.875978805871148,45.40698278774272,17.0],[11.875969217894772,45.40695503549921,17.0],[11.875962032626948,45.40693433368768,16.0]]]}},{"type":"Feature","id":"AR_STR:288","properties":{"FID":288},"geometry":{"type":"Polygon","coordinates":[[[11.875326443853714,45.40738259253712,17.0],[11.875299497876439,45.40733763518966,17.0],[11.875281187286161,45.4073796824162,17.0],[11.875283728113024,45.40740455187245,17.0],[11.875277346930767,45.407404712674044,17.0],[11.875281351992884,45.4074433171565,17.0],[11.875310318220533,45.40744501756227,17.0],[11.875339284449558,45.40744671796062,17.0],[11.875334777569156,45.40740326544685,17.0],[11.875328387256559,45.40740324645625,17.0],[11.875326443853714,45.40738259253712,17.0]]]}},{"type":"Feature","id":"AR_STR:358","properties":{"FID":358},"geometry":{"type":"Polygon","coordinates":[[[11.873015226367803,45.40630602256567,16.0],[11.87299348510924,45.406305669870925,16.0],[11.872945276037763,45.40630499346571,16.0],[11.87288376696857,45.40630411183681,16.0],[11.872797708969708,45.406302948133465,16.0],[11.872715356554417,45.40630178108292,16.0],[11.872660752727878,45.40630099551905,16.0],[11.872663151377939,45.40633567998904,16.0],[11.872713917469747,45.40633638214861,16.0],[11.87294626646369,45.406339623374585,16.0],[11.872996649691787,45.40634033504824,16.0],[11.87301826334213,45.40634069095549,16.0],[11.873015226367803,45.40630602256567,16.0]]]}},{"type":"Feature","id":"AR_STR:376","properties":{"FID":376},"geometry":{"type":"Polygon","coordinates":[[[11.87557747029775,45.40668920043594,16.0],[11.87553175621635,45.40665965821954,16.0],[11.875499785107866,45.40663904094141,16.0],[11.87540821318193,45.406657640911014,16.0],[11.875243218459019,45.406689882661425,16.0],[11.875242712535982,45.40668998542276,16.0],[11.87522336896724,45.4066940733633,16.0],[11.87522688525007,45.40672053846922,16.0],[11.87523132288684,45.40675508149031,16.0],[11.875240961894534,45.40679894476307,16.0],[11.875295700357743,45.407048970534966,17.0],[11.875301199322102,45.40707421551125,17.0],[11.875312097486919,45.40707493102054,17.0],[11.875617501438619,45.407094958422164,17.0],[11.87561685810055,45.407087323566536,17.0],[11.875615101806584,45.407070355451665,17.0],[11.875580558655507,45.406719816894324,16.0],[11.87557747029775,45.40668920043594,16.0]]]}},{"type":"Feature","id":"AR_STR:381","properties":{"FID":381},"geometry":{"type":"Polygon","coordinates":[[[11.874258242855333,45.407913126266614,17.0],[11.874242180372466,45.40791389093564,17.0],[11.874226117889053,45.40791465560242,17.0],[11.874222530700447,45.407914475926255,17.0],[11.87420202856841,45.40791337214802,17.0],[11.87419327973921,45.407954998311496,17.0],[11.87423409723997,45.407958560760555,17.0],[11.874267726670384,45.40796149415283,17.0],[11.874301228478783,45.407964430750084,17.0],[11.874303358012897,45.40790820926228,17.0],[11.874268694405881,45.40791259295001,17.0],[11.874258242855333,45.407913126266614,17.0]]]}},{"type":"Feature","id":"AR_STR:387","properties":{"FID":387},"geometry":{"type":"Polygon","coordinates":[[[11.874354874402357,45.40848497221339,16.0],[11.874360630107022,45.4084674547954,16.0],[11.874371480722862,45.4084345068937,16.0],[11.874186060155962,45.40839678182209,16.0],[11.874136089309372,45.40838660896793,16.0],[11.874119340383134,45.40841916534562,16.0],[11.874119825373738,45.40844885727503,16.0],[11.874103335152203,45.40846385468379,16.0],[11.87409905990817,45.408467742900505,16.0],[11.874086844922024,45.40847885209035,16.0],[11.874092770335475,45.408477262634754,16.0],[11.874148789259813,45.40847819189162,16.0],[11.874319897677916,45.408515917510144,16.0],[11.874332614001736,45.408504615641036,16.0],[11.874354874402357,45.40848497221339,16.0]]]}},{"type":"Feature","id":"AR_STR:388","properties":{"FID":388},"geometry":{"type":"Polygon","coordinates":[[[11.875655424982199,45.40840017507825,16.0],[11.875628725566388,45.408420470709466,16.0],[11.875657967384718,45.408440166593664,16.0],[11.875656693899803,45.40842012588726,16.0],[11.875655424982199,45.40840017507825,16.0]]]}},{"type":"Feature","id":"AR_STR:403","properties":{"FID":403},"geometry":{"type":"Polygon","coordinates":[[[11.876518728438878,45.40555714997834,15.0],[11.876522629668028,45.40564400379599,15.0],[11.876524616825588,45.40568814988389,15.0],[11.876543382252759,45.40569532787163,16.0],[11.876579085341499,45.40570891980376,16.0],[11.876590479771234,45.405706832289255,16.0],[11.876639995421959,45.40569802288923,16.0],[11.876592222285561,45.405587701694145,16.0],[11.876560823010134,45.40554060659074,15.0],[11.876525742680169,45.405554362782304,15.0],[11.876518728438878,45.40555714997834,15.0]]]}},{"type":"Feature","id":"AR_STR:405","properties":{"FID":405},"geometry":{"type":"Polygon","coordinates":[[[11.87724191523194,45.408809793048626,16.0],[11.877216343934835,45.40880701738851,16.0],[11.877194113773731,45.40880460753498,16.0],[11.87722426237813,45.40885470439513,16.0],[11.87724191523194,45.408809793048626,16.0]]]}},{"type":"Feature","id":"AR_STR:446","properties":{"FID":446},"geometry":{"type":"Polygon","coordinates":[[[11.87505196008478,45.408537709455906,16.0],[11.87502721409733,45.4085360826721,16.0],[11.875016703096836,45.40853544739289,16.0],[11.875002468111033,45.408534455882865,16.0],[11.875015426772153,45.40859335762965,16.0],[11.87505196008478,45.408537709455906,16.0]]]}},{"type":"Feature","id":"AR_STR:459","properties":{"FID":459},"geometry":{"type":"Polygon","coordinates":[[[11.875921871683024,45.40864180426784,16.0],[11.875936932675023,45.40855591272192,16.0],[11.875888716915112,45.408552627366724,16.0],[11.875840496593415,45.408549252093536,16.0],[11.875831822656055,45.40859987774775,16.0],[11.875867834911924,45.40868493207816,16.0],[11.875921871683024,45.40864180426784,16.0]]]}},{"type":"Feature","id":"AR_STR:460","properties":{"FID":460},"geometry":{"type":"Polygon","coordinates":[[[11.876094196954025,45.40837894460579,16.0],[11.876092950718148,45.408359443292646,16.0],[11.876091699916715,45.40833985208194,16.0],[11.876026096480668,45.40834897673625,16.0],[11.875897186803186,45.40836716803132,16.0],[11.875904540509028,45.40838363500705,16.0],[11.875965487687548,45.40839605077565,16.0],[11.876028698266074,45.408387616558386,16.0],[11.876094196954025,45.40837894460579,16.0]]]}},{"type":"Feature","id":"AR_STR:808","properties":{"FID":808},"geometry":{"type":"Polygon","coordinates":[[[11.876996257758838,45.40744338579041,18.0],[11.876957136348317,45.407360030423554,18.0],[11.876932058775619,45.407364443256306,18.0],[11.876906853575383,45.40736885930149,18.0],[11.876894064106466,45.407371162046196,18.0],[11.87689041327453,45.40737224423473,18.0],[11.876900685297416,45.40739835892555,18.0],[11.876911121496956,45.40742518957644,18.0],[11.876911986772063,45.407459822601,18.0],[11.876910886336928,45.407483433641495,18.0],[11.876905906666273,45.4075036320011,18.0],[11.87693511132241,45.40751756769221,18.0],[11.87695805245398,45.407523920223525,18.0],[11.876980865966761,45.40753027596806,18.0],[11.876999521090264,45.407482458977356,18.0],[11.876996257758838,45.40744338579041,18.0]]]}},{"type":"Feature","id":"AR_STR:1550","properties":{"FID":1550},"geometry":{"type":"Polygon","coordinates":[[[11.875069636239695,45.40842024773103,16.0],[11.875048222273339,45.40841880703082,16.0],[11.875047451952534,45.408418736428246,16.0],[11.87503745147752,45.4084180882871,16.0],[11.875020012177131,45.40841690748129,16.0],[11.875002468111033,45.408534455882865,16.0],[11.875016703096836,45.40853544739289,16.0],[11.87502721409733,45.4085360826721,16.0],[11.87505196008478,45.408537709455906,16.0],[11.875069636239695,45.40842024773103,16.0]]]}},{"type":"Feature","id":"AR_STR:1551","properties":{"FID":1551},"geometry":{"type":"Polygon","coordinates":[[[11.87617405450779,45.408519601562084,16.0],[11.876161269068222,45.408519473783464,16.0],[11.876138387469869,45.40851933045872,16.0],[11.876117935333278,45.40851921590328,16.0],[11.876102724998526,45.408519149241634,16.0],[11.876103841639093,45.408659360665396,16.0],[11.876118486948938,45.40866088177027,16.0],[11.87613981449969,45.4086631345606,16.0],[11.876162933388159,45.40866543220511,16.0],[11.876175910423976,45.40866681532978,16.0],[11.87617405450779,45.408519601562084,16.0]]]}},{"type":"Feature","id":"AR_STR:1983","properties":{"FID":1983},"geometry":{"type":"Polygon","coordinates":[[[11.871458284213457,45.408913543652034,14.0],[11.871370598030854,45.40880224447426,14.0],[11.871342829313246,45.408751096036994,14.0],[11.871280467523215,45.4085621087489,14.0],[11.871274655698539,45.40854074199647,15.0],[11.871267271269007,45.40851356400032,15.0],[11.87122564977859,45.408370681271535,14.0],[11.871172660905854,45.40825058770765,15.0],[11.871165003177682,45.408233137938076,14.0],[11.87115186682075,45.40823364851552,14.0],[11.871182616255654,45.408303264586486,14.0],[11.871213238143573,45.40837288385806,14.0],[11.871254709182683,45.40851532031447,14.0],[11.871267909985837,45.40856395496258,14.0],[11.871330568024366,45.40875374491556,14.0],[11.871359034139843,45.4088060459691,14.0],[11.871445348282663,45.40891548942032,14.0],[11.871458284213457,45.408913543652034,14.0]]]}},{"type":"Feature","id":"AR_STR:2342","properties":{"FID":2342},"geometry":{"type":"Polygon","coordinates":[[[11.874301228478783,45.407964430750084,17.0],[11.874267726670384,45.40796149415283,17.0],[11.87423409723997,45.407958560760555,17.0],[11.874235390857464,45.408016766306055,17.0],[11.874266221535816,45.40801742987298,17.0],[11.87429705221448,45.408018093431565,17.0],[11.87430241247008,45.408017958402795,17.0],[11.874301228478783,45.407964430750084,17.0]]]}},{"type":"Feature","id":"AR_STR:2391","properties":{"FID":2391},"geometry":{"type":"Polygon","coordinates":[[[11.875088968975836,45.40786483311913,16.0],[11.875069608596364,45.407775488408326,16.0],[11.875044654835799,45.40785280788793,16.0],[11.87504430860993,45.40791393514677,16.0],[11.875043424179024,45.40808777170163,16.0],[11.875036594718933,45.40830307381807,16.0],[11.87502993471036,45.40835310859219,16.0],[11.875020012177131,45.40841690748129,16.0],[11.87503745147752,45.4084180882871,16.0],[11.875047451952534,45.408418736428246,16.0],[11.875048222273339,45.40841880703082,16.0],[11.875069636239695,45.40842024773103,16.0],[11.875076304745143,45.40842070978919,16.0],[11.875089476810292,45.40835295847439,16.0],[11.875090064325335,45.40834691282857,16.0],[11.875092259566554,45.40832471442274,16.0],[11.875113527611484,45.40832579874135,16.0],[11.875137557033069,45.408144718054416,16.0],[11.875137983119618,45.40805748514022,16.0],[11.875137937467757,45.40805658616488,16.0],[11.875138312576983,45.408016161069824,16.0],[11.87510690312227,45.40801668248615,16.0],[11.875106939444695,45.408014881319545,16.0],[11.875099217442727,45.40794837658352,16.0],[11.875098980255263,45.40794622225846,16.0],[11.875094848035403,45.40791266168011,16.0],[11.875088968975836,45.40786483311913,16.0]]]}},{"type":"Feature","id":"AR_STR:2970","properties":{"FID":2970},"geometry":{"type":"Polygon","coordinates":[[[11.874258242855333,45.407913126266614,17.0],[11.874257270772599,45.4078939780764,17.0],[11.874257033456772,45.407889303400836,17.0],[11.874252346641315,45.4077994989055,17.0],[11.874234547646184,45.40780129745501,17.0],[11.874216753213478,45.40780318589938,17.0],[11.874221303061972,45.40789029346927,17.0],[11.874221535811152,45.407894878247376,17.0],[11.874222530700447,45.407914475926255,17.0],[11.874226117889053,45.40791465560242,17.0],[11.874242180372466,45.40791389093564,17.0],[11.874258242855333,45.407913126266614,17.0]]]}},{"type":"Feature","id":"AR_STR:3388","properties":{"FID":3388},"geometry":{"type":"Polygon","coordinates":[[[11.877215558855948,45.408484792219,17.0],[11.877208818287613,45.408452737693764,17.0],[11.877182145566074,45.408305069572194,17.0],[11.87716465631002,45.40830542056789,17.0],[11.877140913405995,45.40830592925097,17.0],[11.877159402811342,45.408440931935125,17.0],[11.877162504995528,45.40846425697723,17.0],[11.87716712071048,45.40848970415567,17.0],[11.877215558855948,45.408484792219,17.0]]]}},{"type":"Feature","id":"AR_STR:4044","properties":{"FID":4044},"geometry":{"type":"Polygon","coordinates":[[[11.875287048965195,45.40777189951322,16.0],[11.875286119516515,45.407720885806775,16.0],[11.87528185084345,45.40746823806905,16.0],[11.875281351992884,45.4074433171565,16.0],[11.875066413968923,45.40743073073714,16.0],[11.87506670749631,45.40745412661051,16.0],[11.87506909417126,45.407725094330566,16.0],[11.875069608596364,45.407775488408326,16.0],[11.875088968975836,45.40786483311913,16.0],[11.875280674948195,45.407860272453625,16.0],[11.875283452207425,45.40782185711353,16.0],[11.875287048965195,45.40777189951322,16.0]]]}},{"type":"Feature","id":"AR_STR:4456","properties":{"FID":4456},"geometry":{"type":"Polygon","coordinates":[[[11.871366404642817,45.40624266241583,16.0],[11.871365515226028,45.40618732705501,15.0],[11.871385496020524,45.40609501139391,15.0],[11.871306503372029,45.40612481312001,15.0],[11.871131530520797,45.406187094180304,15.0],[11.871146922562534,45.40618571673186,15.0],[11.871169921760199,45.406185678074735,15.0],[11.871183048566786,45.40619002841534,15.0],[11.871204097018339,45.406194359443,15.0],[11.871218035166448,45.40620210984174,16.0],[11.871233217644017,45.406211719191084,16.0],[11.871246763888049,45.4062268604805,16.0],[11.871258190768012,45.40624808594355,16.0],[11.871258418777227,45.406260141892965,16.0],[11.871256768957213,45.40627548554933,16.0],[11.871263961352149,45.406276204685355,16.0],[11.871271950949643,45.406232167502864,16.0],[11.871366404642817,45.40624266241583,16.0]]]}},{"type":"Feature","id":"AR_STR:5096","properties":{"FID":5096},"geometry":{"type":"Polygon","coordinates":[[[11.876127308452595,45.40834903591845,16.0],[11.876107498584876,45.408343954480564,16.0],[11.876091699916715,45.40833985208194,16.0],[11.876092950718148,45.408359443292646,16.0],[11.876094196954025,45.40837894460579,16.0],[11.876108735935501,45.40836579634424,16.0],[11.876127308452595,45.40834903591845,16.0]]]}},{"type":"Feature","id":"AR_STR:5733","properties":{"FID":5733},"geometry":{"type":"Polygon","coordinates":[[[11.874718463805904,45.40708871865374,16.0],[11.874650169357594,45.40712032344788,17.0],[11.874724752517132,45.40713455664111,17.0],[11.874721902293091,45.407113655520035,17.0],[11.874721546630687,45.40711168420402,17.0],[11.874718463805904,45.40708871865374,16.0]]]}},{"type":"Feature","id":"AR_STR:5744","properties":{"FID":5744},"geometry":{"type":"Polygon","coordinates":[[[11.876758067581259,45.406990777281564,17.0],[11.876812102376629,45.40695016944166,17.0],[11.876818993444362,45.40694495499392,17.0],[11.876890018818257,45.40689167702367,17.0],[11.876805616592245,45.40682503545279,17.0],[11.876790144231641,45.40684243793018,17.0],[11.876732058925505,45.406853623755346,17.0],[11.876249120399756,45.40689064209024,17.0],[11.876222137521808,45.406892762468516,17.0],[11.876233244609352,45.406932808121255,17.0],[11.876244483903248,45.40697294045267,17.0],[11.876327771449754,45.40697237114003,17.0],[11.876331761974239,45.406995583802995,17.0],[11.87633325334682,45.407004817503385,17.0],[11.876394220424926,45.40700256049285,17.0],[11.876397256980567,45.40701202527741,17.0],[11.876670750117434,45.406984967603464,17.0],[11.876683195580075,45.407006076827535,17.0],[11.876740328315572,45.4069937448803,18.0],[11.876758067581259,45.406990777281564,17.0]]]}},{"type":"Feature","id":"AR_STR:5745","properties":{"FID":5745},"geometry":{"type":"Polygon","coordinates":[[[11.874718463805904,45.40708871865374,16.0],[11.874738610161968,45.40709037137829,17.0],[11.874831948767572,45.407096480894914,17.0],[11.874836935882959,45.40704369788339,17.0],[11.87475890722461,45.406969153130554,17.0],[11.87473836309063,45.4069495979278,17.0],[11.874710293263599,45.406922761282146,17.0],[11.874676315957016,45.40689031265769,17.0],[11.874532040946168,45.40692797219262,17.0],[11.874486006351681,45.406939933432206,17.0],[11.874509688115108,45.40712197235494,17.0],[11.874577629240802,45.40712116084838,17.0],[11.874650169357594,45.40712032344788,17.0],[11.874718463805904,45.40708871865374,16.0]]]}},{"type":"Feature","id":"AR_STR:5750","properties":{"FID":5750},"geometry":{"type":"Polygon","coordinates":[[[11.878318772949882,45.40682846041909,15.0],[11.878289048891439,45.406781683591134,15.0],[11.878189172756203,45.4066243406493,14.0],[11.878206733930876,45.406620387178805,14.0],[11.87818693389496,45.40658281131017,15.0],[11.878095883656894,45.4066091413626,15.0],[11.877969596497367,45.406354530719945,15.0],[11.877881110677537,45.40618492852677,16.0],[11.877866151333215,45.406182245404835,15.0],[11.877844099750202,45.40617830095905,15.0],[11.877835070355685,45.406176638432264,15.0],[11.8778261731514,45.4061750625833,15.0],[11.877804249194192,45.40617111491087,15.0],[11.877795219801836,45.406169452380865,15.0],[11.877786194979059,45.406167879747514,15.0],[11.87777794044931,45.40616637769827,15.0],[11.877779062377416,45.40620856530635,16.0],[11.877780097182706,45.40624652451987,16.0],[11.877817809594006,45.40632226408369,15.0],[11.877798753582237,45.40632697529708,16.0],[11.877836187988757,45.40640227180273,16.0],[11.877848557780702,45.40639925943637,16.0],[11.877867760542632,45.406437660542494,15.0],[11.877855017018423,45.406440862362366,15.0],[11.87798538417865,45.40670284126346,15.0],[11.877998323592944,45.40669846432454,15.0],[11.87801897577673,45.40673520861811,15.0],[11.878003944141728,45.40673864819353,15.0],[11.878045541029875,45.4068178902011,15.0],[11.878025486746006,45.40682307669503,15.0],[11.878034390909745,45.40684238483137,15.0],[11.878072024728253,45.40683360447346,15.0],[11.878111228622544,45.40691101655231,15.0],[11.878146740911978,45.406920832275325,15.0],[11.878193397811314,45.406933697331496,14.0],[11.878203507722828,45.40693650273723,14.0],[11.878208324711778,45.40693071043601,15.0],[11.87822479968339,45.406915442777205,15.0],[11.878235541458249,45.4069055404673,15.0],[11.878279483797648,45.40686500649054,15.0],[11.878318772949882,45.40682846041909,15.0]]]}},{"type":"Feature","id":"AR_STR:5754","properties":{"FID":5754},"geometry":{"type":"Polygon","coordinates":[[[11.877191518580833,45.40725231623166,17.0],[11.877209549402146,45.4072475409593,17.0],[11.877209927703037,45.40724744140738,17.0],[11.877390728257522,45.40720183641208,17.0],[11.877515753672474,45.407165108778266,16.0],[11.87751751754841,45.40716461423226,16.0],[11.877714779340657,45.40710599182458,16.0],[11.877811299736116,45.407076643710056,15.0],[11.87781672905931,45.40708289766707,15.0],[11.87786365146945,45.4070683023248,15.0],[11.877859133778122,45.40706238542719,15.0],[11.87798203532281,45.40703165167955,15.0],[11.87810493672861,45.40700091780274,14.0],[11.878125217901529,45.406987624439616,14.0],[11.878197573787789,45.40694043294896,14.0],[11.878203507722828,45.40693650273723,14.0],[11.878193397811314,45.406933697331496,14.0],[11.878146740911978,45.406920832275325,15.0],[11.878111228622544,45.40691101655231,15.0],[11.87809003028233,45.406916321928016,15.0],[11.877999443936881,45.406939219722986,15.0],[11.877993850105508,45.406929729471045,15.0],[11.877528857115196,45.407045781693235,16.0],[11.877535216617956,45.407055252658274,16.0],[11.87740674504472,45.4070870265148,17.0],[11.877410889259936,45.407095653226065,17.0],[11.877413761518696,45.40710188167381,17.0],[11.877434642222783,45.40714564128958,16.0],[11.877361862443724,45.40716187865736,17.0],[11.877242624769837,45.40719179924479,17.0],[11.877159247882572,45.4072107340448,17.0],[11.877050293740433,45.407289632002104,17.0],[11.877138305755162,45.407266349813256,17.0],[11.877191518580833,45.40725231623166,17.0]]]}},{"type":"Feature","id":"AR_STR:5757","properties":{"FID":5757},"geometry":{"type":"Polygon","coordinates":[[[11.874486006351681,45.406939933432206,17.0],[11.874532040946168,45.40692797219262,17.0],[11.874676315957016,45.40689031265769,17.0],[11.874625896986753,45.40684108584562,17.0],[11.874605330125275,45.40682108112821,17.0],[11.874334987166455,45.40686488684188,17.0],[11.874334002663282,45.4069361115946,17.0],[11.874335872014345,45.40694524578698,17.0],[11.874340408563544,45.406966644513275,17.0],[11.874486006351681,45.406939933432206,17.0]]]}},{"type":"Feature","id":"AR_STR:5768","properties":{"FID":5768},"geometry":{"type":"Polygon","coordinates":[[[11.874340408563544,45.406966644513275,17.0],[11.874335872014345,45.40694524578698,17.0],[11.874334002663282,45.4069361115946,17.0],[11.874300494494467,45.40689527986996,17.0],[11.874284959768156,45.4068762284825,17.0],[11.874217830920244,45.406888000888245,17.0],[11.874127775754296,45.40690377123106,17.0],[11.87400023169847,45.406926156575615,17.0],[11.873874715810794,45.40694822065614,17.0],[11.87384557703088,45.406953185162344,17.0],[11.873842331285315,45.406944625704284,17.0],[11.873492009185577,45.40700385567605,17.0],[11.873492934607778,45.40700698281085,17.0],[11.87337979294869,45.407023603999946,17.0],[11.873379341646107,45.40702226517624,17.0],[11.873073116405543,45.40706913180247,16.0],[11.873074862498639,45.40707835913161,16.0],[11.87289236194867,45.40709807646002,16.0],[11.872868100434355,45.40711353939874,16.0],[11.872808200927231,45.40715195270044,16.0],[11.872841465392105,45.40716029645775,16.0],[11.872850399124367,45.40716259187665,17.0],[11.872867742413087,45.40716692587241,16.0],[11.873027298575442,45.40715336709556,17.0],[11.87310451948821,45.407144041648706,17.0],[11.873204443405205,45.40712883372248,17.0],[11.873288578367031,45.40711222305339,17.0],[11.873330962605293,45.40710386471259,17.0],[11.873621772902082,45.407060446044405,17.0],[11.873689877583686,45.407050269639775,17.0],[11.873783802874346,45.40703521228284,17.0],[11.873977109137368,45.40700432983156,17.0],[11.874055318550708,45.40699182840161,17.0],[11.874255087621304,45.40695988256358,17.0],[11.874263935935302,45.40698063260248,17.0],[11.874340408563544,45.406966644513275,17.0]]]}},{"type":"Feature","id":"AR_STR:5776","properties":{"FID":5776},"geometry":{"type":"Polygon","coordinates":[[[11.870925529755048,45.4069605349988,16.0],[11.870825737293702,45.406844769312585,16.0],[11.870816101741541,45.40683367015963,16.0],[11.870791680240993,45.4068611083556,17.0],[11.870774556007172,45.40688125195471,16.0],[11.870736688469329,45.40691064866399,17.0],[11.870712462876044,45.406899106465815,17.0],[11.870672462160606,45.40694187868491,17.0],[11.870640296518332,45.40701064743146,17.0],[11.870543786024067,45.40698985221548,17.0],[11.870542623741649,45.40698961141818,17.0],[11.870398459776675,45.40695894337625,16.0],[11.87039613521422,45.4069584617786,16.0],[11.870114106833682,45.40689786680837,16.0],[11.870113591784298,45.40689778975135,16.0],[11.869958480053034,45.406865416255066,16.0],[11.869742515026244,45.406840063836775,16.0],[11.869643315781955,45.40682671651343,16.0],[11.869481057222217,45.40681216457486,16.0],[11.869394428734692,45.40680732213227,15.0],[11.869233255039603,45.40679400273509,15.0],[11.869163422709917,45.40678774761646,15.0],[11.869159666295353,45.40681196544632,15.0],[11.869155814143697,45.40683681577141,15.0],[11.869166141956706,45.406856538865405,15.0],[11.869177454250462,45.40687803745454,15.0],[11.869455070271995,45.40690454092522,16.0],[11.869776000906027,45.40693094445873,16.0],[11.869781448058351,45.406907314173154,16.0],[11.86983997676666,45.40691745372087,16.0],[11.87001222202089,45.40694750615395,16.0],[11.870056447919442,45.40695530497218,16.0],[11.870051739276555,45.40697837661918,16.0],[11.870205515889811,45.40700961340906,16.0],[11.870221523471493,45.40701281124359,16.0],[11.870218314493139,45.407032694733,16.0],[11.870265284395245,45.40703916426872,16.0],[11.870481482800898,45.407071620818115,16.0],[11.870712339901523,45.40710082775372,17.0],[11.87072297366671,45.40709380927216,17.0],[11.870773302836039,45.40706067855878,17.0],[11.870818937239507,45.407030726372064,16.0],[11.870925529755048,45.4069605349988,16.0]]]}},{"type":"Feature","id":"AR_STR:5784","properties":{"FID":5784},"geometry":{"type":"Polygon","coordinates":[[[11.87523132288684,45.40675508149031,16.0],[11.875233259107357,45.406800759091794,16.0],[11.875243000846531,45.407045437843536,17.0],[11.875244014724895,45.40707043579194,17.0],[11.875272607022723,45.407072325655214,17.0],[11.875301199322102,45.40707421551125,17.0],[11.875295700357743,45.407048970534966,17.0],[11.875240961894534,45.40679894476307,16.0],[11.87523132288684,45.40675508149031,16.0]]]}},{"type":"Feature","id":"AR_STR:5798","properties":{"FID":5798},"geometry":{"type":"Polygon","coordinates":[[[11.87523132288684,45.40675508149031,16.0],[11.87522688525007,45.40672053846922,16.0],[11.87522336896724,45.4066940733633,16.0],[11.87490391712051,45.40676225113788,17.0],[11.874917629163345,45.406785668969825,17.0],[11.874692961960687,45.40683057498482,17.0],[11.874676315957016,45.40689031265769,17.0],[11.874710293263599,45.406922761282146,17.0],[11.87473836309063,45.4069495979278,17.0],[11.87475890722461,45.406969153130554,17.0],[11.874836935882959,45.40704369788339,17.0],[11.875244014724895,45.40707043579194,17.0],[11.875243000846531,45.407045437843536,17.0],[11.875233259107357,45.406800759091794,16.0],[11.87523132288684,45.40675508149031,16.0]]]}},{"type":"Feature","id":"AR_STR:5802","properties":{"FID":5802},"geometry":{"type":"Polygon","coordinates":[[[11.87142463250606,45.405914271363486,15.0],[11.871400169450366,45.40583756616752,15.0],[11.871343592938286,45.4058785054468,15.0],[11.871304769180341,45.40590666623546,15.0],[11.87128442399424,45.406032115688454,15.0],[11.871329943716148,45.40603520080045,16.0],[11.871231142630498,45.406080082985575,16.0],[11.87113220920627,45.406124878402224,16.0],[11.871131201858578,45.40611761273012,16.0],[11.870957988081116,45.406156626012105,16.0],[11.870972195246535,45.4061974042929,16.0],[11.870991470898474,45.40625245705444,16.0],[11.87090208117526,45.40627126853352,16.0],[11.870900554274392,45.406271396964335,16.0],[11.870853047146639,45.40627700289364,16.0],[11.870742818536822,45.40628805740415,16.0],[11.870677854555597,45.40629464254066,16.0],[11.87067779074574,45.40629338396979,16.0],[11.870677731493737,45.40629221529685,16.0],[11.870667161684999,45.406292931284575,16.0],[11.870626856027188,45.40629439538466,16.0],[11.870589453767135,45.4062926359857,16.0],[11.870589202999545,45.406328017242124,16.0],[11.870582174572403,45.4063759007363,16.0],[11.870576955711842,45.406391424185465,16.0],[11.870582994960277,45.40639208236279,16.0],[11.870574781494042,45.406426673806486,16.0],[11.870569375794151,45.40642590967732,16.0],[11.870555218659604,45.40650205644018,16.0],[11.87055123041253,45.40652168950726,16.0],[11.87054979006424,45.40653612775717,16.0],[11.870543367875033,45.406555642031385,16.0],[11.870600428685245,45.40656203758938,16.0],[11.87064403896674,45.40662574948361,16.0],[11.870640629595819,45.406651758883285,16.0],[11.870816101741541,45.40683367015963,16.0],[11.870825737293702,45.406844769312585,16.0],[11.870925529755048,45.4069605349988,16.0],[11.871090022567383,45.40699645165488,17.0],[11.871093167471003,45.406982870633826,17.0],[11.871093600341151,45.40696368706189,17.0],[11.871097807037357,45.406920645208984,17.0],[11.871130318085982,45.40680074049395,17.0],[11.87129169273167,45.40682053305687,17.0],[11.871324095295794,45.406824488330145,17.0],[11.871365112417115,45.40682948698551,17.0],[11.871351990678505,45.406883194654526,17.0],[11.871335828903137,45.40695003064771,17.0],[11.871360674428765,45.406953636005554,17.0],[11.871465457762934,45.4069687315694,17.0],[11.87149609649478,45.40697318124492,17.0],[11.871498029078273,45.40697349265958,17.0],[11.871529841766781,45.40684235383366,17.0],[11.871538187363596,45.4068406135906,17.0],[11.87172557910014,45.40686191107881,16.0],[11.87173061041502,45.40682505931611,17.0],[11.871731822669934,45.4068162075727,17.0],[11.871732456131843,45.406811060912375,17.0],[11.871529667810329,45.4067910510392,17.0],[11.871524194043523,45.40681414200292,17.0],[11.87139829399878,45.40680092809123,17.0],[11.871400504491666,45.40679160116747,17.0],[11.871362422717395,45.406786528656966,17.0],[11.871370275669026,45.40675239629348,17.0],[11.871272530261887,45.406740003940946,17.0],[11.871270966954851,45.40674697424923,17.0],[11.871161475736736,45.40673478736162,17.0],[11.871156685442202,45.40674867982599,17.0],[11.871146603373509,45.406764055636245,17.0],[11.871135181231981,45.40677568463728,17.0],[11.871120003342128,45.406788848343815,17.0],[11.871119005153432,45.40678932352397,17.0],[11.871118503779764,45.40678951616511,17.0],[11.87110564583059,45.40679551049936,17.0],[11.871089984719081,45.40679914502718,17.0],[11.871082555265087,45.40680131224791,17.0],[11.871074752059318,45.40680366889782,17.0],[11.871060645193186,45.40680519402359,17.0],[11.871045695094878,45.40680521015127,17.0],[11.871027641023558,45.406804494266,17.0],[11.871013196843782,45.40680188729458,16.0],[11.870996719804571,45.40679699114444,16.0],[11.870981765111642,45.40678935630975,16.0],[11.870964772993698,45.40677682204563,16.0],[11.870953154722665,45.40676694295581,16.0],[11.870944699661607,45.40675392384657,16.0],[11.870941171756533,45.40674231097726,16.0],[11.870939549064964,45.406727949792746,16.0],[11.870937579973262,45.406714317424715,16.0],[11.870937675666552,45.406708644224146,16.0],[11.870937639189465,45.40670540468891,16.0],[11.870945638245113,45.40667162872848,16.0],[11.870894511742954,45.406666344207565,16.0],[11.87089206416665,45.4066785574896,16.0],[11.870888281082163,45.4066820731533,16.0],[11.870883340270016,45.40668291756864,16.0],[11.87088055536582,45.40668343770181,16.0],[11.870767759822638,45.406669083260304,16.0],[11.870763935703062,45.40666674913432,16.0],[11.870763110710927,45.40666307937487,16.0],[11.870762964856283,45.406662722994206,16.0],[11.870763220095956,45.406657675867685,16.0],[11.870771255697662,45.406609496986086,16.0],[11.870750817883321,45.406604610439814,16.0],[11.87074240392071,45.40659996145173,16.0],[11.87073484685193,45.40659457080336,16.0],[11.870732157665843,45.4065919380842,16.0],[11.870728392805749,45.406588252277245,16.0],[11.870725001696371,45.406581856689264,16.0],[11.870723310699253,45.40657622844076,16.0],[11.870722622449543,45.406572735265804,16.0],[11.870721956989733,45.4065696915804,16.0],[11.870722822996623,45.4065640890119,16.0],[11.870725571432173,45.40656032934701,16.0],[11.87072641009238,45.406559228095794,16.0],[11.870730156714636,45.40655247290167,16.0],[11.870738543313315,45.40654146038913,16.0],[11.870751706625768,45.406531407846906,16.0],[11.870728246931533,45.40652992779146,16.0],[11.870706660549903,45.40652507013448,16.0],[11.870687366815057,45.40651502407518,16.0],[11.870675242716134,45.406505247695414,16.0],[11.870666377542278,45.40649673951242,16.0],[11.870659599907928,45.40648403822973,16.0],[11.870655415746294,45.40646452075408,16.0],[11.870655256237583,45.40644625221185,16.0],[11.870661035705002,45.4064317047935,16.0],[11.87066894371782,45.40642133441467,16.0],[11.870678073251018,45.40641237350452,16.0],[11.870691291240332,45.40640339974455,16.0],[11.870719240437259,45.40639009480302,16.0],[11.870722248667082,45.40638893896693,16.0],[11.870734290701018,45.406384495417605,16.0],[11.87075010213629,45.406381307219334,16.0],[11.870764231697805,45.40638023162385,16.0],[11.870770070396766,45.406379454635626,16.0],[11.870774254569602,45.40637880928725,16.0],[11.87076930009399,45.40636426188881,16.0],[11.87076806032888,45.406352411419284,16.0],[11.87076894911673,45.40634473798757,16.0],[11.870775348427223,45.406334855622745,16.0],[11.870780239070301,45.40633050198333,16.0],[11.870786597360993,45.40632485124159,16.0],[11.870799619327485,45.40631957291702,16.0],[11.870817823646501,45.40631569441617,16.0],[11.870832085369823,45.40631470549965,16.0],[11.87102051434542,45.406333817749676,16.0],[11.871042136632438,45.40624866185454,16.0],[11.871049652554634,45.40623560093718,16.0],[11.8710593106877,45.40622194604083,16.0],[11.871073244141783,45.40620944374257,16.0],[11.871083157555276,45.40620334347829,16.0],[11.871088736413569,45.406199962646824,16.0],[11.871108029987532,45.406192366174906,16.0],[11.87112746031246,45.406187466636375,15.0],[11.871131530520797,45.406187094180304,15.0],[11.871306503372029,45.40612481312001,15.0],[11.871385496020524,45.40609501139391,15.0],[11.871408680778142,45.405987763021486,15.0],[11.871408999815449,45.40598649481649,15.0],[11.87142463250606,45.405914271363486,15.0]]]}},{"type":"Feature","id":"AR_STR:5951","properties":{"FID":5951},"geometry":{"type":"Polygon","coordinates":[[[11.876064690187407,45.40744841832171,17.0],[11.87606899118465,45.40738215066691,17.0],[11.876071080992492,45.407357884607755,17.0],[11.876069783133003,45.407322272341816,17.0],[11.876028182241127,45.407320890597916,17.0],[11.875888794209706,45.40731891314684,17.0],[11.875860917516821,45.40731853561566,17.0],[11.875867592771801,45.4073442909914,17.0],[11.875882657666446,45.40740187938615,17.0],[11.87583677299915,45.40740924675051,17.0],[11.87579088831907,45.407416614096725,17.0],[11.875727226063194,45.40740858726551,17.0],[11.875720453704748,45.40746897636352,17.0],[11.875772525778123,45.40748530643318,17.0],[11.875907701800529,45.40752762581021,17.0],[11.87601834210756,45.40747181967833,16.0],[11.876064690187407,45.40744841832171,17.0]]]}},{"type":"Feature","id":"AR_STR:5958","properties":{"FID":5958},"geometry":{"type":"Polygon","coordinates":[[[11.874805462826323,45.407415432689305,17.0],[11.874800015694815,45.407348420549035,17.0],[11.874753988865411,45.40734543961297,17.0],[11.874654063281884,45.40733544541827,17.0],[11.87470427805629,45.40739070820177,17.0],[11.874715518968062,45.40740320678022,17.0],[11.874710947795549,45.40766552857613,17.0],[11.87479631787999,45.407705953647614,16.0],[11.874805462826323,45.407415432689305,17.0]]]}},{"type":"Feature","id":"AR_STR:5959","properties":{"FID":5959},"geometry":{"type":"Polygon","coordinates":[[[11.876900685297416,45.40739835892555,18.0],[11.87689041327453,45.40737224423473,18.0],[11.876894064106466,45.407371162046196,18.0],[11.877050293740433,45.407289632002104,17.0],[11.876936089921937,45.407257676712575,17.0],[11.87686181078277,45.40723686638364,18.0],[11.876850757819199,45.40723813520226,18.0],[11.876773552307156,45.40725781424589,18.0],[11.8767813126269,45.40728228203506,18.0],[11.876783893311517,45.40729031810138,18.0],[11.876774317273412,45.40729298987676,18.0],[11.876603867345265,45.407341123334625,17.0],[11.876601892828242,45.407332441894184,17.0],[11.876249001164,45.4073939054222,17.0],[11.876173133670967,45.40739716804132,17.0],[11.876174292313278,45.407359603591175,17.0],[11.876071080992492,45.407357884607755,17.0],[11.87606899118465,45.40738215066691,17.0],[11.876163793098799,45.40738435166694,17.0],[11.876163329492734,45.40739786523943,17.0],[11.876161643547656,45.407450205043325,17.0],[11.876064690187407,45.40744841832171,17.0],[11.87601834210756,45.40747181967833,16.0],[11.875907701800529,45.40752762581021,17.0],[11.876024372071226,45.40756537077756,17.0],[11.87607881004527,45.407582991261016,17.0],[11.876185378889375,45.40756275254803,17.0],[11.876185884818202,45.40756264978237,17.0],[11.876408261414428,45.4075229292891,17.0],[11.876445216991074,45.407515876806116,17.0],[11.87644673934191,45.40751565840316,17.0],[11.876482177125215,45.40750891420881,17.0],[11.876593608807724,45.40748630220775,18.0],[11.876629830299846,45.40747737790768,18.0],[11.876631220457705,45.407477072822445,18.0],[11.876666056347581,45.407468543493835,18.0],[11.876900685297416,45.40739835892555,18.0]]]}},{"type":"Feature","id":"AR_STR:5960","properties":{"FID":5960},"geometry":{"type":"Polygon","coordinates":[[[11.874075480458021,45.4076332002347,17.0],[11.874064525036498,45.40751555971626,17.0],[11.874052530832053,45.407480666917024,17.0],[11.874149741911628,45.407447253942195,17.0],[11.874209086062951,45.40743063696946,17.0],[11.874245645167148,45.40742080479702,17.0],[11.87424791501344,45.407420207543524,17.0],[11.874324274626044,45.40741153305477,17.0],[11.87442319216746,45.407409221210145,17.0],[11.874569462665036,45.40740580633423,17.0],[11.874715518968062,45.40740320678022,17.0],[11.87470427805629,45.40739070820177,17.0],[11.874654063281884,45.40733544541827,17.0],[11.874603578422215,45.40732771605713,17.0],[11.874534934348276,45.407317203703755,17.0],[11.874362779967662,45.40733180205812,17.0],[11.874241209445948,45.407335944662215,17.0],[11.874168610641412,45.40735073523001,17.0],[11.874109057252447,45.407373298282366,17.0],[11.873995250467509,45.407404518872994,17.0],[11.873994744535626,45.407404621629006,17.0],[11.873962921604509,45.40742216552144,17.0],[11.873895551917032,45.40745941736154,17.0],[11.873783059241442,45.407521568966786,17.0],[11.87347093531586,45.40769397273884,17.0],[11.874018519249642,45.407638865593924,17.0],[11.874075480458021,45.4076332002347,17.0]]]}},{"type":"Feature","id":"AR_STR:5961","properties":{"FID":5961},"geometry":{"type":"Polygon","coordinates":[[[11.874743518305062,45.40727009285088,17.0],[11.874654063281884,45.40733544541827,17.0],[11.874753988865411,45.40734543961297,17.0],[11.874750139906567,45.4073174526625,17.0],[11.87474876271005,45.4073079460274,17.0],[11.874743518305062,45.40727009285088,17.0]]]}},{"type":"Feature","id":"AR_STR:5970","properties":{"FID":5970},"geometry":{"type":"Polygon","coordinates":[[[11.875831848334649,45.4071864997329,17.0],[11.875735863709227,45.40715597430273,17.0],[11.875740601483676,45.40717880810235,17.0],[11.875744609601329,45.407197339687805,17.0],[11.875745471451527,45.40720172858255,17.0],[11.875831848334649,45.4071864997329,17.0]]]}},{"type":"Feature","id":"AR_STR:5978","properties":{"FID":5978},"geometry":{"type":"Polygon","coordinates":[[[11.874743518305062,45.40727009285088,17.0],[11.874724752517132,45.40713455664111,17.0],[11.874650169357594,45.40712032344788,17.0],[11.874577629240802,45.40712116084838,17.0],[11.874509688115108,45.40712197235494,17.0],[11.874534934348276,45.407317203703755,17.0],[11.874603578422215,45.40732771605713,17.0],[11.874654063281884,45.40733544541827,17.0],[11.874743518305062,45.40727009285088,17.0]]]}},{"type":"Feature","id":"AR_STR:5981","properties":{"FID":5981},"geometry":{"type":"Polygon","coordinates":[[[11.87347093531586,45.40769397273884,17.0],[11.873344417433573,45.407580502532106,17.0],[11.873285912887036,45.40752805826725,17.0],[11.873197547748742,45.40744873203674,17.0],[11.87318081465089,45.4074337612423,17.0],[11.873179868756592,45.407379867527894,17.0],[11.872917610574953,45.407379090093585,17.0],[11.872871087068981,45.40737891129242,17.0],[11.872871168197243,45.407355325954775,16.0],[11.872867742413087,45.40716692587241,16.0],[11.872850399124367,45.40716259187665,17.0],[11.872841465392105,45.40716029645775,16.0],[11.872808200927231,45.40715195270044,16.0],[11.87279009665605,45.407152768572246,16.0],[11.872774166542655,45.40715361971424,16.0],[11.872769634471725,45.407361482848756,16.0],[11.872761967919303,45.40736149584649,16.0],[11.872756668685962,45.407408165768274,16.0],[11.872749710889266,45.407469999560014,16.0],[11.87276982075675,45.40746841309857,16.0],[11.87281617156774,45.40771955134427,17.0],[11.872832410076972,45.407792772778194,17.0],[11.8728499082599,45.40779008189584,17.0],[11.872996607589844,45.407767395551645,17.0],[11.87347093531586,45.40769397273884,17.0]],[[11.873144863286997,45.40748327331542,17.0],[11.873145262272718,45.40753898105236,17.0],[11.872912853832615,45.40753970228315,17.0],[11.872912582699145,45.40748399132627,17.0],[11.873144863286997,45.40748327331542,17.0]]]}},{"type":"Feature","id":"AR_STR:5985","properties":{"FID":5985},"geometry":{"type":"Polygon","coordinates":[[[11.877159247882572,45.4072107340448,17.0],[11.87709687709042,45.40705460472159,18.0],[11.877164902803338,45.407037857312865,18.0],[11.877143743402124,45.40698609355492,18.0],[11.877076223665739,45.40700273818029,18.0],[11.877026605530386,45.40687878179601,17.0],[11.877005333804131,45.4068398926427,17.0],[11.876958480416553,45.406860876784926,17.0],[11.876922747850415,45.40687689985643,17.0],[11.876890018818257,45.40689167702367,17.0],[11.876818993444362,45.40694495499392,17.0],[11.876812102376629,45.40695016944166,17.0],[11.876758067581259,45.406990777281564,17.0],[11.876784214139198,45.407052676806444,18.0],[11.876800193889657,45.4070905292614,18.0],[11.876820833124409,45.40713960582,18.0],[11.87684495101372,45.407196785811585,18.0],[11.87686181078277,45.40723686638364,18.0],[11.876936089921937,45.407257676712575,17.0],[11.877050293740433,45.407289632002104,17.0],[11.877159247882572,45.4072107340448,17.0]]]}},{"type":"Feature","id":"AR_STR:5989","properties":{"FID":5989},"geometry":{"type":"Polygon","coordinates":[[[11.875978805871148,45.40698278774272,17.0],[11.875768309579941,45.40697711167168,17.0],[11.875617501438619,45.407094958422164,17.0],[11.87561367278795,45.40714789229668,17.0],[11.875735863709227,45.40715597430273,17.0],[11.875831848334649,45.4071864997329,17.0],[11.875890239653275,45.40717629679248,17.0],[11.875833024525791,45.40698826238856,17.0],[11.875978805871148,45.40698278774272,17.0]]]}},{"type":"Feature","id":"AR_STR:6260","properties":{"FID":6260},"geometry":{"type":"Polygon","coordinates":[[[11.877579556281777,45.407502757124,17.0],[11.877534587968109,45.407397406318566,17.0],[11.87755264164789,45.407393080478414,17.0],[11.877500244229497,45.40728989729104,17.0],[11.877311147392314,45.40733067096436,18.0],[11.877315082051442,45.40734020308898,18.0],[11.877262133268395,45.407351889742856,18.0],[11.87735363861819,45.40753815858416,18.0],[11.877420010882197,45.407526583436756,18.0],[11.877485699310936,45.407514125370376,18.0],[11.877568818543478,45.40751022893,17.0],[11.87756430541378,45.407504401918565,17.0],[11.877579556281777,45.407502757124,17.0]],[[11.877460314781631,45.40742952362432,18.0],[11.877399266875248,45.40744528512973,18.0],[11.877380583980916,45.40740957121713,18.0],[11.87744175947842,45.40739380650403,18.0],[11.877460314781631,45.40742952362432,18.0]]]}},{"type":"Feature","id":"AR_STR:6316","properties":{"FID":6316},"geometry":{"type":"Polygon","coordinates":[[[11.875735863709227,45.40715597430273,17.0],[11.87561367278795,45.40714789229668,17.0],[11.875354550467607,45.4071308391762,17.0],[11.875299931967172,45.40712726485708,17.0],[11.875280307048588,45.40714846228687,17.0],[11.875304411602233,45.4071726983371,17.0],[11.875745471451527,45.40720172858255,17.0],[11.875744609601329,45.407197339687805,17.0],[11.875740601483676,45.40717880810235,17.0],[11.875735863709227,45.40715597430273,17.0]]]}},{"type":"Feature","id":"AR_STR:6389","properties":{"FID":6389},"geometry":{"type":"Polygon","coordinates":[[[11.875299497876439,45.40733763518966,17.0],[11.875273656127785,45.40730687199692,17.0],[11.874743518305062,45.40727009285088,17.0],[11.87474876271005,45.4073079460274,17.0],[11.874750139906567,45.4073174526625,17.0],[11.874753988865411,45.40734543961297,17.0],[11.874800015694815,45.407348420549035,17.0],[11.875281187286161,45.4073796824162,17.0],[11.875299497876439,45.40733763518966,17.0]]]}},{"type":"Feature","id":"AR_STR:6390","properties":{"FID":6390},"geometry":{"type":"Polygon","coordinates":[[[11.87531875305592,45.40730915605569,17.0],[11.875304411602233,45.4071726983371,17.0],[11.875280307048588,45.40714846228687,17.0],[11.875260691246044,45.407169839508676,17.0],[11.875273656127785,45.40730687199692,17.0],[11.875299497876439,45.40733763518966,17.0],[11.87531875305592,45.40730915605569,17.0]]]}},{"type":"Feature","id":"AR_STR:6391","properties":{"FID":6391},"geometry":{"type":"Polygon","coordinates":[[[11.875299931967172,45.40712726485708,17.0],[11.875297386586366,45.407102305502455,17.0],[11.8753038953575,45.40710214148456,17.0],[11.875301199322102,45.40707421551125,17.0],[11.875272607022723,45.407072325655214,17.0],[11.875244014724895,45.40707043579194,17.0],[11.875247235325086,45.40710365929025,17.0],[11.875253621038906,45.407103588388715,17.0],[11.875255696588955,45.40712432899243,17.0],[11.875280307048588,45.40714846228687,17.0],[11.875299931967172,45.40712726485708,17.0]]]}},{"type":"Feature","id":"AR_STR:6458","properties":{"FID":6458},"geometry":{"type":"Polygon","coordinates":[[[11.875965487687548,45.40839605077565,16.0],[11.875905504265758,45.40840512371843,16.0],[11.875845648449147,45.40841419341345,16.0],[11.875847561609154,45.40849965712829,16.0],[11.875897440792583,45.40850047023558,16.0],[11.875947315409821,45.408501193423554,16.0],[11.875965487687548,45.40839605077565,16.0]]]}},{"type":"Feature","id":"AR_STR:7285","properties":{"FID":7285},"geometry":{"type":"Polygon","coordinates":[[[11.876751327601141,45.406060847163225,16.0],[11.877070911573917,45.40596772738387,14.0],[11.877131351601617,45.40595009111501,14.0],[11.877346667456608,45.40588723356137,14.0],[11.877517157777298,45.40583747773818,15.0],[11.877508860982864,45.40582508521137,15.0],[11.877500559623591,45.405812602786476,15.0],[11.877329699913236,45.40586011758517,14.0],[11.877316733221909,45.40586395506091,14.0],[11.877173128499983,45.40590466147003,13.0],[11.877116065757345,45.40592086241253,14.0],[11.87705051610082,45.405936017146935,15.0],[11.876871291781821,45.40598239198095,16.0],[11.87676779468235,45.40601272531629,16.0],[11.876738962417434,45.40602119332606,16.0],[11.876696028487046,45.406033797386144,16.0],[11.876702438767524,45.406051818314964,16.0],[11.876708849052337,45.40606983924325,16.0],[11.876745511868872,45.406062073941875,16.0],[11.876751327601141,45.406060847163225,16.0]]]}},{"type":"Feature","id":"AR_STR:7454","properties":{"FID":7454},"geometry":{"type":"Polygon","coordinates":[[[11.874487372589996,45.40630738057921,16.0],[11.874498172074547,45.40626588274821,16.0],[11.874496115941245,45.40625810345203,16.0],[11.87449248238125,45.4062444230641,16.0],[11.874432733861534,45.40626060031081,16.0],[11.87436218265496,45.40627038872861,16.0],[11.874279065847418,45.40628940488418,16.0],[11.874270445667118,45.4062706293747,16.0],[11.874270017168202,45.40626974004289,16.0],[11.874174607769286,45.40629077601704,16.0],[11.874179741229447,45.40631134960233,16.0],[11.87418452818292,45.406330131664006,16.0],[11.874239187253595,45.406339556314514,16.0],[11.874250144594038,45.40634144059847,16.0],[11.874423940746727,45.40631644960571,16.0],[11.874487372589996,45.40630738057921,16.0]]]}},{"type":"Feature","id":"AR_STR:7690","properties":{"FID":7690},"geometry":{"type":"Polygon","coordinates":[[[11.875280307048588,45.40714846228687,17.0],[11.875255696588955,45.40712432899243,17.0],[11.875222746821908,45.40712218887786,17.0],[11.874831948767572,45.407096480894914,17.0],[11.874738610161968,45.40709037137829,17.0],[11.874718463805904,45.40708871865374,16.0],[11.874721546630687,45.40711168420402,17.0],[11.874721902293091,45.407113655520035,17.0],[11.874724752517132,45.40713455664111,17.0],[11.875260691246044,45.407169839508676,17.0],[11.875280307048588,45.40714846228687,17.0]]]}},{"type":"Feature","id":"AR_STR:7819","properties":{"FID":7819},"geometry":{"type":"Polygon","coordinates":[[[11.875860917516821,45.40731853561566,17.0],[11.875857166399614,45.40726984334382,17.0],[11.87581029281094,45.407277865710846,17.0],[11.875776846826724,45.4072835693574,17.0],[11.875763296150845,45.407285981173,17.0],[11.875774559161185,45.40733916477472,17.0],[11.87531875305592,45.40730915605569,17.0],[11.875299497876439,45.40733763518966,17.0],[11.875326443853714,45.40738259253712,17.0],[11.875727226063194,45.40740858726551,17.0],[11.87579088831907,45.407416614096725,17.0],[11.87583677299915,45.40740924675051,17.0],[11.875882657666446,45.40740187938615,17.0],[11.875867592771801,45.4073442909914,17.0],[11.875860917516821,45.40731853561566,17.0]]]}},{"type":"Feature","id":"AR_STR:8265","properties":{"FID":8265},"geometry":{"type":"Polygon","coordinates":[[[11.875339284449558,45.40744671796062,16.0],[11.875310318220533,45.40744501756227,16.0],[11.875281351992884,45.4074433171565,16.0],[11.87528185084345,45.40746823806905,16.0],[11.875286119516515,45.407720885806775,16.0],[11.875287048965195,45.40777189951322,16.0],[11.87529518541106,45.40772074736396,16.0],[11.875335316493029,45.40747175143572,16.0],[11.875339284449558,45.40744671796062,16.0]]]}},{"type":"Feature","id":"AR_STR:8929","properties":{"FID":8929},"geometry":{"type":"Polygon","coordinates":[[[11.876244483903248,45.40697294045267,17.0],[11.876233244609352,45.406932808121255,17.0],[11.876222137521808,45.406892762468516,17.0],[11.876157611065542,45.40689789949845,17.0],[11.876102102046026,45.40692207188611,17.0],[11.876032128873135,45.40692815625104,17.0],[11.875962032626948,45.40693433368768,16.0],[11.875969217894772,45.40695503549921,17.0],[11.875978805871148,45.40698278774272,17.0],[11.876244483903248,45.40697294045267,17.0]]]}},{"type":"Feature","id":"AR_STR:8971","properties":{"FID":8971},"geometry":{"type":"Polygon","coordinates":[[[11.876169050933555,45.40834564339093,16.0],[11.876162326811162,45.408195671928134,17.0],[11.876141392089245,45.408012483980116,16.0],[11.876129089131048,45.408004242904866,16.0],[11.87610990764672,45.407991404546756,16.0],[11.876076980429326,45.40799223452585,17.0],[11.876044946584672,45.40799304197704,17.0],[11.876056604448307,45.40807159913725,17.0],[11.876061700317269,45.40807129066474,17.0],[11.876061727717172,45.408071830049494,17.0],[11.876071279232416,45.40819193609342,17.0],[11.8760721060447,45.40821072787881,16.0],[11.876083715386386,45.40821034523725,16.0],[11.876091699916715,45.40833985208194,16.0],[11.876107498584876,45.408343954480564,16.0],[11.876127308452595,45.40834903591845,16.0],[11.876156324902178,45.40834668427757,16.0],[11.876169050933555,45.40834564339093,16.0]]]}},{"type":"Feature","id":"AR_STR:8994","properties":{"FID":8994},"geometry":{"type":"Polygon","coordinates":[[[11.877215558855948,45.408484792219,17.0],[11.87716712071048,45.40848970415567,17.0],[11.877169820875718,45.40850511822924,17.0],[11.877171907795857,45.40853864029119,17.0],[11.877173492477212,45.40856479398738,17.0],[11.87718262558797,45.40867158862165,17.0],[11.877194113773731,45.40880460753498,16.0],[11.877216343934835,45.40880701738851,16.0],[11.87724191523194,45.408809793048626,16.0],[11.877230832065628,45.408672173286526,17.0],[11.877215558855948,45.408484792219,17.0]]]}},{"type":"Feature","id":"AR_STR:9381","properties":{"FID":9381},"geometry":{"type":"Polygon","coordinates":[[[11.871977568478048,45.406975195416365,17.0],[11.872096084805092,45.40697635283536,17.0],[11.872096312377197,45.40696320527021,17.0],[11.872146705287946,45.40696409710102,17.0],[11.872147589852599,45.40697649657109,17.0],[11.872777346889437,45.40699970814268,16.0],[11.872747942140277,45.40696417340317,16.0],[11.87266722628113,45.40686683167701,16.0],[11.872578333407214,45.40675943431962,16.0],[11.87252983230924,45.406619515622566,16.0],[11.872473536706513,45.406456929929796,16.0],[11.872460814405935,45.406420255035876,16.0],[11.872451349986502,45.406498174161165,16.0],[11.87244333399434,45.406544192366084,16.0],[11.87242938421237,45.406611782944786,16.0],[11.872419490265571,45.40665604817187,16.0],[11.872404865912484,45.40672545598007,16.0],[11.872396831390489,45.40676355353947,16.0],[11.872386276856703,45.40681998709111,16.0],[11.872376814836473,45.40682994664601,16.0],[11.872363400995656,45.40683757534257,16.0],[11.87234875196926,45.40684604524488,16.0],[11.872327689950247,45.40685656684672,16.0],[11.872311792049022,45.4068656082582,16.0],[11.872289914042634,45.4068726399034,16.0],[11.872273241132547,45.40687648008908,16.0],[11.872235824919256,45.40687949224883,16.0],[11.872046446151662,45.40687696823247,16.0],[11.872010652480212,45.40687669902435,16.0],[11.87191529081046,45.4068760388715,16.0],[11.871883453393247,45.40687314969289,17.0],[11.871882017887364,45.40688515749732,15.0],[11.871879356521507,45.406908267703585,16.0],[11.871831024624573,45.406945489215374,17.0],[11.871812501349906,45.406960717490804,17.0],[11.871762706712762,45.40702200914799,17.0],[11.871746726410166,45.40701935091889,17.0],[11.871707085938825,45.40703142014385,17.0],[11.871611410098483,45.40706740276391,17.0],[11.871599937394995,45.40705031907051,17.0],[11.871566012599676,45.40706422467631,17.0],[11.871224783748671,45.40701556378323,17.0],[11.871090022567383,45.40699645165488,17.0],[11.870925529755048,45.4069605349988,16.0],[11.87087678701781,45.407017389185484,17.0],[11.870824552783358,45.4070784717765,17.0],[11.870796316167878,45.407111316703926,17.0],[11.870789802826303,45.40711895162344,17.0],[11.870828285860654,45.40711429287069,17.0],[11.870986269969203,45.40709492568735,17.0],[11.871178931022692,45.40707144524936,17.0],[11.871280496624454,45.40708860222869,17.0],[11.871279010759617,45.407092060097355,17.0],[11.871317188472977,45.407099020485425,17.0],[11.871455842494749,45.40711929455467,17.0],[11.87162450196697,45.407149164750784,17.0],[11.871724727336137,45.4071424117179,17.0],[11.871775287805722,45.40707858045113,17.0],[11.871877453039529,45.40699166726364,17.0],[11.871907225158251,45.406966434489036,17.0],[11.871962253542119,45.40696801984091,17.0],[11.871961050384622,45.406974531030485,17.0],[11.871977568478048,45.406975195416365,17.0]]]}},{"type":"Feature","id":"AR_STR:9382","properties":{"FID":9382},"geometry":{"type":"Polygon","coordinates":[[[11.872727012497943,45.40659699894654,16.0],[11.872608817787642,45.4063754832741,16.0],[11.872576529761941,45.40638385720691,16.0],[11.872531786551725,45.406300371802644,16.0],[11.872568468643232,45.40630052846806,16.0],[11.872533516351265,45.406231198585836,16.0],[11.87252641012425,45.40621706548476,15.0],[11.872470162138333,45.4061057857601,15.0],[11.872528571126992,45.4060909034414,15.0],[11.872512097868439,45.40605837354909,15.0],[11.872453684347493,45.40607316596092,15.0],[11.872409214918482,45.40598499295789,15.0],[11.8723715389174,45.405967758869025,15.0],[11.872279568727992,45.40592560785134,15.0],[11.872203138801941,45.405973168181625,15.0],[11.87219013535718,45.40598132660356,15.0],[11.872234880823461,45.40600693399198,15.0],[11.872278196510544,45.406082444330536,15.0],[11.872460814405935,45.406420255035876,16.0],[11.872473536706513,45.406456929929796,16.0],[11.87252983230924,45.406619515622566,16.0],[11.872578333407214,45.40675943431962,16.0],[11.872703640293397,45.40662243085813,16.0],[11.872727012497943,45.40659699894654,16.0]]]}},{"type":"Feature","id":"AR_STR:9383","properties":{"FID":9383},"geometry":{"type":"Polygon","coordinates":[[[11.874334987166455,45.40686488684188,17.0],[11.874326420344719,45.40682702732643,17.0],[11.874313298918318,45.40676992983927,17.0],[11.874297947817368,45.406699116591945,17.0],[11.8743238684866,45.406693692961724,17.0],[11.87430642444599,45.4066093405376,17.0],[11.874301327097516,45.406584445445034,17.0],[11.874297953047797,45.40656580782205,17.0],[11.874292764276538,45.406536594427834,17.0],[11.87429340238556,45.40653657835344,17.0],[11.874274881765027,45.406436050776826,16.0],[11.874250144594038,45.40634144059847,16.0],[11.874239187253595,45.406339556314514,16.0],[11.87418452818292,45.406330131664006,16.0],[11.87416446608676,45.406360341175066,16.0],[11.874148915898267,45.40638377609874,16.0],[11.874169498889335,45.4064494168752,17.0],[11.874179412305152,45.40644835704657,16.0],[11.874203593292389,45.40654208112331,17.0],[11.874207153013135,45.40654172141652,17.0],[11.874211406849586,45.40656258719512,17.0],[11.874221414364388,45.40660869158726,17.0],[11.874231882813772,45.40666387563827,17.0],[11.874284959768156,45.4068762284825,17.0],[11.874300494494467,45.40689527986996,17.0],[11.874334002663282,45.4069361115946,17.0],[11.874334987166455,45.40686488684188,17.0]]]}},{"type":"Feature","id":"AR_STR:9385","properties":{"FID":9385},"geometry":{"type":"Polygon","coordinates":[[[11.876247212805243,45.40649337463146,17.0],[11.876215206154958,45.40643684342746,17.0],[11.876182817192737,45.406385362555966,17.0],[11.876183546781377,45.40629407140076,17.0],[11.876192393003715,45.40628709746715,17.0],[11.876185964830038,45.406271237263375,16.0],[11.876126498489702,45.40627786695074,16.0],[11.876100429476152,45.406204893765356,16.0],[11.876074483588356,45.40613182745715,16.0],[11.876023376248531,45.405988555451465,16.0],[11.876005163651707,45.40594697863355,16.0],[11.8759853639144,45.40589428025565,16.0],[11.87594495976836,45.405760459790336,16.0],[11.875924355875773,45.40573469543543,16.0],[11.87590773996547,45.40575725733656,16.0],[11.87589685712052,45.40577193365171,16.0],[11.875924622427384,45.40590850303653,16.0],[11.875978271412444,45.406086725922734,16.0],[11.876012770093292,45.4061847801991,17.0],[11.876041087664335,45.406226552371706,17.0],[11.876036192642426,45.40622829598223,17.0],[11.876074521866864,45.40629609946825,16.0],[11.87618223903549,45.40648718136553,17.0],[11.876209055444484,45.40650945860371,17.0],[11.876265095116807,45.40655611269109,17.0],[11.876247212805243,45.40649337463146,17.0]]]}},{"type":"Feature","id":"AR_STR:9392","properties":{"FID":9392},"geometry":{"type":"Polygon","coordinates":[[[11.875570244793591,45.40662241316973,16.0],[11.875504239089919,45.40648770755167,17.0],[11.875478140494634,45.4064342677028,16.0],[11.875464605735159,45.40640679490309,16.0],[11.875454314267875,45.4064104747358,17.0],[11.875450544976564,45.40641173988878,17.0],[11.875412734975733,45.40633150137196,16.0],[11.875412283631881,45.406330162557225,16.0],[11.875382412812945,45.40624018262337,16.0],[11.875417279907946,45.406229762624456,16.0],[11.875356573893916,45.40612642776543,16.0],[11.875353921249186,45.40612703468763,16.0],[11.87530457055225,45.40604096610045,16.0],[11.875265212593463,45.4060334067005,16.0],[11.875225986830108,45.406025933968365,16.0],[11.875218062254365,45.40604602644121,16.0],[11.875209800461237,45.4060670275368,16.0],[11.875258941852682,45.40615904227003,16.0],[11.875251271107473,45.40616148588083,16.0],[11.875329998261114,45.40631270342837,16.0],[11.87533198582724,45.406316613896024,16.0],[11.875412550558254,45.40647129556768,16.0],[11.875415819125841,45.40647778411689,16.0],[11.875453341404778,45.40654983873667,16.0],[11.875499785107866,45.40663904094141,16.0],[11.87553175621635,45.40665965821954,16.0],[11.87557747029775,45.40668920043594,16.0],[11.875573145950314,45.40664934383044,16.0],[11.875570244793591,45.40662241316973,16.0]]]}},{"type":"Feature","id":"AR_STR:9394","properties":{"FID":9394},"geometry":{"type":"Polygon","coordinates":[[[11.874692961960687,45.40683057498482,17.0],[11.874684008362154,45.406805236989634,17.0],[11.874707413105568,45.40680059675937,17.0],[11.874691607738566,45.40675859903705,16.0],[11.874678615178523,45.40672418151591,17.0],[11.87467816384827,45.406722842697995,17.0],[11.87465643208682,45.40666479201494,17.0],[11.874629306211524,45.406576002907975,16.0],[11.874623612041832,45.40655697368389,16.0],[11.874609579305258,45.406507100194894,16.0],[11.874594315675406,45.40645311713514,16.0],[11.874581532168555,45.406407712799115,16.0],[11.87457531979215,45.40640867942194,16.0],[11.874551542414576,45.40629271214496,16.0],[11.874542362474534,45.40628808273453,16.0],[11.874498172074547,45.40626588274821,16.0],[11.874487372589996,45.40630738057921,16.0],[11.874514626223252,45.406403727561965,16.0],[11.874502064719117,45.40640548421991,16.0],[11.874528361354564,45.406503115483495,16.0],[11.874519965705845,45.40650386706811,16.0],[11.87453401865897,45.406584344337965,16.0],[11.874542926852136,45.406613824068465,16.0],[11.874605330125275,45.40682108112821,17.0],[11.874625896986753,45.40684108584562,17.0],[11.874676315957016,45.40689031265769,17.0],[11.874692961960687,45.40683057498482,17.0]]]}},{"type":"Feature","id":"AR_STR:9398","properties":{"FID":9398},"geometry":{"type":"Polygon","coordinates":[[[11.877005333804131,45.4068398926427,17.0],[11.876873557072287,45.406487215478315,17.0],[11.876807805146012,45.406450617934794,17.0],[11.87677676843903,45.40643330792128,17.0],[11.876756692130256,45.40644560574183,17.0],[11.876676997510659,45.4064942415183,17.0],[11.876805616592245,45.40682503545279,17.0],[11.876890018818257,45.40689167702367,17.0],[11.876922747850415,45.40687689985643,17.0],[11.876958480416553,45.406860876784926,17.0],[11.877005333804131,45.4068398926427,17.0]]]}},{"type":"Feature","id":"AR_STR:9402","properties":{"FID":9402},"geometry":{"type":"Polygon","coordinates":[[[11.876676997510659,45.4064942415183,17.0],[11.876756692130256,45.40644560574183,17.0],[11.87677676843903,45.40643330792128,17.0],[11.876769237975635,45.40642593672536,17.0],[11.876768567896683,45.40642532353155,17.0],[11.876694001642136,45.4063938088318,17.0],[11.876653660426303,45.40640211691685,17.0],[11.876483179775363,45.40643701912393,17.0],[11.87639945712274,45.40645416183474,17.0],[11.876247212805243,45.40649337463146,17.0],[11.876265095116807,45.40655611269109,17.0],[11.87626786675271,45.40656036342779,17.0],[11.876282677658377,45.406582763257475,17.0],[11.876652060032521,45.406483798681194,17.0],[11.876676997510659,45.4064942415183,17.0]]]}},{"type":"Feature","id":"AR_STR:9403","properties":{"FID":9403},"geometry":{"type":"Polygon","coordinates":[[[11.87276781682514,45.40664313820604,16.0],[11.872929198326844,45.40660514019806,16.0],[11.8730626716462,45.40657369550747,16.0],[11.873133008980146,45.40655716233611,16.0],[11.873125304433774,45.40651865092811,16.0],[11.873086269218803,45.406492270018575,16.0],[11.873044195064844,45.40649413955492,16.0],[11.873046246863826,45.40651191038333,16.0],[11.872914232648814,45.40655447987743,16.0],[11.872727012497943,45.40659699894654,16.0],[11.872703640293397,45.40662243085813,16.0],[11.872578333407214,45.40675943431962,16.0],[11.872729521847276,45.406666605509635,16.0],[11.87276781682514,45.40664313820604,16.0]]]}},{"type":"Feature","id":"AR_STR:9409","properties":{"FID":9409},"geometry":{"type":"Polygon","coordinates":[[[11.876084622448706,45.40663582240886,17.0],[11.876156107239881,45.40661673809589,17.0],[11.876282677658377,45.406582763257475,17.0],[11.87626786675271,45.40656036342779,17.0],[11.876265095116807,45.40655611269109,17.0],[11.876209055444484,45.40650945860371,17.0],[11.87618223903549,45.40648718136553,17.0],[11.875998029941371,45.406528549757795,17.0],[11.87599918333703,45.4065311310507,17.0],[11.875907019551398,45.40655316681789,17.0],[11.875906294685985,45.40655147484888,17.0],[11.875831222550579,45.40656785903125,17.0],[11.875830210709042,45.40656806455904,17.0],[11.875699514593432,45.406596292057024,16.0],[11.875698511660769,45.406594157031904,16.0],[11.8756086628832,45.40661397391038,16.0],[11.875570244793591,45.40662241316973,16.0],[11.875573145950314,45.40664934383044,16.0],[11.87557747029775,45.40668920043594,16.0],[11.875822274839248,45.406663407877915,17.0],[11.87588519198227,45.406656781385976,17.0],[11.876023610552554,45.406642220962375,17.0],[11.876084622448706,45.40663582240886,17.0]]]}},{"type":"Feature","id":"AR_STR:9412","properties":{"FID":9412},"geometry":{"type":"Polygon","coordinates":[[[11.872808200927231,45.40715195270044,16.0],[11.872868100434355,45.40711353939874,16.0],[11.87289236194867,45.40709807646002,16.0],[11.872870119596087,45.40699467195431,16.0],[11.872827560895242,45.406848482913894,16.0],[11.87276781682514,45.40664313820604,16.0],[11.872729521847276,45.406666605509635,16.0],[11.872578333407214,45.40675943431962,16.0],[11.87266722628113,45.40686683167701,16.0],[11.872747942140277,45.40696417340317,16.0],[11.872777346889437,45.40699970814268,16.0],[11.872774166542655,45.40715361971424,16.0],[11.87279009665605,45.407152768572246,16.0],[11.872808200927231,45.40715195270044,16.0]]]}},{"type":"Feature","id":"AR_STR:9429","properties":{"FID":9429},"geometry":{"type":"Polygon","coordinates":[[[11.875768309579941,45.40697711167168,17.0],[11.875962032626948,45.40693433368768,16.0],[11.876032128873135,45.40692815625104,17.0],[11.876102102046026,45.40692207188611,17.0],[11.876157611065542,45.40689789949845,17.0],[11.876084622448706,45.40663582240886,17.0],[11.876023610552554,45.406642220962375,17.0],[11.87588519198227,45.406656781385976,17.0],[11.875822274839248,45.406663407877915,17.0],[11.87557747029775,45.40668920043594,16.0],[11.875580558655507,45.406719816894324,16.0],[11.875615101806584,45.407070355451665,17.0],[11.87561685810055,45.407087323566536,17.0],[11.875617501438619,45.407094958422164,17.0],[11.875768309579941,45.40697711167168,17.0]]]}},{"type":"Feature","id":"AR_STR:9432","properties":{"FID":9432},"geometry":{"type":"Polygon","coordinates":[[[11.876999399356821,45.40737192660473,18.0],[11.877050293740433,45.407289632002104,17.0],[11.876894064106466,45.407371162046196,18.0],[11.876906853575383,45.40736885930149,18.0],[11.876932058775619,45.407364443256306,18.0],[11.876957136348317,45.407360030423554,18.0],[11.876996257758838,45.40744338579041,18.0],[11.87701316745464,45.40743917889319,18.0],[11.877030072579746,45.40743488209613,18.0],[11.876999399356821,45.40737192660473,18.0]]]}},{"type":"Feature","id":"AR_STR:9443","properties":{"FID":9443},"geometry":{"type":"Polygon","coordinates":[[[11.873994744535626,45.407404621629006,17.0],[11.873959315755723,45.40741406520035,17.0],[11.8739233764682,45.40742352161903,17.0],[11.873816784577016,45.407450869790765,17.0],[11.873701655055152,45.407471141868825,17.0],[11.87369975438403,45.40747145977586,17.0],[11.873540188412726,45.40748483971574,17.0],[11.873539167420567,45.40748486542846,17.0],[11.873472105245348,45.407480343438884,17.0],[11.873428630832219,45.40747729768877,17.0],[11.873432253015036,45.40744795238407,17.0],[11.873434772695887,45.40742961637781,17.0],[11.873381403088993,45.40743051031691,17.0],[11.873290749043862,45.407431983079036,17.0],[11.87318081465089,45.4074337612423,17.0],[11.873197547748742,45.40744873203674,17.0],[11.873285912887036,45.40752805826725,17.0],[11.873344417433573,45.407580502532106,17.0],[11.87347093531586,45.40769397273884,17.0],[11.873783059241442,45.407521568966786,17.0],[11.873895551917032,45.40745941736154,17.0],[11.873962921604509,45.40742216552144,17.0],[11.873994744535626,45.407404621629006,17.0]]]}},{"type":"Feature","id":"AR_STR:9445","properties":{"FID":9445},"geometry":{"type":"Polygon","coordinates":[[[11.87753569965775,45.40791963122633,17.0],[11.877398546132344,45.40763225942074,18.0],[11.87735363861819,45.40753815858416,18.0],[11.877262133268395,45.407351889742856,18.0],[11.877241281000984,45.40735646613293,18.0],[11.877191518580833,45.40725231623166,17.0],[11.877138305755162,45.407266349813256,17.0],[11.877050293740433,45.407289632002104,17.0],[11.876999399356821,45.40737192660473,18.0],[11.877038938913818,45.40736291851133,18.0],[11.877098314320376,45.40734944968579,17.0],[11.877127930104859,45.40741171171404,17.0],[11.877172568186205,45.40750554939746,17.0],[11.877287453483296,45.40774703653254,18.0],[11.877314639678849,45.407804229059245,18.0],[11.877392536350404,45.407881115708484,17.0],[11.877423338583629,45.40791139327382,17.0],[11.877472580313869,45.40796001844113,17.0],[11.87750285385916,45.40798994926712,17.0],[11.877560164427862,45.40804647204008,17.0],[11.8775702571602,45.408056478940196,17.0],[11.877626355272255,45.40811177208087,17.0],[11.877589411814315,45.40803358273969,17.0],[11.877587834317225,45.40803020204595,17.0],[11.87758682671722,45.40802797714302,17.0],[11.87758109119703,45.408015700055934,17.0],[11.877576805550225,45.40800680688106,17.0],[11.877551159926668,45.40795227594346,17.0],[11.87753569965775,45.40791963122633,17.0]]]}},{"type":"Feature","id":"AR_STR:9452","properties":{"FID":9452},"geometry":{"type":"Polygon","coordinates":[[[11.876017631601568,45.4078150555263,17.0],[11.876007813496404,45.407717369321844,17.0],[11.87577699099837,45.40751786845768,17.0],[11.875720453704748,45.40746897636352,17.0],[11.87543874049202,45.40745249279597,17.0],[11.87543916657504,45.40747849569248,17.0],[11.875442131249859,45.407718034450205,16.0],[11.875442727761133,45.40776500597996,16.0],[11.875474360724892,45.40782172683343,16.0],[11.87549474279485,45.40785820834858,16.0],[11.875636259578739,45.40784672075872,17.0],[11.875945127662254,45.40782165369002,17.0],[11.875964344165213,45.40782008918224,17.0],[11.876017631601568,45.4078150555263,17.0]]]}},{"type":"Feature","id":"AR_STR:9453","properties":{"FID":9453},"geometry":{"type":"Polygon","coordinates":[[[11.875442727761133,45.40776500597996,16.0],[11.875442131249859,45.407718034450205,16.0],[11.87543916657504,45.40747849569248,17.0],[11.87543874049202,45.40745249279597,17.0],[11.875339284449558,45.40744671796062,16.0],[11.875335316493029,45.40747175143572,16.0],[11.87529518541106,45.40772074736396,16.0],[11.875287048965195,45.40777189951322,16.0],[11.875283452207425,45.40782185711353,16.0],[11.875280674948195,45.407860272453625,16.0],[11.875423755885462,45.407856936855914,16.0],[11.875429815611374,45.407827800099405,16.0],[11.875442727761133,45.40776500597996,16.0]]]}},{"type":"Feature","id":"AR_STR:9455","properties":{"FID":9455},"geometry":{"type":"Polygon","coordinates":[[[11.87607881004527,45.407582991261016,17.0],[11.876024372071226,45.40756537077756,17.0],[11.875907701800529,45.40752762581021,17.0],[11.875772525778123,45.40748530643318,17.0],[11.875720453704748,45.40746897636352,17.0],[11.87577699099837,45.40751786845768,17.0],[11.876007813496404,45.407717369321844,17.0],[11.87607179002493,45.4077189971817,17.0],[11.876127192896428,45.407720391057325,17.0],[11.87607881004527,45.407582991261016,17.0]]]}},{"type":"Feature","id":"AR_STR:9461","properties":{"FID":9461},"geometry":{"type":"Polygon","coordinates":[[[11.874723594005898,45.408518619113735,16.0],[11.874750403846514,45.408382204706164,16.0],[11.874786681739566,45.40838444112994,16.0],[11.874804110699424,45.40830740131359,16.0],[11.874811914127575,45.40830756475497,16.0],[11.87481722307794,45.408291318745526,16.0],[11.874919515729335,45.408297562639525,16.0],[11.874925698621073,45.40826581244381,16.0],[11.87482535217738,45.40825762925609,16.0],[11.874846329868756,45.40815484643898,16.0],[11.874851761107486,45.40812842592643,16.0],[11.874857716537042,45.408102262243894,16.0],[11.87477411687036,45.408096717491304,16.0],[11.874792955780922,45.40791657775885,16.0],[11.874793233669251,45.407914500468344,16.0],[11.87480035778441,45.407850952126395,16.0],[11.87479631787999,45.407705953647614,16.0],[11.87477904076304,45.407738163382696,16.0],[11.874765158913585,45.40776425672965,16.0],[11.87473932650101,45.40792494991969,16.0],[11.87471931403017,45.40795110770619,16.0],[11.874713313084872,45.40797889275499,16.0],[11.874703202190881,45.408026404090506,16.0],[11.874688142906848,45.40809726333779,16.0],[11.874673716972442,45.40816549626135,16.0],[11.874659787637016,45.408230926281696,16.0],[11.874627791504674,45.40838097321684,16.0],[11.8746171792862,45.40843119754928,16.0],[11.874600347269872,45.40850993253545,16.0],[11.874658177609817,45.40853646948643,16.0],[11.874696875026311,45.40852595321027,16.0],[11.874723594005898,45.408518619113735,16.0]]]}},{"type":"Feature","id":"AR_STR:9480","properties":{"FID":9480},"geometry":{"type":"Polygon","coordinates":[[[11.873115529528553,45.40845893808849,16.0],[11.873130808182601,45.408457833265246,16.0],[11.873113872840488,45.40841118313322,16.0],[11.873150250629218,45.40840531643184,16.0],[11.87311897366631,45.40831528132417,17.0],[11.873040961755978,45.408089963936426,17.0],[11.873013542770261,45.40803565665555,17.0],[11.87299364979213,45.40799619196755,17.0],[11.873042674844555,45.40796507336902,17.0],[11.873044780606167,45.407963760170595,17.0],[11.873263801973838,45.40782511647243,17.0],[11.87347093531586,45.40769397273884,17.0],[11.872996607589844,45.407767395551645,17.0],[11.8728499082599,45.40779008189584,17.0],[11.872832410076972,45.407792772778194,17.0],[11.872884945019349,45.40799955911062,16.0],[11.872897066764903,45.408047050578666,17.0],[11.872946397273457,45.40823852540956,16.0],[11.8730101424858,45.408469782864564,16.0],[11.873038621288545,45.40846690547989,16.0],[11.873115529528553,45.40845893808849,16.0]]]}},{"type":"Feature","id":"AR_STR:9481","properties":{"FID":9481},"geometry":{"type":"Polygon","coordinates":[[[11.874765158913585,45.40776425672965,16.0],[11.87477904076304,45.407738163382696,16.0],[11.87479631787999,45.407705953647614,16.0],[11.874710947795549,45.40766552857613,17.0],[11.874610384232772,45.407665631825196,17.0],[11.874607704122326,45.407665699346424,17.0],[11.874359302693675,45.407688699499836,17.0],[11.874227859168023,45.407699751732835,17.0],[11.874229019299637,45.40773770781434,17.0],[11.874242454054157,45.40777328440657,17.0],[11.874252346641315,45.4077994989055,17.0],[11.87443312144396,45.407780993038806,17.0],[11.874442023216623,45.40778013869785,17.0],[11.874593558347712,45.407764619492426,17.0],[11.874765158913585,45.40776425672965,16.0]]]}},{"type":"Feature","id":"AR_STR:9485","properties":{"FID":9485},"geometry":{"type":"Polygon","coordinates":[[[11.872577372766104,45.40774293592837,17.0],[11.872576936272335,45.40777463134259,17.0],[11.87260723017462,45.407810053724596,17.0],[11.872740000692726,45.40779743973777,17.0],[11.872734096909838,45.40776671406545,17.0],[11.872728393739974,45.40773742354303,17.0],[11.872577372766104,45.40774293592837,17.0]]]}},{"type":"Feature","id":"AR_STR:9486","properties":{"FID":9486},"geometry":{"type":"Polygon","coordinates":[[[11.874216753213478,45.40780318589938,17.0],[11.874221988641379,45.407775420159496,17.0],[11.874229019299637,45.40773770781434,17.0],[11.874227859168023,45.407699751732835,17.0],[11.874082171841554,45.40771215273801,17.0],[11.874075480458021,45.4076332002347,17.0],[11.874018519249642,45.407638865593924,17.0],[11.87347093531586,45.40769397273884,17.0],[11.873762916465768,45.40775412869799,17.0],[11.873982707211681,45.40779935992147,17.0],[11.87407284339051,45.40781788244397,17.0],[11.874129294272244,45.40781222991242,17.0],[11.874147603773674,45.40781041852001,17.0],[11.874186378701088,45.407806471381456,17.0],[11.874216753213478,45.40780318589938,17.0]]]}},{"type":"Feature","id":"AR_STR:9487","properties":{"FID":9487},"geometry":{"type":"Polygon","coordinates":[[[11.87707914663352,45.40822206480048,17.0],[11.877040540991416,45.408191623854655,17.0],[11.877022807665497,45.408169567853804,17.0],[11.877005078921815,45.40814760174718,17.0],[11.876982326004365,45.40811478078559,17.0],[11.876956554671388,45.408072854643976,17.0],[11.876942586211648,45.408049443526764,17.0],[11.87693833235714,45.40803865926239,17.0],[11.87690919382568,45.4079656736611,17.0],[11.87681311524189,45.40796854617376,17.0],[11.876769987213807,45.40796981356871,17.0],[11.876824215337777,45.408063769643434,18.0],[11.876825058741082,45.40806527859246,18.0],[11.876859706558735,45.408125973611206,17.0],[11.876859984648528,45.408126416662505,17.0],[11.876894783008776,45.408187557937254,18.0],[11.87691413570498,45.4082213647738,18.0],[11.876921480545736,45.4082376518826,18.0],[11.876939868571316,45.408244929330785,18.0],[11.877023325819758,45.408277839905026,18.0],[11.877058104453027,45.408243028232114,17.0],[11.87707914663352,45.40822206480048,17.0]]]}},{"type":"Feature","id":"AR_STR:9488","properties":{"FID":9488},"geometry":{"type":"Polygon","coordinates":[[[11.871980734519283,45.408075519449426,16.0],[11.87197260420466,45.40793539449753,16.0],[11.871969854610901,45.407888747181836,16.0],[11.871982377735531,45.407787977941524,16.0],[11.871990294978293,45.407785348321674,16.0],[11.872254478481965,45.407781218745576,16.0],[11.872386506395658,45.40777915533487,16.0],[11.872518661917004,45.407777088558674,16.0],[11.872525011312872,45.4077788189758,16.0],[11.872533817507401,45.407781117630115,16.0],[11.872576936272335,45.40777463134259,17.0],[11.872577372766104,45.40774293592837,17.0],[11.872469721357843,45.40774690624426,16.0],[11.872456325322098,45.407747333496886,16.0],[11.872397777416136,45.407746917135356,16.0],[11.872393561239013,45.40774693326093,16.0],[11.872002500642077,45.40775389674901,16.0],[11.871995850472125,45.40775379409969,16.0],[11.871906280547611,45.40775145794442,16.0],[11.871898732444212,45.40775128787759,16.0],[11.871895738513802,45.40778295764643,16.0],[11.87188479722789,45.407899799313206,16.0],[11.871884537472797,45.40790223619053,16.0],[11.871892971856337,45.40799293659585,16.0],[11.871937579372792,45.408098928789585,16.0],[11.871946449846908,45.408120128510454,15.0],[11.871968505625892,45.408091399428926,16.0],[11.871980734519283,45.408075519449426,16.0]]]}},{"type":"Feature","id":"AR_STR:9491","properties":{"FID":9491},"geometry":{"type":"Polygon","coordinates":[[[11.87260723017462,45.407810053724596,17.0],[11.872576936272335,45.40777463134259,17.0],[11.872533817507401,45.407781117630115,16.0],[11.872541302180755,45.407792630835715,16.0],[11.872550931145025,45.40786403842961,17.0],[11.872546633114151,45.40786999745118,17.0],[11.872379788417161,45.407946477795974,16.0],[11.872212943263323,45.40802295790724,16.0],[11.872155749457907,45.40804672071631,16.0],[11.87208058321004,45.40807138594984,16.0],[11.872039460623139,45.40807944202995,16.0],[11.872003989907958,45.40808303523117,16.0],[11.872000379911142,45.4080824059963,16.0],[11.871993159917736,45.40808114752622,16.0],[11.871984134866397,45.408077054087585,16.0],[11.871980734519283,45.408075519449426,16.0],[11.871968505625892,45.408091399428926,16.0],[11.871946449846908,45.408120128510454,15.0],[11.872004124106619,45.40816629347814,16.0],[11.872055407921984,45.408207398541755,16.0],[11.872147940918769,45.408195077957856,16.0],[11.872148601444682,45.40818038928285,16.0],[11.872427430827514,45.40814501633048,16.0],[11.87241653561246,45.40809902414978,16.0],[11.872406415369845,45.40805571283555,16.0],[11.872500420324984,45.40804470509845,16.0],[11.872522832222597,45.40804315073977,16.0],[11.872552527887713,45.40804159303028,17.0],[11.87264978727636,45.4080317634142,17.0],[11.872628574771797,45.4079209519157,17.0],[11.87260723017462,45.407810053724596,17.0]]]}},{"type":"Feature","id":"AR_STR:9499","properties":{"FID":9499},"geometry":{"type":"Polygon","coordinates":[[[11.871063188061251,45.40803974252988,15.0],[11.871048292049345,45.408000511817,16.0],[11.871047370991995,45.407954628582516,15.0],[11.871048273432434,45.40794722484443,15.0],[11.8710348178577,45.407916239041185,15.0],[11.871029247932418,45.40791727931766,15.0],[11.870974887629199,45.40773736180224,15.0],[11.870983766667637,45.40773605824061,15.0],[11.870965000877622,45.40766839089956,16.0],[11.87095187807316,45.40762128446174,16.0],[11.870940460234715,45.40762292193802,16.0],[11.870910007645342,45.40752386421459,16.0],[11.87087942754629,45.40742480968992,16.0],[11.870870963216262,45.40739396831948,16.0],[11.870870192904245,45.40739137733631,16.0],[11.870860602743244,45.40735597365017,16.0],[11.870848008838792,45.40730921394131,16.0],[11.870835337488224,45.40726848702204,16.0],[11.870835191631386,45.40726813064154,16.0],[11.870803768585514,45.40716504673595,17.0],[11.87080362272917,45.40716469035539,17.0],[11.870789802826303,45.40711895162344,17.0],[11.870796316167878,45.407111316703926,17.0],[11.870824552783358,45.4070784717765,17.0],[11.87087678701781,45.407017389185484,17.0],[11.870925529755048,45.4069605349988,16.0],[11.870818937239507,45.407030726372064,16.0],[11.870773302836039,45.40706067855878,17.0],[11.87072297366671,45.40709380927216,17.0],[11.870712339901523,45.40710082775372,17.0],[11.870739195681493,45.40724489230611,16.0],[11.870781375795376,45.40747192293762,16.0],[11.870784365890412,45.40749057032286,16.0],[11.870825201570963,45.40764319435875,15.0],[11.87083759954489,45.40768860880915,15.0],[11.870865877918376,45.4077851108898,15.0],[11.870893522817132,45.40787919856155,15.0],[11.870916108297312,45.40795667118783,15.0],[11.8709493234284,45.40806988138054,15.0],[11.87098984472939,45.40809532549852,15.0],[11.87105624231037,45.4081371308743,16.0],[11.871062363139353,45.40805119488302,16.0],[11.871063188061251,45.40803974252988,15.0]]]}},{"type":"Feature","id":"AR_STR:9511","properties":{"FID":9511},"geometry":{"type":"Polygon","coordinates":[[[11.876206159989366,45.407946672402616,17.0],[11.876163591272313,45.40784072049892,17.0],[11.87617689137793,45.40783840496463,17.0],[11.876174707569383,45.40783314927069,17.0],[11.876127192896428,45.407720391057325,17.0],[11.87607179002493,45.4077189971817,17.0],[11.876007813496404,45.407717369321844,17.0],[11.876017631601568,45.4078150555263,17.0],[11.87602814654051,45.40785853659738,17.0],[11.876028958192892,45.407861936616605,17.0],[11.876037258105134,45.40790709374457,17.0],[11.876058881236125,45.40790510850914,17.0],[11.876059863300656,45.40792695680939,17.0],[11.876030869892604,45.40792975790788,17.0],[11.876040441020765,45.40796975227662,17.0],[11.876042752687843,45.40797752510215,17.0],[11.876044946584672,45.40799304197704,17.0],[11.876076980429326,45.40799223452585,17.0],[11.87610990764672,45.407991404546756,16.0],[11.876182568660868,45.40795770853575,17.0],[11.876206159989366,45.407946672402616,17.0]]]}},{"type":"Feature","id":"AR_STR:9517","properties":{"FID":9517},"geometry":{"type":"Polygon","coordinates":[[[11.876940963144275,45.40788170102285,18.0],[11.876913840953051,45.407823246617774,18.0],[11.876909824378277,45.407814616671,18.0],[11.876887686531205,45.40781904538509,18.0],[11.876862805193467,45.40774433220492,18.0],[11.876980865966761,45.40753027596806,18.0],[11.87695805245398,45.407523920223525,18.0],[11.87693511132241,45.40751756769221,18.0],[11.876905906666273,45.4075036320011,18.0],[11.876864092994873,45.40755842377342,18.0],[11.87681618190316,45.40754099915446,18.0],[11.876764775657167,45.407615745499,18.0],[11.876812860100117,45.40763406589445,18.0],[11.876780842146934,45.40769554162552,18.0],[11.87674684202331,45.40772052221807,18.0],[11.876743986014866,45.4078227584923,18.0],[11.876747375518875,45.40789198271426,17.0],[11.876750094619103,45.40791531742772,17.0],[11.876773213764785,45.40792265564605,17.0],[11.87690919382568,45.4079656736611,17.0],[11.876940963144275,45.40788170102285,18.0]]]}},{"type":"Feature","id":"AR_STR:9518","properties":{"FID":9518},"geometry":{"type":"Polygon","coordinates":[[[11.877314639678849,45.407804229059245,18.0],[11.877222018444469,45.40782483722096,18.0],[11.877228013976227,45.40783971813439,18.0],[11.877040409772386,45.40787721326422,18.0],[11.87703441428491,45.40786233233985,18.0],[11.876940963144275,45.40788170102285,18.0],[11.87690919382568,45.4079656736611,17.0],[11.87693833235714,45.40803865926239,17.0],[11.876942586211648,45.408049443526764,17.0],[11.877357987376138,45.40796569864421,17.0],[11.877406223671267,45.40799202607759,17.0],[11.877454715260335,45.40801834705237,17.0],[11.877492171152994,45.40803873544623,17.0],[11.877559201641887,45.40807530034247,17.0],[11.877575497740876,45.40808416065885,17.0],[11.877626355272255,45.40811177208087,17.0],[11.8775702571602,45.408056478940196,17.0],[11.877560164427862,45.40804647204008,17.0],[11.87750285385916,45.40798994926712,17.0],[11.877472580313869,45.40796001844113,17.0],[11.877423338583629,45.40791139327382,17.0],[11.877392536350404,45.407881115708484,17.0],[11.877314639678849,45.407804229059245,18.0]]]}},{"type":"Feature","id":"AR_STR:9528","properties":{"FID":9528},"geometry":{"type":"Polygon","coordinates":[[[11.87430241247008,45.408017958402795,16.0],[11.87429705221448,45.408018093431565,16.0],[11.874266221535816,45.40801742987298,16.0],[11.874235390857464,45.408016766306055,16.0],[11.874177818069871,45.40801542617013,17.0],[11.874159439870485,45.40808636895001,16.0],[11.874225017092822,45.40809434841827,16.0],[11.87429072195713,45.40810232463339,16.0],[11.874300596865378,45.408065260737445,16.0],[11.874302437896178,45.40805873345562,16.0],[11.874359299743743,45.40806117158886,16.0],[11.874373730687969,45.40806350843136,16.0],[11.874387386753915,45.408065684767266,16.0],[11.87438776946283,45.40806315477435,16.0],[11.874395328125093,45.4080157077618,16.0],[11.87430241247008,45.408017958402795,16.0]]]}},{"type":"Feature","id":"AR_STR:9532","properties":{"FID":9532},"geometry":{"type":"Polygon","coordinates":[[[11.870989247835043,45.408128915205126,16.0],[11.871037340002918,45.40813481610807,16.0],[11.87104827024955,45.408136161305784,16.0],[11.87105624231037,45.4081371308743,16.0],[11.87098984472939,45.40809532549852,15.0],[11.8709493234284,45.40806988138054,15.0],[11.870741216180337,45.40809375004714,15.0],[11.870737852288066,45.40807025138811,15.0],[11.870730509168247,45.40801867891003,15.0],[11.870730057914448,45.40801481972286,15.0],[11.870728371405065,45.40799667961547,15.0],[11.870672995620158,45.408003383564576,15.0],[11.870686915975629,45.40806874251794,15.0],[11.870696811579998,45.40812025078028,15.0],[11.870607364150313,45.408110259454006,15.0],[11.870421472627193,45.408123667241405,15.0],[11.870261653151692,45.408134618627166,15.0],[11.870055865470702,45.408148796347774,15.0],[11.869793407148013,45.408166829383894,15.0],[11.86974870612082,45.40816984392284,15.0],[11.869721581022086,45.40817169630073,15.0],[11.869434672919805,45.40819142358421,14.0],[11.869426606958704,45.408105394387405,15.0],[11.869423567417066,45.40807315631369,15.0],[11.869419205953086,45.408045092061485,15.0],[11.869413682085982,45.40802182770712,15.0],[11.869408358856468,45.40799495780404,15.0],[11.869392675513467,45.40795277625925,15.0],[11.869368861124402,45.40788883612031,15.0],[11.869396286970861,45.40788535603695,15.0],[11.869332912060093,45.407681271026014,15.0],[11.869307977118499,45.40759521595754,15.0],[11.869275640774173,45.407479102777984,16.0],[11.869242499346363,45.407483266634074,16.0],[11.869234181673916,45.40745530185673,16.0],[11.869213389809376,45.40738543485829,15.0],[11.869198916998734,45.40725366032847,16.0],[11.869172977439817,45.407253682512824,16.0],[11.869168749366862,45.40718789962327,16.0],[11.869164525863058,45.407122206630675,15.0],[11.869162279693018,45.407087968319125,15.0],[11.869160398039673,45.40705840149558,16.0],[11.86915655274123,45.406997649683305,15.0],[11.869126789151826,45.40699785802718,16.0],[11.869109541768127,45.40699793166683,16.0],[11.869097021006363,45.40699797646526,15.0],[11.86910072999923,45.40704090921601,16.0],[11.869104526044422,45.40706790755074,16.0],[11.86910537301363,45.40709723035471,16.0],[11.869121490994312,45.40722869349317,16.0],[11.869175173956954,45.40744328377956,15.0],[11.869184608066256,45.40748067180794,15.0],[11.86919550521847,45.40752171356136,15.0],[11.86921857569434,45.407608805677754,15.0],[11.869237393998493,45.40768007248955,15.0],[11.869236755873793,45.40768008853603,15.0],[11.869299892696791,45.40791478386162,15.0],[11.86930007043741,45.40791576953028,15.0],[11.869321318231428,45.407994626299626,15.0],[11.869325634723204,45.40799406768969,15.0],[11.86934468289217,45.40799169841831,15.0],[11.869355074385943,45.40803032253023,15.0],[11.869374895920926,45.40809616333263,15.0],[11.869375365363858,45.40809786176609,15.0],[11.8693881393559,45.40820114499632,14.0],[11.869412592638769,45.40823734519139,14.0],[11.86941382751829,45.40825414648671,14.0],[11.869414989446485,45.40827202976735,14.0],[11.869501538364169,45.40826517256067,14.0],[11.869773359618469,45.408242764132176,14.0],[11.869887635233471,45.40823331901052,14.0],[11.870091504352784,45.40821657948857,15.0],[11.87009608521888,45.40821619422458,15.0],[11.870363452698784,45.40819416645544,15.0],[11.870453424459527,45.408186772357105,15.0],[11.870455584984954,45.40818653797966,15.0],[11.870623691122931,45.408172677465494,15.0],[11.870822851262446,45.40815632514329,15.0],[11.87088801330128,45.40814100372323,15.0],[11.870989247835043,45.408128915205126,16.0]]]}},{"type":"Feature","id":"AR_STR:9540","properties":{"FID":9540},"geometry":{"type":"Polygon","coordinates":[[[11.876769987213807,45.40796981356871,17.0],[11.87681311524189,45.40796854617376,17.0],[11.87690919382568,45.4079656736611,17.0],[11.876773213764785,45.40792265564605,17.0],[11.876750094619103,45.40791531742772,17.0],[11.876577679085534,45.407927315347216,17.0],[11.876571694428115,45.40792773626232,17.0],[11.876507522050003,45.407929804135925,17.0],[11.876453550506842,45.407931434789376,17.0],[11.876382103508492,45.407933685982655,17.0],[11.876206159989366,45.407946672402616,17.0],[11.876182568660868,45.40795770853575,17.0],[11.87610990764672,45.407991404546756,16.0],[11.876129089131048,45.408004242904866,16.0],[11.876141392089245,45.408012483980116,16.0],[11.876208759526145,45.408007905434026,16.0],[11.876320079639886,45.40799816831151,17.0],[11.876488999351299,45.40798526877319,17.0],[11.876591221724437,45.407977560990304,17.0],[11.876648123839518,45.40797324602356,17.0],[11.876769987213807,45.40796981356871,17.0]]]}},{"type":"Feature","id":"AR_STR:9542","properties":{"FID":9542},"geometry":{"type":"Polygon","coordinates":[[[11.871931140777116,45.40818361264945,15.0],[11.871946449846908,45.408120128510454,15.0],[11.871937579372792,45.408098928789585,16.0],[11.871892971856337,45.40799293659585,16.0],[11.871063188061251,45.40803974252988,15.0],[11.871062363139353,45.40805119488302,16.0],[11.87105624231037,45.4081371308743,16.0],[11.871165003177682,45.408233137938076,14.0],[11.871172660905854,45.40825058770765,15.0],[11.87136553552617,45.408233762513255,15.0],[11.871918460281965,45.408185552042326,15.0],[11.871931140777116,45.40818361264945,15.0]]]}},{"type":"Feature","id":"AR_STR:9543","properties":{"FID":9543},"geometry":{"type":"Polygon","coordinates":[[[11.878060316387918,45.408378065486815,16.0],[11.878058412078852,45.40835065968868,16.0],[11.878050850035372,45.408244635605236,16.0],[11.878044814959983,45.40813848299162,17.0],[11.878041735906901,45.408085453242045,17.0],[11.878038784486776,45.40803242027267,17.0],[11.878032621851672,45.40792627087291,17.0],[11.87806319651955,45.40788670425156,16.0],[11.87809113249421,45.40785053464532,16.0],[11.878074326550163,45.407846727966565,16.0],[11.878053984014647,45.40784625094377,16.0],[11.878055383970986,45.40785116632305,16.0],[11.8778448794549,45.407878078846856,17.0],[11.877848429043718,45.40790517311555,16.0],[11.877822152427157,45.40790862624778,17.0],[11.87781873504438,45.407881618656404,17.0],[11.87753569965775,45.40791963122633,17.0],[11.877551159926668,45.40795227594346,17.0],[11.877576805550225,45.40800680688106,17.0],[11.87758109119703,45.408015700055934,17.0],[11.87758682671722,45.40802797714302,17.0],[11.877587834317225,45.40803020204595,17.0],[11.877589411814315,45.40803358273969,17.0],[11.877626355272255,45.40811177208087,17.0],[11.87763741668514,45.40825146265227,17.0],[11.877639662850585,45.408280570074915,17.0],[11.877837038875318,45.408266860852954,17.0],[11.87784550143728,45.408360440503785,16.0],[11.877792719309308,45.40836285190531,16.0],[11.877654296497205,45.40837237387846,17.0],[11.877657522561046,45.40840064647402,17.0],[11.878060316387918,45.408378065486815,16.0]],[[11.877943502206067,45.408236991814164,16.0],[11.877857707032545,45.4082460867363,17.0],[11.877854026499758,45.408228987166524,17.0],[11.877939821648285,45.408219892247786,16.0],[11.877943502206067,45.408236991814164,16.0]],[[11.877778435547526,45.40811954814682,15.0],[11.877784601597636,45.408147836602076,15.0],[11.877738050759543,45.40815216110584,15.0],[11.877715443163103,45.40815489158932,16.0],[11.877704635068302,45.408110697968795,17.0],[11.877774230840775,45.40810219175681,16.0],[11.877778435547526,45.40811954814682,15.0]],[[11.877983764517836,45.40813912276158,16.0],[11.877982492837608,45.40813924484983,16.0],[11.877923147861452,45.40814578239962,16.0],[11.877898366083295,45.40814847774518,17.0],[11.877883926938473,45.40808313275927,17.0],[11.877910358673223,45.40808021577581,16.0],[11.87796805359928,45.40807389987686,16.0],[11.87796932527809,45.40807377778883,16.0],[11.877983764517836,45.40813912276158,16.0]],[[11.877855849299658,45.40801093075569,17.0],[11.877817452854945,45.40801477958432,17.0],[11.877809904507373,45.40797689464921,18.0],[11.877848173302574,45.40797304904266,18.0],[11.877855849299658,45.40801093075569,17.0]]]}},{"type":"Feature","id":"AR_STR:9546","properties":{"FID":9546},"geometry":{"type":"Polygon","coordinates":[[[11.875628725566388,45.408420470709466,16.0],[11.875655424982199,45.40840017507825,16.0],[11.875654699202716,45.408388401723954,16.0],[11.87569633650291,45.408380421379704,16.0],[11.875661386011435,45.40823575191418,16.0],[11.875625663939378,45.40812620678194,16.0],[11.875617541584306,45.40812731160993,16.0],[11.875616492965223,45.40812427761025,16.0],[11.875598015297527,45.408080007042415,16.0],[11.875590403448914,45.40808109900263,16.0],[11.875586087023958,45.40808165784817,16.0],[11.875522657786547,45.40792978494669,16.0],[11.875495458750848,45.40786224087127,16.0],[11.87549474279485,45.40785820834858,16.0],[11.875474360724892,45.40782172683343,16.0],[11.875442727761133,45.40776500597996,16.0],[11.875429815611374,45.407827800099405,16.0],[11.875423755885462,45.407856936855914,16.0],[11.875435583579664,45.407906145703706,16.0],[11.87542484940334,45.407906146174284,16.0],[11.875428351760684,45.40792730087906,16.0],[11.875442680898816,45.40796537514168,16.0],[11.875444618527446,45.40797081707864,16.0],[11.875463228656468,45.40802021505023,16.0],[11.875466333391781,45.408028507976766,16.0],[11.875487022089048,45.40807857366267,16.0],[11.875490240759337,45.4080865936795,16.0],[11.875505098531672,45.40812249430964,16.0],[11.875508298944153,45.40813015473576,16.0],[11.87552062749772,45.40817160986991,16.0],[11.875522346417592,45.4081777774177,16.0],[11.875546087161942,45.40825774036009,16.0],[11.87554792914731,45.40826381479339,16.0],[11.875558613863328,45.40832322385052,16.0],[11.875559120019538,45.40832564143373,16.0],[11.875568099307532,45.40837663228829,16.0],[11.87556900225985,45.40838183026091,16.0],[11.875570380728593,45.40840393861156,16.0],[11.875571886824744,45.408426043745685,16.0],[11.87558994121403,45.40842423855094,16.0],[11.875602402892497,45.40842302436472,16.0],[11.875628725566388,45.408420470709466,16.0]]]}},{"type":"Feature","id":"AR_STR:9554","properties":{"FID":9554},"geometry":{"type":"Polygon","coordinates":[[[11.872085634937287,45.408654630221996,15.0],[11.872119710757008,45.40863360967048,15.0],[11.872108720039913,45.40859077030691,15.0],[11.872117931895149,45.40858846814137,16.0],[11.872113186371616,45.408567974716924,16.0],[11.872067468203939,45.408372088003674,16.0],[11.87205826543794,45.40837204960974,16.0],[11.87205005093285,45.4083385916781,16.0],[11.872048769984566,45.40833349320463,16.0],[11.87204152646244,45.40830406139704,16.0],[11.872031215052559,45.40826201503841,15.0],[11.872068860013847,45.40825593676124,16.0],[11.872055407921984,45.408207398541755,16.0],[11.872004124106619,45.40816629347814,16.0],[11.871946449846908,45.408120128510454,15.0],[11.871931140777116,45.40818361264945,15.0],[11.871958053822414,45.408278348566455,15.0],[11.871984966965114,45.40837308447344,15.0],[11.872027442887829,45.408522696360116,15.0],[11.872054512300645,45.40865829401694,15.0],[11.872085634937287,45.408654630221996,15.0]]]}},{"type":"Feature","id":"AR_STR:9557","properties":{"FID":9557},"geometry":{"type":"Polygon","coordinates":[[[11.877443467324467,45.40829487927273,17.0],[11.87758817262719,45.40815000024059,17.0],[11.877626355272255,45.40811177208087,17.0],[11.877575497740876,45.40808416065885,17.0],[11.877559201641887,45.40807530034247,17.0],[11.877492171152994,45.40803873544623,17.0],[11.877454715260335,45.40801834705237,17.0],[11.877406223671267,45.40799202607759,17.0],[11.877357987376138,45.40796569864421,17.0],[11.877400474607581,45.40809514543463,17.0],[11.87740102652712,45.40809846198133,17.0],[11.877423443577307,45.40825541865753,17.0],[11.877260812062488,45.408256279354646,17.0],[11.877256085356429,45.408256308534014,17.0],[11.877164444337144,45.40824592760762,17.0],[11.87716310790276,45.40827746570472,17.0],[11.877182145566074,45.408305069572194,17.0],[11.877326006555156,45.408299461601985,17.0],[11.877443467324467,45.40829487927273,17.0]]]}},{"type":"Feature","id":"AR_STR:9561","properties":{"FID":9561},"geometry":{"type":"Polygon","coordinates":[[[11.874119340383134,45.40841916534562,16.0],[11.874075047119344,45.40837986540553,16.0],[11.87409715696645,45.408357255405505,17.0],[11.874103309618247,45.40834503874285,17.0],[11.874060790107558,45.40831550548729,16.0],[11.874063839130997,45.40831011794518,16.0],[11.873965978206135,45.408247683829444,16.0],[11.873955189938052,45.40825920713242,16.0],[11.873877211574797,45.40819825241854,16.0],[11.873843015472216,45.40817156986619,16.0],[11.873725339226043,45.4080737196095,16.0],[11.873615116232074,45.40798423271613,16.0],[11.873613119725363,45.40798266277134,16.0],[11.873548705185472,45.407889321753785,16.0],[11.87364967381311,45.4078694964873,17.0],[11.873719196878435,45.40785703402984,16.0],[11.873719579752944,45.40785702438689,16.0],[11.873774900206826,45.4078492401998,16.0],[11.873778200199945,45.40784879703542,16.0],[11.87388951126659,45.40783636213805,17.0],[11.873928163172414,45.40783250819852,17.0],[11.873929813167793,45.40783228661415,17.0],[11.87393489990508,45.40783179844162,17.0],[11.87407284339051,45.40781788244397,17.0],[11.873982707211681,45.40779935992147,17.0],[11.873762916465768,45.40775412869799,17.0],[11.87347093531586,45.40769397273884,17.0],[11.873263801973838,45.40782511647243,17.0],[11.873044780606167,45.407963760170595,17.0],[11.873042674844555,45.40796507336902,17.0],[11.87299364979213,45.40799619196755,17.0],[11.873048847220218,45.40798346053951,17.0],[11.873151288294045,45.40795990812368,17.0],[11.873245639062857,45.40794313025941,17.0],[11.873246906189335,45.40794291832613,17.0],[11.873297554742132,45.40793372180255,17.0],[11.87348116928729,45.40790065391244,16.0],[11.873498266342438,45.40789761298209,16.0],[11.873542095627279,45.40797058953475,16.0],[11.8735645732851,45.40800809876989,16.0],[11.873565535101795,45.40800942473576,16.0],[11.873558210405918,45.40801113941644,16.0],[11.87360917735962,45.40807619510447,16.0],[11.873611862319217,45.40808125820097,16.0],[11.873620043897391,45.40807880183593,16.0],[11.87367200822889,45.40812573985057,16.0],[11.873792361058571,45.408241075198845,16.0],[11.873807868357666,45.408254546561714,16.0],[11.873831138446523,45.40827493339694,16.0],[11.87385547062743,45.40829610358971,16.0],[11.873857448755592,45.408294793591004,16.0],[11.874019131710808,45.408431320817094,16.0],[11.874039634180734,45.40843494497142,16.0],[11.874119825373738,45.40844885727503,16.0],[11.874119340383134,45.40841916534562,16.0]]]}},{"type":"Feature","id":"AR_STR:9562","properties":{"FID":9562},"geometry":{"type":"Polygon","coordinates":[[[11.877140913405995,45.40830592925097,17.0],[11.87716310790276,45.40827746570472,17.0],[11.877164444337144,45.40824592760762,17.0],[11.877142337455753,45.40824342462259,17.0],[11.87707914663352,45.40822206480048,17.0],[11.877058104453027,45.408243028232114,17.0],[11.877023325819758,45.408277839905026,18.0],[11.877034209660556,45.408310960133896,18.0],[11.87707130756132,45.408309214601175,18.0],[11.877140913405995,45.40830592925097,17.0]]]}},{"type":"Feature","id":"AR_STR:9564","properties":{"FID":9564},"geometry":{"type":"Polygon","coordinates":[[[11.876565386924144,45.40876186168496,16.0],[11.876563358930609,45.40872194723554,16.0],[11.876562308395084,45.40870127083144,16.0],[11.876510090132145,45.40869466616737,16.0],[11.876509989123143,45.40868764773414,16.0],[11.876306673407903,45.40866999999064,16.0],[11.876307166405054,45.408677188567815,16.0],[11.876268299475441,45.40867681814396,16.0],[11.876267920408372,45.40866935665698,16.0],[11.876175910423976,45.40866681532978,16.0],[11.876163905645399,45.40867953966929,16.0],[11.876130552921238,45.40871476518752,16.0],[11.876128978927596,45.40874666930893,11.0],[11.876128337701685,45.40876171756958,8.0],[11.87624160793003,45.40877524462125,16.0],[11.87624520887763,45.408775693924696,16.0],[11.876455294779674,45.40880334252287,16.0],[11.876565386924144,45.40876186168496,16.0]]]}},{"type":"Feature","id":"AR_STR:9568","properties":{"FID":9568},"geometry":{"type":"Polygon","coordinates":[[[11.877836477753267,45.408906954327,16.0],[11.877807362584116,45.4088872558089,16.0],[11.877672104760594,45.40848138002617,16.0],[11.877657522561046,45.40840064647402,17.0],[11.877654296497205,45.40837237387846,17.0],[11.877639662850585,45.408280570074915,17.0],[11.87763741668514,45.40825146265227,17.0],[11.877626355272255,45.40811177208087,17.0],[11.87758817262719,45.40815000024059,17.0],[11.877443467324467,45.40829487927273,17.0],[11.87745996326584,45.40837304424003,17.0],[11.877460277912858,45.40837420646845,17.0],[11.877488517626192,45.40850743299605,17.0],[11.877494274497556,45.40850755785268,17.0],[11.877545370136604,45.408652989746834,16.0],[11.877537876743599,45.40865389882457,16.0],[11.877608985084397,45.408818448719984,16.0],[11.877620675018175,45.40884227726748,16.0],[11.87774413610903,45.40898840434679,16.0],[11.877854541372999,45.409119018373715,16.0],[11.877843471301585,45.40898922943909,16.0],[11.877843083206542,45.408984108511845,16.0],[11.877838385912867,45.408929409339095,16.0],[11.877836477753267,45.408906954327,16.0]]]}},{"type":"Feature","id":"AR_STR:9582","properties":{"FID":9582},"geometry":{"type":"Polygon","coordinates":[[[11.87240456483056,45.40863634046332,16.0],[11.872454516889286,45.40863103238899,16.0],[11.872453513955518,45.40862637698421,16.0],[11.87254033634281,45.408617350283706,16.0],[11.872645714646909,45.4086063261372,16.0],[11.872643457786193,45.40858955060738,16.0],[11.872707293612313,45.4085808324538,16.0],[11.872699789991056,45.4085538375767,16.0],[11.87287897679257,45.40852916329108,16.0],[11.87292631230966,45.408522660713935,16.0],[11.873020600429339,45.40850966514221,16.0],[11.873062730602138,45.408503833651636,16.0],[11.873084658757552,45.40848518897616,16.0],[11.873115529528553,45.40845893808849,16.0],[11.873038621288545,45.40846690547989,16.0],[11.8730101424858,45.408469782864564,16.0],[11.872641686551084,45.40851434469834,16.0],[11.872621735864916,45.40851655721738,16.0],[11.872630138198092,45.40856630265197,16.0],[11.872583677745919,45.408572423025454,16.0],[11.872396185803408,45.408597125895575,16.0],[11.872192065794154,45.408624047275175,16.0],[11.872119710757008,45.40863360967048,15.0],[11.872085634937287,45.408654630221996,15.0],[11.87212424201304,45.40865239824927,15.0],[11.872339835346072,45.40864004024036,16.0],[11.87240456483056,45.40863634046332,16.0]]]}},{"type":"Feature","id":"AR_STR:9585","properties":{"FID":9585},"geometry":{"type":"Polygon","coordinates":[[[11.877034209660556,45.408310960133896,18.0],[11.877023325819758,45.408277839905026,18.0],[11.876939868571316,45.408244929330785,18.0],[11.876921480545736,45.4082376518826,18.0],[11.876755330132887,45.40827991635014,17.0],[11.876701332214143,45.40829360946959,17.0],[11.876698934736115,45.408294209989705,17.0],[11.876558822320348,45.40831826525292,17.0],[11.876515143192993,45.408326297387234,17.0],[11.876513136937655,45.408319507010376,17.0],[11.876398148093479,45.40834004830191,16.0],[11.876399967593178,45.408348193577204,16.0],[11.876355039308995,45.40835427686389,16.0],[11.876352372871624,45.40835461411916,16.0],[11.876170014789023,45.408367132097695,16.0],[11.876156783555022,45.40837583678702,16.0],[11.876126246428461,45.40839604924696,16.0],[11.876155573940038,45.408404851323304,16.0],[11.87616855116244,45.408408754795936,16.0],[11.876231812205429,45.408403829683955,16.0],[11.876267328457743,45.4084011341445,16.0],[11.876400605521109,45.408390933463394,16.0],[11.87641397425247,45.408389966360026,16.0],[11.876478001000837,45.408385021808456,17.0],[11.876480662871373,45.408384594652816,17.0],[11.876609425940279,45.40836100564002,17.0],[11.876746010325672,45.40833541903801,17.0],[11.876759712081315,45.40842148564688,18.0],[11.876715371126833,45.40842152342592,18.0],[11.876712848418816,45.408402054301995,17.0],[11.87670264749609,45.40840249151143,17.0],[11.876701873477169,45.408495403990706,18.0],[11.876827142753955,45.40849107549277,18.0],[11.87682483843583,45.408468360413025,18.0],[11.876809447993608,45.40832139788318,17.0],[11.8768813511356,45.40831805477031,18.0],[11.877034209660556,45.408310960133896,18.0]]]}},{"type":"Feature","id":"AR_STR:9599","properties":{"FID":9599},"geometry":{"type":"Polygon","coordinates":[[[11.874086844922024,45.40847885209035,16.0],[11.87409905990817,45.408467742900505,16.0],[11.874103335152203,45.40846385468379,16.0],[11.874119825373738,45.40844885727503,16.0],[11.874039634180734,45.40843494497142,16.0],[11.874019131710808,45.408431320817094,16.0],[11.873864232577793,45.40847878843356,16.0],[11.873862591689903,45.40847918981271,16.0],[11.873782156211824,45.40849822807871,16.0],[11.873654657692235,45.40850395956112,16.0],[11.873594979038698,45.40851149339832,16.0],[11.873504064108486,45.408525484646546,16.0],[11.873500038352955,45.408506593379414,16.0],[11.873470470109549,45.40850814812684,16.0],[11.873461193565078,45.40849154939267,16.0],[11.873334014862136,45.408513654748624,16.0],[11.873197341744179,45.40854004960768,16.0],[11.873191594107315,45.408542624678304,16.0],[11.87317460188429,45.4085502535633,16.0],[11.87315061768612,45.408561118935545,16.0],[11.873183235661866,45.40856677849359,16.0],[11.873196645682683,45.40856914119281,16.0],[11.87330647697915,45.40855773426637,16.0],[11.87337080046554,45.40855107374971,16.0],[11.873376776095578,45.40855047320496,16.0],[11.873461406230481,45.408551132353374,16.0],[11.87353674296958,45.40856255695427,16.0],[11.873648169836347,45.40855741039492,16.0],[11.873653885647647,45.40855672636662,16.0],[11.87382336352638,45.40853715579372,16.0],[11.873976791709284,45.40850853790889,16.0],[11.873981080804812,45.40850743973732,16.0],[11.874086844922024,45.40847885209035,16.0]]]}},{"type":"Feature","id":"AR_STR:9601","properties":{"FID":9601},"geometry":{"type":"Polygon","coordinates":[[[11.876170014789023,45.408367132097695,16.0],[11.876169050933555,45.40834564339093,16.0],[11.876156324902178,45.40834668427757,16.0],[11.876127308452595,45.40834903591845,16.0],[11.876108735935501,45.40836579634424,16.0],[11.876094196954025,45.40837894460579,16.0],[11.876095210529922,45.40839638149445,16.0],[11.87611053475723,45.408396175248576,16.0],[11.876126246428461,45.40839604924696,16.0],[11.876156783555022,45.40837583678702,16.0],[11.876170014789023,45.408367132097695,16.0]]]}},{"type":"Feature","id":"AR_STR:9606","properties":{"FID":9606},"geometry":{"type":"Polygon","coordinates":[[[11.87315061768612,45.408561118935545,16.0],[11.87317460188429,45.4085502535633,16.0],[11.873191594107315,45.408542624678304,16.0],[11.873197341744179,45.40854004960768,16.0],[11.873188549207011,45.408540541050435,16.0],[11.873177213151266,45.40853875621393,16.0],[11.873169058632532,45.408536711237545,16.0],[11.873157389655933,45.408530884216994,16.0],[11.873130808182601,45.408457833265246,16.0],[11.873115529528553,45.40845893808849,16.0],[11.873084658757552,45.40848518897616,16.0],[11.873062730602138,45.408503833651636,16.0],[11.873080350564612,45.40857152949146,16.0],[11.873114089361495,45.408566539364664,16.0],[11.87315061768612,45.408561118935545,16.0]]]}},{"type":"Feature","id":"AR_STR:9611","properties":{"FID":9611},"geometry":{"type":"Polygon","coordinates":[[[11.874693752344943,45.40908861037653,16.0],[11.87469584349902,45.40901150694367,16.0],[11.874696609262951,45.40901148765086,16.0],[11.874719131011952,45.409012090394086,16.0],[11.874720158406047,45.408974439260824,15.0],[11.874697768863888,45.408973923199504,16.0],[11.874696875473226,45.408973945707785,16.0],[11.874697775802943,45.40894385883063,16.0],[11.874699153411294,45.40889548737946,16.0],[11.874699607872861,45.408813834539295,16.0],[11.87469945267604,45.40881077802236,16.0],[11.874687145439234,45.40861621090086,16.0],[11.874680885912431,45.40859863612947,16.0],[11.874658177609817,45.40853646948643,16.0],[11.874626946762305,45.40855309851922,16.0],[11.874596467961105,45.4085694385592,16.0],[11.874587732543597,45.40866921252575,16.0],[11.874586858123145,45.40867967601227,16.0],[11.874574049820312,45.40867909856874,16.0],[11.87457814058537,45.408774768873116,16.0],[11.874581378885845,45.40886875041382,16.0],[11.87458790155684,45.40886885612432,16.0],[11.874590505840384,45.40902082172305,16.0],[11.874626332789314,45.40902171937007,16.0],[11.87462607181647,45.40906943259959,16.0],[11.874626090074617,45.409069792189825,16.0],[11.874627881423597,45.40906983707185,16.0],[11.874629672772581,45.40906988195384,16.0],[11.874629572532376,45.409070424554585,16.0],[11.874626857204998,45.40915285445153,16.0],[11.874671038446083,45.40920502879056,16.0],[11.874678920143538,45.40921428153706,16.0],[11.874683602206288,45.40916303644595,16.0],[11.874690065206435,45.40909401401171,16.0],[11.874693752344943,45.40908861037653,16.0]]]}},{"type":"Feature","id":"AR_STR:9612","properties":{"FID":9612},"geometry":{"type":"Polygon","coordinates":[[[11.875015426772153,45.40859335762965,16.0],[11.875007123563304,45.40855567155698,16.0],[11.875002468111033,45.408534455882865,16.0],[11.874871308487622,45.408525968977656,16.0],[11.874869367273032,45.40853303886782,16.0],[11.874723594005898,45.408518619113735,16.0],[11.874696875026311,45.40852595321027,16.0],[11.874658177609817,45.40853646948643,16.0],[11.874680885912431,45.40859863612947,16.0],[11.874687145439234,45.40861621090086,16.0],[11.874791922727546,45.40862104212237,16.0],[11.874955745801488,45.408628526094105,16.0],[11.874971379360442,45.40861931095125,16.0],[11.875015426772153,45.40859335762965,16.0]]]}},{"type":"Feature","id":"AR_STR:9613","properties":{"FID":9613},"geometry":{"type":"Polygon","coordinates":[[[11.874658177609817,45.40853646948643,16.0],[11.874600347269872,45.40850993253545,16.0],[11.874519786876482,45.40849882026072,16.0],[11.874429572055394,45.40848129021288,16.0],[11.874442628789733,45.4084490068287,16.0],[11.874440951394035,45.40844868903537,16.0],[11.874371480722862,45.4084345068937,16.0],[11.874360630107022,45.4084674547954,16.0],[11.874354874402357,45.40848497221339,16.0],[11.874364959871466,45.408530084479175,16.0],[11.874431084820994,45.4085412904826,16.0],[11.874596467961105,45.4085694385592,16.0],[11.874626946762305,45.40855309851922,16.0],[11.874658177609817,45.40853646948643,16.0]]]}},{"type":"Feature","id":"AR_STR:9615","properties":{"FID":9615},"geometry":{"type":"Polygon","coordinates":[[[11.87616855116244,45.408408754795936,16.0],[11.876155573940038,45.408404851323304,16.0],[11.876126246428461,45.40839604924696,16.0],[11.87611053475723,45.408396175248576,16.0],[11.876095210529922,45.40839638149445,16.0],[11.876101934944721,45.40850359698292,16.0],[11.876102071948223,45.408506293906406,16.0],[11.876102724998526,45.408519149241634,16.0],[11.876117935333278,45.40851921590328,16.0],[11.876138387469869,45.40851933045872,16.0],[11.876161269068222,45.408519473783464,16.0],[11.87617405450779,45.408519601562084,16.0],[11.876172068649328,45.40848805721062,16.0],[11.87616855116244,45.408408754795936,16.0]]]}},{"type":"Feature","id":"AR_STR:9616","properties":{"FID":9616},"geometry":{"type":"Polygon","coordinates":[[[11.875685269576447,45.408585208840975,16.0],[11.87569468521451,45.40851899233151,16.0],[11.875695469962679,45.40847657663663,16.0],[11.875693752420387,45.40843521414488,16.0],[11.875657967384718,45.408440166593664,16.0],[11.875628725566388,45.408420470709466,16.0],[11.875602402892497,45.40842302436472,16.0],[11.87558994121403,45.40842423855094,16.0],[11.875571886824744,45.408426043745685,16.0],[11.875572808702893,45.408439162346845,16.0],[11.8755673048399,45.40856981926993,16.0],[11.875566067087561,45.408593253729556,16.0],[11.875565844237215,45.40859893013714,16.0],[11.875574482393743,45.408605463381434,16.0],[11.875652599639388,45.40866407310348,16.0],[11.875669114642873,45.40862441140474,16.0],[11.875675371548558,45.40860922161565,16.0],[11.875685269576447,45.408585208840975,16.0]]]}},{"type":"Feature","id":"AR_STR:9619","properties":{"FID":9619},"geometry":{"type":"Polygon","coordinates":[[[11.874345574278085,45.409150039253525,16.0],[11.874348854290316,45.40905355317943,16.0],[11.874350510102422,45.409003104436096,16.0],[11.874347703524899,45.40895285811777,16.0],[11.874346352725645,45.40892876878059,16.0],[11.874342060274557,45.408879460018056,16.0],[11.874341039258045,45.40887948573858,16.0],[11.874340141304538,45.40887941834645,16.0],[11.874340118484266,45.40887896885853,16.0],[11.874339825386409,45.40885809332848,16.0],[11.874332303607623,45.40877538124335,16.0],[11.874327202695417,45.40870007921536,16.0],[11.874332095498211,45.40866053045933,16.0],[11.874341623925087,45.40862167503957,16.0],[11.874364959871466,45.408530084479175,16.0],[11.874354874402357,45.40848497221339,16.0],[11.874332614001736,45.408504615641036,16.0],[11.874319897677916,45.408515917510144,16.0],[11.874292860823235,45.40861264199333,16.0],[11.874292601170112,45.40861507887331,16.0],[11.874283002466319,45.40869534183717,16.0],[11.874262750740066,45.408694141749564,16.0],[11.874249687968053,45.40877665227243,16.0],[11.874265384930702,45.40889957406546,16.0],[11.874263633361668,45.40895065530834,16.0],[11.874260170970008,45.409048586176404,16.0],[11.874256617622123,45.409149759786295,16.0],[11.874265283594886,45.40916439355858,16.0],[11.874303298135562,45.40922851502637,16.0],[11.874341960127763,45.40915688123962,16.0],[11.874345574278085,45.409150039253525,16.0]]]}},{"type":"Feature","id":"AR_STR:9668","properties":{"FID":9668},"geometry":{"type":"Polygon","coordinates":[[[11.872314243525715,45.40586856711852,15.0],[11.872351162836493,45.405724787742784,15.0],[11.872416142017258,45.40548929923406,15.0],[11.872437702724923,45.40540549480399,15.0],[11.872440665335734,45.40540596029759,15.0],[11.87244535488502,45.405390090035844,15.0],[11.872455467619014,45.40535266024887,15.0],[11.872455581556832,45.405352387342745,15.0],[11.872501278585048,45.40520784685753,15.0],[11.872501830029483,45.4052061227355,15.0],[11.872512844228009,45.40513860603888,15.0],[11.872493951618386,45.405123869529916,15.0],[11.872467465512532,45.40510302329949,15.0],[11.872437707458428,45.40510080202854,15.0],[11.872419622000999,45.405099457065525,15.0],[11.872419244069082,45.40511215835673,15.0],[11.872414841764813,45.405131171827946,15.0],[11.872403466383387,45.40516386273048,15.0],[11.87236611048591,45.40532673579572,15.0],[11.87231876883183,45.405514433660024,15.0],[11.87230339710202,45.40558422033006,15.0],[11.872293489309977,45.40562065480479,15.0],[11.872292295263884,45.40562482544214,15.0],[11.872288261860252,45.405635998524865,15.0],[11.872283043664382,45.40565656274232,15.0],[11.872287510366213,45.40565645030177,15.0],[11.872277867524975,45.405715741304626,15.0],[11.872251216688559,45.40585035092458,15.0],[11.872257406719628,45.40586657739641,15.0],[11.872279568727992,45.40592560785134,15.0],[11.872306928460029,45.405880542912556,15.0],[11.872314243525715,45.40586856711852,15.0]]]}},{"type":"Feature","id":"AR_STR:9670","properties":{"FID":9670},"geometry":{"type":"Polygon","coordinates":[[[11.874748518716428,45.406059837682776,15.0],[11.874751383921884,45.40603573213282,16.0],[11.874771214154237,45.405955661382684,16.0],[11.874781206754475,45.40591589409156,15.0],[11.874781985810353,45.40591110379583,15.0],[11.87478322952503,45.40590288131447,15.0],[11.874809543908661,45.40573659514725,15.0],[11.87481035947481,45.405732524032075,15.0],[11.874824565774384,45.40553413838769,15.0],[11.874830941505449,45.40546088751895,15.0],[11.874846151026892,45.40546095437095,15.0],[11.874843442481174,45.40525408364686,15.0],[11.874822043410347,45.405252912565935,15.0],[11.874818482052282,45.405165149996144,15.0],[11.874814925276151,45.40507747732239,15.0],[11.874792292879404,45.405036911789445,15.0],[11.874767258625935,45.40506229599224,15.0],[11.874757168347276,45.40507245160115,15.0],[11.874767384248074,45.40522836607883,15.0],[11.874767366168872,45.40523052683678,15.0],[11.874763461884104,45.40538517683972,15.0],[11.87476335269918,45.40538805999381,15.0],[11.87475260171444,45.40553118085651,15.0],[11.874751895509112,45.40553488916566,15.0],[11.874748660797911,45.40555423335912,15.0],[11.874748164189503,45.40555703626154,15.0],[11.874744729937387,45.40565550655488,15.0],[11.874742443602718,45.405809305671355,15.0],[11.874741990201285,45.405843161830134,15.0],[11.874741981250493,45.40584550238308,15.0],[11.874740041393027,45.40593565386325,15.0],[11.87470846337126,45.40605112549726,16.0],[11.874707038311945,45.406073394510784,16.0],[11.874704529622862,45.40611207311707,16.0],[11.874748518716428,45.406059837682776,15.0]]]}},{"type":"Feature","id":"AR_STR:9671","properties":{"FID":9671},"geometry":{"type":"Polygon","coordinates":[[[11.873094779903614,45.40586169754758,15.0],[11.873092726766982,45.405811162167765,15.0],[11.873095256427467,45.40559155774858,16.0],[11.873093773003866,45.40531804681288,15.0],[11.873093398959647,45.405310675198116,15.0],[11.87308384181623,45.40510217662394,15.0],[11.873073791256454,45.40508793766813,15.0],[11.873057537158974,45.40506476364267,15.0],[11.873019858824513,45.405092806164426,15.0],[11.873023904362737,45.40516246406701,15.0],[11.873023936392201,45.405165613701605,15.0],[11.873023366552841,45.40527778375183,15.0],[11.8730062028369,45.405420525846054,15.0],[11.873023714068706,45.40542062499825,15.0],[11.873016426222424,45.405538905032216,16.0],[11.873009270539335,45.40565727174868,15.0],[11.873003029585009,45.40574078055611,15.0],[11.872998276708534,45.405765473668964,15.0],[11.87299911681367,45.40580217765451,15.0],[11.87299503812511,45.405817492481575,16.0],[11.872990325594829,45.40582535222279,16.0],[11.87297694866143,45.40583622051665,15.0],[11.873032661397897,45.40588153424131,15.0],[11.873080823869309,45.40586618954128,15.0],[11.873094779903614,45.40586169754758,15.0]]]}},{"type":"Feature","id":"AR_STR:9701","properties":{"FID":9701},"geometry":{"type":"Polygon","coordinates":[[[11.875605272321454,45.405772261619404,16.0],[11.875539305423876,45.405653397245395,15.0],[11.875518555237045,45.40561971539507,15.0],[11.875492436703588,45.40554071246806,16.0],[11.87549931756931,45.405359163675236,15.0],[11.875503210774704,45.40525969165058,16.0],[11.87550874616852,45.4051221029083,15.0],[11.875499766382422,45.40511134767313,16.0],[11.875474458901142,45.40508102111557,15.0],[11.875445641625468,45.40510236022357,15.0],[11.875432096635173,45.40511242292841,15.0],[11.875430936233135,45.40513486530938,15.0],[11.875428055769298,45.40519137580053,15.0],[11.87542446104684,45.405264016546525,15.0],[11.875416024509176,45.4052639591143,15.0],[11.875417435977331,45.40530181884946,16.0],[11.875417792268756,45.405311351206365,16.0],[11.875419654851445,45.40540338715794,16.0],[11.87541165279055,45.40547730913261,16.0],[11.875419786594449,45.40550914864139,16.0],[11.875420256191896,45.405510847046635,16.0],[11.87543266536155,45.405543838989,16.0],[11.875446597683595,45.40558669393089,16.0],[11.875465866598416,45.40562140326254,16.0],[11.875463856641739,45.405622084003575,16.0],[11.875383353540212,45.405649766320124,16.0],[11.875432088088198,45.40572873941,16.0],[11.875474232920077,45.40570814459075,16.0],[11.87549753466981,45.40573168073552,16.0],[11.875455394395077,45.40575236546108,16.0],[11.875514943402784,45.405812793423365,16.0],[11.87555377663212,45.40581505521831,16.0],[11.875591716523607,45.405817339513995,16.0],[11.875601011936142,45.40578650096776,16.0],[11.87560188679802,45.40578359851632,16.0],[11.875605272321454,45.405772261619404,16.0]]]}},{"type":"Feature","id":"AR_STR:9717","properties":{"FID":9717},"geometry":{"type":"Polygon","coordinates":[[[11.877608596948653,45.405793675893506,15.0],[11.877626923326773,45.40578718286104,15.0],[11.877640605439868,45.40578233716847,15.0],[11.877703496650216,45.405760138146974,15.0],[11.877725715250767,45.405752286757995,15.0],[11.877713580079332,45.40573477032233,15.0],[11.877692819759641,45.40570342945148,15.0],[11.877541914923615,45.405484814122886,15.0],[11.877525184382078,45.40545733214697,15.0],[11.877300204916615,45.405179105951675,14.0],[11.877295223230133,45.4051791415625,14.0],[11.87729479012531,45.4051781623455,14.0],[11.877271863289058,45.40512932357125,14.0],[11.877249134100277,45.40513466739483,14.0],[11.877210319566784,45.405052294489536,14.0],[11.877208031005296,45.40504749151794,14.0],[11.877162808291668,45.404964740110046,14.0],[11.877162115387126,45.40496367743098,14.0],[11.877161417914715,45.40496252485449,14.0],[11.877122827741893,45.40488707723065,14.0],[11.877091772062117,45.4048970415971,14.0],[11.877066750672345,45.40490505354838,14.0],[11.877048647767351,45.40491091076841,14.0],[11.877041601657435,45.4049130687122,14.0],[11.877034687732515,45.40491531333516,14.0],[11.877013061764561,45.40492224952125,14.0],[11.876997557433944,45.404933982043126,14.0],[11.876991646452971,45.40493836167733,14.0],[11.876985863089011,45.404942738093446,14.0],[11.876977860250635,45.40494870068593,14.0],[11.876932933149813,45.40498241804266,14.0],[11.8770789812962,45.40521114805358,14.0],[11.877118618882069,45.40527702794234,15.0],[11.877225657893293,45.4054245598812,15.0],[11.877297787931381,45.40552382514508,16.0],[11.877372690484624,45.40563238175556,15.0],[11.877380534658295,45.40563335410697,15.0],[11.877500559623591,45.405812602786476,15.0],[11.877527537057109,45.405807871877286,15.0],[11.877589723233399,45.405796942273255,15.0],[11.877604923387855,45.40579430861539,15.0],[11.877608596948653,45.405793675893506,15.0]]]}},{"type":"Feature","id":"AR_STR:9723","properties":{"FID":9723},"geometry":{"type":"Polygon","coordinates":[[[11.871557201881428,45.4058272233984,15.0],[11.87154697205169,45.40568850140095,15.0],[11.871540471455614,45.40561071408956,15.0],[11.871539190696186,45.405610656309214,15.0],[11.871537786875823,45.40561069163846,15.0],[11.871536952283702,45.40557407751497,15.0],[11.871522768232749,45.4055740744265,15.0],[11.871512034479519,45.405574074517766,15.0],[11.87148736735597,45.405573975193846,15.0],[11.871489172727161,45.40560957474845,15.0],[11.87149354949753,45.4057034377534,15.0],[11.87149811317837,45.40579846621693,15.0],[11.871513268508536,45.40582769895838,15.0],[11.871528282557012,45.40585666521547,15.0],[11.871548815507639,45.40583571561389,15.0],[11.871557201881428,45.4058272233984,15.0]]]}},{"type":"Feature","id":"AR_STR:9757","properties":{"FID":9757},"geometry":{"type":"Polygon","coordinates":[[[11.87862334345496,45.40594234407559,15.0],[11.878601693471433,45.40587592090502,15.0],[11.878556607748713,45.40571548573434,15.0],[11.878545855096377,45.40567741163715,16.0],[11.878497926074962,45.40568726198973,16.0],[11.878503903403843,45.40570178324907,15.0],[11.8782046975076,45.40576333867015,15.0],[11.878202518172175,45.40575817291339,15.0],[11.878132205969097,45.4057726382921,15.0],[11.878068087690409,45.405785777229475,15.0],[11.878069400768418,45.40578898456204,15.0],[11.878069697133013,45.40578978719993,15.0],[11.878050978485698,45.405793589820235,15.0],[11.877790972770095,45.40584704438061,15.0],[11.877778152949055,45.40585879931282,15.0],[11.877719891683645,45.405911755924066,15.0],[11.877714272453591,45.40591684833775,15.0],[11.87770865322254,45.405921940751185,15.0],[11.877700960396565,45.40592897572608,15.0],[11.877712063341562,45.40592869570274,15.0],[11.877728148037459,45.405928380047165,15.0],[11.877891538242569,45.40592497919487,15.0],[11.877898630133503,45.405923720170016,15.0],[11.878108227540023,45.40588161829344,16.0],[11.878152527252569,45.40582550316704,15.0],[11.878238893606257,45.405855369065236,16.0],[11.878450272242933,45.4058106112618,16.0],[11.878468973271659,45.40581148967528,16.0],[11.878483773275152,45.40581606700244,16.0],[11.878495310009823,45.405821806803175,16.0],[11.878499020811242,45.40582693391909,16.0],[11.878521989367362,45.4059042153687,16.0],[11.878519339189598,45.40592246477053,16.0],[11.878504028244864,45.40594805455642,16.0],[11.878486769273294,45.40596046163293,15.0],[11.878584610924316,45.40597725598699,15.0],[11.878612715832606,45.405951973505616,15.0],[11.87862334345496,45.40594234407559,15.0]]]}},{"type":"Feature","id":"AR_STR:9758","properties":{"FID":9758},"geometry":{"type":"Polygon","coordinates":[[[11.87589685712052,45.40577193365171,16.0],[11.87590773996547,45.40575725733656,16.0],[11.875924355875773,45.40573469543543,16.0],[11.875923393816255,45.40573084914253,16.0],[11.875919509051206,45.40571474479073,16.0],[11.875915656250882,45.405699269721275,16.0],[11.875904571597333,45.40569990915892,16.0],[11.875824422503634,45.4057094003198,16.0],[11.875756543144815,45.40571894223481,15.0],[11.875737099941396,45.405726093202425,15.0],[11.8757310746365,45.405728225337256,15.0],[11.875605272321454,45.405772261619404,16.0],[11.87560188679802,45.40578359851632,16.0],[11.875601011936142,45.40578650096776,16.0],[11.875591716523607,45.405817339513995,16.0],[11.87560782055705,45.405829985483955,16.0],[11.875630579539383,45.405847864486645,16.0],[11.87563841415292,45.40584361646845,16.0],[11.875667505875303,45.40583019150524,16.0],[11.875690731847694,45.40581952473415,16.0],[11.87572845626893,45.40580750241227,15.0],[11.875726878949948,45.405804121687275,15.0],[11.87573201092298,45.405802012067625,15.0],[11.875793731993292,45.40578443423396,16.0],[11.875818622223168,45.40578137656158,16.0],[11.87589685712052,45.40577193365171,16.0]]]}},{"type":"Feature","id":"AR_STR:9760","properties":{"FID":9760},"geometry":{"type":"Polygon","coordinates":[[[11.872279568727992,45.40592560785134,15.0],[11.872257406719628,45.40586657739641,15.0],[11.872251216688559,45.40585035092458,15.0],[11.872027529681896,45.40584905055436,15.0],[11.871804175134848,45.405834149475616,15.0],[11.871557201881428,45.4058272233984,15.0],[11.871548815507639,45.40583571561389,15.0],[11.871528282557012,45.40585666521547,15.0],[11.871527312161035,45.405887924007075,15.0],[11.871526915831058,45.40590278605929,15.0],[11.871526405627597,45.40592296172029,15.0],[11.871840704202317,45.40594970637235,15.0],[11.871841884559595,45.405942745694055,15.0],[11.872020531237562,45.40595796192395,15.0],[11.872171438687813,45.40597297600465,15.0],[11.87219013535718,45.40598132660356,15.0],[11.872203138801941,45.405973168181625,15.0],[11.872279568727992,45.40592560785134,15.0]]]}},{"type":"Feature","id":"AR_STR:9761","properties":{"FID":9761},"geometry":{"type":"Polygon","coordinates":[[[11.87644217781497,45.40572299274805,16.0],[11.876475202652703,45.40570901836337,16.0],[11.876524616825588,45.40568814988389,15.0],[11.876491353510977,45.405687368229245,16.0],[11.876458477622661,45.4056866668106,16.0],[11.876410297012361,45.40569157193476,16.0],[11.87636123218844,45.40569667935372,16.0],[11.876248489686528,45.4057034819587,16.0],[11.87624657539081,45.40570353021395,16.0],[11.87614988049873,45.40570425740136,16.0],[11.876003203388974,45.4056970630691,16.0],[11.87600270180911,45.40569473538427,16.0],[11.875958094264423,45.405697029902925,16.0],[11.875915656250882,45.405699269721275,16.0],[11.875919509051206,45.40571474479073,16.0],[11.875923393816255,45.40573084914253,16.0],[11.875924355875773,45.40573469543543,16.0],[11.87594495976836,45.405760459790336,16.0],[11.876183466855975,45.405746616831735,16.0],[11.876378582582639,45.40572882652885,16.0],[11.87644217781497,45.40572299274805,16.0]]]}},{"type":"Feature","id":"AR_STR:9764","properties":{"FID":9764},"geometry":{"type":"Polygon","coordinates":[[[11.871528282557012,45.40585666521547,15.0],[11.871513268508536,45.40582769895838,15.0],[11.87149811317837,45.40579846621693,15.0],[11.87140248433064,45.40579250161536,15.0],[11.87140088487984,45.40582395626171,15.0],[11.871400169450366,45.40583756616752,15.0],[11.87142463250606,45.405914271363486,15.0],[11.87142565803085,45.40591433556822,15.0],[11.871442472084933,45.40591580269716,15.0],[11.871526405627597,45.40592296172029,15.0],[11.871526915831058,45.40590278605929,15.0],[11.871527312161035,45.405887924007075,15.0],[11.871528282557012,45.40585666521547,15.0]]]}},{"type":"Feature","id":"AR_STR:9766","properties":{"FID":9766},"geometry":{"type":"Polygon","coordinates":[[[11.871400169450366,45.40583756616752,15.0],[11.87140088487984,45.40582395626171,15.0],[11.87140248433064,45.40579250161536,15.0],[11.871122644360016,45.40577497009295,15.0],[11.870994640973544,45.405763068835604,15.0],[11.870994709347508,45.405764417304134,15.0],[11.870826400731898,45.405748939357615,15.0],[11.870826861072164,45.405745417284095,15.0],[11.870749354455311,45.40573647582016,15.0],[11.870651797789716,45.40572524834841,15.0],[11.870450763894423,45.4057019519592,15.0],[11.870448279673727,45.40573612922859,15.0],[11.870371301810605,45.40573005460874,15.0],[11.870298138922832,45.40572109357839,15.0],[11.870304611344796,45.405689966427246,15.0],[11.870265263305656,45.40568510542818,15.0],[11.870166457994738,45.40566940832101,15.0],[11.870158964535257,45.405700561148,15.0],[11.870154433812779,45.40571957776075,15.0],[11.870164246343808,45.40577450865378,15.0],[11.870272363604847,45.40578736115197,15.0],[11.870422645805158,45.40580518366804,15.0],[11.870423288465497,45.405805257513414,15.0],[11.870577431272931,45.40582361279318,15.0],[11.870714308923173,45.405836641438384,15.0],[11.870714217767881,45.40583232312722,15.0],[11.870917622292183,45.40584943854722,15.0],[11.87091608632472,45.40586198894442,15.0],[11.871044873894244,45.4058767509611,15.0],[11.871304769180341,45.40590666623546,15.0],[11.871343592938286,45.4058785054468,15.0],[11.871400169450366,45.40583756616752,15.0]]]}},{"type":"Feature","id":"AR_STR:9793","properties":{"FID":9793},"geometry":{"type":"Polygon","coordinates":[[[11.876696028487046,45.406033797386144,16.0],[11.876668751536258,45.4060527576391,16.0],[11.87665714343184,45.40606070136682,16.0],[11.87667261774367,45.40606346167701,16.0],[11.876708849052337,45.40606983924325,16.0],[11.876702438767524,45.406051818314964,16.0],[11.876696028487046,45.406033797386144,16.0]]]}},{"type":"Feature","id":"AR_STR:9800","properties":{"FID":9800},"geometry":{"type":"Polygon","coordinates":[[[11.877608596948653,45.405793675893506,15.0],[11.877604923387855,45.40579430861539,15.0],[11.877589723233399,45.405796942273255,15.0],[11.877527537057109,45.405807871877286,15.0],[11.877500559623591,45.405812602786476,15.0],[11.877508860982864,45.40582508521137,15.0],[11.877517157777298,45.40583747773818,15.0],[11.877540109871967,45.40582645744669,15.0],[11.87759262711556,45.40580127965556,15.0],[11.877605474985511,45.4057951048176,15.0],[11.877608596948653,45.405793675893506,15.0]]]}},{"type":"Feature","id":"AR_STR:9806","properties":{"FID":9806},"geometry":{"type":"Polygon","coordinates":[[[11.875630579539383,45.405847864486645,16.0],[11.87560782055705,45.405829985483955,16.0],[11.875591716523607,45.405817339513995,16.0],[11.87555377663212,45.40581505521831,16.0],[11.875514943402784,45.405812793423365,16.0],[11.875444249593468,45.40585247028671,16.0],[11.875459651799297,45.405866394140475,16.0],[11.87543456645163,45.405880708225716,16.0],[11.87544493627218,45.40588863804456,16.0],[11.875235411091445,45.406007693968874,16.0],[11.875225986830108,45.406025933968365,16.0],[11.875265212593463,45.4060334067005,16.0],[11.87530457055225,45.40604096610045,16.0],[11.875423940170455,45.405968378242825,16.0],[11.875433237781243,45.40596274318148,16.0],[11.87549211347565,45.40592687464797,16.0],[11.875508356929794,45.40591710398256,16.0],[11.875515918059898,45.405912502814594,16.0],[11.875519878641256,45.40590997266227,16.0],[11.875537607873804,45.40589926442297,16.0],[11.875543555591081,45.40589560403967,16.0],[11.87556730557717,45.40588267377298,16.0],[11.875630579539383,45.405847864486645,16.0]]]}},{"type":"Feature","id":"AR_STR:9807","properties":{"FID":9807},"geometry":{"type":"Polygon","coordinates":[[[11.873086269218803,45.406492270018575,16.0],[11.87311525698246,45.40647677803626,16.0],[11.87314461847187,45.40646109661073,16.0],[11.873139940036959,45.40641422784585,16.0],[11.873121153512876,45.40622783476527,15.0],[11.873118627501329,45.406205755274065,15.0],[11.873123700417112,45.40620499744792,15.0],[11.873116423143896,45.40613713117403,16.0],[11.873107929090278,45.40607298605419,16.0],[11.873104632701677,45.40604831559537,15.0],[11.873095625369597,45.40591613387791,15.0],[11.873032661397897,45.40588153424131,15.0],[11.872998656556454,45.40591902559079,15.0],[11.873007489519022,45.406027628407266,15.0],[11.873011488740236,45.40607622452146,15.0],[11.873013299152793,45.406099312172316,15.0],[11.87302400181022,45.40622965095379,16.0],[11.873008573322485,45.40623030947275,16.0],[11.873015226367803,45.40630602256567,16.0],[11.87301826334213,45.40634069095549,16.0],[11.873026899991176,45.40643786710886,16.0],[11.873037597407981,45.406437147689125,16.0],[11.873037793453776,45.40643849294157,16.0],[11.873044195064844,45.40649413955492,16.0],[11.873086269218803,45.406492270018575,16.0]]]}},{"type":"Feature","id":"AR_STR:9808","properties":{"FID":9808},"geometry":{"type":"Polygon","coordinates":[[[11.87470846337126,45.40605112549726,16.0],[11.874634587351114,45.40602562290178,16.0],[11.874511804158496,45.40598316982387,16.0],[11.874356422521693,45.405930376251575,16.0],[11.874295131975593,45.4059186883684,16.0],[11.874147870630697,45.4059050254586,16.0],[11.87407922880716,45.405902073829715,16.0],[11.873987733665716,45.40589699741331,16.0],[11.873776170004284,45.40588531370198,16.0],[11.873707601214182,45.40588380021128,15.0],[11.873404342311105,45.405873164990545,15.0],[11.873403863527647,45.40586876643059,15.0],[11.87340015341174,45.40586867983673,15.0],[11.873352382204954,45.40586655237549,15.0],[11.873295773259285,45.405864017357715,15.0],[11.87325838036778,45.40586243862397,15.0],[11.873094779903614,45.40586169754758,15.0],[11.873080823869309,45.40586618954128,15.0],[11.873032661397897,45.40588153424131,15.0],[11.873095625369597,45.40591613387791,15.0],[11.873250593078795,45.40591043140745,15.0],[11.873253779029799,45.40591026116768,16.0],[11.873257001475721,45.40591081010958,16.0],[11.873314344599843,45.40592025762816,16.0],[11.87345395304572,45.40593168400082,16.0],[11.87345390310289,45.405935735825246,16.0],[11.873589295439194,45.40594465784236,16.0],[11.873650002145965,45.40594987990249,16.0],[11.873712381617455,45.405955329838505,16.0],[11.873710688955773,45.4060101001255,16.0],[11.873808291808313,45.406014662882676,16.0],[11.873808799424959,45.40596172269318,16.0],[11.874005272206986,45.40597315636801,16.0],[11.87409601543866,45.40597852174786,16.0],[11.874303577612014,45.40598940553985,16.0],[11.874375356105332,45.4060037996283,16.0],[11.874623092987914,45.40610125302561,16.0],[11.874647792435509,45.40610450129696,16.0],[11.874704529622862,45.40611207311707,16.0],[11.874707038311945,45.406073394510784,16.0],[11.87470846337126,45.40605112549726,16.0]]]}},{"type":"Feature","id":"AR_STR:9809","properties":{"FID":9809},"geometry":{"type":"Polygon","coordinates":[[[11.877700960396565,45.40592897572608,15.0],[11.87770865322254,45.405921940751185,15.0],[11.877714272453591,45.40591684833775,15.0],[11.877719891683645,45.405911755924066,15.0],[11.877778152949055,45.40585879931282,15.0],[11.877790972770095,45.40584704438061,15.0],[11.877725715250767,45.405752286757995,15.0],[11.877703496650216,45.405760138146974,15.0],[11.877640605439868,45.40578233716847,15.0],[11.877626923326773,45.40578718286104,15.0],[11.877608596948653,45.405793675893506,15.0],[11.877605474985511,45.4057951048176,15.0],[11.87759262711556,45.40580127965556,15.0],[11.877540109871967,45.40582645744669,15.0],[11.877517157777298,45.40583747773818,15.0],[11.8775977690657,45.40595777188974,15.0],[11.877623975962997,45.40595045002527,15.0],[11.87767374626583,45.405936593048835,15.0],[11.877680801612716,45.40593461485844,15.0],[11.877687980010274,45.405932543551636,15.0],[11.877700960396565,45.40592897572608,15.0]]]}},{"type":"Feature","id":"AR_STR:9810","properties":{"FID":9810},"geometry":{"type":"Polygon","coordinates":[[[11.872998656556454,45.40591902559079,15.0],[11.873032661397897,45.40588153424131,15.0],[11.87297694866143,45.40583622051665,15.0],[11.872962605299254,45.40584315258851,15.0],[11.872944857039066,45.405845939798056,15.0],[11.872877924647964,45.40584645489508,15.0],[11.872819460813133,45.40584765685988,15.0],[11.872734219400023,45.40584746268721,15.0],[11.872709009759799,45.40584674719857,15.0],[11.872709876872833,45.40587894987619,15.0],[11.872548655431624,45.40587472764093,15.0],[11.87245793533128,45.40587233086196,15.0],[11.872314243525715,45.40586856711852,15.0],[11.872306928460029,45.405880542912556,15.0],[11.872279568727992,45.40592560785134,15.0],[11.8723715389174,45.405967758869025,15.0],[11.872409214918482,45.40598499295789,15.0],[11.872526675238078,45.40595278184145,15.0],[11.872587718973268,45.40595205515162,15.0],[11.872797664180768,45.40594946981591,15.0],[11.87279623207291,45.40592376227118,15.0],[11.872998656556454,45.40591902559079,15.0]]]}},{"type":"Feature","id":"AR_STR:9820","properties":{"FID":9820},"geometry":{"type":"Polygon","coordinates":[[[11.878245448951041,45.40610498864738,15.0],[11.878238445773873,45.406087882887455,15.0],[11.878226495732463,45.406058930238196,15.0],[11.878184605216347,45.40603172297346,15.0],[11.878171787365515,45.40602340509208,15.0],[11.878087113469567,45.4060419232275,15.0],[11.878081992991609,45.40602666023305,16.0],[11.877972520241329,45.40605003439699,16.0],[11.877980443770463,45.40606513668228,16.0],[11.877825540087594,45.40614249399267,16.0],[11.877812582821944,45.40614903166467,15.0],[11.87779675424776,45.406156901929975,15.0],[11.877783920026923,45.40616334648274,15.0],[11.87777794044931,45.40616637769827,15.0],[11.877786194979059,45.406167879747514,15.0],[11.877795219801836,45.406169452380865,15.0],[11.877804249194192,45.40617111491087,15.0],[11.8778261731514,45.4061750625833,15.0],[11.877835070355685,45.406176638432264,15.0],[11.877844099750202,45.40617830095905,15.0],[11.877866151333215,45.406182245404835,15.0],[11.877881110677537,45.40618492852677,16.0],[11.877980378330617,45.40615938151513,15.0],[11.878078780617502,45.40613943702545,15.0],[11.87816325425558,45.40612200409897,15.0],[11.878245448951041,45.40610498864738,15.0]]]}},{"type":"Feature","id":"AR_STR:9825","properties":{"FID":9825},"geometry":{"type":"Polygon","coordinates":[[[11.876816273749945,45.406365792585795,17.0],[11.8767394279356,45.40615611046321,16.0],[11.876776897365156,45.40614661457616,16.0],[11.87678244872898,45.40614521443614,16.0],[11.876751327601141,45.406060847163225,16.0],[11.876745511868872,45.406062073941875,16.0],[11.876708849052337,45.40606983924325,16.0],[11.87667261774367,45.40606346167701,16.0],[11.87665714343184,45.40606070136682,16.0],[11.87661070863109,45.40606979315294,16.0],[11.876576042045837,45.406076607958596,16.0],[11.876617371677561,45.406195912834974,16.0],[11.876694001642136,45.4063938088318,17.0],[11.876768567896683,45.40642532353155,17.0],[11.876769237975635,45.40642593672536,17.0],[11.87677676843903,45.40643330792128,17.0],[11.876799335083433,45.40639457362117,16.0],[11.8768036870958,45.40638717287565,16.0],[11.876816273749945,45.406365792585795,17.0]]]}},{"type":"Feature","id":"AR_STR:9831","properties":{"FID":9831},"geometry":{"type":"Polygon","coordinates":[[[11.874869883065987,45.406079373043184,16.0],[11.874870023828576,45.40607207847667,16.0],[11.87474890157848,45.406059828036696,15.0],[11.874748518716428,45.406059837682776,15.0],[11.874704529622862,45.40611207311707,16.0],[11.874647792435509,45.40610450129696,16.0],[11.874623092987914,45.40610125302561,16.0],[11.874688422377579,45.40618241870941,16.0],[11.874701840835595,45.406182440692355,16.0],[11.874755760780328,45.40618234238246,16.0],[11.874777386618595,45.406162804866504,16.0],[11.874846789743508,45.40610020772725,16.0],[11.874869883065987,45.406079373043184,16.0]]]}},{"type":"Feature","id":"AR_STR:9839","properties":{"FID":9839},"geometry":{"type":"Polygon","coordinates":[[[11.875209800461237,45.4060670275368,16.0],[11.875218062254365,45.40604602644121,16.0],[11.875225986830108,45.406025933968365,16.0],[11.875235411091445,45.406007693968874,16.0],[11.875218631866334,45.4059867838021,16.0],[11.875189621726836,45.405996786116155,16.0],[11.874946304484942,45.406069436402674,16.0],[11.874869883065987,45.406079373043184,16.0],[11.874846789743508,45.40610020772725,16.0],[11.874777386618595,45.406162804866504,16.0],[11.874755760780328,45.40618234238246,16.0],[11.874727052939257,45.40621592026072,16.0],[11.874830920938702,45.4061878297495,16.0],[11.874934788831297,45.40615973914616,15.0],[11.874995428730283,45.40612085600322,16.0],[11.874998766077793,45.406133733725625,16.0],[11.875209800461237,45.4060670275368,16.0]]]}},{"type":"Feature","id":"AR_STR:9840","properties":{"FID":9840},"geometry":{"type":"Polygon","coordinates":[[[11.87795666398048,45.40605484495486,15.0],[11.877939461053225,45.40604321717285,16.0],[11.877877427437582,45.40596413052775,15.0],[11.877873743779837,45.40595702243002,15.0],[11.877873902116182,45.40594756711425,15.0],[11.877877369435724,45.405937848313684,15.0],[11.877883134232171,45.40593059191825,15.0],[11.877891538242569,45.40592497919487,15.0],[11.877728148037459,45.405928380047165,15.0],[11.877712063341562,45.40592869570274,15.0],[11.877700960396565,45.40592897572608,15.0],[11.877687980010274,45.405932543551636,15.0],[11.877680801612716,45.40593461485844,15.0],[11.87767374626583,45.405936593048835,15.0],[11.877623975962997,45.40595045002527,15.0],[11.8775977690657,45.40595777188974,15.0],[11.877700230662699,45.40611072955293,16.0],[11.877719950043044,45.40612661450848,16.0],[11.877740715009384,45.406120329992696,16.0],[11.877758585821443,45.406114928580216,16.0],[11.877760974058129,45.40611414824552,16.0],[11.877765632048911,45.40611277058945,16.0],[11.877772678275825,45.40611061259827,16.0],[11.8777899201175,45.40610540706943,16.0],[11.877796966342515,45.40610324907681,15.0],[11.877804017136073,45.40610118098108,15.0],[11.877902427256837,45.406071335060965,15.0],[11.87795666398048,45.40605484495486,15.0]]]}},{"type":"Feature","id":"AR_STR:9841","properties":{"FID":9841},"geometry":{"type":"Polygon","coordinates":[[[11.87665714343184,45.40606070136682,16.0],[11.876668751536258,45.4060527576391,16.0],[11.876696028487046,45.406033797386144,16.0],[11.876738962417434,45.40602119332606,16.0],[11.87676779468235,45.40601272531629,16.0],[11.876731102672213,45.405959552836016,16.0],[11.876674755219478,45.405974745384945,16.0],[11.876579085341499,45.40570891980376,16.0],[11.876543382252759,45.40569532787163,16.0],[11.876524616825588,45.40568814988389,15.0],[11.876475202652703,45.40570901836337,16.0],[11.87644217781497,45.40572299274805,16.0],[11.876494442623152,45.40585633400578,16.0],[11.876499378701395,45.40585539945379,16.0],[11.87656930348687,45.40605715509739,16.0],[11.876576042045837,45.406076607958596,16.0],[11.87661070863109,45.40606979315294,16.0],[11.87665714343184,45.40606070136682,16.0]]]}},{"type":"Feature","id":"AR_STR:9846","properties":{"FID":9846},"geometry":{"type":"Polygon","coordinates":[[[11.874148915898267,45.40638377609874,16.0],[11.87416446608676,45.406360341175066,16.0],[11.87418452818292,45.406330131664006,16.0],[11.874179741229447,45.40631134960233,16.0],[11.874174607769286,45.40629077601704,16.0],[11.874081983148992,45.40631129170303,16.0],[11.874005784965128,45.40632815311,16.0],[11.874014455263005,45.40634791751548,16.0],[11.874012308514653,45.406348421651195,16.0],[11.873861493045954,45.40637301323152,16.0],[11.873858274015419,45.406352391413584,16.0],[11.87385777707887,45.40635015361514,16.0],[11.873745694318652,45.406367468599264,16.0],[11.87371409907444,45.40637186485224,16.0],[11.873714432149038,45.40637842738248,16.0],[11.87358842053716,45.406400773672,16.0],[11.873517372311097,45.406413364473984,16.0],[11.873354081199043,45.40643385895004,16.0],[11.87314461847187,45.40646109661073,16.0],[11.87311525698246,45.40647677803626,16.0],[11.873086269218803,45.406492270018575,16.0],[11.873125304433774,45.40651865092811,16.0],[11.87317025449209,45.40651301842817,16.0],[11.873252921191952,45.40650274563722,16.0],[11.873373505814325,45.40650438972033,16.0],[11.873492111372622,45.40648718087269,16.0],[11.873532831594732,45.406481294702004,16.0],[11.873588729415083,45.40646980554753,16.0],[11.87369427178712,45.40645202535256,16.0],[11.873693391858538,45.406447276846805,16.0],[11.874022160821658,45.40639398989604,16.0],[11.874024905198674,45.40640274200341,16.0],[11.874148915898267,45.40638377609874,16.0]]]}},{"type":"Feature","id":"AR_STR:9857","properties":{"FID":9857},"geometry":{"type":"Polygon","coordinates":[[[11.877780097182706,45.40624652451987,16.0],[11.877779062377416,45.40620856530635,16.0],[11.87777794044931,45.40616637769827,15.0],[11.87774423272566,45.406149315339206,16.0],[11.87772810134469,45.40614117099103,16.0],[11.877719950043044,45.40612661450848,16.0],[11.877700230662699,45.40611072955293,16.0],[11.877618861199691,45.40613141431519,16.0],[11.87757008426578,45.406144706139585,16.0],[11.877567987208272,45.40614115852257,15.0],[11.877308281793114,45.40620810629425,15.0],[11.877283282907253,45.40617885251218,14.0],[11.877263433760668,45.406183043560986,15.0],[11.877282297997592,45.4062147923718,15.0],[11.87730340519577,45.40625044517233,16.0],[11.877096887794067,45.4063003890112,16.0],[11.876900711614185,45.406347641397026,17.0],[11.876816273749945,45.406365792585795,17.0],[11.8768036870958,45.40638717287565,16.0],[11.876799335083433,45.40639457362117,16.0],[11.87677676843903,45.40643330792128,17.0],[11.876807805146012,45.406450617934794,17.0],[11.876873557072287,45.406487215478315,17.0],[11.877009471059324,45.406458585029604,17.0],[11.877046371049348,45.40645045360125,17.0],[11.87703923571212,45.40643074073576,17.0],[11.877087949355207,45.40641871091118,16.0],[11.877358900364476,45.40635175009504,16.0],[11.877361931290542,45.406351043574254,16.0],[11.87736092830082,45.40634890856514,16.0],[11.877373804024733,45.406345793479325,16.0],[11.877729168914774,45.40626023072192,16.0],[11.877780097182706,45.40624652451987,16.0]]]}},{"type":"Feature","id":"AR_STR:9871","properties":{"FID":9871},"geometry":{"type":"Polygon","coordinates":[[[11.877980443770463,45.40606513668228,16.0],[11.877951370142723,45.40607388112444,15.0],[11.877909461997346,45.40608654978108,15.0],[11.87781166711137,45.40611593012708,15.0],[11.87780462088541,45.406118088120664,15.0],[11.877797570089806,45.406120156216446,15.0],[11.87778032824447,45.40612536174652,15.0],[11.877773282016069,45.40612751973821,15.0],[11.877766108166607,45.40612968094822,16.0],[11.877750502536923,45.40613439514354,16.0],[11.87772810134469,45.40614117099103,16.0],[11.87774423272566,45.406149315339206,16.0],[11.87777794044931,45.40616637769827,15.0],[11.877783920026923,45.40616334648274,15.0],[11.87779675424776,45.406156901929975,15.0],[11.877812582821944,45.40614903166467,15.0],[11.877825540087594,45.40614249399267,16.0],[11.877980443770463,45.40606513668228,16.0]]]}},{"type":"Feature","id":"AR_STR:9873","properties":{"FID":9873},"geometry":{"type":"Polygon","coordinates":[[[11.874727052939257,45.40621592026072,16.0],[11.874755760780328,45.40618234238246,16.0],[11.874701840835595,45.406182440692355,16.0],[11.874688422377579,45.40618241870941,16.0],[11.874643742738364,45.4062034371485,16.0],[11.87449248238125,45.4062444230641,16.0],[11.874496115941245,45.40625810345203,16.0],[11.874498172074547,45.40626588274821,16.0],[11.874542362474534,45.40628808273453,16.0],[11.874551542414576,45.40629271214496,16.0],[11.874672566300982,45.406260229015786,16.0],[11.874675360273589,45.4062598885866,16.0],[11.87473358710501,45.406254010986125,16.0],[11.874727052939257,45.40621592026072,16.0]]]}},{"type":"Feature","id":"AR_STR:9894","properties":{"FID":9894},"geometry":{"type":"Polygon","coordinates":[[[11.873795355797961,45.411114650386104,16.0],[11.87378668830132,45.411077333462266,15.0],[11.873737145813006,45.41086669173672,16.0],[11.873636110130388,45.410510176347245,16.0],[11.873672398067598,45.410505031843925,16.0],[11.873763753751495,45.4104921095144,16.0],[11.873851905080118,45.410481518132606,16.0],[11.873838897631735,45.410434229114564,16.0],[11.873750673503032,45.41044590247037,16.0],[11.873659313326312,45.41045873489008,16.0],[11.87362287497057,45.410463433114856,16.0],[11.873561537132627,45.410254528559186,16.0],[11.873548092473746,45.410208690718,16.0],[11.873547932902525,45.41020806464886,16.0],[11.873517332598778,45.41010370063671,16.0],[11.873513526516232,45.41010424655123,16.0],[11.873492417353445,45.410015665740204,16.0],[11.873462171616731,45.409888069544394,16.0],[11.873459238889792,45.40985294849471,16.0],[11.873431527918385,45.40972996910657,16.0],[11.873406216549867,45.40973483711253,16.0],[11.873393364677668,45.409688084196354,16.0],[11.873386963844887,45.409665202174445,16.0],[11.873410579633696,45.409662177123394,16.0],[11.873395874071264,45.409553722279234,16.0],[11.87339287272146,45.409512212063305,16.0],[11.873388142638612,45.40944671203011,16.0],[11.873415368434603,45.409444316168496,16.0],[11.873409845063447,45.40937577568621,16.0],[11.873411385223116,45.40936583551973,16.0],[11.873414297480673,45.40935775106333,16.0],[11.873420541632681,45.40934733238594,16.0],[11.873426690219915,45.40934006655415,16.0],[11.873442675046057,45.40932769233653,16.0],[11.873452616099277,45.409322131247855,16.0],[11.87346758940108,45.40931752357979,16.0],[11.87340685057778,45.40928907899521,16.0],[11.873387081411495,45.409279765470025,16.0],[11.873287592973721,45.409233123961926,16.0],[11.87323112776327,45.409354352554665,16.0],[11.873215458390032,45.40938805177396,16.0],[11.87322529789954,45.40954919650696,16.0],[11.873225361773084,45.40955045507425,16.0],[11.873227531460932,45.40955040043867,16.0],[11.873229350673842,45.40956106612193,16.0],[11.873273987669654,45.40982115850972,16.0],[11.873315427106263,45.41002579365256,16.0],[11.87333383652372,45.410093919622035,16.0],[11.873372869595995,45.41011516977291,16.0],[11.873428071155724,45.41014528403113,16.0],[11.873428896252356,45.41014643341572,16.0],[11.873360586530524,45.4102332154976,16.0],[11.873386084829258,45.410315114884746,16.0],[11.873428091333164,45.410450336025285,16.0],[11.873423382685925,45.41045072464103,16.0],[11.873424759504955,45.41045519059551,16.0],[11.87343796725301,45.410503914817156,16.0],[11.873294141244605,45.41051284746041,17.0],[11.873298459118109,45.410537492176154,17.0],[11.873444710174418,45.41052849845697,16.0],[11.873473290231466,45.410525078339234,16.0],[11.87352124840777,45.410712086791285,16.0],[11.873508540036536,45.41071348698731,16.0],[11.873547461112166,45.41093141728573,16.0],[11.87354260654197,45.4109314495312,16.0],[11.873563323762125,45.41101229911511,16.0],[11.873582313105866,45.41108680132024,15.0],[11.873594892127661,45.41113572137876,15.0],[11.873647923242308,45.41113312562664,15.0],[11.873713227879973,45.41117594710045,16.0],[11.873781439916318,45.41112499226584,16.0],[11.873795355797961,45.411114650386104,16.0]]]}},{"type":"Feature","id":"AR_STR:10089","properties":{"FID":10089},"geometry":{"type":"Polygon","coordinates":[[[11.875965487687548,45.40839605077565,16.0],[11.875904540509028,45.40838363500705,16.0],[11.875845648449147,45.40841419341345,16.0],[11.875905504265758,45.40840512371843,16.0],[11.875965487687548,45.40839605077565,16.0]]]}},{"type":"Feature","id":"AR_STR:10124","properties":{"FID":10124},"geometry":{"type":"Polygon","coordinates":[[[11.871680046913388,45.408954769131675,15.0],[11.871655222153287,45.40889112494577,15.0],[11.871630822568452,45.40889380930912,15.0],[11.871497151274355,45.408908875010034,15.0],[11.871458284213457,45.408913543652034,14.0],[11.871461813038627,45.40896800245624,15.0],[11.871483473648889,45.408991940762625,15.0],[11.871486992587899,45.40899581275739,15.0],[11.87150226234997,45.408997048702865,15.0],[11.871523526093958,45.409000564138715,15.0],[11.87153712749477,45.40899662133779,15.0],[11.871680046913388,45.408954769131675,15.0]]]}},{"type":"Feature","id":"AR_STR:10126","properties":{"FID":10126},"geometry":{"type":"Polygon","coordinates":[[[11.876651529559892,45.409136842556876,16.0],[11.876652137846486,45.409070848018295,16.0],[11.876652727325569,45.40899945319991,16.0],[11.876654227369864,45.40883280213818,16.0],[11.876656884153437,45.408827244390885,16.0],[11.876565386924144,45.40876186168496,16.0],[11.876455294779674,45.40880334252287,16.0],[11.87646670483667,45.40881412642346,16.0],[11.876469663348303,45.40881702225452,16.0],[11.87647798727135,45.40882491354024,16.0],[11.876475743765598,45.40890400112451,16.0],[11.8764737864394,45.40897363017494,16.0],[11.876473582996072,45.40898974755133,16.0],[11.876473351625133,45.40900028485324,16.0],[11.87647274208073,45.409056198017,16.0],[11.876471801468126,45.4091282317738,16.0],[11.876500147564276,45.40916298211753,16.0],[11.876509552205864,45.40917453667034,16.0],[11.87652358851047,45.409191735260535,16.0],[11.87656324487955,45.40924033242382,16.0],[11.876603893891325,45.409192771140475,16.0],[11.876616796363669,45.40917759378469,16.0],[11.876628131026878,45.40916425620482,16.0],[11.876651529559892,45.409136842556876,16.0]]]}},{"type":"Feature","id":"AR_STR:10134","properties":{"FID":10134},"geometry":{"type":"Polygon","coordinates":[[[11.871458284213457,45.408913543652034,14.0],[11.871445348282663,45.40891548942032,14.0],[11.871359034139843,45.4088060459691,14.0],[11.871330568024366,45.40875374491556,14.0],[11.871267909985837,45.40856395496258,14.0],[11.871254709182683,45.40851532031447,14.0],[11.871213238143573,45.40837288385806,14.0],[11.871182616255654,45.408303264586486,14.0],[11.87115186682075,45.40823364851552,14.0],[11.871165003177682,45.408233137938076,14.0],[11.87105624231037,45.4081371308743,16.0],[11.87104827024955,45.408136161305784,16.0],[11.871037340002918,45.40813481610807,16.0],[11.870989247835043,45.408128915205126,16.0],[11.871024737544019,45.40821893491149,15.0],[11.871035686023415,45.408218119350025,15.0],[11.871058887036149,45.40827496357889,15.0],[11.871095370614556,45.40836441817807,15.0],[11.87109776822442,45.408371378827965,15.0],[11.871118480687482,45.40843206618965,15.0],[11.871118927391123,45.40843331512522,15.0],[11.871152389241269,45.40853121690773,15.0],[11.871174806642678,45.408600322537126,15.0],[11.871175864154262,45.408603536378855,15.0],[11.871195542025902,45.40865641866559,15.0],[11.871238006613968,45.40877056617782,15.0],[11.871239488046442,45.408774579464456,15.0],[11.871259494068722,45.40881377157238,15.0],[11.871284062270398,45.40880937280678,15.0],[11.871297235201187,45.40880706104259,15.0],[11.871398518620929,45.4089521328588,15.0],[11.871410296867928,45.408955076907496,15.0],[11.871411459194281,45.40895531769479,15.0],[11.871461813038627,45.40896800245624,15.0],[11.871458284213457,45.408913543652034,14.0]]]}},{"type":"Feature","id":"AR_STR:10136","properties":{"FID":10136},"geometry":{"type":"Polygon","coordinates":[[[11.871486992587899,45.40899581275739,15.0],[11.871483473648889,45.408991940762625,15.0],[11.871461813038627,45.40896800245624,15.0],[11.871411459194281,45.40895531769479,15.0],[11.871410296867928,45.408955076907496,15.0],[11.871398518620929,45.4089521328588,15.0],[11.871175640154881,45.40898717554392,15.0],[11.871040459736426,45.40900020839468,15.0],[11.871037642609727,45.40897489573842,15.0],[11.870869438505036,45.40898686906322,15.0],[11.87087301679104,45.409017113262976,15.0],[11.87087419740208,45.40902779505226,15.0],[11.870883609961098,45.40902944848929,15.0],[11.870994240614666,45.40904889798673,15.0],[11.871011128534871,45.40905180352091,15.0],[11.871409955713126,45.409003782286256,15.0],[11.871461749670834,45.40899698809437,15.0],[11.871478911010318,45.40899520602546,15.0],[11.871486992587899,45.40899581275739,15.0]]]}},{"type":"Feature","id":"AR_STR:10146","properties":{"FID":10146},"geometry":{"type":"Polygon","coordinates":[[[11.87722426237813,45.40885470439513,16.0],[11.877194113773731,45.40880460753498,16.0],[11.877041579435337,45.40878793089579,17.0],[11.876825558586901,45.40875917284008,17.0],[11.876774584535482,45.40875190683918,16.0],[11.876635054365474,45.40873211139859,16.0],[11.876636004717405,45.40871057443731,16.0],[11.876562308395084,45.40870127083144,16.0],[11.876563358930609,45.40872194723554,16.0],[11.876565386924144,45.40876186168496,16.0],[11.876656884153437,45.408827244390885,16.0],[11.876663848808551,45.408825988651124,16.0],[11.876950220989306,45.4088661150303,16.0],[11.87705048279009,45.40888014929645,16.0],[11.877179447541572,45.40889823036975,16.0],[11.877226009359118,45.40890416724926,16.0],[11.87722426237813,45.40885470439513,16.0]]]}},{"type":"Feature","id":"AR_STR:10153","properties":{"FID":10153},"geometry":{"type":"Polygon","coordinates":[[[11.87716310790276,45.40827746570472,17.0],[11.877140913405995,45.40830592925097,17.0],[11.87716465631002,45.40830542056789,17.0],[11.877182145566074,45.408305069572194,17.0],[11.87716310790276,45.40827746570472,17.0]]]}},{"type":"Feature","id":"AR_STR:10159","properties":{"FID":10159},"geometry":{"type":"Polygon","coordinates":[[[11.872124909865889,45.408909907371076,15.0],[11.872122589226581,45.40888935290956,15.0],[11.872108677443112,45.40887458098111,15.0],[11.872094642600223,45.40885990216107,15.0],[11.87209563638877,45.40886437777396,15.0],[11.87196867033963,45.408880625435934,15.0],[11.871961951025561,45.40885397082028,15.0],[11.871740609280186,45.408881504888924,15.0],[11.871655222153287,45.40889112494577,15.0],[11.871680046913388,45.408954769131675,15.0],[11.87168262682317,45.40895524427649,15.0],[11.871794675149824,45.40897492735494,15.0],[11.872035548084407,45.408919267711184,15.0],[11.872044263167245,45.40891724809355,15.0],[11.872124909865889,45.408909907371076,15.0]]]}},{"type":"Feature","id":"AR_STR:10163","properties":{"FID":10163},"geometry":{"type":"Polygon","coordinates":[[[11.875748812292873,45.409119182084176,16.0],[11.875754950575129,45.40875195616997,16.0],[11.875785684606313,45.408738129739454,16.0],[11.87581604030899,45.40872440284858,16.0],[11.875816774103725,45.408723754266056,16.0],[11.875752981369057,45.40870060862929,16.0],[11.875652599639388,45.40866407310348,16.0],[11.875588776844975,45.40866046085781,16.0],[11.875569040186724,45.40865933803417,16.0],[11.875568516644767,45.408666642245784,16.0],[11.875566008075802,45.408700280151336,16.0],[11.875559775345206,45.40878387887014,16.0],[11.875556602121042,45.408827074856674,15.0],[11.875557492926813,45.408849645558945,15.0],[11.875551996909891,45.40901819756273,16.0],[11.87557404175611,45.4090899220748,16.0],[11.875598981893432,45.409170844907564,16.0],[11.875604480574532,45.40918852881468,16.0],[11.875620087587837,45.409239172600856,16.0],[11.875711475208933,45.409153967821936,16.0],[11.875748812292873,45.409119182084176,16.0]]]}},{"type":"Feature","id":"AR_STR:10167","properties":{"FID":10167},"geometry":{"type":"Polygon","coordinates":[[[11.876175910423976,45.40866681532978,16.0],[11.876162933388159,45.40866543220511,16.0],[11.87613981449969,45.4086631345606,16.0],[11.876118486948938,45.40866088177027,16.0],[11.876103841639093,45.408659360665396,16.0],[11.876110698396522,45.408673589839545,16.0],[11.876130552921238,45.40871476518752,16.0],[11.876163905645399,45.40867953966929,16.0],[11.876175910423976,45.40866681532978,16.0]]]}},{"type":"Feature","id":"AR_STR:10171","properties":{"FID":10171},"geometry":{"type":"Polygon","coordinates":[[[11.87337488578427,45.409135152376095,16.0],[11.873283162316863,45.40875049819163,16.0],[11.873280736929551,45.40874047786055,16.0],[11.873234554250052,45.40874200086394,16.0],[11.873216422838464,45.40865919581824,16.0],[11.87320579113018,45.40861085675418,16.0],[11.873196645682683,45.40856914119281,16.0],[11.873183235661866,45.40856677849359,16.0],[11.87315061768612,45.408561118935545,16.0],[11.873114089361495,45.408566539364664,16.0],[11.873080350564612,45.40857152949146,16.0],[11.8731036828375,45.40866113456817,16.0],[11.87312350027218,45.40873687619741,16.0],[11.873134915724723,45.408780514880185,16.0],[11.87312512494435,45.40878148151707,16.0],[11.87313556765872,45.40878328885349,16.0],[11.873159288256096,45.408787372207236,16.0],[11.873216784736345,45.40879726597224,16.0],[11.873122177407659,45.40881657062277,16.0],[11.87317910896065,45.40903188728827,16.0],[11.873179665208442,45.409035293758585,16.0],[11.873194201138773,45.40913538174203,16.0],[11.873217818009515,45.40916008057042,16.0],[11.873287592973721,45.409233123961926,16.0],[11.873358085410668,45.40915411803853,16.0],[11.87337488578427,45.409135152376095,16.0]]]}},{"type":"Feature","id":"AR_STR:10176","properties":{"FID":10176},"geometry":{"type":"Polygon","coordinates":[[[11.873122177407659,45.40881657062277,16.0],[11.873216784736345,45.40879726597224,16.0],[11.873159288256096,45.408787372207236,16.0],[11.87313556765872,45.40878328885349,16.0],[11.87312512494435,45.40878148151707,16.0],[11.872936624952269,45.408798919641626,16.0],[11.872930380350873,45.408799256897964,16.0],[11.872899280407818,45.408800850063336,16.0],[11.872900247092298,45.40880982697964,16.0],[11.872845626766988,45.40879869047595,16.0],[11.872841492523008,45.4087978044296,16.0],[11.872780094883897,45.408801690605316,16.0],[11.872776781141782,45.408801864049224,16.0],[11.872762817883961,45.40875585913832,16.0],[11.872722624701046,45.408762091813244,16.0],[11.87272908016962,45.40879361370536,16.0],[11.872601047775353,45.40880646844219,16.0],[11.872446952095364,45.40882195944384,15.0],[11.872420250736129,45.408824611909615,15.0],[11.872348082564923,45.408840380612055,15.0],[11.872297141369728,45.408851384330475,15.0],[11.872296384727976,45.408851583402665,15.0],[11.872122589226581,45.40888935290956,15.0],[11.872124909865889,45.408909907371076,15.0],[11.87215747758078,45.40890701729463,16.0],[11.872159255242753,45.40890679252231,16.0],[11.872328361180667,45.408892454264674,15.0],[11.872395889632164,45.408888504007905,16.0],[11.872524574174141,45.40887842347314,16.0],[11.872527865115924,45.408877800547764,16.0],[11.872606537794907,45.40886429831415,16.0],[11.87260624113124,45.40885341426334,16.0],[11.872774444348623,45.40884143839687,16.0],[11.87290673874939,45.4088319866442,16.0],[11.873025276745357,45.40882342119416,16.0],[11.873122177407659,45.40881657062277,16.0]]]}},{"type":"Feature","id":"AR_STR:10179","properties":{"FID":10179},"geometry":{"type":"Polygon","coordinates":[[[11.875565844237215,45.40859893013714,16.0],[11.875355992507062,45.408578384989404,16.0],[11.875218314268775,45.40856484202401,16.0],[11.875220368755988,45.408549938180705,16.0],[11.875103758465505,45.40854108491624,16.0],[11.875102217820462,45.40854094371196,16.0],[11.875100681740635,45.408540892405185,16.0],[11.87505196008478,45.408537709455906,16.0],[11.875015426772153,45.40859335762965,16.0],[11.875156936058383,45.40863452817324,16.0],[11.875195325238048,45.40864562250956,16.0],[11.875443701243245,45.40865475566104,16.0],[11.875569040186724,45.40865933803417,16.0],[11.875588776844975,45.40866046085781,16.0],[11.875652599639388,45.40866407310348,16.0],[11.875574482393743,45.408605463381434,16.0],[11.875565844237215,45.40859893013714,16.0]]]}},{"type":"Feature","id":"AR_STR:10183","properties":{"FID":10183},"geometry":{"type":"Polygon","coordinates":[[[11.875011094955081,45.409099427368815,16.0],[11.875012728376577,45.409003252801845,16.0],[11.875014556725757,45.408893301400695,16.0],[11.875016385078391,45.40878334999781,16.0],[11.875017798103114,45.408783494418905,16.0],[11.875026773063308,45.4087840783892,16.0],[11.875178207899314,45.40879421451458,16.0],[11.875152366523906,45.40877605304921,16.0],[11.875150780219158,45.40877501287053,16.0],[11.875138610025827,45.408774419411266,16.0],[11.875141046611986,45.408749424534975,16.0],[11.875133361619252,45.40874907810669,16.0],[11.87513917302622,45.408689883431194,16.0],[11.875145454118893,45.408690265234775,16.0],[11.87514781329204,45.4086662624469,16.0],[11.87516399923271,45.408667924878486,16.0],[11.875162435554968,45.408664813840886,16.0],[11.875195325238048,45.40864562250956,16.0],[11.875156936058383,45.40863452817324,16.0],[11.875015426772153,45.40859335762965,16.0],[11.874971379360442,45.40861931095125,16.0],[11.874955745801488,45.408628526094105,16.0],[11.874947888337646,45.408816040211335,16.0],[11.874944922778042,45.4088985664361,16.0],[11.874951463712218,45.408899031715876,16.0],[11.874949361641615,45.40894823153692,16.0],[11.874945699271192,45.40909756463379,16.0],[11.874959679830608,45.409166522040444,16.0],[11.874972142003958,45.409228226686146,16.0],[11.874990629630746,45.40916700238466,16.0],[11.875011094955081,45.409099427368815,16.0]]]}},{"type":"Feature","id":"AR_STR:10185","properties":{"FID":10185},"geometry":{"type":"Polygon","coordinates":[[[11.875867834911924,45.40868493207816,16.0],[11.87585071097134,45.40864467799985,16.0],[11.875843019795619,45.40862659930081,16.0],[11.875831822656055,45.40859987774775,16.0],[11.875685269576447,45.408585208840975,16.0],[11.875675371548558,45.40860922161565,16.0],[11.875669114642873,45.40862441140474,16.0],[11.875652599639388,45.40866407310348,16.0],[11.875752981369057,45.40870060862929,16.0],[11.875816774103725,45.408723754266056,16.0],[11.875834248645594,45.40871053205207,16.0],[11.875867834911924,45.40868493207816,16.0]]]}},{"type":"Feature","id":"AR_STR:10189","properties":{"FID":10189},"geometry":{"type":"Polygon","coordinates":[[[11.876130552921238,45.40871476518752,16.0],[11.876110698396522,45.408673589839545,16.0],[11.876103841639093,45.408659360665396,16.0],[11.876054258186427,45.40865430960394,16.0],[11.875921871683024,45.40864180426784,16.0],[11.875910085336182,45.40865128262292,16.0],[11.875867834911924,45.40868493207816,16.0],[11.875834248645594,45.40871053205207,16.0],[11.875816774103725,45.408723754266056,16.0],[11.875819768877186,45.4087248489489,16.0],[11.875932268647052,45.4087383057143,16.0],[11.875969809601008,45.4087427602397,16.0],[11.875994884015434,45.4087458187415,16.0],[11.876128337701685,45.40876171756958,8.0],[11.876128978927596,45.40874666930893,11.0],[11.876130552921238,45.40871476518752,16.0]]]}},{"type":"Feature","id":"AR_STR:10190","properties":{"FID":10190},"geometry":{"type":"Polygon","coordinates":[[[11.872420250736129,45.408824611909615,15.0],[11.87240015093874,45.4087281743783,15.0],[11.872371412150406,45.40873096813557,15.0],[11.872364441820027,45.40869936917135,15.0],[11.872402565688823,45.40869516899214,15.0],[11.872415396709584,45.40869367581896,15.0],[11.872414699202087,45.40869000286317,15.0],[11.87240456483056,45.40863634046332,16.0],[11.872339835346072,45.40864004024036,16.0],[11.87212424201304,45.40865239824927,15.0],[11.872085634937287,45.408654630221996,15.0],[11.872054512300645,45.40865829401694,15.0],[11.8720610403518,45.40869125432137,15.0],[11.872094642600223,45.40885990216107,15.0],[11.872108677443112,45.40887458098111,15.0],[11.872122589226581,45.40888935290956,15.0],[11.872296384727976,45.408851583402665,15.0],[11.872297141369728,45.408851384330475,15.0],[11.872348082564923,45.408840380612055,15.0],[11.872420250736129,45.408824611909615,15.0]]]}},{"type":"Feature","id":"AR_STR:10192","properties":{"FID":10192},"geometry":{"type":"Polygon","coordinates":[[[11.877854541372999,45.409119018373715,16.0],[11.877717348265213,45.4091351703362,16.0],[11.877606833436326,45.40914821897795,16.0],[11.877505310017748,45.40914708881377,16.0],[11.877456082120606,45.409146530023705,16.0],[11.877456523483422,45.40914012800185,16.0],[11.877458455849464,45.40910020370884,16.0],[11.877460454624654,45.409081700729,16.0],[11.877421003817517,45.409079905221994,16.0],[11.877418034561236,45.409139658424905,16.0],[11.877417716252419,45.40914596733086,16.0],[11.877214277394513,45.40914353643524,16.0],[11.877173358979942,45.40914303802591,16.0],[11.87688539854944,45.409139587364166,16.0],[11.876815841355736,45.409138820766394,16.0],[11.876679534770092,45.40913721665433,16.0],[11.876651529559892,45.409136842556876,16.0],[11.876628131026878,45.40916425620482,16.0],[11.876616796363669,45.40917759378469,16.0],[11.876603893891325,45.409192771140475,16.0],[11.87656324487955,45.40924033242382,16.0],[11.87662771457099,45.409319538358766,16.0],[11.876646669863039,45.409343003811166,16.0],[11.876915965702194,45.40934629559296,16.0],[11.87717707965594,45.40934952301522,16.0],[11.877279888860448,45.409350801073394,16.0],[11.877280399371626,45.40935078819988,16.0],[11.877547780794032,45.40935412676405,16.0],[11.8776020000612,45.40935482967131,16.0],[11.87764165134289,45.409317824649634,16.0],[11.877819894605269,45.409151396620864,16.0],[11.877854541372999,45.409119018373715,16.0]]]}},{"type":"Feature","id":"AR_STR:10201","properties":{"FID":10201},"geometry":{"type":"Polygon","coordinates":[[[11.874650735016225,45.409691068014375,16.0],[11.874661162868291,45.4092949300987,16.0],[11.87482013308015,45.409297405811486,16.0],[11.874782987097712,45.40927556853361,16.0],[11.874678920143538,45.40921428153706,16.0],[11.874623054542647,45.40926420577106,16.0],[11.87460520596949,45.40928013759809,16.0],[11.874550935502205,45.4093287614337,16.0],[11.874541038942164,45.40964225443337,16.0],[11.874538667391256,45.409688670642026,16.0],[11.8746099346832,45.409690385684534,16.0],[11.874650735016225,45.409691068014375,16.0]]]}},{"type":"Feature","id":"AR_STR:10203","properties":{"FID":10203},"geometry":{"type":"Polygon","coordinates":[[[11.877751909800951,45.40958130099652,15.0],[11.877755549697614,45.40956491692312,15.0],[11.877847261679774,45.409151786526124,16.0],[11.877854541372999,45.409119018373715,16.0],[11.877819894605269,45.409151396620864,16.0],[11.87764165134289,45.409317824649634,16.0],[11.8776020000612,45.40935482967131,16.0],[11.877601359393974,45.40951821860872,15.0],[11.877600981391641,45.40952083850578,15.0],[11.87759720687398,45.40955468840409,15.0],[11.877596765213505,45.40955857008224,15.0],[11.877501139737042,45.40978412279157,15.0],[11.877467692261403,45.409862737132805,15.0],[11.877425477289828,45.40996245547426,15.0],[11.877453588033468,45.4100026122647,15.0],[11.877461990255672,45.41001455206718,15.0],[11.877472957850394,45.41001913615793,15.0],[11.877515911995168,45.41003704555411,15.0],[11.877516509018324,45.41003622038491,15.0],[11.877571749736038,45.40996146703445,15.0],[11.87758482355359,45.40993206326727,15.0],[11.877751909800951,45.40958130099652,15.0]]]}},{"type":"Feature","id":"AR_STR:10204","properties":{"FID":10204},"geometry":{"type":"Polygon","coordinates":[[[11.878224323620685,45.41019398230877,15.0],[11.878159999973782,45.40993672879098,15.0],[11.878068941567223,45.40956331329552,15.0],[11.878068307662756,45.40956089894617,15.0],[11.878160948964759,45.40953560894227,16.0],[11.87814194512449,45.40946092782594,16.0],[11.878116925476624,45.40946146891751,16.0],[11.878082452219244,45.40946206843607,15.0],[11.878077205735268,45.40922060708328,16.0],[11.878035865511105,45.409201757062434,16.0],[11.877997274036439,45.409184187882666,16.0],[11.877928980021759,45.40915296585976,16.0],[11.877854541372999,45.409119018373715,16.0],[11.877847261679774,45.409151786526124,16.0],[11.877755549697614,45.40956491692312,15.0],[11.877751909800951,45.40958130099652,15.0],[11.877845936559947,45.409588290811335,15.0],[11.877938661873465,45.409961844465165,15.0],[11.877987993992523,45.410160518025954,15.0],[11.878018380625038,45.410172533357866,15.0],[11.878105492675154,45.41020688115753,15.0],[11.878192042816542,45.41019749696931,15.0],[11.878224323620685,45.41019398230877,15.0]],[[11.8778701453972,45.40923744138033,16.0],[11.877881409252018,45.40924282807293,16.0],[11.877882273903053,45.40926737969156,16.0],[11.877872944356346,45.40927490601938,16.0],[11.877840403898103,45.40927581676567,16.0],[11.877829372447179,45.40926997414466,16.0],[11.8778282342854,45.40924506937383,16.0],[11.877836830056168,45.40923819164463,16.0],[11.8778701453972,45.40923744138033,16.0]]]}},{"type":"Feature","id":"AR_STR:10208","properties":{"FID":10208},"geometry":{"type":"Polygon","coordinates":[[[11.874303298135562,45.40922851502637,16.0],[11.874265283594886,45.40916439355858,16.0],[11.874256617622123,45.409149759786295,16.0],[11.873913795161652,45.40914552329404,16.0],[11.873596274799922,45.40913875828734,16.0],[11.873531822662168,45.40913786111616,16.0],[11.873384471552992,45.409135181018634,16.0],[11.87337488578427,45.409135152376095,16.0],[11.873358085410668,45.40915411803853,16.0],[11.873287592973721,45.409233123961926,16.0],[11.873387081411495,45.409279765470025,16.0],[11.87340685057778,45.40928907899521,16.0],[11.87346758940108,45.40931752357979,16.0],[11.873488433724107,45.40931528840786,16.0],[11.873611987148909,45.40931739754755,16.0],[11.873612885108793,45.40931746494525,16.0],[11.873720963591492,45.40931933360969,16.0],[11.873786318456622,45.40932038796265,16.0],[11.873787088788578,45.40932045857344,16.0],[11.874300350729907,45.40932400258025,16.0],[11.874303005115872,45.409278119324796,16.0],[11.874304061492115,45.40926117035383,16.0],[11.874303298135562,45.40922851502637,16.0]]]}},{"type":"Feature","id":"AR_STR:10209","properties":{"FID":10209},"geometry":{"type":"Polygon","coordinates":[[[11.873215458390032,45.40938805177396,16.0],[11.87323112776327,45.409354352554665,16.0],[11.873287592973721,45.409233123961926,16.0],[11.873217818009515,45.40916008057042,16.0],[11.873194201138773,45.40913538174203,16.0],[11.87294563747419,45.40915532246816,16.0],[11.87269071502024,45.40917587280774,16.0],[11.872462174858237,45.409195038315794,16.0],[11.872461650579233,45.409192261125106,16.0],[11.872375387983968,45.409202263811046,16.0],[11.872201527916921,45.40924885629234,16.0],[11.871999835788442,45.409308570792035,15.0],[11.871925872587086,45.409392253872696,15.0],[11.871954913521384,45.40942815802034,15.0],[11.87200575689285,45.40949078718511,16.0],[11.872280016549844,45.40946093037476,16.0],[11.87243011647868,45.40944473007746,16.0],[11.872604903348197,45.40942898822082,16.0],[11.872814892747341,45.409411909719985,16.0],[11.873215458390032,45.40938805177396,16.0]]]}},{"type":"Feature","id":"AR_STR:10211","properties":{"FID":10211},"geometry":{"type":"Polygon","coordinates":[[[11.875003182313785,45.40927830166335,16.0],[11.874997196712501,45.40926864111353,16.0],[11.874972142003958,45.409228226686146,16.0],[11.874959679830608,45.409166522040444,16.0],[11.874945699271192,45.40909756463379,16.0],[11.874693643341287,45.40909401387611,16.0],[11.874693752344943,45.40908861037653,16.0],[11.874690065206435,45.40909401401171,16.0],[11.874683602206288,45.40916303644595,16.0],[11.874678920143538,45.40921428153706,16.0],[11.874782987097712,45.40927556853361,16.0],[11.87482013308015,45.409297405811486,16.0],[11.874882930785455,45.40929843395129,16.0],[11.874881784814669,45.40933374774568,16.0],[11.874893641102037,45.40934074003271,16.0],[11.87489577402152,45.409277047416914,16.0],[11.87497223701805,45.409277911221636,16.0],[11.875003182313785,45.40927830166335,16.0]]]}},{"type":"Feature","id":"AR_STR:10215","properties":{"FID":10215},"geometry":{"type":"Polygon","coordinates":[[[11.87656324487955,45.40924033242382,16.0],[11.87652358851047,45.409191735260535,16.0],[11.876509552205864,45.40917453667034,16.0],[11.876500147564276,45.40916298211753,16.0],[11.876471801468126,45.4091282317738,16.0],[11.876193422257748,45.409124717847405,16.0],[11.875965168899786,45.40912183007601,14.0],[11.875798550695595,45.40911972874511,15.0],[11.875777200381666,45.40911954675354,16.0],[11.875748812292873,45.409119182084176,16.0],[11.875711475208933,45.409153967821936,16.0],[11.875620087587837,45.409239172600856,16.0],[11.875728562947259,45.40929665711674,16.0],[11.875753251068431,45.40930971680068,16.0],[11.875809460354143,45.40933953447251,16.0],[11.87613248325472,45.40934390429641,16.0],[11.876465096520905,45.40934839148462,16.0],[11.876513872230861,45.40929477454592,16.0],[11.87656324487955,45.40924033242382,16.0]]]}},{"type":"Feature","id":"AR_STR:10216","properties":{"FID":10216},"geometry":{"type":"Polygon","coordinates":[[[11.874678920143538,45.40921428153706,16.0],[11.874671038446083,45.40920502879056,16.0],[11.874626857204998,45.40915285445153,16.0],[11.87434762088494,45.40915007770972,16.0],[11.874345574278085,45.409150039253525,16.0],[11.874341960127763,45.40915688123962,16.0],[11.874303298135562,45.40922851502637,16.0],[11.874304061492115,45.40926117035383,16.0],[11.874303005115872,45.409278119324796,16.0],[11.874300350729907,45.40932400258025,16.0],[11.874551035566693,45.40932569848599,16.0],[11.874550935502205,45.4093287614337,16.0],[11.87460520596949,45.40928013759809,16.0],[11.874623054542647,45.40926420577106,16.0],[11.874678920143538,45.40921428153706,16.0]]]}},{"type":"Feature","id":"AR_STR:10222","properties":{"FID":10222},"geometry":{"type":"Polygon","coordinates":[[[11.878168750588639,45.40901036892843,16.0],[11.878167713168489,45.40898996224679,16.0],[11.878166173035778,45.40895966686463,16.0],[11.8781310438846,45.40892724833429,16.0],[11.878100164015105,45.40890300376405,16.0],[11.87809719694449,45.40890496886936,16.0],[11.877836477753267,45.408906954327,16.0],[11.877838385912867,45.408929409339095,16.0],[11.877843083206542,45.408984108511845,16.0],[11.877843471301585,45.40898922943909,16.0],[11.877854541372999,45.409119018373715,16.0],[11.877928980021759,45.40915296585976,16.0],[11.877997274036439,45.409184187882666,16.0],[11.878035865511105,45.409201757062434,16.0],[11.878077205735268,45.40922060708328,16.0],[11.878074320208547,45.409080890370625,16.0],[11.87810871130809,45.40908119305244,16.0],[11.878108756789073,45.409011702212325,16.0],[11.878168750588639,45.40901036892843,16.0]]]}},{"type":"Feature","id":"AR_STR:10233","properties":{"FID":10233},"geometry":{"type":"Polygon","coordinates":[[[11.875620087587837,45.409239172600856,16.0],[11.875604480574532,45.40918852881468,16.0],[11.875598981893432,45.409170844907564,16.0],[11.87557404175611,45.4090899220748,16.0],[11.875551996909891,45.40901819756273,16.0],[11.875384075328897,45.409015588397686,16.0],[11.875375632837716,45.409113554785726,16.0],[11.875167557510643,45.409100345556354,16.0],[11.875167306413733,45.40909540119302,16.0],[11.875128366342258,45.40909611237409,16.0],[11.875128380442186,45.40910142275956,16.0],[11.875011094955081,45.409099427368815,16.0],[11.874990629630746,45.40916700238466,16.0],[11.874972142003958,45.409228226686146,16.0],[11.874997196712501,45.40926864111353,16.0],[11.875003182313785,45.40927830166335,16.0],[11.875453003509818,45.40928325894572,16.0],[11.87547052048607,45.4092834475895,16.0],[11.875469055267493,45.409312468556514,16.0],[11.875620087587837,45.409239172600856,16.0]]]}},{"type":"Feature","id":"AR_STR:10236","properties":{"FID":10236},"geometry":{"type":"Polygon","coordinates":[[[11.870700350207281,45.40908221601268,15.0],[11.87087419740208,45.40902779505226,15.0],[11.87087301679104,45.409017113262976,15.0],[11.870869438505036,45.40898686906322,15.0],[11.870718299967459,45.408997692682796,15.0],[11.870580161163366,45.409005308652354,15.0],[11.870577102655046,45.4090054756111,15.0],[11.870473874578062,45.4090060022938,15.0],[11.870314180315079,45.40900686919578,15.0],[11.870110326830092,45.40900632631042,14.0],[11.8701098163188,45.40900633915181,14.0],[11.869960924819301,45.40900603370032,14.0],[11.869771643669726,45.409005573737986,14.0],[11.869696885440021,45.40902068580303,14.0],[11.869379352739603,45.40919519464332,14.0],[11.869343251981865,45.409204023588,14.0],[11.869347641300102,45.409212464401435,14.0],[11.8693546970386,45.40922560882673,14.0],[11.869411851312325,45.4092464046358,13.0],[11.869423305875134,45.40925052719294,14.0],[11.8694323356513,45.40924714967296,14.0],[11.869503657640138,45.40921970246622,14.0],[11.869614594710429,45.409177126946474,14.0],[11.869687448414814,45.409126957938376,14.0],[11.86969609075314,45.40912097977749,14.0],[11.86976063452959,45.40909091249429,14.0],[11.8699109577239,45.40907407981151,14.0],[11.870092239589232,45.409070510164966,14.0],[11.870138094488153,45.40907007683097,15.0],[11.870256638053668,45.40906916518855,15.0],[11.87029509052635,45.409068918001,15.0],[11.870440217144179,45.40907057790426,15.0],[11.870445586633068,45.40907062284976,15.0],[11.870585471389319,45.40907223441181,15.0],[11.87058558990127,45.40908465316301,15.0],[11.870586610924828,45.40908462747596,15.0],[11.870700350207281,45.40908221601268,15.0]]]}},{"type":"Feature","id":"AR_STR:10237","properties":{"FID":10237},"geometry":{"type":"Polygon","coordinates":[[[11.871999835788442,45.409308570792035,15.0],[11.871897191343626,45.40914175073556,15.0],[11.871895509321037,45.409138822657134,15.0],[11.871794675149824,45.40897492735494,15.0],[11.87168262682317,45.40895524427649,15.0],[11.871680046913388,45.408954769131675,15.0],[11.87153712749477,45.40899662133779,15.0],[11.871523526093958,45.409000564138715,15.0],[11.871512810424234,45.409031168044336,15.0],[11.871530600875241,45.409034230813305,15.0],[11.871544972737208,45.40903791968899,15.0],[11.871560857895126,45.409041210428,15.0],[11.871580558252175,45.409046655462134,15.0],[11.871598923103656,45.409053484291945,15.0],[11.87162156351295,45.40906146569072,15.0],[11.87163605398886,45.40907001224775,15.0],[11.871655822807789,45.40907932608577,15.0],[11.871670997031128,45.409088755555665,15.0],[11.87168447105843,45.4090974177007,15.0],[11.87170949107733,45.40911704082467,15.0],[11.871720923121265,45.40912827470952,15.0],[11.871734082783792,45.40914333565203,15.0],[11.871752042312917,45.409164846704776,15.0],[11.871765831223534,45.40918979318741,15.0],[11.871770421538116,45.40920218940111,15.0],[11.871774451235087,45.40921612993797,15.0],[11.871774506434628,45.40923989186298,15.0],[11.87176105531723,45.409239240269486,15.0],[11.871759505959972,45.40925908202627,15.0],[11.871775783142832,45.40926002254215,15.0],[11.871773436313813,45.409289335688435,15.0],[11.871820089089272,45.4092920320355,15.0],[11.871812080924318,45.40931554684378,15.0],[11.871801283169226,45.40933949191234,15.0],[11.87179904975437,45.409343328651914,15.0],[11.871818080231082,45.40935068076843,15.0],[11.871925872587086,45.409392253872696,15.0],[11.871999835788442,45.409308570792035,15.0]]]}},{"type":"Feature","id":"AR_STR:10240","properties":{"FID":10240},"geometry":{"type":"Polygon","coordinates":[[[11.877854541372999,45.409119018373715,16.0],[11.87774413610903,45.40898840434679,16.0],[11.877620675018175,45.40884227726748,16.0],[11.877501489107296,45.40883808205456,16.0],[11.877487026178107,45.40883763667877,16.0],[11.877422723991135,45.40882962693477,16.0],[11.87724191523194,45.408809793048626,16.0],[11.87722426237813,45.40885470439513,16.0],[11.877226009359118,45.40890416724926,16.0],[11.87758948809156,45.40895026874952,16.0],[11.877611359848565,45.408965739385465,16.0],[11.877606833436326,45.40914821897795,16.0],[11.877717348265213,45.4091351703362,16.0],[11.877854541372999,45.409119018373715,16.0]]]}},{"type":"Feature","id":"AR_STR:10249","properties":{"FID":10249},"geometry":{"type":"Polygon","coordinates":[[[11.870996079892876,45.40936740613794,15.0],[11.870995733251295,45.409337890742705,15.0],[11.870993129199956,45.40915550081794,15.0],[11.8709873033571,45.409080936984786,15.0],[11.871013831722957,45.40907990943372,15.0],[11.871011128534871,45.40905180352091,15.0],[11.870994240614666,45.40904889798673,15.0],[11.870883609961098,45.40902944848929,15.0],[11.87087419740208,45.40902779505226,15.0],[11.870700350207281,45.40908221601268,15.0],[11.870702711395644,45.409116181353305,15.0],[11.87070844572702,45.4091990286581,15.0],[11.870697597330887,45.4091993015947,15.0],[11.870699475346598,45.409226258111836,15.0],[11.870706239643873,45.40922608792776,15.0],[11.870713482805227,45.40933113037079,15.0],[11.870726651358703,45.409341330527695,15.0],[11.870767478918122,45.409372797856165,15.0],[11.87087852992785,45.40945848612723,15.0],[11.870996079892876,45.40936740613794,15.0]]]}},{"type":"Feature","id":"AR_STR:10307","properties":{"FID":10307},"geometry":{"type":"Polygon","coordinates":[[[11.875798393490193,45.40973802892208,16.0],[11.875797194133096,45.409732028309826,16.0],[11.875798566688662,45.409688607668,16.0],[11.87579983924707,45.40964824997288,16.0],[11.87580820629726,45.40938277210474,16.0],[11.875809460354143,45.40933953447251,16.0],[11.875753251068431,45.40930971680068,16.0],[11.875728562947259,45.40929665711674,16.0],[11.875620087587837,45.409239172600856,16.0],[11.875469055267493,45.409312468556514,16.0],[11.875467985977089,45.40933418852887,16.0],[11.875455701731562,45.409333868015416,16.0],[11.875446030436848,45.40955860304259,16.0],[11.87546125475176,45.40955893947719,16.0],[11.875461049728292,45.40961277214856,16.0],[11.87546100450459,45.40961691386549,16.0],[11.87546215316196,45.409616884918265,16.0],[11.875463434013867,45.409616942652136,16.0],[11.875463320083117,45.40961721556095,16.0],[11.875463683191683,45.40965204126668,16.0],[11.875564190206102,45.40974636185232,16.0],[11.875630079744127,45.40980825015479,16.0],[11.875761851934927,45.40975326190034,16.0],[11.875798393490193,45.40973802892208,16.0]]]}},{"type":"Feature","id":"AR_STR:10310","properties":{"FID":10310},"geometry":{"type":"Polygon","coordinates":[[[11.876638381017884,45.40979102521754,16.0],[11.876640058671452,45.40970835140331,16.0],[11.876641150322156,45.40964432495962,16.0],[11.876644703646216,45.40945520902128,16.0],[11.876646669863039,45.409343003811166,16.0],[11.87662771457099,45.409319538358766,16.0],[11.87656324487955,45.40924033242382,16.0],[11.876513872230861,45.40929477454592,16.0],[11.876465096520905,45.40934839148462,16.0],[11.876452481195823,45.409759076727035,16.0],[11.876476376767366,45.40977413650936,16.0],[11.876541316962637,45.40981480525638,16.0],[11.876612254183208,45.40979744470783,16.0],[11.876618817799674,45.40979583903139,16.0],[11.876638381017884,45.40979102521754,16.0]]]}},{"type":"Feature","id":"AR_STR:10618","properties":{"FID":10618},"geometry":{"type":"Polygon","coordinates":[[[11.877980443770463,45.40606513668228,11.0],[11.877972520241329,45.40605003439699,11.0],[11.87795666398048,45.40605484495486,11.0],[11.877902427256837,45.406071335060965,11.0],[11.877804017136073,45.40610118098108,11.0],[11.877796966342515,45.40610324907681,11.0],[11.8777899201175,45.40610540706943,11.0],[11.877772678275825,45.40611061259827,11.0],[11.877765632048911,45.40611277058945,11.0],[11.877760974058129,45.40611414824552,11.0],[11.877758585821443,45.406114928580216,11.0],[11.877740715009384,45.406120329992696,11.0],[11.877719950043044,45.40612661450848,16.0],[11.87772810134469,45.40614117099103,11.0],[11.877750502536923,45.40613439514354,11.0],[11.877766108166607,45.40612968094822,11.0],[11.877773282016069,45.40612751973821,11.0],[11.87778032824447,45.40612536174652,11.0],[11.877797570089806,45.406120156216446,11.0],[11.87780462088541,45.406118088120664,11.0],[11.87781166711137,45.40611593012708,11.0],[11.877909461997346,45.40608654978108,11.0],[11.877951370142723,45.40607388112444,11.0],[11.877980443770463,45.40606513668228,11.0]]]}},{"type":"Feature","id":"AR_STR:10647","properties":{"FID":10647},"geometry":{"type":"Polygon","coordinates":[[[11.875693752420387,45.40843521414488,16.0],[11.875845648449147,45.40841419341345,16.0],[11.875904540509028,45.40838363500705,16.0],[11.875897186803186,45.40836716803132,16.0],[11.875655424982199,45.40840017507825,16.0],[11.875656693899803,45.40842012588726,16.0],[11.875657967384718,45.408440166593664,16.0],[11.875693752420387,45.40843521414488,16.0]]]}},{"type":"Feature","id":"AR_STR:10890","properties":{"FID":10890},"geometry":{"type":"Polygon","coordinates":[[[11.874252346641315,45.4077994989055,17.0],[11.874242454054157,45.40777328440657,17.0],[11.874229019299637,45.40773770781434,17.0],[11.874221988641379,45.407775420159496,17.0],[11.874216753213478,45.40780318589938,17.0],[11.874234547646184,45.40780129745501,17.0],[11.874252346641315,45.4077994989055,17.0]]]}}]}
