{"type":"FeatureCollection","crs":{"type":"name","properties":{"name":"EPSG:6706"}},"features":[{"type":"Feature","id":"TP_STR:26","properties":{"OBJECTID":26,"TP_STR_SCO":34852.0,"TP_STR_SNO":"CORSO GARIBALDI","Shape_Leng":1176.60821105,"Shape_Area":8804.30089379},"geometry":{"type":"MultiPolygon","coordinates":[[[[11.878105492663808,45.41020688115682,4.897551661997568e-07],[11.878192042781052,45.41019749697029,4.897551661997568e-07],[11.87822432358686,45.4101939823173,4.897551661997568e-07],[11.878159999999992,45.409936728805015,4.897551661997568e-07],[11.87806894156716,45.40956331330443,4.897551661997568e-07],[11.878068307626677,45.409560898968586,4.897551661997568e-07],[11.878160948949274,45.40953560894241,4.897551661997568e-07],[11.878141945101534,45.40946092785549,4.897551661997568e-07],[11.878116925452266,45.409461468926246,4.897551661997568e-07],[11.87808245220998,45.40946206843943,4.897551661997568e-07],[11.878077205718908,45.40922060706821,4.897551661997568e-07],[11.878035865537324,45.40920175704277,4.897551661997568e-07],[11.87799727407447,45.40918418788419,4.897551661997568e-07],[11.877928980052578,45.4091529658851,4.897551661997568e-07],[11.877854541392704,45.40911901838886,4.897551661997568e-07],[11.877847261670617,45.409151786550076,4.897551661997568e-07],[11.877755549725915,45.40956491691067,4.897551661997568e-07],[11.877751909775471,45.40958130101827,4.897551661997568e-07],[11.877845936577701,45.409588290813325,4.897551661997568e-07],[11.877938661892973,45.40996184445702,4.897551661997568e-07],[11.877987994031379,45.41016051805149,4.897551661997568e-07],[11.878018380613952,45.41017253335255,4.897551661997568e-07],[11.878105492663808,45.41020688115682,4.897551661997568e-07]],[[11.877828234325248,45.40924506936759,4.897551661997568e-07],[11.877836830044233,45.409238191650765,4.897551661997568e-07],[11.87787014543134,45.40923744140614,4.897551661997568e-07],[11.877881409216664,45.409242828090306,4.897551661997568e-07],[11.87788227394194,45.40926737970122,4.897551661997568e-07],[11.877872944349868,45.40927490599242,4.897551661997568e-07],[11.877840403861835,45.4092758167603,4.897551661997568e-07],[11.877829372458478,45.40926997415915,4.897551661997568e-07],[11.877828234325248,45.40924506936759,4.897551661997568e-07]]],[[[11.878003214073773,45.410645931780046,4.897551661997568e-07],[11.877941299438522,45.41057683364468,4.897551661997568e-07],[11.877906850620903,45.41059552499801,4.897551661997568e-07],[11.877968090541264,45.41066392013335,4.897551661997568e-07],[11.878022423876034,45.41072465832257,4.897551661997568e-07],[11.878037864999571,45.4107418212677,4.897551661997568e-07],[11.878063380366223,45.41072839587162,4.897551661997568e-07],[11.878074606909614,45.41072550236038,4.897551661997568e-07],[11.878059972790176,45.41070912913479,4.897551661997568e-07],[11.878003214073773,45.410645931780046,4.897551661997568e-07]]],[[[11.878105492663808,45.41020688115682,4.897551661997568e-07],[11.878030681501606,45.41022848094469,4.897551661997568e-07],[11.87801846593425,45.41023202951695,4.897551661997568e-07],[11.878003980487795,45.410236175369306,4.897551661997568e-07],[11.878054047940918,45.41044176134034,4.897551661997568e-07],[11.878063680628664,45.41045024959243,4.897551661997568e-07],[11.878085229910932,45.4104694187442,4.897551661997568e-07],[11.87816284774883,45.41053821078687,4.897551661997568e-07],[11.878175024265644,45.41054897515479,4.897551661997568e-07],[11.878204195965955,45.410574792993515,4.897551661997568e-07],[11.878218246172358,45.41058722038198,4.897551661997568e-07],[11.87823349992465,45.41060069752181,4.897551661997568e-07],[11.878220996968876,45.41063629782625,4.897551661997568e-07],[11.878215656790909,45.410651914706975,4.897551661997568e-07],[11.87821018446008,45.4106674448876,4.897551661997568e-07],[11.878195576350373,45.4107093991321,4.897551661997568e-07],[11.878187447665114,45.41073300744739,4.897551661997568e-07],[11.878183100773118,45.410745538826454,4.897551661997568e-07],[11.878178530634665,45.41075870595527,4.897551661997568e-07],[11.878175395719003,45.41076742622331,4.897551661997568e-07],[11.878172834955404,45.41077487182882,4.897551661997568e-07],[11.878157775732449,45.410818007650875,4.897551661997568e-07],[11.878220824221902,45.41107529329885,4.897551661997568e-07],[11.878264168222824,45.41126925708683,4.897551661997568e-07],[11.878271935774505,45.41130389600603,4.897551661997568e-07],[11.878270294865226,45.411304297474885,4.897551661997568e-07],[11.878268776964227,45.41130460580738,4.897551661997568e-07],[11.878285779717721,45.41137258638455,4.897551661997568e-07],[11.878295717780803,45.41141221126699,4.897551661997568e-07],[11.878299533027,45.411411844981735,4.897551661997568e-07],[11.878370956779177,45.41170312399269,4.897551661997568e-07],[11.878365806439541,45.41170739453171,4.897551661997568e-07],[11.878308354036495,45.41171352447709,4.897551661997568e-07],[11.878350268627146,45.41184919611682,4.897551661997568e-07],[11.878325293960822,45.411853156618456,4.897551661997568e-07],[11.878315837885149,45.411870767569525,4.897551661997568e-07],[11.878313140695818,45.41188055696827,4.897551661997568e-07],[11.878312440233607,45.41189191619541,4.897551661997568e-07],[11.878316842342679,45.4119156584662,4.897551661997568e-07],[11.878332164663831,45.4119606382887,4.897551661997568e-07],[11.87833999354793,45.41197637301923,4.897551661997568e-07],[11.878351318483634,45.411990489334876,4.897551661997568e-07],[11.878359903002472,45.41199846391646,4.897551661997568e-07],[11.87837204299235,45.41200598872955,4.897551661997568e-07],[11.878385139650122,45.412009708927194,4.897551661997568e-07],[11.878399584776583,45.41200727421805,4.897551661997568e-07],[11.878476315622613,45.412231990058906,4.897551661997568e-07],[11.878484287030199,45.412255552244666,4.897551661997568e-07],[11.878529475244159,45.412390241177576,4.897551661997568e-07],[11.878569905348996,45.41243386739538,4.897551661997568e-07],[11.8785922084449,45.41245778816115,4.897551661997568e-07],[11.878602749100644,45.41246904380245,4.897551661997568e-07],[11.878613166668831,45.41248039258144,4.897551661997568e-07],[11.87866277890381,45.412533688538694,4.897551661997568e-07],[11.878672512623718,45.41254415446156,4.897551661997568e-07],[11.878682378499704,45.41255470702521,4.897551661997568e-07],[11.878685492417636,45.41255813895895,4.897551661997568e-07],[11.87877644460436,45.4124543101752,4.897551661997568e-07],[11.878922470592249,45.41228752314065,4.897551661997568e-07],[11.878889393590049,45.412277916258205,4.897551661997568e-07],[11.878859766849093,45.41226579198817,4.897551661997568e-07],[11.878823100850127,45.412245924219505,4.897551661997568e-07],[11.878773550717652,45.4122114394205,4.897551661997568e-07],[11.878737990503064,45.412178131803906,4.897551661997568e-07],[11.87870999699797,45.41214283306558,4.897551661997568e-07],[11.878694330176776,45.41211370423351,4.897551661997568e-07],[11.8786298083685,45.41184259413689,4.897551661997568e-07],[11.87862546863466,45.411810029048226,4.897551661997568e-07],[11.878621126582848,45.41179249613774,4.897551661997568e-07],[11.87855631091137,45.411533185011315,4.897551661997568e-07],[11.878529748687905,45.41143052074866,4.897551661997568e-07],[11.87851690974018,45.41137908748386,4.897551661997568e-07],[11.878515517695583,45.41136679084939,4.897551661997568e-07],[11.878513879225897,45.411352160139344,4.897551661997568e-07],[11.878513219192808,45.411326613239176,4.897551661997568e-07],[11.87851679460728,45.41130645025814,4.897551661997568e-07],[11.878517587102412,45.411301929632316,4.897551661997568e-07],[11.878482299767382,45.41129156826432,4.897551661997568e-07],[11.878372020786173,45.411259065354926,4.897551661997568e-07],[11.878423672626823,45.411108701605045,4.897551661997568e-07],[11.878449821931966,45.41103234141593,4.897551661997568e-07],[11.878419265927702,45.41095417127876,4.897551661997568e-07],[11.878385191963863,45.41081686160996,4.897551661997568e-07],[11.87836977188731,45.41075487191525,4.897551661997568e-07],[11.87836354542187,45.41075556907188,4.897551661997568e-07],[11.878353264326943,45.41070668153611,4.897551661997568e-07],[11.878362284951095,45.41070564390852,4.897551661997568e-07],[11.878337586211305,45.4106245355864,4.897551661997568e-07],[11.878330972289191,45.41062515248192,4.897551661997568e-07],[11.878319963136262,45.4105845644807,4.897551661997568e-07],[11.878324512130654,45.41058354962397,4.897551661997568e-07],[11.878324028278728,45.41057906119627,4.897551661997568e-07],[11.878320737392956,45.41054700971744,4.897551661997568e-07],[11.878321761249506,45.410534472184004,4.897551661997568e-07],[11.878324211251657,45.410517307950144,4.897551661997568e-07],[11.878328415692273,45.41049694909579,4.897551661997568e-07],[11.878346333167972,45.410457251642825,4.897551661997568e-07],[11.878347363022607,45.41045488531333,4.897551661997568e-07],[11.8783584053944,45.41043831451035,4.897551661997568e-07],[11.878286558064724,45.41043526622403,4.897551661997568e-07],[11.878283608835911,45.41043507063538,4.897551661997568e-07],[11.87826551243119,45.410433546854144,4.897551661997568e-07],[11.87825768585068,45.41043293415571,4.897551661997568e-07],[11.878249859270309,45.410432321456724,4.897551661997568e-07],[11.878226757940528,45.410430383835234,4.897551661997568e-07],[11.878218799132481,45.41042968449377,4.897551661997568e-07],[11.878210844974793,45.41042907501024,4.897551661997568e-07],[11.878202758507387,45.41042837888788,4.897551661997568e-07],[11.878223365354629,45.410320924160054,4.897551661997568e-07],[11.87822163692778,45.41031457688559,4.897551661997568e-07],[11.878203737079874,45.41024904918694,4.897551661997568e-07],[11.878105492663808,45.41020688115682,4.897551661997568e-07]],[[11.878818337208532,45.41224523428046,4.897551661997568e-07],[11.878793711041423,45.41226358809239,4.897551661997568e-07],[11.87875495188584,45.41223774225814,4.897551661997568e-07],[11.87877945047308,45.412219391673375,4.897551661997568e-07],[11.878818337208532,45.41224523428046,4.897551661997568e-07]],[[11.87889151948132,45.412289564252454,4.897551661997568e-07],[11.878874186729943,45.41230809407945,4.897551661997568e-07],[11.878839631829504,45.412292043565216,4.897551661997568e-07],[11.878857092169916,45.41227351052431,4.897551661997568e-07],[11.87889151948132,45.412289564252454,4.897551661997568e-07]]],[[[11.878685492417636,45.41255813895895,4.897551661997568e-07],[11.878683427758126,45.41256026135561,4.897551661997568e-07],[11.878676992243278,45.412566904624065,4.897551661997568e-07],[11.878670397142079,45.41257292179993,4.897551661997568e-07],[11.878641815175648,45.412598936397686,4.897551661997568e-07],[11.878629112516654,45.412610508450676,4.897551661997568e-07],[11.878512605725616,45.412716962132514,4.897551661997568e-07],[11.878466316414425,45.412759175554676,4.897551661997568e-07],[11.878476021644191,45.412761541109546,4.897551661997568e-07],[11.878502616605886,45.412769331364416,4.897551661997568e-07],[11.878506063485837,45.41277428512496,4.897551661997568e-07],[11.878507216713036,45.412774346007545,4.897551661997568e-07],[11.878508370024784,45.41277440694557,4.897551661997568e-07],[11.878510063077437,45.41278759608749,4.897551661997568e-07],[11.878519603744214,45.41278672527981,4.897551661997568e-07],[11.878523873461313,45.41280786054537,4.897551661997568e-07],[11.87859521180816,45.41280084008746,4.897551661997568e-07],[11.87861615479656,45.41290607640694,4.897551661997568e-07],[11.878615388968573,45.41290609572772,4.897551661997568e-07],[11.878614755378317,45.41290620174567,4.897551661997568e-07],[11.878541935531127,45.412914249727706,4.897551661997568e-07],[11.87854656532351,45.412934925798844,4.897551661997568e-07],[11.878543771054703,45.41293526633514,4.897551661997568e-07],[11.878576691808373,45.41312274196537,4.897551661997568e-07],[11.878616646101031,45.413119303656,4.897551661997568e-07],[11.878618083188092,45.41312745853647,4.897551661997568e-07],[11.878618800158486,45.413136531687805,4.897551661997568e-07],[11.878621339942283,45.4131412382869,4.897551661997568e-07],[11.87862595837887,45.41314661253843,4.897551661997568e-07],[11.87863248233102,45.4131517586493,4.897551661997568e-07],[11.878639584942066,45.41315572007263,4.897551661997568e-07],[11.878649540924307,45.41315798925304,4.897551661997568e-07],[11.878662591812072,45.413158290053595,4.897551661997568e-07],[11.878671120602013,45.41315762482864,4.897551661997568e-07],[11.878688934785533,45.41315609522159,4.897551661997568e-07],[11.878694527408989,45.41318313792397,4.897551661997568e-07],[11.8786975451942,45.413214836195046,4.897551661997568e-07],[11.878681499619239,45.41321596110705,4.897551661997568e-07],[11.87867882843087,45.41321620850805,4.897551661997568e-07],[11.878682381941307,45.413233311255624,4.897551661997568e-07],[11.878682920293533,45.41323635811687,4.897551661997568e-07],[11.878685105278565,45.41324665441003,4.897551661997568e-07],[11.87870479292793,45.41324426746446,4.897551661997568e-07],[11.878712806729999,45.413213370985794,4.897551661997568e-07],[11.878713553854189,45.41321047175953,4.897551661997568e-07],[11.878710272428568,45.41318364079049,4.897551661997568e-07],[11.878710012186168,45.41318103702205,4.897551661997568e-07],[11.878735023974874,45.41317779559435,4.897551661997568e-07],[11.878740101951868,45.413177127393624,4.897551661997568e-07],[11.878747719042483,45.41317612514653,4.897551661997568e-07],[11.87875520838245,45.41317512606447,4.897551661997568e-07],[11.878762825387925,45.41317412376096,4.897551661997568e-07],[11.878782882208492,45.413171457445195,4.897551661997568e-07],[11.878790376201588,45.4131705482768,4.897551661997568e-07],[11.878797993205714,45.41316954597097,4.897551661997568e-07],[11.878815766244337,45.41316720731219,4.897551661997568e-07],[11.878822366820742,45.41316632068289,4.897551661997568e-07],[11.87889472622043,45.41315675391774,4.897551661997568e-07],[11.87893700043235,45.41315118665527,4.897551661997568e-07],[11.878955922635527,45.41315133928043,4.897551661997568e-07],[11.878955068016873,45.41313704887827,4.897551661997568e-07],[11.87897868413275,45.41312898196193,4.897551661997568e-07],[11.878989367882038,45.413120431221785,4.897551661997568e-07],[11.878996613394929,45.413104586225444,4.897551661997568e-07],[11.878996447224962,45.41309126858932,4.897551661997568e-07],[11.878990389679254,45.41309529194629,4.897551661997568e-07],[11.878981664740182,45.41309461198932,4.897551661997568e-07],[11.878976193141808,45.413085028689565,4.897551661997568e-07],[11.878982451071122,45.41307992010723,4.897551661997568e-07],[11.878983732054929,45.413079977819024,4.897551661997568e-07],[11.878985136049536,45.41307994239366,4.897551661997568e-07],[11.878953582494832,45.412929427519025,4.897551661997568e-07],[11.878949434567433,45.41290063814563,4.897551661997568e-07],[11.878897621367484,45.41264324949465,4.897551661997568e-07],[11.878810992689342,45.412608440060076,4.897551661997568e-07],[11.878685492417636,45.41255813895895,4.897551661997568e-07]]]]}},{"type":"Feature","id":"TP_STR:29","properties":{"OBJECTID":29,"TP_STR_SCO":49702.0,"TP_STR_SNO":"CORSO MILANO","Shape_Leng":1777.11958872,"Shape_Area":17186.2348822},"geometry":{"type":"MultiPolygon","coordinates":[[[[11.87192587259589,45.4093922538581,4.897551661997568e-07],[11.871954913544762,45.40942815803086,4.897551661997568e-07],[11.872005756927072,45.40949078720738,4.897551661997568e-07],[11.872280016564273,45.409460930375786,4.897551661997568e-07],[11.8724301164798,45.409444730079244,4.897551661997568e-07],[11.872604903330279,45.40942898824346,4.897551661997568e-07],[11.87281489270684,45.40941190971692,4.897551661997568e-07],[11.873215458430035,45.40938805180184,4.897551661997568e-07],[11.873231127743429,45.409354352581836,4.897551661997568e-07],[11.873287592995041,45.40923312397789,4.897551661997568e-07],[11.873217818006895,45.4091600805845,4.897551661997568e-07],[11.873194201104369,45.4091353817686,4.897551661997568e-07],[11.872945637477347,45.409155322439936,4.897551661997568e-07],[11.872690715056994,45.409175872829074,4.897551661997568e-07],[11.872462174843456,45.40919503833715,4.897551661997568e-07],[11.87246165055669,45.40919226113341,4.897551661997568e-07],[11.872375387961739,45.40920226379152,4.897551661997568e-07],[11.872201527929882,45.40924885626635,4.897551661997568e-07],[11.871999835775375,45.40930857081828,4.897551661997568e-07],[11.87192587259589,45.4093922538581,4.897551661997568e-07]]],[[[11.87192587259589,45.4093922538581,4.897551661997568e-07],[11.871818080190685,45.40935068074157,4.897551661997568e-07],[11.871799049724284,45.409343328652554,4.897551661997568e-07],[11.871791998535464,45.40935547780215,4.897551661997568e-07],[11.871777704236143,45.409360878289995,4.897551661997568e-07],[11.871757456970563,45.409364808347,4.897551661997568e-07],[11.871719615194888,45.40936702093826,4.897551661997568e-07],[11.871633830592511,45.4093688198643,4.897551661997568e-07],[11.87163219424483,45.40936931109869,4.897551661997568e-07],[11.871630680915551,45.40936970926119,4.897551661997568e-07],[11.87147845201764,45.40936912975016,4.897551661997568e-07],[11.87140355682909,45.40936894422786,4.897551661997568e-07],[11.870996079882548,45.40936740611376,4.897551661997568e-07],[11.870995733262738,45.409337890728146,4.897551661997568e-07],[11.870993129200162,45.409155500843134,4.897551661997568e-07],[11.870987303371951,45.40908093697041,4.897551661997568e-07],[11.871013831686476,45.40907990945235,4.897551661997568e-07],[11.871011128528055,45.40905180351638,4.897551661997568e-07],[11.870994240651001,45.40904889795787,4.897551661997568e-07],[11.87088360993164,45.40902944849203,4.897551661997568e-07],[11.870874197419031,45.409027795076426,4.897551661997568e-07],[11.870700350169301,45.40908221600483,4.897551661997568e-07],[11.870702711423704,45.40911618134017,4.897551661997568e-07],[11.870708445701824,45.40919902864685,4.897551661997568e-07],[11.87069759732262,45.409199301583016,4.897551661997568e-07],[11.870699475376961,45.409226258138325,4.897551661997568e-07],[11.870706239608952,45.4092260879559,4.897551661997568e-07],[11.870713482804243,45.40933113036869,4.897551661997568e-07],[11.870464561604235,45.409336492665574,4.897551661997568e-07],[11.87046315769169,45.409336527983896,4.897551661997568e-07],[11.870458435484899,45.40933664678064,4.897551661997568e-07],[11.870161516732397,45.40934303581393,4.897551661997568e-07],[11.870157058872692,45.40934332795794,4.897551661997568e-07],[11.870121523412198,45.40934566201379,4.897551661997568e-07],[11.869777523120915,45.40936862652981,4.897551661997568e-07],[11.869742370516315,45.40937095083818,4.897551661997568e-07],[11.86957425603486,45.409382199910816,4.897551661997568e-07],[11.869538465282174,45.40938454020524,4.897551661997568e-07],[11.869682441115271,45.40957525638034,4.897551661997568e-07],[11.869510821319546,45.40955769947324,4.897551661997568e-07],[11.86947742357599,45.40955430878684,4.897551661997568e-07],[11.869444281153337,45.409550911669825,4.897551661997568e-07],[11.869203906990055,45.40967703313101,4.897551661997568e-07],[11.8692041895528,45.40968008641306,4.897551661997568e-07],[11.869209539680908,45.409730178889156,4.897551661997568e-07],[11.869218558315936,45.40981483397405,4.897551661997568e-07],[11.869340420744226,45.40986676716823,4.897551661997568e-07],[11.869399070729726,45.409891845963585,4.897551661997568e-07],[11.869668039076268,45.409747452525494,4.897551661997568e-07],[11.869867379347877,45.409643785170786,4.897551661997568e-07],[11.869907628341064,45.4096285508888,4.897551661997568e-07],[11.869947795246894,45.40961673906314,4.897551661997568e-07],[11.86999183196211,45.40960816037395,4.897551661997568e-07],[11.870040408574992,45.409600907663254,4.897551661997568e-07],[11.870072106190621,45.409595969799646,4.897551661997568e-07],[11.87009232571656,45.40966711121389,4.897551661997568e-07],[11.870099035057303,45.409703667557,4.897551661997568e-07],[11.870149790596463,45.40969906036018,4.897551661997568e-07],[11.870156673215392,45.40973651250237,4.897551661997568e-07],[11.870207424140453,45.409731815420145,4.897551661997568e-07],[11.870200413911583,45.409694366491,4.897551661997568e-07],[11.870602860993088,45.40965714854316,4.897551661997568e-07],[11.870666078478575,45.40965132749071,4.897551661997568e-07],[11.870680960985256,45.409649962925926,4.897551661997568e-07],[11.870674123620521,45.4096134098378,4.897551661997568e-07],[11.870663794655728,45.40954075951208,4.897551661997568e-07],[11.870797285393442,45.40952965993358,4.897551661997568e-07],[11.870798010197738,45.40953387228893,4.897551661997568e-07],[11.870878302453717,45.409532122092635,4.897551661997568e-07],[11.870885559040241,45.40953157949309,4.897551661997568e-07],[11.870933050665535,45.40952813424043,4.897551661997568e-07],[11.871105199357583,45.409533433974694,4.897551661997568e-07],[11.871209731951332,45.409533413998055,4.897551661997568e-07],[11.87120539333554,45.409599052294276,4.897551661997568e-07],[11.871222459114863,45.409597902762464,4.897551661997568e-07],[11.871229432455426,45.40953633872396,4.897551661997568e-07],[11.871416723339038,45.409537836488255,4.897551661997568e-07],[11.871512773138265,45.40953433914277,4.897551661997568e-07],[11.871512617990168,45.40952372158083,4.897551661997568e-07],[11.871547360433476,45.4095233873231,4.897551661997568e-07],[11.871547282821272,45.409519338694174,4.897551661997568e-07],[11.871586364666593,45.40951889521658,4.897551661997568e-07],[11.871586414840666,45.40952240445072,4.897551661997568e-07],[11.871633163431584,45.40952194801772,4.897551661997568e-07],[11.871632816979906,45.409517636112156,4.897551661997568e-07],[11.871929061422152,45.40950297904376,4.897551661997568e-07],[11.871928486644874,45.40948409087077,4.897551661997568e-07],[11.87192587259589,45.4093922538581,4.897551661997568e-07]]],[[[11.869218558315936,45.40981483397405,4.897551661997568e-07],[11.869121392085912,45.40977866188122,4.897551661997568e-07],[11.869059268922863,45.40975565054907,4.897551661997568e-07],[11.868583598204857,45.410017395006236,4.897551661997568e-07],[11.868582180303733,45.41002724199096,4.897551661997568e-07],[11.868575642145528,45.410074752994035,4.897551661997568e-07],[11.868563176838766,45.41016417877542,4.897551661997568e-07],[11.868660693048573,45.410245078779916,4.897551661997568e-07],[11.868697773299766,45.4102757408841,4.897551661997568e-07],[11.868731345307326,45.410257344401195,4.897551661997568e-07],[11.869292070044633,45.40994908437049,4.897551661997568e-07],[11.869263623394346,45.40989714237335,4.897551661997568e-07],[11.869218558315936,45.40981483397405,4.897551661997568e-07]]],[[[11.865872532573126,45.41179575863484,4.897551661997568e-07],[11.866022167316636,45.41171467942578,4.897551661997568e-07],[11.866086720966576,45.411679663273596,4.897551661997568e-07],[11.866125213466098,45.4116574534605,4.897551661997568e-07],[11.866145202763873,45.41164587977498,4.897551661997568e-07],[11.866194872747405,45.41161726828039,4.897551661997568e-07],[11.866191812929268,45.41157197885232,4.897551661997568e-07],[11.866184017979704,45.411453358110215,4.897551661997568e-07],[11.86628223634453,45.41151786022258,4.897551661997568e-07],[11.866331942649339,45.41155054626958,4.897551661997568e-07],[11.866331382088704,45.41154957021439,4.897551661997568e-07],[11.866330958212785,45.41154877073474,4.897551661997568e-07],[11.86660462831512,45.411406066710995,4.897551661997568e-07],[11.866726422016296,45.41134305843911,4.897551661997568e-07],[11.8667241385064,45.411340865494076,4.897551661997568e-07],[11.8667510016421,45.41132623862414,4.897551661997568e-07],[11.86729944457929,45.41102738831397,4.897551661997568e-07],[11.867381562893854,45.4111020153672,4.897551661997568e-07],[11.867413715619762,45.41113127154985,4.897551661997568e-07],[11.867445374026863,45.411112923537154,4.897551661997568e-07],[11.867413895953344,45.41108437050356,4.897551661997568e-07],[11.86733165451331,45.41100983654337,4.897551661997568e-07],[11.867380402453586,45.41098322797425,4.897551661997568e-07],[11.867451039911401,45.41094472773015,4.897551661997568e-07],[11.867489587632653,45.41097913394262,4.897551661997568e-07],[11.867534024447874,45.411018792877975,4.897551661997568e-07],[11.867608836441947,45.411085412246415,4.897551661997568e-07],[11.867645486185696,45.41106720872063,4.897551661997568e-07],[11.867570833709857,45.41099869512652,4.897551661997568e-07],[11.867525818095793,45.41095770053838,4.897551661997568e-07],[11.86748897063035,45.410924061736836,4.897551661997568e-07],[11.867600396656027,45.41086329340762,4.897551661997568e-07],[11.867640688514998,45.410841307843924,4.897551661997568e-07],[11.868126444390489,45.41057661347644,4.897551661997568e-07],[11.868130712423579,45.41053978108812,4.897551661997568e-07],[11.868132422357679,45.41052560614469,4.897551661997568e-07],[11.868145992577725,45.41041004900074,4.897551661997568e-07],[11.868074448573791,45.41035747973879,4.897551661997568e-07],[11.868065815486618,45.41035103582359,4.897551661997568e-07],[11.868024004024738,45.41032031236937,4.897551661997568e-07],[11.868017285047703,45.41032390171819,4.897551661997568e-07],[11.867658231379542,45.41051655176356,4.897551661997568e-07],[11.867670993777669,45.41053135316877,4.897551661997568e-07],[11.867689595025245,45.41055293872839,4.897551661997568e-07],[11.867464132024834,45.41067589134242,4.897551661997568e-07],[11.867289654158913,45.41077100861319,4.897551661997568e-07],[11.867281075200447,45.410775724771064,4.897551661997568e-07],[11.867246736598737,45.41079414014667,4.897551661997568e-07],[11.867123152978612,45.41085962428167,4.897551661997568e-07],[11.867074017639068,45.410886152442096,4.897551661997568e-07],[11.867024029676523,45.410913512132794,4.897551661997568e-07],[11.866829793876363,45.4110197466144,4.897551661997568e-07],[11.86679127333182,45.41099344065888,4.897551661997568e-07],[11.866781212838113,45.410999184196875,4.897551661997568e-07],[11.866767418890223,45.4110069117763,4.897551661997568e-07],[11.86676170259614,45.41101011584027,4.897551661997568e-07],[11.866739867600309,45.41102056580315,4.897551661997568e-07],[11.866736394024047,45.411022633348566,4.897551661997568e-07],[11.86672869479906,45.41102705737694,4.897551661997568e-07],[11.86671938181139,45.41103242205291,4.897551661997568e-07],[11.86675470203236,45.41106366914837,4.897551661997568e-07],[11.86652485925715,45.41118348948198,4.897551661997568e-07],[11.866411061144564,45.41124287615863,4.897551661997568e-07],[11.86612004567079,45.411401407616246,4.897551661997568e-07],[11.866093305359591,45.41141594121874,4.897551661997568e-07],[11.865804668010513,45.4115684712528,4.897551661997568e-07],[11.865784913048964,45.411556905767746,4.897551661997568e-07],[11.865769176581566,45.41156918264695,4.897551661997568e-07],[11.865758301032535,45.411561354690576,4.897551661997568e-07],[11.865718354893303,45.41157757003383,4.897551661997568e-07],[11.865728574083288,45.41158505446039,4.897551661997568e-07],[11.865684679702614,45.41160911009757,4.897551661997568e-07],[11.865678938757421,45.41163202743122,4.897551661997568e-07],[11.865675278363153,45.41163292948995,4.897551661997568e-07],[11.865670223012636,45.411634046592056,4.897551661997568e-07],[11.865678941619223,45.41165228020711,4.897551661997568e-07],[11.865495646413732,45.41169450873438,4.897551661997568e-07],[11.865246412773873,45.41175198471546,4.897551661997568e-07],[11.86514200125892,45.411774679354416,4.897551661997568e-07],[11.865141960311496,45.41177387031247,4.897551661997568e-07],[11.865141919361163,45.411773061213054,4.897551661997568e-07],[11.865123949907773,45.41177657281754,4.897551661997568e-07],[11.865082103703523,45.411780504011254,4.897551661997568e-07],[11.865047637632538,45.411783799768855,4.897551661997568e-07],[11.865026546278246,45.41178117894097,4.897551661997568e-07],[11.86502834126595,45.41179139525742,4.897551661997568e-07],[11.86502976726579,45.411799370580056,4.897551661997568e-07],[11.865031343678709,45.41180779217765,4.897551661997568e-07],[11.86504029605779,45.41185842444626,4.897551661997568e-07],[11.865094922582117,45.41186965458498,4.897551661997568e-07],[11.865109126196732,45.411872538385374,4.897551661997568e-07],[11.865213728302074,45.4118611805485,4.897551661997568e-07],[11.865276643811372,45.41185185957465,4.897551661997568e-07],[11.865345303141702,45.41183987396763,4.897551661997568e-07],[11.865578801140646,45.411787113583436,4.897551661997568e-07],[11.865585087152413,45.41178758583367,4.897551661997568e-07],[11.865590538751738,45.411789249127786,4.897551661997568e-07],[11.86559072557661,45.411790414639476,4.897551661997568e-07],[11.86559078473442,45.41179158329985,4.897551661997568e-07],[11.865589307533572,45.41179522087036,4.897551661997568e-07],[11.865594905004839,45.411797240634314,4.897551661997568e-07],[11.865691493897858,45.41183208001162,4.897551661997568e-07],[11.865699562011478,45.41183493776571,4.897551661997568e-07],[11.86573223543543,45.41184671895443,4.897551661997568e-07],[11.865759958648809,45.411856644130935,4.897551661997568e-07],[11.865825387827137,45.41182124611945,4.897551661997568e-07],[11.865872532573126,45.41179575863484,4.897551661997568e-07]]]]}},{"type":"Feature","id":"TP_STR:39","properties":{"OBJECTID":39,"TP_STR_SCO":71905.0,"TP_STR_SNO":"CORTE SAN CLEMENTE","Shape_Leng":118.709778946,"Shape_Area":244.706641817},"geometry":{"type":"Polygon","coordinates":[[[11.87430059686704,45.408065260723774,4.897551661997568e-07],[11.874302437910535,45.408058733436846,4.897551661997568e-07],[11.874359299747239,45.40806117160359,4.897551661997568e-07],[11.874373730656298,45.408063508439376,4.897551661997568e-07],[11.874387386755332,45.408065684782706,4.897551661997568e-07],[11.874387769500483,45.40806315478062,4.897551661997568e-07],[11.874395328101528,45.40801570775867,4.897551661997568e-07],[11.874302412467497,45.40801795837829,4.897551661997568e-07],[11.874301228505855,45.407964430750816,4.897551661997568e-07],[11.874303358050291,45.40790820925964,4.897551661997568e-07],[11.874268694370295,45.40791259295659,4.897551661997568e-07],[11.87425824284401,45.4079131262776,4.897551661997568e-07],[11.874257270760799,45.407893978078015,4.897551661997568e-07],[11.874257033445446,45.407889303411764,4.897551661997568e-07],[11.874252346682322,45.40779949892062,4.897551661997568e-07],[11.874242454071494,45.40777328439316,4.897551661997568e-07],[11.874229019321058,45.407737707827046,4.897551661997568e-07],[11.874221988633716,45.40777542017669,4.897551661997568e-07],[11.87421675321676,45.40780318587116,4.897551661997568e-07],[11.87422130309493,45.407890293442385,4.897551661997568e-07],[11.8742215358455,45.407894878247824,4.897551661997568e-07],[11.874222530734716,45.407914475925196,4.897551661997568e-07],[11.874202028607131,45.407913372174455,4.897551661997568e-07],[11.87419327971219,45.407954998319006,4.897551661997568e-07],[11.874234097227806,45.407958560737505,4.897551661997568e-07],[11.87423539087014,45.40801676630463,4.897551661997568e-07],[11.874177818080248,45.4080154261555,4.897551661997568e-07],[11.874159439857486,45.40808636897365,4.897551661997568e-07],[11.874225017059207,45.40809434842876,4.897551661997568e-07],[11.874290721932464,45.40810232463,4.897551661997568e-07],[11.87430059686704,45.408065260723774,4.897551661997568e-07]]]}},{"type":"Feature","id":"TP_STR:46","properties":{"OBJECTID":46,"TP_STR_SCO":29106.0,"TP_STR_SNO":"GALLERIA DUOMO","Shape_Leng":63.2981637725,"Shape_Area":106.929348254},"geometry":{"type":"Polygon","coordinates":[[[11.873015226385947,45.40630602257739,15.999999504656444],[11.872993485077794,45.40630566984805,15.999999504656444],[11.872945276042195,45.40630499346452,15.999999504656444],[11.872883766953224,45.4063041118487,15.999999504656444],[11.87279770896907,45.40630294812175,15.999999504656444],[11.872715356529206,45.40630178106943,15.999999504656444],[11.872660752729042,45.40630099552249,15.999999504656444],[11.87266315136322,45.40633567998338,15.999999504656444],[11.872713917440233,45.40633638214158,15.999999504656444],[11.872946266455333,45.406339623400925,15.999999504656444],[11.87299664966155,45.4063403350734,15.999999504656444],[11.873018263328994,45.40634069095848,15.999999504656444],[11.873015226385947,45.40630602257739,15.999999504656444]]]}},{"type":"Feature","id":"TP_STR:49","properties":{"OBJECTID":49,"TP_STR_SCO":30452.0,"TP_STR_SNO":"GALLERIA EZZELINO","Shape_Leng":97.9374224279,"Shape_Area":240.723107132},"geometry":{"type":"Polygon","coordinates":[[[11.875947315371487,45.408501193437445,4.897551661997568e-07],[11.875965487701919,45.40839605077002,4.897551661997568e-07],[11.876028698233547,45.40838761658087,4.897551661997568e-07],[11.876094196914995,45.408378944613645,4.897551661997568e-07],[11.876092950699816,45.40835944326477,4.897551661997568e-07],[11.876091699920943,45.408339852054986,4.897551661997568e-07],[11.87602609646128,45.40834897671381,4.897551661997568e-07],[11.875897186779076,45.408367168016845,4.897551661997568e-07],[11.875655424949414,45.408400175082285,4.897551661997568e-07],[11.875656693927395,45.40842012591412,4.897551661997568e-07],[11.875657967389198,45.40844016660877,4.897551661997568e-07],[11.875693752436977,45.40843521414229,4.897551661997568e-07],[11.875845648435211,45.408414193400525,4.897551661997568e-07],[11.875847561605214,45.40849965712393,4.897551661997568e-07],[11.875897440812784,45.40850047024973,4.897551661997568e-07],[11.875947315371487,45.408501193437445,4.897551661997568e-07]]]}},{"type":"Feature","id":"TP_STR:58","properties":{"OBJECTID":58,"TP_STR_SCO":73958.0,"TP_STR_SNO":"GALLERIA SANTA LUCIA","Shape_Leng":86.3243352472,"Shape_Area":143.518352172},"geometry":{"type":"Polygon","coordinates":[[[11.877230832104617,45.4086721732616,4.897551661997568e-07],[11.877215558871198,45.40848479221266,4.897551661997568e-07],[11.87716712072338,45.40848970414092,4.897551661997568e-07],[11.877169820843326,45.408505118233464,4.897551661997568e-07],[11.877171907770915,45.40853864030245,4.897551661997568e-07],[11.877173492509712,45.40856479396377,4.897551661997568e-07],[11.877182625582275,45.408671588641305,4.897551661997568e-07],[11.877194113799584,45.40880460752601,4.897551661997568e-07],[11.877224262341802,45.408854704369354,4.897551661997568e-07],[11.877241915237645,45.4088097930241,4.897551661997568e-07],[11.877230832104617,45.4086721732616,4.897551661997568e-07]]]}},{"type":"Feature","id":"TP_STR:60","properties":{"OBJECTID":60,"TP_STR_SCO":79851.0,"TP_STR_SNO":"GALLERIA STORIONE","Shape_Leng":143.212680203,"Shape_Area":255.684600007},"geometry":{"type":"Polygon","coordinates":[[[11.876751327626696,45.40606084718148,15.999999504656444],[11.87707091155214,45.405967727383654,13.999999502793798],[11.877131351571137,45.40595009112389,13.999999502793798],[11.877346667464584,45.405887233562034,13.999999502793798],[11.877517157745343,45.40583747774304,14.999999503725121],[11.877508860973284,45.40582508523194,14.999999503725121],[11.87750055963533,45.40581260280191,14.999999503725121],[11.877329699905603,45.40586011759465,13.999999502793798],[11.877316733189069,45.405863955078416,13.999999502793798],[11.877173128466284,45.405904661444595,12.999999501862476],[11.87711606579776,45.40592086240894,13.999999502793798],[11.877050516140894,45.405936017162915,14.999999503725121],[11.876871291756592,45.40598239196714,15.999999504656444],[11.876767794676512,45.406012725335266,15.999999504656444],[11.876738962415393,45.40602119335386,15.999999504656444],[11.876696028521296,45.40603379737677,15.999999504656444],[11.876702438767804,45.40605181831668,15.999999504656444],[11.87670884901865,45.40606983925606,15.999999504656444],[11.876745511838307,45.40606207392398,15.999999504656444],[11.876751327626696,45.40606084718148,15.999999504656444]]]}},{"type":"Feature","id":"TP_STR:100","properties":{"OBJECTID":100,"TP_STR_SCO":2806.0,"TP_STR_SNO":"PIAZZA ANTENORE","Shape_Leng":251.535303699,"Shape_Area":1036.78015758},"geometry":{"type":"Polygon","coordinates":[[[11.878286416427798,45.406010972237254,4.897551661997568e-07],[11.878302139394876,45.405998513894346,4.897551661997568e-07],[11.878289295982826,45.40596958380252,4.897551661997568e-07],[11.878276580234125,45.40594065048879,4.897551661997568e-07],[11.878238893619578,45.40585536908442,4.897551661997568e-07],[11.87845027223058,45.40581061124292,4.897551661997568e-07],[11.87846897325167,45.405811489681554,4.897551661997568e-07],[11.878483773279296,45.405816067003784,4.897551661997568e-07],[11.878495310004924,45.40582180682039,4.897551661997568e-07],[11.878499020788514,45.40582693393742,4.897551661997568e-07],[11.878521989340946,45.405904215350304,4.897551661997568e-07],[11.878519339151996,45.40592246476267,4.897551661997568e-07],[11.878504028282423,45.40594805457167,4.897551661997568e-07],[11.87848676925284,45.40596046166009,4.897551661997568e-07],[11.878584610899233,45.40597725598692,4.897551661997568e-07],[11.878612715834038,45.405951973510696,4.897551661997568e-07],[11.878623343417932,45.40594234410032,4.897551661997568e-07],[11.878601693448857,45.405875920899085,4.897551661997568e-07],[11.878556607750248,45.40571548571235,4.897551661997568e-07],[11.878545855100176,45.40567741165394,4.897551661997568e-07],[11.878497926053706,45.40568726199434,4.897551661997568e-07],[11.878503903370731,45.40570178325684,4.897551661997568e-07],[11.878204697547163,45.405763338696794,4.897551661997568e-07],[11.87820251817628,45.40575817294027,4.897551661997568e-07],[11.878132205936222,45.405772638266924,4.897551661997568e-07],[11.878068087685625,45.40578577722489,4.897551661997568e-07],[11.878069400785005,45.40578898455931,4.897551661997568e-07],[11.87806969712788,45.40578978721274,4.897551661997568e-07],[11.87805097851021,45.40579358979799,4.897551661997568e-07],[11.877790972811475,45.40584704440058,4.897551661997568e-07],[11.877778152987359,45.40585879933332,4.897551661997568e-07],[11.877719891654275,45.405911755901165,4.897551661997568e-07],[11.877714272451405,45.405916848309815,4.897551661997568e-07],[11.877708653250457,45.40592194077573,4.897551661997568e-07],[11.877700960355961,45.40592897572542,4.897551661997568e-07],[11.877712063343166,45.40592869570103,4.897551661997568e-07],[11.877728148011197,45.405928380067,4.897551661997568e-07],[11.877891538273232,45.40592497920741,4.897551661997568e-07],[11.877898630104951,45.40592372016406,4.897551661997568e-07],[11.878108227533469,45.405881618277306,4.897551661997568e-07],[11.878171787339596,45.40602340508165,4.897551661997568e-07],[11.878184605201193,45.406031722949955,4.897551661997568e-07],[11.87822649570632,45.40605893025825,4.897551661997568e-07],[11.878286416427798,45.406010972237254,4.897551661997568e-07]],[[11.878239884831492,45.40597542083722,4.897551661997568e-07],[11.878279888364652,45.405968020850416,4.897551661997568e-07],[11.878292463457068,45.406001728390734,4.897551661997568e-07],[11.878261447877264,45.40600746146688,4.897551661997568e-07],[11.87825245998383,45.4060091283804,4.897551661997568e-07],[11.878239884831492,45.40597542083722,4.897551661997568e-07]]]}},{"type":"Feature","id":"TP_STR:101","properties":{"OBJECTID":101,"TP_STR_SCO":15653.0,"TP_STR_SNO":"PIAZZA CAPITANIATO","Shape_Leng":502.714533173,"Shape_Area":2917.82130374},"geometry":{"type":"Polygon","coordinates":[[[11.871931140765378,45.408183612647484,4.897551661997568e-07],[11.871946449878468,45.40812012851036,4.897551661997568e-07],[11.87200412412581,45.40816629345756,4.897551661997568e-07],[11.872055407899953,45.40820739855834,4.897551661997568e-07],[11.872147940903655,45.4081950779621,4.897551661997568e-07],[11.872148601428192,45.408180389284276,4.897551661997568e-07],[11.872427430854536,45.40814501632425,4.897551661997568e-07],[11.872416535616694,45.40809902413231,4.897551661997568e-07],[11.872406415338428,45.408055712857156,4.897551661997568e-07],[11.872500420297596,45.4080447050752,4.897551661997568e-07],[11.872522832257191,45.40804315071581,4.897551661997568e-07],[11.872552527876154,45.408041593050065,4.897551661997568e-07],[11.872649787273668,45.408031763393126,4.897551661997568e-07],[11.872628574752703,45.407920951887924,4.897551661997568e-07],[11.872607230193044,45.40781005372548,4.897551661997568e-07],[11.872740000727058,45.40779743972021,4.897551661997568e-07],[11.872734096920462,45.40776671409124,4.897551661997568e-07],[11.872728393752944,45.407737423542216,4.897551661997568e-07],[11.872577372784974,45.407742935920666,4.897551661997568e-07],[11.872469721397092,45.407746906240185,4.897551661997568e-07],[11.872456325359302,45.407747333513704,4.897551661997568e-07],[11.87239777737664,45.407746917119134,4.897551661997568e-07],[11.872393561205069,45.407746933281274,4.897551661997568e-07],[11.872002500637242,45.40775389673452,4.897551661997568e-07],[11.871995850480271,45.40775379407988,4.897551661997568e-07],[11.871906280509416,45.40775145795597,4.897551661997568e-07],[11.871898732455824,45.40775128786203,4.897551661997568e-07],[11.87189573852247,45.40778295763988,4.897551661997568e-07],[11.871884797251711,45.407899799314066,4.897551661997568e-07],[11.871884537488896,45.40790223617898,4.897551661997568e-07],[11.871892971861339,45.40799293657822,4.897551661997568e-07],[11.871063188060761,45.40803974253152,4.897551661997568e-07],[11.871062363140117,45.40805119488509,4.897551661997568e-07],[11.871056242335841,45.40813713088955,4.897551661997568e-07],[11.871165003162456,45.40823313792018,4.897551661997568e-07],[11.871172660906977,45.40825058768959,4.897551661997568e-07],[11.871365535542754,45.40823376248436,4.897551661997568e-07],[11.871918460253246,45.40818555207077,4.897551661997568e-07],[11.871931140765378,45.408183612647484,4.897551661997568e-07]],[[11.871982377735339,45.40778797793412,4.897551661997568e-07],[11.871990294964279,45.40778534832723,4.897551661997568e-07],[11.872254478511572,45.407781218758274,4.897551661997568e-07],[11.87238650639148,45.407779155352564,4.897551661997568e-07],[11.87251866190861,45.407777088580595,4.897551661997568e-07],[11.872525011283011,45.40777881897567,4.897551661997568e-07],[11.872533817529716,45.40778111763692,4.897551661997568e-07],[11.87254130216763,45.407792630848874,4.897551661997568e-07],[11.872550931132212,45.40786403840615,4.897551661997568e-07],[11.872546633099539,45.40786999745929,4.897551661997568e-07],[11.872379788403236,45.407946477798305,4.897551661997568e-07],[11.872212943250085,45.40802295790378,4.897551661997568e-07],[11.872155749480465,45.40804672070287,4.897551661997568e-07],[11.872080583182653,45.40807138597526,4.897551661997568e-07],[11.872039460615081,45.4080794420121,4.897551661997568e-07],[11.872003989893607,45.40808303520589,4.897551661997568e-07],[11.872000379885382,45.408082405977176,4.897551661997568e-07],[11.871993159950772,45.40808114751734,4.897551661997568e-07],[11.871984134901512,45.40807705411384,4.897551661997568e-07],[11.871980734518687,45.408075519446605,4.897551661997568e-07],[11.871972604213033,45.40793539450751,4.897551661997568e-07],[11.871969854612146,45.407888747191066,4.897551661997568e-07],[11.871982377735339,45.40778797793412,4.897551661997568e-07]]]}},{"type":"Feature","id":"TP_STR:103","properties":{"OBJECTID":103,"TP_STR_SCO":18359.0,"TP_STR_SNO":"PIAZZA CAVOUR","Shape_Leng":309.289474246,"Shape_Area":1657.4031368},"geometry":{"type":"Polygon","coordinates":[[[11.878060316416736,45.40837806549217,15.999999504656444],[11.878058412069583,45.408350659666716,15.999999504656444],[11.878050850014706,45.40824463561381,15.999999504656444],[11.878044814955185,45.408138483009196,16.999999505587766],[11.878041735892864,45.40808545321742,16.999999505587766],[11.878038784495992,45.40803242026257,16.999999505587766],[11.878032621847197,45.40792627087257,16.999999505587766],[11.878063196545522,45.40788670424257,15.999999504656444],[11.878091132472651,45.4078505346529,15.999999504656444],[11.878074326520803,45.40784672797284,15.999999504656444],[11.878053984017951,45.40784625095007,15.999999504656444],[11.87805538399532,45.40785116632447,15.999999504656444],[11.877844879427016,45.40787807884638,16.999999505587766],[11.877848429029957,45.407905173138005,15.999999504656444],[11.877822152412028,45.40790862622596,16.999999505587766],[11.877818735045759,45.40788161863172,16.999999505587766],[11.877535699671776,45.40791963121614,16.999999505587766],[11.87755115995074,45.407952275930235,16.999999505587766],[11.877576805561905,45.408006806872166,16.999999505587766],[11.8775810911986,45.40801570006034,16.999999505587766],[11.877586826677197,45.408027977148066,16.999999505587766],[11.877587834321101,45.40803020205315,16.999999505587766],[11.877589411816277,45.40803358273347,16.999999505587766],[11.877626355313414,45.40811177209854,16.999999505587766],[11.8776374166615,45.40825146263267,16.999999505587766],[11.877639662842208,45.40828057007649,16.999999505587766],[11.877837038908405,45.40826686084542,16.999999505587766],[11.877845501431432,45.40836044052497,15.999999504656444],[11.87779271930332,45.408362851888924,15.999999504656444],[11.87765429650967,45.40837237387726,16.999999505587766],[11.8776575225797,45.408400646479215,16.999999505587766],[11.878060316416736,45.40837806549217,15.999999504656444]],[[11.877943502168675,45.4082369918427,15.999999504656444],[11.877857707033215,45.408246086757806,16.999999505587766],[11.877854026502328,45.408228987176884,16.999999505587766],[11.877939821612786,45.40821989226516,15.999999504656444],[11.877943502168675,45.4082369918427,15.999999504656444]],[[11.877778435507123,45.40811954815113,14.999999503725121],[11.877784601588663,45.40814783657545,14.999999503725121],[11.87773805078606,45.40815216111742,14.999999503725121],[11.87771544314927,45.40815489158432,15.999999504656444],[11.877704635032398,45.40811069796668,16.999999505587766],[11.87777423084698,45.40810219174386,15.999999504656444],[11.877778435507123,45.40811954815113,14.999999503725121]],[[11.877983764497886,45.4081391227437,15.999999504656444],[11.877982492849513,45.40813924485199,15.999999504656444],[11.877923147859633,45.40814578241866,15.999999504656444],[11.877898366108745,45.40814847772508,16.999999505587766],[11.87788392692331,45.40808313277161,16.999999505587766],[11.877910358686574,45.40808021578416,15.999999504656444],[11.877968053567644,45.408073899853974,15.999999504656444],[11.877969325299143,45.40807377780133,15.999999504656444],[11.877983764497886,45.4081391227437,15.999999504656444]],[[11.877855849267474,45.408010930743345,16.999999505587766],[11.877817452873103,45.40801477960482,16.999999505587766],[11.87780990452975,45.40797689465587,17.99999950651909],[11.877848173326663,45.407973049015176,17.99999950651909],[11.877855849267474,45.408010930743345,16.999999505587766]]]}},{"type":"Feature","id":"TP_STR:106","properties":{"OBJECTID":106,"TP_STR_SCO":29151.0,"TP_STR_SNO":"PIAZZA DUOMO (DEL)","Shape_Leng":130.810222403,"Shape_Area":571.118559309},"geometry":{"type":"Polygon","coordinates":[[[11.872808200895703,45.40715195268859,15.999999504656444],[11.8728681004317,45.407113539413274,15.999999504656444],[11.872892361947018,45.407098076487515,15.999999504656444],[11.872870119578412,45.40699467195817,15.999999504656444],[11.872827560909283,45.406848482936056,15.999999504656444],[11.872767816851233,45.406643138199804,15.999999504656444],[11.872729521879894,45.406666605535854,15.999999504656444],[11.872578333440584,45.40675943430446,15.999999504656444],[11.87266722627929,45.40686683167658,15.999999504656444],[11.872747942123906,45.40696417339978,15.999999504656444],[11.872777346893415,45.4069997081384,15.999999504656444],[11.872774166534318,45.40715361971678,15.999999504656444],[11.872790096671388,45.40715276858506,15.999999504656444],[11.872808200895703,45.40715195268859,15.999999504656444]]]}},{"type":"Feature","id":"TP_STR:107","properties":{"OBJECTID":107,"TP_STR_SCO":29755.0,"TP_STR_SNO":"PIAZZA ERBE (DELLE)","Shape_Leng":618.647778958,"Shape_Area":5819.47322438},"geometry":{"type":"MultiPolygon","coordinates":[[[[11.874721546599782,45.4071116841852,4.897551661997568e-07],[11.874718463821955,45.407088718648694,4.897551661997568e-07],[11.874738610166991,45.407090371355935,4.897551661997568e-07],[11.874831948750712,45.40709648087617,4.897551661997568e-07],[11.874836935844767,45.40704369786944,4.897551661997568e-07],[11.875244014702387,45.407070435771345,4.897551661997568e-07],[11.875243000884007,45.407045437838136,4.897551661997568e-07],[11.875233259113601,45.406800759102886,4.897551661997568e-07],[11.875231322900078,45.406755081499426,4.897551661997568e-07],[11.875240961907272,45.40679894474401,4.897551661997568e-07],[11.875295700388003,45.40704897056211,4.897551661997568e-07],[11.875301199346216,45.40707421549014,4.897551661997568e-07],[11.875312097494069,45.40707493099899,4.897551661997568e-07],[11.875617501440821,45.40709495843404,4.897551661997568e-07],[11.875613672750308,45.40714789228942,4.897551661997568e-07],[11.875735863690943,45.40715597429044,4.897551661997568e-07],[11.875740601478201,45.40717880811149,4.897551661997568e-07],[11.87574460957088,45.40719733969696,4.897551661997568e-07],[11.875745471486573,45.407201728575714,4.897551661997568e-07],[11.875831848376434,45.40718649975302,4.897551661997568e-07],[11.875890239613431,45.407176296806625,4.897551661997568e-07],[11.875833024555659,45.40698826236808,4.897551661997568e-07],[11.875978805908984,45.40698278776547,4.897551661997568e-07],[11.876244483906536,45.406972940437186,4.897551661997568e-07],[11.876233244606848,45.406932808125646,4.897551661997568e-07],[11.876222137541225,45.406892762455335,4.897551661997568e-07],[11.876157611030717,45.40689789949404,4.897551661997568e-07],[11.876084622480459,45.40663582239324,4.897551661997568e-07],[11.876023610513478,45.40664222098092,4.897551661997568e-07],[11.875885191982048,45.406656781378146,4.897551661997568e-07],[11.87582227481359,45.40666340788725,4.897551661997568e-07],[11.875577470294447,45.4066892004432,4.897551661997568e-07],[11.875531756183399,45.40665965819688,4.897551661997568e-07],[11.87549978510425,45.40663904096293,4.897551661997568e-07],[11.875408213154133,45.40665764090842,4.897551661997568e-07],[11.87524321848064,45.40668988265915,4.897551661997568e-07],[11.87524271252201,45.406689985442235,4.897551661997568e-07],[11.875223368998567,45.406694073352305,4.897551661997568e-07],[11.874903917115308,45.40676225112746,4.897551661997568e-07],[11.87491762920099,45.406785668995084,4.897551661997568e-07],[11.874692961966735,45.406830575007874,4.897551661997568e-07],[11.874676315979505,45.40689031266502,4.897551661997568e-07],[11.874532040933142,45.40692797219719,4.897551661997568e-07],[11.874486006318568,45.40693993340688,4.897551661997568e-07],[11.874509688076893,45.407121972331964,4.897551661997568e-07],[11.874534934349436,45.4073172036966,4.897551661997568e-07],[11.874603578431342,45.40732771606521,4.897551661997568e-07],[11.874654063292363,45.40733544543938,4.897551661997568e-07],[11.874753988861219,45.40734543959731,4.897551661997568e-07],[11.874750139911837,45.40731745264503,4.897551661997568e-07],[11.874748762673335,45.40730794604551,4.897551661997568e-07],[11.874743518316137,45.40727009287492,4.897551661997568e-07],[11.87472475255232,45.407134556642376,4.897551661997568e-07],[11.874721902321234,45.407113655498,4.897551661997568e-07],[11.874721546599782,45.4071116841852,4.897551661997568e-07]]],[[[11.875867592780956,45.40734429099368,4.897551661997568e-07],[11.875860917507444,45.40731853559926,4.897551661997568e-07],[11.875857166422934,45.40726984336409,4.897551661997568e-07],[11.87581029282975,45.40727786570431,4.897551661997568e-07],[11.875776846795068,45.407283569384504,4.897551661997568e-07],[11.875763296136626,45.407285981161245,4.897551661997568e-07],[11.875774559169699,45.4073391647731,4.897551661997568e-07],[11.875318753076067,45.40730915605351,4.897551661997568e-07],[11.875299497839524,45.40733763516962,4.897551661997568e-07],[11.87532644389363,45.40738259255365,4.897551661997568e-07],[11.875727226055677,45.40740858724115,4.897551661997568e-07],[11.87579088834005,45.40741661411555,4.897551661997568e-07],[11.875836773031606,45.40740924676926,4.897551661997568e-07],[11.875882657628757,45.407401879406855,4.897551661997568e-07],[11.875867592780956,45.40734429099368,4.897551661997568e-07]]]]}},{"type":"Feature","id":"TP_STR:109","properties":{"OBJECTID":109,"TP_STR_SCO":34155.0,"TP_STR_SNO":"PIAZZA FRUTTI (DEI)","Shape_Leng":473.256486182,"Shape_Area":4771.64164121},"geometry":{"type":"Polygon","coordinates":[[[11.876017631574182,45.40781505552194,4.897551661997568e-07],[11.87600781348768,45.407717369308614,4.897551661997568e-07],[11.876071790027202,45.4077189971706,4.897551661997568e-07],[11.876127192888063,45.407720391059755,4.897551661997568e-07],[11.87607881000667,45.40758299127053,4.897551661997568e-07],[11.876024372048514,45.40756537076144,4.897551661997568e-07],[11.875907701834453,45.407527625807376,4.897551661997568e-07],[11.876018342115298,45.407471819654546,4.897551661997568e-07],[11.876064690177333,45.407448418328336,4.897551661997568e-07],[11.876068991152247,45.4073821506588,4.897551661997568e-07],[11.87607108099589,45.407357884630414,4.897551661997568e-07],[11.876069783171717,45.40732227233724,4.897551661997568e-07],[11.876028182220358,45.40732089060746,4.897551661997568e-07],[11.875888794199227,45.40731891315045,4.897551661997568e-07],[11.875860917507444,45.40731853559926,4.897551661997568e-07],[11.875867592780956,45.40734429099368,4.897551661997568e-07],[11.875882657628757,45.407401879406855,4.897551661997568e-07],[11.875836773031606,45.40740924676926,4.897551661997568e-07],[11.87579088834005,45.40741661411555,4.897551661997568e-07],[11.875727226055677,45.40740858724115,4.897551661997568e-07],[11.875720453706876,45.40746897635943,4.897551661997568e-07],[11.875438740473049,45.40745249279738,4.897551661997568e-07],[11.875339284419924,45.40744671794337,4.897551661997568e-07],[11.87533531647642,45.407471751438166,4.897551661997568e-07],[11.875295185425914,45.40772074736818,4.897551661997568e-07],[11.875287048945047,45.40777189952077,4.897551661997568e-07],[11.875286119553092,45.40772088578958,4.897551661997568e-07],[11.875281850822804,45.40746823809679,4.897551661997568e-07],[11.875281351985391,45.4074433171639,4.897551661997568e-07],[11.875066413999212,45.40743073071748,4.897551661997568e-07],[11.874805462809633,45.40741543266907,4.897551661997568e-07],[11.874800015696941,45.407348420571445,4.897551661997568e-07],[11.874753988861219,45.40734543959731,4.897551661997568e-07],[11.874654063292363,45.40733544543938,4.897551661997568e-07],[11.874704278016418,45.40739070819554,4.897551661997568e-07],[11.874715518935039,45.40740320679926,4.897551661997568e-07],[11.874710947783504,45.407665528553316,4.897551661997568e-07],[11.87479631788511,45.40770595364464,4.897551661997568e-07],[11.87480035775526,45.40785095212276,4.897551661997568e-07],[11.875044654831123,45.40785280789759,4.897551661997568e-07],[11.875052597565169,45.40782803433621,4.897551661997568e-07],[11.87506960857936,45.407775488380814,4.897551661997568e-07],[11.875088968962281,45.40786483312274,4.897551661997568e-07],[11.875280674945035,45.40786027246195,4.897551661997568e-07],[11.875423755890774,45.407856936869024,4.897551661997568e-07],[11.875429815645292,45.407827800074394,4.897551661997568e-07],[11.87544272776784,45.40776500598943,4.897551661997568e-07],[11.875474360690104,45.4078217268145,4.897551661997568e-07],[11.875494742802893,45.407858208322324,4.897551661997568e-07],[11.875636259574101,45.40784672073973,4.897551661997568e-07],[11.875945127676927,45.407821653696125,4.897551661997568e-07],[11.87596434415457,45.40782008916901,4.897551661997568e-07],[11.876017631574182,45.40781505552194,4.897551661997568e-07]]]}},{"type":"Feature","id":"TP_STR:110","properties":{"OBJECTID":110,"TP_STR_SCO":34953.0,"TP_STR_SNO":"PIAZZA GARIBALDI","Shape_Leng":329.337811547,"Shape_Area":1737.51012759},"geometry":{"type":"MultiPolygon","coordinates":[[[[11.877854541392704,45.40911901838886,4.897551661997568e-07],[11.877928980052578,45.4091529658851,4.897551661997568e-07],[11.87799727407447,45.40918418788419,4.897551661997568e-07],[11.878035865537324,45.40920175704277,4.897551661997568e-07],[11.878077205718908,45.40922060706821,4.897551661997568e-07],[11.878074320189668,45.409080890378654,4.897551661997568e-07],[11.878108711325066,45.40908119304284,4.897551661997568e-07],[11.878108756818722,45.40901170222143,4.897551661997568e-07],[11.878168750557515,45.409010368923184,4.897551661997568e-07],[11.878167713136678,45.408989962228084,4.897551661997568e-07],[11.87816617300372,45.4089596668411,4.897551661997568e-07],[11.878131043859467,45.408927248308366,4.897551661997568e-07],[11.878100163987078,45.4089030037549,4.897551661997568e-07],[11.878097196943182,45.40890496889451,4.897551661997568e-07],[11.877836477719077,45.408906954325595,4.897551661997568e-07],[11.877838385891579,45.408929409312414,4.897551661997568e-07],[11.87784308322249,45.40898410851994,4.897551661997568e-07],[11.877843471264455,45.40898922942832,4.897551661997568e-07],[11.877854541392704,45.40911901838886,4.897551661997568e-07]]],[[[11.877854541392704,45.40911901838886,4.897551661997568e-07],[11.877819894633868,45.40915139662388,4.897551661997568e-07],[11.877641651348513,45.40931782463695,4.897551661997568e-07],[11.877602000088054,45.40935482965273,4.897551661997568e-07],[11.877601359393054,45.409518218620406,4.897551661997568e-07],[11.87760098135262,45.40952083848996,4.897551661997568e-07],[11.877597206869014,45.40955468837877,4.897551661997568e-07],[11.877596765225624,45.40955857008974,4.897551661997568e-07],[11.87750113970205,45.409784122803636,4.897551661997568e-07],[11.877467692296268,45.409862737143,4.897551661997568e-07],[11.87742547732167,45.40996245548707,4.897551661997568e-07],[11.877453588055792,45.41000261224716,4.897551661997568e-07],[11.877461990285735,45.410014552044046,4.897551661997568e-07],[11.877472957835609,45.4100191361683,4.897551661997568e-07],[11.877515911993898,45.41003704553182,4.897551661997568e-07],[11.877516509003817,45.41003622040552,4.897551661997568e-07],[11.87757174975077,45.409961467040084,4.897551661997568e-07],[11.877584823592642,45.40993206327159,4.897551661997568e-07],[11.877751909775471,45.40958130101827,4.897551661997568e-07],[11.877755549725915,45.40956491691067,4.897551661997568e-07],[11.877847261670617,45.409151786550076,4.897551661997568e-07],[11.877854541392704,45.40911901838886,4.897551661997568e-07]]]]}},{"type":"Feature","id":"TP_STR:111","properties":{"OBJECTID":111,"TP_STR_SCO":40004.0,"TP_STR_SNO":"PIAZZA INSURREZIONE  APRILE  (DELL')","Shape_Leng":922.096495751,"Shape_Area":5755.71573436},"geometry":{"type":"Polygon","coordinates":[[[11.874650734983385,45.409691067987694,4.897551661997568e-07],[11.874661162885127,45.40929493011405,4.897551661997568e-07],[11.87482013312149,45.40929740583102,4.897551661997568e-07],[11.87488293081497,45.40929843394268,4.897551661997568e-07],[11.874881784817097,45.40933374773823,4.897551661997568e-07],[11.87487726978377,45.40948139205624,4.897551661997568e-07],[11.874888929613428,45.40948199843828,4.897551661997568e-07],[11.874893641073148,45.40934074004583,4.897551661997568e-07],[11.874895774009836,45.40927704742254,4.897551661997568e-07],[11.874972237058895,45.4092779112392,4.897551661997568e-07],[11.875003182326726,45.4092783016649,4.897551661997568e-07],[11.875453003476888,45.40928325892368,4.897551661997568e-07],[11.875470520506168,45.40928344759697,4.897551661997568e-07],[11.87546905525946,45.40931246854453,4.897551661997568e-07],[11.875467985957012,45.4093341885348,4.897551661997568e-07],[11.875455701728077,45.40933386799009,4.897551661997568e-07],[11.875446030453244,45.409558603045134,4.897551661997568e-07],[11.875461254776818,45.409558939473655,4.897551661997568e-07],[11.875461049725175,45.40961277212473,4.897551661997568e-07],[11.875461004525901,45.40961691387929,4.897551661997568e-07],[11.875462153122896,45.40961688493359,4.897551661997568e-07],[11.875463434023768,45.40961694262952,4.897551661997568e-07],[11.875463320063702,45.40961721554405,4.897551661997568e-07],[11.875463683174074,45.4096520412611,4.897551661997568e-07],[11.875432892759406,45.40965218714338,4.897551661997568e-07],[11.87543290554394,45.409642375425356,4.897551661997568e-07],[11.875157244430625,45.409632039554396,4.897551661997568e-07],[11.874923833195007,45.409623248823145,4.897551661997568e-07],[11.874883502413654,45.409621744639125,4.897551661997568e-07],[11.874887657346559,45.40953495787458,4.897551661997568e-07],[11.874874990181763,45.40953464691567,4.897551661997568e-07],[11.874870184137814,45.40963126148086,4.897551661997568e-07],[11.87489287029121,45.409632580125184,4.897551661997568e-07],[11.874892511121942,45.40964564102481,4.897551661997568e-07],[11.874892433760783,45.40964663311117,4.897551661997568e-07],[11.87489150216659,45.40968365173478,4.897551661997568e-07],[11.87483234189351,45.40968883282317,4.897551661997568e-07],[11.874831703764766,45.40968884890109,4.897551661997568e-07],[11.874817204268098,45.40969020435793,4.897551661997568e-07],[11.874798328926925,45.40969094996836,4.897551661997568e-07],[11.874758928138633,45.40969266276312,4.897551661997568e-07],[11.874670686209338,45.409691375466444,4.897551661997568e-07],[11.874650734983385,45.409691067987694,4.897551661997568e-07],[11.874650498780056,45.40970151539546,4.897551661997568e-07],[11.87449040596889,45.409697087505656,4.897551661997568e-07],[11.874382910122671,45.40969412469582,4.897551661997568e-07],[11.874321096496148,45.409692351424624,4.897551661997568e-07],[11.874318811099496,45.40959699569385,4.897551661997568e-07],[11.874264359099138,45.40959674711976,4.897551661997568e-07],[11.874029271897369,45.409607799575326,4.897551661997568e-07],[11.873794184577266,45.40961885149126,4.897551661997568e-07],[11.873791896424013,45.409619089130594,4.897551661997568e-07],[11.87364127217753,45.409632514023635,4.897551661997568e-07],[11.873622351308248,45.40963488084176,4.897551661997568e-07],[11.8736248269476,45.40964589001141,4.897551661997568e-07],[11.873627658294865,45.40965887055447,4.897551661997568e-07],[11.87371939593102,45.40965349967564,4.897551661997568e-07],[11.873822729516977,45.40964747664317,4.897551661997568e-07],[11.873921979186406,45.409644076682405,4.897551661997568e-07],[11.873923378540647,45.409643951460446,4.897551661997568e-07],[11.874064522167213,45.40963760592589,4.897551661997568e-07],[11.874197629638969,45.40963155267957,4.897551661997568e-07],[11.874205788768235,45.40963116714292,4.897551661997568e-07],[11.874221086617945,45.409640503152986,4.897551661997568e-07],[11.874230923984172,45.40965303709871,4.897551661997568e-07],[11.87423573361831,45.4096647076135,4.897551661997568e-07],[11.874238293899412,45.40971261981293,4.897551661997568e-07],[11.874227798815003,45.4097500593458,4.897551661997568e-07],[11.874349224043305,45.40974547034513,4.897551661997568e-07],[11.874355876174645,45.40983873579581,4.897551661997568e-07],[11.874364781994089,45.40996128856712,4.897551661997568e-07],[11.874370284497672,45.41003946087551,4.897551661997568e-07],[11.874406143851568,45.41003846749097,4.897551661997568e-07],[11.87440216071186,45.409982670044535,4.897551661997568e-07],[11.874724320604237,45.40997752426803,4.897551661997568e-07],[11.874797172790942,45.409713482209426,4.897551661997568e-07],[11.874844126186646,45.40976738692433,4.897551661997568e-07],[11.87488009801005,45.409808876478536,4.897551661997568e-07],[11.874949350778328,45.40981118215896,4.897551661997568e-07],[11.875080440138362,45.40981571016325,4.897551661997568e-07],[11.875171084288182,45.40970325078946,4.897551661997568e-07],[11.875246017003281,45.409822429414945,4.897551661997568e-07],[11.875376892256826,45.40982777265893,4.897551661997568e-07],[11.875442192450718,45.40982270654247,4.897551661997568e-07],[11.87548903660574,45.40981909569852,4.897551661997568e-07],[11.87563007974532,45.409808250180895,4.897551661997568e-07],[11.875761851971458,45.409753261871394,4.897551661997568e-07],[11.875798393510083,45.40973802891655,4.897551661997568e-07],[11.875797194108452,45.40973202828978,4.897551661997568e-07],[11.87579856667686,45.40968860766994,4.897551661997568e-07],[11.875799839268602,45.40964824995698,4.897551661997568e-07],[11.87580820631568,45.40938277211197,4.897551661997568e-07],[11.875809460355033,45.409339534486634,4.897551661997568e-07],[11.875753251063168,45.409309716774295,4.897551661997568e-07],[11.875728562936072,45.40929665714436,4.897551661997568e-07],[11.875620087556664,45.40923917260848,4.897551661997568e-07],[11.875604480546162,45.4091885287989,4.897551661997568e-07],[11.875598981862458,45.409170844907464,4.897551661997568e-07],[11.87557404172048,45.409089922062535,4.897551661997568e-07],[11.875551996942598,45.4090181975545,4.897551661997568e-07],[11.875384075309434,45.409015588417695,4.897551661997568e-07],[11.875375632813462,45.40911355477255,4.897551661997568e-07],[11.875167557491928,45.409100345585365,4.897551661997568e-07],[11.875167306392315,45.409095401168884,4.897551661997568e-07],[11.87512836636503,45.40909611240141,4.897551661997568e-07],[11.875128380403995,45.40910142275235,4.897551661997568e-07],[11.875011094982542,45.409099427364296,4.897551661997568e-07],[11.87499062959717,45.409167002375256,4.897551661997568e-07],[11.874972142035347,45.40922822670561,4.897551661997568e-07],[11.874959679823881,45.40916652202624,4.897551661997568e-07],[11.874945699288634,45.40909756462213,4.897551661997568e-07],[11.874693643356949,45.40909401387318,4.897551661997568e-07],[11.874693752368458,45.40908861038858,4.897551661997568e-07],[11.874690065209327,45.40909401398823,4.897551661997568e-07],[11.874683602188613,45.409163036430705,4.897551661997568e-07],[11.87467892015674,45.409214281565205,4.897551661997568e-07],[11.874623054508326,45.40926420575789,4.897551661997568e-07],[11.87460520594498,45.409280137602515,4.897551661997568e-07],[11.874550935490795,45.40932876144872,4.897551661997568e-07],[11.874541038915323,45.4096422544308,4.897551661997568e-07],[11.874538667411814,45.409688670613335,4.897551661997568e-07],[11.874609934686372,45.40969038566367,4.897551661997568e-07],[11.874650734983385,45.409691067987694,4.897551661997568e-07]]]}},{"type":"Feature","id":"TP_STR:122","properties":{"OBJECTID":122,"TP_STR_SCO":78056.0,"TP_STR_SNO":"PIAZZA SIGNORI (DEI)","Shape_Leng":299.934319444,"Shape_Area":1359.36611197},"geometry":{"type":"MultiPolygon","coordinates":[[[[11.873470935353508,45.407693972759084,4.897551661997568e-07],[11.873783059249961,45.407521568974936,4.897551661997568e-07],[11.873895551914181,45.4074594173853,4.897551661997568e-07],[11.873962921629818,45.40742216553902,4.897551661997568e-07],[11.873994744538617,45.40740462162517,4.897551661997568e-07],[11.873959315776503,45.40741406521997,4.897551661997568e-07],[11.873923376467204,45.40742352160555,4.897551661997568e-07],[11.873816784567383,45.40745086979253,4.897551661997568e-07],[11.873701655020772,45.40747114186645,4.897551661997568e-07],[11.8736997543961,45.40747145977732,4.897551661997568e-07],[11.873540188400824,45.40748483969913,4.897551661997568e-07],[11.873539167416977,45.40748486541164,4.897551661997568e-07],[11.873472105203785,45.407480343423224,4.897551661997568e-07],[11.87342863080728,45.407477297692026,4.897551661997568e-07],[11.873432253030918,45.40744795240145,4.897551661997568e-07],[11.873434772692335,45.407429616364595,4.897551661997568e-07],[11.873381403051104,45.40743051031541,4.897551661997568e-07],[11.873290749069756,45.407431983060945,4.897551661997568e-07],[11.873180814684062,45.4074337612249,4.897551661997568e-07],[11.873197547723263,45.40744873201781,4.897551661997568e-07],[11.873285912870006,45.40752805826039,4.897551661997568e-07],[11.873344417441874,45.40758050252447,4.897551661997568e-07],[11.873470935353508,45.407693972759084,4.897551661997568e-07]]],[[[11.873470935353508,45.407693972759084,4.897551661997568e-07],[11.873762916427815,45.40775412870285,4.897551661997568e-07],[11.873982707221794,45.407799359943446,4.897551661997568e-07],[11.874072843388435,45.40781788244804,4.897551661997568e-07],[11.874129294257548,45.407812229915294,4.897551661997568e-07],[11.874147603771288,45.40781041849757,4.897551661997568e-07],[11.874186378738935,45.40780647136062,4.897551661997568e-07],[11.87421675321676,45.40780318587116,4.897551661997568e-07],[11.874221988633716,45.40777542017669,4.897551661997568e-07],[11.874229019321058,45.407737707827046,4.897551661997568e-07],[11.874227859203975,45.4076997517523,4.897551661997568e-07],[11.874082171813019,45.407712152767125,4.897551661997568e-07],[11.874075480460254,45.407633200238166,4.897551661997568e-07],[11.874018519227842,45.40763886559954,4.897551661997568e-07],[11.873470935353508,45.407693972759084,4.897551661997568e-07]]]]}},{"type":"Feature","id":"TP_STR:138","properties":{"OBJECTID":138,"TP_STR_SCO":35101.0,"TP_STR_SNO":"PIAZZETTA  GARZERIA (DELLA)","Shape_Leng":106.552309474,"Shape_Area":426.98228378},"geometry":{"type":"Polygon","coordinates":[[[11.877579556245411,45.407502757097305,16.999999505587766],[11.877534587989945,45.407397406315695,16.999999505587766],[11.87755264165497,45.40739308050021,16.999999505587766],[11.87750024426127,45.40728989727817,16.999999505587766],[11.877311147427845,45.40733067094603,17.99999950651909],[11.877315082071343,45.40734020311494,17.99999950651909],[11.877262133304473,45.407351889748874,17.99999950651909],[11.877353638619438,45.40753815858808,17.99999950651909],[11.877420010869814,45.407526583449695,17.99999950651909],[11.877485699298502,45.40751412535614,17.99999950651909],[11.877568818546465,45.407510228901245,16.999999505587766],[11.877564305420723,45.40750440189492,16.999999505587766],[11.877579556245411,45.407502757097305,16.999999505587766]],[[11.877460314787452,45.407429523605806,17.99999950651909],[11.87739926685426,45.407445285125604,17.99999950651909],[11.877380583975766,45.40740957123384,17.99999950651909],[11.877441759448024,45.407393806507656,17.99999950651909],[11.877460314787452,45.407429523605806,17.99999950651909]]]}},{"type":"Feature","id":"TP_STR:141","properties":{"OBJECTID":141,"TP_STR_SCO":15851.0,"TP_STR_SNO":"PIAZZETTA CAPPELLATO PEDROCCHI","Shape_Leng":267.442163282,"Shape_Area":1268.74444508},"geometry":{"type":"Polygon","coordinates":[[[11.87750285385507,45.40798994929596,4.897551661997568e-07],[11.877472580348222,45.40796001843833,4.897551661997568e-07],[11.877423338570754,45.40791139328973,4.897551661997568e-07],[11.877392536340926,45.40788111572535,4.897551661997568e-07],[11.877314639688583,45.407804229055735,4.897551661997568e-07],[11.877222018411597,45.4078248372496,4.897551661997568e-07],[11.877228014011505,45.407839718132465,4.897551661997568e-07],[11.877040409787586,45.40787721325503,4.897551661997568e-07],[11.877034414313577,45.40786233235919,4.897551661997568e-07],[11.87694096311304,45.40788170101309,4.897551661997568e-07],[11.87691384096518,45.40782324660639,4.897551661997568e-07],[11.876909824378291,45.407814616651876,4.897551661997568e-07],[11.87688768650053,45.40781904539998,4.897551661997568e-07],[11.876862805180613,45.40774433220687,4.897551661997568e-07],[11.876980865995401,45.40753027593931,4.897551661997568e-07],[11.87695805242099,45.40752392020242,4.897551661997568e-07],[11.876935111361455,45.407517567675356,4.897551661997568e-07],[11.87690590664107,45.407503631983026,4.897551661997568e-07],[11.876864093016911,45.40755842376988,4.897551661997568e-07],[11.876816181899592,45.40754099915219,4.897551661997568e-07],[11.876764775693344,45.407615745473244,4.897551661997568e-07],[11.876812860111661,45.407634065904524,4.897551661997568e-07],[11.876780842108097,45.40769554164651,4.897551661997568e-07],[11.876746841985907,45.40772052224406,4.897551661997568e-07],[11.876743985989508,45.40782275847033,4.897551661997568e-07],[11.876747375545412,45.40789198268785,4.897551661997568e-07],[11.876750094592909,45.407915317413526,4.897551661997568e-07],[11.8767732137777,45.40792265562393,4.897551661997568e-07],[11.8769091938623,45.40796567363434,4.897551661997568e-07],[11.876938332321602,45.40803865927751,4.897551661997568e-07],[11.876942586216904,45.40804944353131,4.897551661997568e-07],[11.877357987355861,45.407965698656035,4.897551661997568e-07],[11.87740622364663,45.4079920260811,4.897551661997568e-07],[11.877454715290472,45.40801834704605,4.897551661997568e-07],[11.877492171121165,45.40803873543326,4.897551661997568e-07],[11.877559201671644,45.40807530032582,4.897551661997568e-07],[11.877575497765106,45.408084160660394,4.897551661997568e-07],[11.877626355313414,45.40811177209854,4.897551661997568e-07],[11.877570257195378,45.40805647894489,4.897551661997568e-07],[11.877560164448296,45.40804647202797,4.897551661997568e-07],[11.87750285385507,45.40798994929596,4.897551661997568e-07]]]}},{"type":"Feature","id":"TP_STR:145","properties":{"OBJECTID":145,"TP_STR_SCO":84914.0,"TP_STR_SNO":"PIAZZETTA LUCIA VALENTINI TERRANI","Shape_Leng":161.850777854,"Shape_Area":845.948650752},"geometry":{"type":"Polygon","coordinates":[[[11.871999835775375,45.40930857081828,4.897551661997568e-07],[11.871897191329051,45.409141750716614,4.897551661997568e-07],[11.871895509359877,45.40913882263945,4.897551661997568e-07],[11.871794675166232,45.408974927347565,4.897551661997568e-07],[11.871682626856384,45.408955244293644,4.897551661997568e-07],[11.871680046926073,45.408954769139356,4.897551661997568e-07],[11.871655222148762,45.40889112497355,4.897551661997568e-07],[11.871630822598291,45.408893809297595,4.897551661997568e-07],[11.871497151295957,45.40890887500417,4.897551661997568e-07],[11.87145828424658,45.4089135436374,4.897551661997568e-07],[11.871461813005856,45.408968002473976,4.897551661997568e-07],[11.871483473611715,45.408991940753786,4.897551661997568e-07],[11.871486992584744,45.40899581274424,4.897551661997568e-07],[11.871502262357291,45.40899704871942,4.897551661997568e-07],[11.87152352608079,45.4090005641156,4.897551661997568e-07],[11.871512810429463,45.4090311680256,4.897551661997568e-07],[11.871530600880256,45.40903423080196,4.897551661997568e-07],[11.871544972760377,45.40903791969457,4.897551661997568e-07],[11.87156085788185,45.409041210426025,4.897551661997568e-07],[11.871580558243902,45.409046655454844,4.897551661997568e-07],[11.87159892310288,45.40905348430424,4.897551661997568e-07],[11.871621563513271,45.40906146566932,4.897551661997568e-07],[11.871636053979405,45.409070012276366,4.897551661997568e-07],[11.871655822772532,45.409079326085504,4.897551661997568e-07],[11.871670997051213,45.40908875558204,4.897551661997568e-07],[11.871684471072276,45.40909741768271,4.897551661997568e-07],[11.871709491101326,45.40911704083579,4.897551661997568e-07],[11.871720923126498,45.40912827468483,4.897551661997568e-07],[11.871734082800288,45.40914333562406,4.897551661997568e-07],[11.871752042315794,45.40916484669976,4.897551661997568e-07],[11.871765831185181,45.40918979317174,4.897551661997568e-07],[11.871770421519594,45.40920218940537,4.897551661997568e-07],[11.871774451249342,45.40921612991342,4.897551661997568e-07],[11.871774506429487,45.409239891875664,4.897551661997568e-07],[11.871761055309031,45.409239240283114,4.897551661997568e-07],[11.871759505930873,45.40925908202308,4.897551661997568e-07],[11.871775783115638,45.409260022563885,4.897551661997568e-07],[11.871773436296623,45.40928933569476,4.897551661997568e-07],[11.871820089059835,45.4092920320178,4.897551661997568e-07],[11.871812080887587,45.40931554681633,4.897551661997568e-07],[11.87180128312897,45.40933949190085,4.897551661997568e-07],[11.871799049724284,45.409343328652554,4.897551661997568e-07],[11.871818080190685,45.40935068074157,4.897551661997568e-07],[11.87192587259589,45.4093922538581,4.897551661997568e-07],[11.871999835775375,45.40930857081828,4.897551661997568e-07]]]}},{"type":"Feature","id":"TP_STR:150","properties":{"OBJECTID":150,"TP_STR_SCO":73051.0,"TP_STR_SNO":"PIAZZETTA SAN NICOLO'","Shape_Leng":105.621768675,"Shape_Area":613.210463006},"geometry":{"type":"Polygon","coordinates":[[[11.87242025075621,45.408824611925844,14.999999503725121],[11.872400150949396,45.4087281743855,14.999999503725121],[11.872371412172463,45.40873096816161,14.999999503725121],[11.87236444182195,45.40869936914724,14.999999503725121],[11.872402565664501,45.40869516896628,14.999999503725121],[11.872415396734176,45.40869367580859,14.999999503725121],[11.872414699190458,45.40869000286218,14.999999503725121],[11.872404564818002,45.40863634046251,15.999999504656444],[11.872339835331923,45.4086400402587,15.999999504656444],[11.872124242002268,45.40865239826145,14.999999503725121],[11.872085634945762,45.40865463023781,14.999999503725121],[11.872054512327908,45.40865829400884,14.999999503725121],[11.87206104036089,45.40869125433181,14.999999503725121],[11.872094642610087,45.40885990217998,14.999999503725121],[11.872108677425045,45.408874580971876,14.999999503725121],[11.872122589233697,45.40888935289168,14.999999503725121],[11.872296384746335,45.408851583418986,14.999999503725121],[11.872297141400145,45.40885138430478,14.999999503725121],[11.872348082597352,45.40884038063669,14.999999503725121],[11.87242025075621,45.408824611925844,14.999999503725121]]]}},{"type":"Feature","id":"TP_STR:202","properties":{"OBJECTID":202,"TP_STR_SCO":64251.0,"TP_STR_SNO":"RIVIERA PONTI ROMANI (DEI)","Shape_Leng":1129.58665319,"Shape_Area":5868.91882531},"geometry":{"type":"MultiPolygon","coordinates":[[[[11.878203507724875,45.40693650273136,4.897551661997568e-07],[11.878208324672771,45.40693071044137,4.897551661997568e-07],[11.87822479971899,45.40691544279371,4.897551661997568e-07],[11.878235541481782,45.406905540440206,4.897551661997568e-07],[11.878279483774461,45.406865006483464,4.897551661997568e-07],[11.878318772979455,45.40682846040521,4.897551661997568e-07],[11.878289048880273,45.40678168361992,4.897551661997568e-07],[11.878189172787202,45.40662434065486,4.897551661997568e-07],[11.878206733908858,45.406620387178286,4.897551661997568e-07],[11.878186933895321,45.406582811295344,4.897551661997568e-07],[11.878095883666013,45.4066091413893,4.897551661997568e-07],[11.877969596477971,45.40635453071678,4.897551661997568e-07],[11.877881110707028,45.406184928547326,4.897551661997568e-07],[11.877866151359912,45.406182245407194,4.897551661997568e-07],[11.877844099780845,45.406178300954785,4.897551661997568e-07],[11.877835070358204,45.40617663845133,4.897551661997568e-07],[11.877826173153496,45.40617506258824,4.897551661997568e-07],[11.877804249229802,45.40617111490843,4.897551661997568e-07],[11.877795219809324,45.406169452401734,4.897551661997568e-07],[11.877786194956554,45.40616787975501,4.897551661997568e-07],[11.877777940412045,45.40616637771288,4.897551661997568e-07],[11.877779062348178,45.40620856531517,4.897551661997568e-07],[11.877780097190993,45.40624652452063,4.897551661997568e-07],[11.877817809601325,45.40632226406439,4.897551661997568e-07],[11.877798753613932,45.40632697527867,4.897551661997568e-07],[11.877836187960904,45.406402271776614,4.897551661997568e-07],[11.877848557794216,45.40639925941681,4.897551661997568e-07],[11.877867760549929,45.40643766055181,4.897551661997568e-07],[11.87785501705808,45.40644086234742,4.897551661997568e-07],[11.87798538420668,45.406702841283305,4.897551661997568e-07],[11.877998323564054,45.406698464328436,4.897551661997568e-07],[11.878018975768441,45.40673520862023,4.897551661997568e-07],[11.87800394412541,45.4067386482141,4.897551661997568e-07],[11.878045541055297,45.40681789022877,4.897551661997568e-07],[11.878025486721954,45.406823076714616,4.897551661997568e-07],[11.878034390922148,45.4068423848277,4.897551661997568e-07],[11.878072024738424,45.40683360449765,4.897551661997568e-07],[11.878111228630175,45.40691101654974,4.897551661997568e-07],[11.878146740941233,45.406920832278495,4.897551661997568e-07],[11.878193397791478,45.40693369730795,4.897551661997568e-07],[11.878203507724875,45.40693650273136,4.897551661997568e-07]]],[[[11.878203507724875,45.40693650273136,4.897551661997568e-07],[11.878197573758731,45.40694043295625,4.897551661997568e-07],[11.878125217877301,45.40698762442275,4.897551661997568e-07],[11.87810493675369,45.40700091781006,4.897551661997568e-07],[11.878125714553445,45.407090406300945,4.897551661997568e-07],[11.878157442252304,45.40722687513731,4.897551661997568e-07],[11.878155797878994,45.40723474773991,4.897551661997568e-07],[11.87815405784021,45.40724325281695,4.897551661997568e-07],[11.878189839400974,45.40739159106752,4.897551661997568e-07],[11.878229643851618,45.40738779659518,4.897551661997568e-07],[11.878216221623227,45.40732737671163,4.897551661997568e-07],[11.878213196827494,45.40730557995462,4.897551661997568e-07],[11.87819691498033,45.407231640262644,4.897551661997568e-07],[11.87816322055845,45.40707910874696,4.897551661997568e-07],[11.878204258864658,45.40706691200774,4.897551661997568e-07],[11.878287748180021,45.407211076380364,4.897551661997568e-07],[11.878302342689977,45.40724428292071,4.897551661997568e-07],[11.87833175274101,45.40729241789305,4.897551661997568e-07],[11.878351837174352,45.40734060804183,4.897551661997568e-07],[11.878362374562967,45.407369416284666,4.897551661997568e-07],[11.878389284815652,45.40736837735683,4.897551661997568e-07],[11.878409695387102,45.40736768245585,4.897551661997568e-07],[11.8784250009895,45.407367116334086,4.897551661997568e-07],[11.878436350332006,45.407366649957495,4.897551661997568e-07],[11.878465588723161,45.4073586213749,4.897551661997568e-07],[11.878480460850746,45.40735455562567,4.897551661997568e-07],[11.878506545208442,45.40734732669539,4.897551661997568e-07],[11.878520154843716,45.407343562890986,4.897551661997568e-07],[11.87854179694113,45.407349497817236,4.897551661997568e-07],[11.878565621396383,45.407348086644056,4.897551661997568e-07],[11.878557181021442,45.40729015145347,4.897551661997568e-07],[11.878552499826686,45.40725588472455,4.897551661997568e-07],[11.878524897006413,45.40725838135242,4.897551661997568e-07],[11.878331633152934,45.406913017893466,4.897551661997568e-07],[11.878324541206638,45.40691427690893,4.897551661997568e-07],[11.878294792188326,45.40691979803381,4.897551661997568e-07],[11.878248830875028,45.40692815844069,4.897551661997568e-07],[11.878233894857782,45.406930965533725,4.897551661997568e-07],[11.878210982629549,45.40693523400573,4.897551661997568e-07],[11.878203507724875,45.40693650273136,4.897551661997568e-07]],[[11.878184382981901,45.40704292998031,4.897551661997568e-07],[11.878146872050136,45.40705161727167,4.897551661997568e-07],[11.87813053171045,45.40701674451573,4.897551661997568e-07],[11.878168042622187,45.40700805723021,4.897551661997568e-07],[11.878184382981901,45.40704292998031,4.897551661997568e-07]]],[[[11.878472696406046,45.40895373474405,4.897551661997568e-07],[11.878480512918335,45.40894912695291,4.897551661997568e-07],[11.87848796025417,45.40894479851731,4.897551661997568e-07],[11.878488457085664,45.40894451594082,4.897551661997568e-07],[11.878489819842182,45.40894367143388,4.897551661997568e-07],[11.878496027423258,45.40894009436824,4.897551661997568e-07],[11.878503967016329,45.408935393437034,4.897551661997568e-07],[11.878573098794377,45.40889512400791,4.897551661997568e-07],[11.878596051608328,45.40888158312875,4.897551661997568e-07],[11.878609200110443,45.4088059108884,4.897551661997568e-07],[11.878573268542324,45.40880546722842,4.897551661997568e-07],[11.878575420552975,45.40871206987481,4.897551661997568e-07],[11.878614556764193,45.40871522314567,4.897551661997568e-07],[11.87861056336026,45.40867940885096,4.897551661997568e-07],[11.878605720535642,45.40863191440486,4.897551661997568e-07],[11.878564135916982,45.40862333218548,4.897551661997568e-07],[11.878551350120082,45.40862068433496,4.897551661997568e-07],[11.878521129059981,45.40861442575473,4.897551661997568e-07],[11.878505758731125,45.40861121298231,4.897551661997568e-07],[11.878498916918064,45.40860985536228,4.897551661997568e-07],[11.878505781264721,45.408609142163385,4.897551661997568e-07],[11.878521032432946,45.40860749723133,4.897551661997568e-07],[11.87854912351313,45.408604538235004,4.897551661997568e-07],[11.878561703624193,45.408603140692215,4.897551661997568e-07],[11.878612922061743,45.40859761794309,4.897551661997568e-07],[11.878621333312879,45.40835086131647,4.897551661997568e-07],[11.878635854995455,45.40802572961265,4.897551661997568e-07],[11.878585578944543,45.40798694245827,4.897551661997568e-07],[11.878580126957544,45.40798275937712,4.897551661997568e-07],[11.87852838312425,45.40794274898927,4.897551661997568e-07],[11.87852095732715,45.40793744555354,4.897551661997568e-07],[11.878513403961946,45.407932145393154,4.897551661997568e-07],[11.878503995288302,45.40792554176622,4.897551661997568e-07],[11.878481445444443,45.40791683933049,4.897551661997568e-07],[11.8784737556891,45.407913882901575,4.897551661997568e-07],[11.87846606585292,45.40791092647416,4.897551661997568e-07],[11.878432439524984,45.407898002822996,4.897551661997568e-07],[11.878435377881974,45.407953286414966,4.897551661997568e-07],[11.87843589083181,45.408136809137794,4.897551661997568e-07],[11.878425006480335,45.40813888392506,4.897551661997568e-07],[11.878424256721365,45.408222164468086,4.897551661997568e-07],[11.878422162628581,45.408273974537934,4.897551661997568e-07],[11.87842509024495,45.4082838020566,4.897551661997568e-07],[11.878427201067899,45.408320293912745,4.897551661997568e-07],[11.878428611231085,45.40836562470431,4.897551661997568e-07],[11.878430406266002,45.408426067831435,4.897551661997568e-07],[11.878427618220702,45.408436579623995,4.897551661997568e-07],[11.878429662282482,45.40845165016102,4.897551661997568e-07],[11.878431250304908,45.40849796660224,4.897551661997568e-07],[11.87843137954223,45.40860858873528,4.897551661997568e-07],[11.878431443371179,45.40870787101226,4.897551661997568e-07],[11.878432378227583,45.408743852446975,4.897551661997568e-07],[11.87843335278269,45.40877056156846,4.897551661997568e-07],[11.878418670933724,45.408901540205626,4.897551661997568e-07],[11.878432511226565,45.40891487296979,4.897551661997568e-07],[11.878465302151922,45.40894654026857,4.897551661997568e-07],[11.878472696406046,45.40895373474405,4.897551661997568e-07]]],[[[11.878472696406046,45.40895373474405,4.897551661997568e-07],[11.878464916378247,45.408959061766396,4.897551661997568e-07],[11.878427488666414,45.40898448934852,4.897551661997568e-07],[11.878413036280364,45.40899430525791,4.897551661997568e-07],[11.878396610349832,45.40900552110723,4.897551661997568e-07],[11.878397583466743,45.40902214888266,4.897551661997568e-07],[11.878420511133424,45.40945300067839,4.897551661997568e-07],[11.878422680083911,45.40951325435496,4.897551661997568e-07],[11.87840098335206,45.4095138016945,4.897551661997568e-07],[11.878402868110099,45.40956344107395,4.897551661997568e-07],[11.878402895534169,45.40956398046742,4.897551661997568e-07],[11.87840535219183,45.409858619578124,4.897551661997568e-07],[11.878403817801223,45.409903844575496,4.897551661997568e-07],[11.87844226994911,45.40989855397935,4.897551661997568e-07],[11.878441523489801,45.40990649390739,4.897551661997568e-07],[11.87843557378235,45.40996290180795,4.897551661997568e-07],[11.87841799193567,45.410021763491905,4.897551661997568e-07],[11.878396841635162,45.41008584594533,4.897551661997568e-07],[11.878360532525036,45.410196127088454,4.897551661997568e-07],[11.87822432358686,45.4101939823173,4.897551661997568e-07],[11.878192042781052,45.41019749697029,4.897551661997568e-07],[11.878105492663808,45.41020688115682,4.897551661997568e-07],[11.878203737079874,45.41024904918694,4.897551661997568e-07],[11.87822960899671,45.41024515611124,4.897551661997568e-07],[11.878230252014456,45.41024775028377,4.897551661997568e-07],[11.878242913430656,45.4102378895436,4.897551661997568e-07],[11.878320330502206,45.41023989719402,4.897551661997568e-07],[11.878323873500156,45.41024925913726,4.897551661997568e-07],[11.87830551097964,45.410267634850484,4.897551661997568e-07],[11.878264898230505,45.41030835485238,4.897551661997568e-07],[11.878258936900393,45.41031426604317,4.897551661997568e-07],[11.878244938054413,45.41031038857895,4.897551661997568e-07],[11.87823767010941,45.41032830440673,4.897551661997568e-07],[11.878223365354629,45.410320924160054,4.897551661997568e-07],[11.878202758507387,45.41042837888788,4.897551661997568e-07],[11.878210844893168,45.41042907501231,4.897551661997568e-07],[11.878218799132481,45.41042968449377,4.897551661997568e-07],[11.878226757940528,45.410430383835234,4.897551661997568e-07],[11.878249859270309,45.410432321456724,4.897551661997568e-07],[11.87825768585068,45.41043293415571,4.897551661997568e-07],[11.87826551243119,45.410433546854144,4.897551661997568e-07],[11.878283608835911,45.41043507063538,4.897551661997568e-07],[11.878286558064724,45.41043526622403,4.897551661997568e-07],[11.8783584053944,45.41043831451035,4.897551661997568e-07],[11.878400546538817,45.410374872742715,4.897551661997568e-07],[11.878371554874228,45.41036516264767,4.897551661997568e-07],[11.878343557144614,45.41035740774615,4.897551661997568e-07],[11.87835704265785,45.41034113533031,4.897551661997568e-07],[11.878395817619477,45.410294430801144,4.897551661997568e-07],[11.878413264940596,45.41028318918738,4.897551661997568e-07],[11.878407786349193,45.41025335318209,4.897551661997568e-07],[11.878406331104312,45.410244838735466,4.897551661997568e-07],[11.878415629741253,45.4102442440845,4.897551661997568e-07],[11.8785245840446,45.410238165028666,4.897551661997568e-07],[11.878532953724825,45.41021176020598,4.897551661997568e-07],[11.878557913021835,45.410104465654065,4.897551661997568e-07],[11.878558017826672,45.410104012958186,4.897551661997568e-07],[11.878605271321508,45.409869688327234,4.897551661997568e-07],[11.87856520046563,45.40987078928183,4.897551661997568e-07],[11.878572182653254,45.40983217779474,4.897551661997568e-07],[11.878578403369644,45.40979115513388,4.897551661997568e-07],[11.878577523549835,45.40975877284701,4.897551661997568e-07],[11.878607735019138,45.40975729050772,4.897551661997568e-07],[11.878607589710194,45.40972930029078,4.897551661997568e-07],[11.8786074057023,45.40968546885553,4.897551661997568e-07],[11.878607237209813,45.40965450875415,4.897551661997568e-07],[11.87860701811259,45.40962003949011,4.897551661997568e-07],[11.878606735577906,45.4095566777815,4.897551661997568e-07],[11.878606535176251,45.40952508842348,4.897551661997568e-07],[11.878605926297727,45.40941006774648,4.897551661997568e-07],[11.878566740305256,45.40941348667076,4.897551661997568e-07],[11.878562481755946,45.40937245839571,4.897551661997568e-07],[11.878559460449862,45.40931303629443,4.897551661997568e-07],[11.87855466609743,45.4092212544376,4.897551661997568e-07],[11.878549752848258,45.409127135286006,4.897551661997568e-07],[11.87854963400736,45.409124797933615,4.897551661997568e-07],[11.878551554749137,45.409104766665564,4.897551661997568e-07],[11.878549846342363,45.4090787061211,4.897551661997568e-07],[11.878545507301588,45.40901598683071,4.897551661997568e-07],[11.878543483928198,45.40898624372547,4.897551661997568e-07],[11.878501870180935,45.408967040751534,4.897551661997568e-07],[11.878494412573398,45.40896362835841,4.897551661997568e-07],[11.878486955051283,45.408960216020205,4.897551661997568e-07],[11.878480281585743,45.4089571439203,4.897551661997568e-07],[11.878472696406046,45.40895373474405,4.897551661997568e-07]]]]}},{"type":"Feature","id":"TP_STR:205","properties":{"OBJECTID":205,"TP_STR_SCO":82309.0,"TP_STR_SNO":"RIVIERA TITO LIVIO","Shape_Leng":881.881014883,"Shape_Area":6515.62022804},"geometry":{"type":"Polygon","coordinates":[[[11.877980443789232,45.40606513670119,4.897551661997568e-07],[11.877972520234973,45.40605003438285,4.897551661997568e-07],[11.87795666400232,45.40605484492567,4.897551661997568e-07],[11.87793946106868,45.406043217170094,4.897551661997568e-07],[11.877877427415951,45.40596413054949,4.897551661997568e-07],[11.877873743805688,45.405957022451645,4.897551661997568e-07],[11.877873902126524,45.40594756713406,4.897551661997568e-07],[11.877877369462631,45.40593784828919,4.897551661997568e-07],[11.877883134210306,45.40593059191692,4.897551661997568e-07],[11.877891538273232,45.40592497920741,4.897551661997568e-07],[11.877728148011197,45.405928380067,4.897551661997568e-07],[11.877712063343166,45.40592869570103,4.897551661997568e-07],[11.877700960355961,45.40592897572542,4.897551661997568e-07],[11.877708653250457,45.40592194077573,4.897551661997568e-07],[11.877714272451405,45.405916848309815,4.897551661997568e-07],[11.877719891654275,45.405911755901165,4.897551661997568e-07],[11.877778152987359,45.40585879933332,4.897551661997568e-07],[11.877790972729857,45.40584704440264,4.897551661997568e-07],[11.877725715263448,45.40575228677941,4.897551661997568e-07],[11.877713580099726,45.40573477030161,4.897551661997568e-07],[11.877692819754504,45.405703429475025,4.897551661997568e-07],[11.87754191489193,45.40548481413787,4.897551661997568e-07],[11.877525184392603,45.40545733214345,4.897551661997568e-07],[11.877300204949593,45.405179105971285,4.897551661997568e-07],[11.877295223251577,45.40517914156156,4.897551661997568e-07],[11.877294790139711,45.40517816234559,4.897551661997568e-07],[11.877271863306847,45.405129323577924,4.897551661997568e-07],[11.877249134101673,45.40513466741344,4.897551661997568e-07],[11.877210319552622,45.40505229448212,4.897551661997568e-07],[11.877208031009044,45.40504749153527,4.897551661997568e-07],[11.877162808270102,45.40496474009162,4.897551661997568e-07],[11.877162115382864,45.40496367744969,4.897551661997568e-07],[11.877161417923777,45.404962524832015,4.897551661997568e-07],[11.877122827708442,45.404887077234335,4.897551661997568e-07],[11.877002667786892,45.404652293752356,4.897551661997568e-07],[11.876913289280852,45.40447758254624,4.897551661997568e-07],[11.876887469069128,45.4044723827722,4.897551661997568e-07],[11.876828727440651,45.40446054193442,4.897551661997568e-07],[11.87681129821306,45.404457020823685,4.897551661997568e-07],[11.87677101589821,45.404448855162315,4.897551661997568e-07],[11.876769867325425,45.40444888412061,4.897551661997568e-07],[11.876765140904148,45.404448913309146,4.897551661997568e-07],[11.876770432319663,45.40444742968571,4.897551661997568e-07],[11.876772319203889,45.404446842027106,4.897551661997568e-07],[11.876803311036127,45.40443813954041,4.897551661997568e-07],[11.876810489254314,45.40443606831559,4.897551661997568e-07],[11.876817672037369,45.40443408695115,4.897551661997568e-07],[11.876886323450659,45.404414623528105,4.897551661997568e-07],[11.876906354139456,45.40440898778514,4.897551661997568e-07],[11.876767650011596,45.40416630044998,4.897551661997568e-07],[11.876791404055403,45.40415850054303,4.897551661997568e-07],[11.876772276492373,45.40412657823212,4.897551661997568e-07],[11.876719643779385,45.40403879275086,4.897551661997568e-07],[11.876666652025254,45.40404705973078,4.897551661997568e-07],[11.876604399055733,45.404056640342006,4.897551661997568e-07],[11.876588934926179,45.404059100458305,4.897551661997568e-07],[11.876567632459254,45.404062337937624,4.897551661997568e-07],[11.876584791345499,45.4040529940511,4.897551661997568e-07],[11.876591007746441,45.40404959687399,4.897551661997568e-07],[11.876597224067938,45.404046199756095,4.897551661997568e-07],[11.876629919369847,45.40402827302856,4.897551661997568e-07],[11.876647698036162,45.404018553545924,4.897551661997568e-07],[11.876579405235548,45.403929362542975,4.897551661997568e-07],[11.876544374850333,45.40388622950152,4.897551661997568e-07],[11.876486839826864,45.40381008907806,4.897551661997568e-07],[11.876404410530085,45.403684079099676,4.897551661997568e-07],[11.876403416717448,45.40368212387701,4.897551661997568e-07],[11.876371602520285,45.40361928701125,4.897551661997568e-07],[11.87632129318743,45.40350929960079,4.897551661997568e-07],[11.87629043465054,45.403430056269166,4.897551661997568e-07],[11.876263626235037,45.403428031687156,4.897551661997568e-07],[11.876245286038163,45.40342669373836,4.897551661997568e-07],[11.87623746501031,45.40342617079401,4.897551661997568e-07],[11.87622963941826,45.40342555798826,4.897551661997568e-07],[11.876200397204164,45.40342341467481,4.897551661997568e-07],[11.876192576177028,45.40342289172735,4.897551661997568e-07],[11.87618462293868,45.403422282078566,4.897551661997568e-07],[11.876111649507132,45.40341701054191,4.897551661997568e-07],[11.876114542445622,45.40330541198874,4.897551661997568e-07],[11.876114846779512,45.40329379270435,4.897551661997568e-07],[11.876115060197955,45.403285416110954,4.897551661997568e-07],[11.87591295848336,45.40311768602852,4.897551661997568e-07],[11.875810932283105,45.403134119475325,4.897551661997568e-07],[11.875759212115286,45.403134702923786,4.897551661997568e-07],[11.875705567480189,45.40312255303289,4.897551661997568e-07],[11.875670089371328,45.40310580470993,4.897551661997568e-07],[11.875639236635106,45.40308200883882,4.897551661997568e-07],[11.875637709806297,45.40308213735219,4.897551661997568e-07],[11.87563692128339,45.403081707172646,4.897551661997568e-07],[11.875635481010633,45.40308102337593,4.897551661997568e-07],[11.8756255381942,45.4031041371671,4.897551661997568e-07],[11.8756131893351,45.40313271233748,4.897551661997568e-07],[11.875609521067013,45.40314099593316,4.897551661997568e-07],[11.875609179304961,45.40314181467495,4.897551661997568e-07],[11.875591913697596,45.403181765292786,4.897551661997568e-07],[11.87558346090046,45.40320151109555,4.897551661997568e-07],[11.875642592249008,45.403258799070414,4.897551661997568e-07],[11.87564354029486,45.40325985534875,4.897551661997568e-07],[11.875651193195672,45.40326713352777,4.897551661997568e-07],[11.875664507224467,45.40328020985862,4.897551661997568e-07],[11.875731008420646,45.40328384459461,4.897551661997568e-07],[11.875741003446036,45.40328440275756,4.897551661997568e-07],[11.875743219842708,45.40330036917182,4.897551661997568e-07],[11.875791199135401,45.403309151333396,4.897551661997568e-07],[11.875830236353098,45.403317978785786,4.897551661997568e-07],[11.875873407628097,45.40333021258508,4.897551661997568e-07],[11.875895722776066,45.40333937145258,4.897551661997568e-07],[11.875933690238158,45.40336235786473,4.897551661997568e-07],[11.875960787405038,45.40338264783998,4.897551661997568e-07],[11.8759784591919,45.40340101503735,4.897551661997568e-07],[11.875981964797989,45.40340965790932,4.897551661997568e-07],[11.87601372141255,45.403446212663894,4.897551661997568e-07],[11.876030317539088,45.403463526852036,4.897551661997568e-07],[11.876036384320438,45.40346976481313,4.897551661997568e-07],[11.876059749310562,45.40349455944181,4.897551661997568e-07],[11.876089491602677,45.40353170509151,4.897551661997568e-07],[11.876116654216315,45.40356837561512,4.897551661997568e-07],[11.876137632040203,45.40360403194169,4.897551661997568e-07],[11.876141861594492,45.403604285346546,4.897551661997568e-07],[11.87620519141182,45.40370899387496,4.897551661997568e-07],[11.87625892511328,45.40378829071253,4.897551661997568e-07],[11.87628973507334,45.403833870526334,4.897551661997568e-07],[11.8763464450073,45.403911382062816,4.897551661997568e-07],[11.87636855745674,45.403941698919304,4.897551661997568e-07],[11.876443259414794,45.40404387031229,4.897551661997568e-07],[11.876472018314775,45.40408680146825,4.897551661997568e-07],[11.87653217117916,45.404176737830184,4.897551661997568e-07],[11.876554439027588,45.40421011117897,4.897551661997568e-07],[11.876573247127602,45.40423826103784,4.897551661997568e-07],[11.876617915246541,45.40430509440927,4.897551661997568e-07],[11.876604392738859,45.40430804572042,4.897551661997568e-07],[11.876638691235769,45.404366949365105,4.897551661997568e-07],[11.876648628860334,45.40438398127791,4.897551661997568e-07],[11.87665057991206,45.40438717254564,4.897551661997568e-07],[11.876687282793927,45.40446824869959,4.897551661997568e-07],[11.876745293682843,45.4045964943039,4.897551661997568e-07],[11.876726612126266,45.40460353619406,4.897551661997568e-07],[11.876733271042117,45.4046038183612,4.897551661997568e-07],[11.876744287473054,45.404606871103134,4.897551661997568e-07],[11.8767496887532,45.404610065414644,4.897551661997568e-07],[11.876754228955567,45.40461643185848,4.897551661997568e-07],[11.876755952445876,45.40462268925102,4.897551661997568e-07],[11.87675347370776,45.40462923265827,4.897551661997568e-07],[11.876748269367878,45.40463494467961,4.897551661997568e-07],[11.87674050777705,45.404638110779835,4.897551661997568e-07],[11.876730722358456,45.40463916756184,4.897551661997568e-07],[11.876881585781724,45.404904861662516,4.897551661997568e-07],[11.87690768295009,45.40489790275823,4.897551661997568e-07],[11.876914648491498,45.40490924876622,4.897551661997568e-07],[11.87695864549061,45.40491507039562,4.897551661997568e-07],[11.876971767564113,45.40491680984295,4.897551661997568e-07],[11.876980514061483,45.404917939463274,4.897551661997568e-07],[11.87698939277528,45.404919155782636,4.897551661997568e-07],[11.877013061792839,45.40492224954732,4.897551661997568e-07],[11.876997557408492,45.404933982050146,4.897551661997568e-07],[11.876991646477483,45.40493836168462,4.897551661997568e-07],[11.876985863111438,45.40494273810232,4.897551661997568e-07],[11.876977860228932,45.40494870070657,4.897551661997568e-07],[11.876932933191588,45.40498241806977,4.897551661997568e-07],[11.877078981263038,45.40521114804643,4.897551661997568e-07],[11.877118618921509,45.40527702794282,4.897551661997568e-07],[11.877225657866791,45.405424559861615,4.897551661997568e-07],[11.877297787922789,45.40552382517256,4.897551661997568e-07],[11.87737269045096,45.40563238175493,4.897551661997568e-07],[11.877380534631797,45.405633354089446,4.897551661997568e-07],[11.87750055963533,45.40581260280191,4.897551661997568e-07],[11.877508860973284,45.40582508523194,4.897551661997568e-07],[11.877517157745343,45.40583747774304,4.897551661997568e-07],[11.877597769051118,45.40595777191258,4.897551661997568e-07],[11.877700230683972,45.40611072957467,4.897551661997568e-07],[11.87771995003273,45.40612661452714,4.897551661997568e-07],[11.877728101333592,45.40614117097583,4.897551661997568e-07],[11.877750502565293,45.40613439512755,4.897551661997568e-07],[11.87776610819032,45.40612968096753,4.897551661997568e-07],[11.877773282011233,45.406127519759984,4.897551661997568e-07],[11.877780328263142,45.40612536176943,4.897551661997568e-07],[11.877797570077737,45.40612015622862,4.897551661997568e-07],[11.87780462089498,45.406118088097294,4.897551661997568e-07],[11.877811667144451,45.406115930104875,4.897551661997568e-07],[11.87790946199006,45.406086549799156,4.897551661997568e-07],[11.877951370103487,45.406073881101165,4.897551661997568e-07],[11.877980443789232,45.40606513670119,4.897551661997568e-07]]]}},{"type":"Feature","id":"TP_STR:208","properties":{"OBJECTID":208,"TP_STR_SCO":73105.0,"TP_STR_SNO":"SELCIATO SAN NICOLO'","Shape_Leng":179.184396034,"Shape_Area":350.84717532},"geometry":{"type":"Polygon","coordinates":[[[11.872404564818002,45.40863634046251,15.999999504656444],[11.872454516906105,45.40863103237004,15.999999504656444],[11.87245351395864,45.408626376974944,15.999999504656444],[11.872540336382233,45.408617350300446,15.999999504656444],[11.872645714628725,45.408606326115645,15.999999504656444],[11.872643457769986,45.40858955060051,15.999999504656444],[11.872707293615177,45.40858083246838,15.999999504656444],[11.872699789961008,45.408553837568824,15.999999504656444],[11.872878976804554,45.408529163273656,15.999999504656444],[11.872926312333703,45.408522660732245,15.999999504656444],[11.873020600464585,45.40850966511722,15.999999504656444],[11.873062730580333,45.40850383367412,15.999999504656444],[11.873084658720774,45.40848518895208,15.999999504656444],[11.873115529516934,45.40845893809133,15.999999504656444],[11.873038621263746,45.40846690549871,15.999999504656444],[11.873010142448056,45.40846978286611,15.999999504656444],[11.87264168651867,45.408514344700244,15.999999504656444],[11.872621735842296,45.40851655721231,15.999999504656444],[11.872630138229859,45.40856630264885,15.999999504656444],[11.872583677729345,45.408572423019216,15.999999504656444],[11.872396185782558,45.4085971259138,15.999999504656444],[11.872192065811149,45.40862404727336,15.999999504656444],[11.872119710734308,45.40863360967859,14.999999503725121],[11.872085634945762,45.40865463023781,14.999999503725121],[11.872124242002268,45.40865239826145,14.999999503725121],[11.872339835331923,45.4086400402587,15.999999504656444],[11.872404564818002,45.40863634046251,15.999999504656444]]]}},{"type":"Feature","id":"TP_STR:232","properties":{"OBJECTID":232,"TP_STR_SCO":202.0,"TP_STR_SNO":"VIA ACCADEMIA","Shape_Leng":281.679550058,"Shape_Area":1037.42493439},"geometry":{"type":"Polygon","coordinates":[[[11.871063188060761,45.40803974253152,14.999999503725121],[11.87104829208125,45.40800051179496,15.999999504656444],[11.871047371023382,45.407954628574544,14.999999503725121],[11.87104827343388,45.407947224854134,14.999999503725121],[11.871034817884182,45.407916239046294,14.999999503725121],[11.871029247962719,45.40791727930096,14.999999503725121],[11.870974887640877,45.40773736180877,14.999999503725121],[11.870983766707578,45.407736058226455,14.999999503725121],[11.870965000878353,45.407668390872814,15.999999504656444],[11.870951878039007,45.407621284440786,15.999999504656444],[11.870940460234154,45.407622921941226,15.999999504656444],[11.870910007638066,45.40752386423213,15.999999504656444],[11.87087942758144,45.40742480966303,15.999999504656444],[11.870870963205569,45.407393968294784,15.999999504656444],[11.870870192910388,45.40739137733964,15.999999504656444],[11.870860602740034,45.4073559736274,15.999999504656444],[11.870848008838664,45.40730921394924,15.999999504656444],[11.87083533748197,45.40726848701899,15.999999504656444],[11.870835191597168,45.40726813067091,15.999999504656444],[11.87080376861116,45.4071650467606,16.999999505587766],[11.87080362272394,45.40716469035497,16.999999505587766],[11.870789802851995,45.40711895159459,16.999999505587766],[11.87079631616057,45.407111316729555,16.999999505587766],[11.870824552756346,45.407078471783684,16.999999505587766],[11.870876786977894,45.40701738916161,16.999999505587766],[11.870925529744511,45.40696053498106,15.999999504656444],[11.870818937208668,45.40703072639513,15.999999504656444],[11.870773302831397,45.407060678576876,16.999999505587766],[11.87072297370537,45.40709380924557,16.999999505587766],[11.870712339928037,45.4071008277372,16.999999505587766],[11.870739195662749,45.40724489232094,15.999999504656444],[11.870781375772005,45.40747192295159,15.999999504656444],[11.870784365848522,45.40749057029995,15.999999504656444],[11.870825201597706,45.407643194356496,14.999999503725121],[11.870837599540634,45.407688608809494,14.999999503725121],[11.8708658779389,45.40778511090379,14.999999503725121],[11.87089352282351,45.40787919854518,14.999999503725121],[11.870916108295031,45.40795667117658,14.999999503725121],[11.870949323416896,45.40806988136903,14.999999503725121],[11.870989844736975,45.408095325515674,14.999999503725121],[11.871056242335841,45.40813713088955,15.999999504656444],[11.871062363140117,45.40805119488509,15.999999504656444],[11.871063188060761,45.40803974253152,14.999999503725121]]]}},{"type":"Feature","id":"TP_STR:303","properties":{"OBJECTID":303,"TP_STR_SCO":3300.0,"TP_STR_SNO":"VIA AQUILEIA","Shape_Leng":162.870554094,"Shape_Area":535.379142116},"geometry":{"type":"Polygon","coordinates":[[[11.874693752368458,45.40908861038858,15.999999504656444],[11.874695843524412,45.40901150694993,15.999999504656444],[11.87469660930251,45.409011487656755,15.999999504656444],[11.874719131030984,45.40901209038378,15.999999504656444],[11.874720158372238,45.40897443928481,14.999999503725121],[11.87469776887831,45.408973923202275,15.999999504656444],[11.874696875443915,45.40897394571167,15.999999504656444],[11.874697775764094,45.40894385883493,15.999999504656444],[11.874699153441727,45.40889548735109,15.999999504656444],[11.87469960790793,45.40881383453523,15.999999504656444],[11.874699452710184,45.408810778000074,15.999999504656444],[11.87468714540332,45.40861621092023,15.999999504656444],[11.874680885939503,45.40859863612615,15.999999504656444],[11.874658177603518,45.40853646951276,15.999999504656444],[11.874626946761104,45.40855309853156,15.999999504656444],[11.874596467978922,45.40856943855217,15.999999504656444],[11.874587732550259,45.408669212499824,15.999999504656444],[11.8745868581311,45.40867967598762,15.999999504656444],[11.87457404981087,45.40867909856626,15.999999504656444],[11.874578140563079,45.40877476889693,15.999999504656444],[11.874581378915577,45.40886875041149,15.999999504656444],[11.87458790154402,45.408868856128066,15.999999504656444],[11.87459050586875,45.40902082171815,15.999999504656444],[11.874626332772252,45.40902171938043,15.999999504656444],[11.874626071831438,45.40906943260922,15.999999504656444],[11.874626090087977,45.40906979216779,15.999999504656444],[11.874627881443873,45.40906983707049,15.999999504656444],[11.874629672799767,45.40906988197317,15.999999504656444],[11.874629572527581,45.409070424527144,15.999999504656444],[11.874626857237303,45.40915285445042,15.999999504656444],[11.874671038458235,45.40920502881654,15.999999504656444],[11.87467892015674,45.409214281565205,15.999999504656444],[11.874683602188613,45.409163036430705,15.999999504656444],[11.874690065209327,45.40909401398823,15.999999504656444],[11.874693752368458,45.40908861038858,15.999999504656444]]]}},{"type":"Feature","id":"TP_STR:306","properties":{"OBJECTID":306,"TP_STR_SCO":3502.0,"TP_STR_SNO":"VIA ARCO (DELL')","Shape_Leng":189.157874867,"Shape_Area":553.437632123},"geometry":{"type":"Polygon","coordinates":[[[11.875605272303524,45.40577226159766,15.999999504656444],[11.875539305413652,45.405653397219176,14.999999503725121],[11.875518555229625,45.40561971538827,14.999999503725121],[11.875492436724084,45.40554071248324,15.999999504656444],[11.875499317560976,45.40535916369305,14.999999503725121],[11.875503210795813,45.405259691670985,15.999999504656444],[11.87550874614846,45.40512210291931,14.999999503725121],[11.875499766369169,45.405111347672666,15.999999504656444],[11.875474458939472,45.4050810211357,14.999999503725121],[11.875445641600804,45.405102360242935,14.999999503725121],[11.875432096623175,45.40511242295463,14.999999503725121],[11.875430936257922,45.40513486528888,14.999999503725121],[11.875428055769852,45.405191375788746,14.999999503725121],[11.875424461075987,45.40526401653327,14.999999503725121],[11.875416024545446,45.405263959095876,14.999999503725121],[11.875417435978456,45.40530181886151,15.999999504656444],[11.87541779223856,45.40531135118469,15.999999504656444],[11.875419654825459,45.4054033871706,15.999999504656444],[11.875411652818482,45.40547730912644,15.999999504656444],[11.87541978657948,45.4055091486344,15.999999504656444],[11.875420256183672,45.40551084703272,15.999999504656444],[11.875432665388566,45.405543838976435,15.999999504656444],[11.875446597655477,45.405586693913264,15.999999504656444],[11.875465866623646,45.405621403280776,15.999999504656444],[11.875463856600625,45.40562208399674,15.999999504656444],[11.875383353564064,45.40564976632582,15.999999504656444],[11.875432088094533,45.405728739403436,15.999999504656444],[11.875474232882336,45.40570814460764,15.999999504656444],[11.875497534687181,45.405731680756055,15.999999504656444],[11.875455394375965,45.40575236548106,15.999999504656444],[11.875514943391387,45.405812793399335,15.999999504656444],[11.875553776601812,45.405815055197166,15.999999504656444],[11.875591716512256,45.40581733949475,15.999999504656444],[11.875601011910295,45.405786500996655,15.999999504656444],[11.875601886762125,45.40578359851135,15.999999504656444],[11.875605272303524,45.40577226159766,15.999999504656444]]]}},{"type":"Feature","id":"TP_STR:307","properties":{"OBJECTID":307,"TP_STR_SCO":3603.0,"TP_STR_SNO":"VIA ARCO VALARESSO","Shape_Leng":437.489858045,"Shape_Area":2082.58869274},"geometry":{"type":"Polygon","coordinates":[[[11.871977568499018,45.40697519542982,16.999999505587766],[11.87209608481047,45.40697635282989,16.999999505587766],[11.872096312345011,45.40696320527198,16.999999505587766],[11.872146705314696,45.406964097083694,16.999999505587766],[11.872147589856842,45.40697649655392,16.999999505587766],[11.872777346893415,45.4069997081384,15.999999504656444],[11.872747942123906,45.40696417339978,15.999999504656444],[11.87266722627929,45.40686683167658,15.999999504656444],[11.872578333440584,45.40675943430446,15.999999504656444],[11.872529832311958,45.40661951560623,15.999999504656444],[11.87247353669177,45.40645692991105,15.999999504656444],[11.872460814408432,45.40642025502294,15.999999504656444],[11.872451349987756,45.40649817418486,15.999999504656444],[11.872443333965782,45.406544192355625,15.999999504656444],[11.872429384245322,45.40661178296808,15.999999504656444],[11.872419490262143,45.40665604814704,15.999999504656444],[11.872404865875495,45.4067254560055,15.999999504656444],[11.872396831412743,45.40676355353544,15.999999504656444],[11.87238627687602,45.40681998709027,15.999999504656444],[11.872376814835194,45.40682994665289,15.999999504656444],[11.872363400985199,45.40683757536946,15.999999504656444],[11.872348751978258,45.40684604524847,15.999999504656444],[11.872327689941658,45.40685656686294,15.999999504656444],[11.872311792009574,45.406865608262386,15.999999504656444],[11.872289914082245,45.4068726399104,15.999999504656444],[11.872273241104615,45.406876480084314,15.999999504656444],[11.872235824932584,45.406879492262135,15.999999504656444],[11.872046446121821,45.40687696822708,15.999999504656444],[11.872010652497366,45.4068766990345,15.999999504656444],[11.871915290806223,45.40687603886394,15.999999504656444],[11.87188345340233,45.40687314969346,16.999999505587766],[11.871882017913604,45.406885157507915,14.999999503725121],[11.871879356557763,45.40690826769895,15.999999504656444],[11.871831024630296,45.40694548920615,16.999999505587766],[11.871812501381134,45.406960717504646,16.999999505587766],[11.871762706744686,45.407022009140604,16.999999505587766],[11.871746726447611,45.40701935089311,16.999999505587766],[11.871707085968598,45.40703142015044,16.999999505587766],[11.871611410095216,45.40706740277853,16.999999505587766],[11.87159993738641,45.40705031909003,16.999999505587766],[11.871566012575496,45.40706422466909,16.999999505587766],[11.871224783777786,45.407015563809125,16.999999505587766],[11.871090022570938,45.406996451648794,16.999999505587766],[11.870925529744511,45.40696053498106,15.999999504656444],[11.870876786977894,45.40701738916161,16.999999505587766],[11.870824552756346,45.407078471783684,16.999999505587766],[11.87079631616057,45.407111316729555,16.999999505587766],[11.870789802851995,45.40711895159459,16.999999505587766],[11.870828285867738,45.40711429285078,16.999999505587766],[11.870986269948641,45.407094925671146,16.999999505587766],[11.871178931047728,45.407071445232646,16.999999505587766],[11.871280496606884,45.4070886022324,16.999999505587766],[11.871279010765077,45.40709206008703,16.999999505587766],[11.871317188496928,45.40709902046769,16.999999505587766],[11.8714558425337,45.407119294573306,16.999999505587766],[11.871624501991187,45.407149164729425,16.999999505587766],[11.871724727368742,45.4071424116948,16.999999505587766],[11.87177528779933,45.40707858044196,16.999999505587766],[11.87187745304539,45.40699166728617,16.999999505587766],[11.871907225165057,45.406966434480694,16.999999505587766],[11.871962253530395,45.406968019830416,16.999999505587766],[11.871961050344801,45.4069745310255,16.999999505587766],[11.871977568499018,45.40697519542982,16.999999505587766]]]}},{"type":"Feature","id":"TP_STR:380","properties":{"OBJECTID":380,"TP_STR_SCO":7106.0,"TP_STR_SNO":"VIA BELLE PARTI","Shape_Leng":170.195796381,"Shape_Area":438.578668745},"geometry":{"type":"Polygon","coordinates":[[[11.874345574311954,45.40915003926106,15.999999504656444],[11.874348854257708,45.40905355318936,15.999999504656444],[11.874350510066506,45.409003104453646,15.999999504656444],[11.874347703509983,45.40895285810561,15.999999504656444],[11.87434635276253,45.40892876876209,15.999999504656444],[11.874342060305926,45.40887946000634,15.999999504656444],[11.874341039297725,45.40887948572667,15.999999504656444],[11.874340141302342,45.408879418372315,15.999999504656444],[11.874340118479704,45.40887896883774,15.999999504656444],[11.874339825395879,45.408858093304694,15.999999504656444],[11.874332303583932,45.40877538124071,15.999999504656444],[11.87432720270375,45.40870007923612,15.999999504656444],[11.874332095468866,45.40866053044231,15.999999504656444],[11.874341623946753,45.408621675055095,15.999999504656444],[11.87436495983823,45.40853008448162,15.999999504656444],[11.874354874443942,45.408484972237986,15.999999504656444],[11.874332613966628,45.40850461565609,15.999999504656444],[11.874319897669848,45.40851591753583,15.999999504656444],[11.874292860849193,45.408612641991574,15.999999504656444],[11.87429260118835,45.40861507885917,15.999999504656444],[11.874283002504102,45.408695341825684,15.999999504656444],[11.874262750758751,45.40869414174529,15.999999504656444],[11.874249687993684,45.40877665225356,15.999999504656444],[11.874265384941529,45.40889957406451,15.999999504656444],[11.874263633347798,45.40895065533132,15.999999504656444],[11.874260170962884,45.40904858618677,15.999999504656444],[11.874256617644356,45.40914975978587,15.999999504656444],[11.874265283572427,45.40916439354626,15.999999504656444],[11.874303298156654,45.40922851500828,15.999999504656444],[11.874341960143335,45.40915688125741,15.999999504656444],[11.874345574311954,45.40915003926106,15.999999504656444]]]}},{"type":"Feature","id":"TP_STR:421","properties":{"OBJECTID":421,"TP_STR_SCO":8954.0,"TP_STR_SNO":"VIA BOCCALERIE","Shape_Leng":218.284203964,"Shape_Area":784.125092062},"geometry":{"type":"Polygon","coordinates":[[[11.87472359400032,45.408518619128074,15.999999504656444],[11.874750403810548,45.40838220470413,15.999999504656444],[11.874786681745222,45.40838444110839,15.999999504656444],[11.874804110666222,45.40830740133398,15.999999504656444],[11.874811914100787,45.40830756474347,15.999999504656444],[11.874817223083337,45.408291318742094,15.999999504656444],[11.874919515743432,45.408297562664785,15.999999504656444],[11.874925698642734,45.408265812459916,15.999999504656444],[11.874825352174856,45.408257629266494,15.999999504656444],[11.874846329886271,45.408154846418114,15.999999504656444],[11.87485176114197,45.40812842591769,15.999999504656444],[11.874857716543783,45.40810226225341,15.999999504656444],[11.874774116861568,45.40809671751314,15.999999504656444],[11.874792955799338,45.4079165777752,15.999999504656444],[11.874793233693783,45.4079145004654,15.999999504656444],[11.87480035775526,45.40785095212276,15.999999504656444],[11.87479631788511,45.40770595364464,15.999999504656444],[11.874779040799199,45.40773816337204,15.999999504656444],[11.874765158942566,45.40776425675418,15.999999504656444],[11.87473932649777,45.4079249498938,15.999999504656444],[11.874719314068583,45.407951107693385,15.999999504656444],[11.874713313122982,45.40797889275461,15.999999504656444],[11.874703202188561,45.40802640410209,15.999999504656444],[11.874688142912424,45.40809726332929,15.999999504656444],[11.874673717001532,45.408165496260835,15.999999504656444],[11.874659787673536,45.4082309262763,15.999999504656444],[11.874627791515442,45.40838097319124,15.999999504656444],[11.874617179271555,45.408431197527655,15.999999504656444],[11.874600347251691,45.408509932523806,15.999999504656444],[11.874658177603518,45.40853646951276,15.999999504656444],[11.874696875036454,45.40852595321315,15.999999504656444],[11.87472359400032,45.408518619128074,15.999999504656444]]]}},{"type":"Feature","id":"TP_STR:369","properties":{"OBJECTID":369,"TP_STR_SCO":6701.0,"TP_STR_SNO":"VIA BATTISTI CESARE","Shape_Leng":1931.57632822,"Shape_Area":7508.76247972},"geometry":{"type":"MultiPolygon","coordinates":[[[[11.886124982852888,45.4028155491273,4.897551661997568e-07],[11.8858971144598,45.40277459616682,4.897551661997568e-07],[11.88589286466268,45.40278397497367,4.897551661997568e-07],[11.885889612925073,45.402792878427135,4.897551661997568e-07],[11.885881530190362,45.40280226414442,4.897551661997568e-07],[11.885874989261644,45.402816831598365,4.897551661997568e-07],[11.886109393564743,45.402858159366964,4.897551661997568e-07],[11.886124982852888,45.4028155491273,4.897551661997568e-07]]],[[[11.884724024863441,45.40339717370329,4.897551661997568e-07],[11.884793244346092,45.403406495186594,4.897551661997568e-07],[11.884814602162416,45.4034093756646,4.897551661997568e-07],[11.884876469238089,45.40335965471912,4.897551661997568e-07],[11.885117784646093,45.403165426758676,4.897551661997568e-07],[11.885219043814612,45.40308383527508,4.897551661997568e-07],[11.885277223723369,45.40303699769278,4.897551661997568e-07],[11.88533031590908,45.40302071303008,4.897551661997568e-07],[11.885358784723811,45.403010181773205,4.897551661997568e-07],[11.885580897451876,45.40292814406188,4.897551661997568e-07],[11.885582441246418,45.40292333439648,4.897551661997568e-07],[11.885584536047642,45.40291680050548,4.897551661997568e-07],[11.885590772090806,45.40290377094511,4.897551661997568e-07],[11.885599248817961,45.40288456393766,4.897551661997568e-07],[11.88557548351484,45.40285951134443,4.897551661997568e-07],[11.885550067757983,45.40283216019041,4.897551661997568e-07],[11.885477724002198,45.402864323963875,4.897551661997568e-07],[11.885439209886268,45.40287330901507,4.897551661997568e-07],[11.885401329309719,45.40288218811382,4.897551661997568e-07],[11.885383205049175,45.402887597132015,4.897551661997568e-07],[11.885364697940842,45.40289301582873,4.897551661997568e-07],[11.885255434779479,45.40291531152483,4.897551661997568e-07],[11.885105269240178,45.403037655281274,4.897551661997568e-07],[11.885105533602681,45.40303782860611,4.897551661997568e-07],[11.885114905537812,45.40304371252599,4.897551661997568e-07],[11.885082721380003,45.403069099760124,4.897551661997568e-07],[11.885073746029823,45.40306347585272,4.897551661997568e-07],[11.884771250539554,45.40330083638614,4.897551661997568e-07],[11.884749242735015,45.40330526331795,4.897551661997568e-07],[11.88472817272592,45.40330552597458,4.897551661997568e-07],[11.884716969650615,45.40330382893716,4.897551661997568e-07],[11.88471057007023,45.40330111035178,4.897551661997568e-07],[11.884714021792982,45.40332622658672,4.897551661997568e-07],[11.884717235969752,45.40334918859941,4.897551661997568e-07],[11.884717423065114,45.403350354016595,4.897551661997568e-07],[11.884724024863441,45.40339717370329,4.897551661997568e-07]]],[[[11.884724024863441,45.40339717370329,4.897551661997568e-07],[11.884680787436837,45.40340123724748,4.897551661997568e-07],[11.884663746703291,45.40340283821481,4.897551661997568e-07],[11.884598457978027,45.40345813632327,4.897551661997568e-07],[11.884543430793387,45.40350417375851,4.897551661997568e-07],[11.884541985827468,45.40350340015959,4.897551661997568e-07],[11.884500578699281,45.40353838168378,4.897551661997568e-07],[11.88449401482426,45.40353494714461,4.897551661997568e-07],[11.88433788256299,45.40366815222776,4.897551661997568e-07],[11.884211136186774,45.40377622086082,4.897551661997568e-07],[11.884213634113882,45.40377759790903,4.897551661997568e-07],[11.884133147604516,45.40384561162015,4.897551661997568e-07],[11.88408990364089,45.40388216964689,4.897551661997568e-07],[11.884001820680307,45.40395658620484,4.897551661997568e-07],[11.883967147845206,45.40398581656662,4.897551661997568e-07],[11.883959025146897,45.403981881253735,4.897551661997568e-07],[11.883716564623608,45.40418387677438,4.897551661997568e-07],[11.883694314377314,45.40420613216848,4.897551661997568e-07],[11.883745575166827,45.40424669246651,4.897551661997568e-07],[11.88367791313537,45.404235350710614,4.897551661997568e-07],[11.883665028032725,45.40423324602773,4.897551661997568e-07],[11.883617436437522,45.4042747744065,4.897551661997568e-07],[11.883484846195739,45.404391091081955,4.897551661997568e-07],[11.883333408184713,45.404523726034164,4.897551661997568e-07],[11.883307474973037,45.404546434496595,4.897551661997568e-07],[11.883167287119976,45.40466915360038,4.897551661997568e-07],[11.883163198241512,45.404666646525676,4.897551661997568e-07],[11.883096420445707,45.40472036119178,4.897551661997568e-07],[11.88306549227246,45.404745356095795,4.897551661997568e-07],[11.883001662724293,45.40479674583449,4.897551661997568e-07],[11.882968893410396,45.404823227422284,4.897551661997568e-07],[11.882964535588922,45.404820457150606,4.897551661997568e-07],[11.882928029873039,45.404851353703215,4.897551661997568e-07],[11.882915534715066,45.404861930865096,4.897551661997568e-07],[11.88288747752643,45.40488559294284,4.897551661997568e-07],[11.882753279712876,45.40500050912745,4.897551661997568e-07],[11.88273454607159,45.40501655464903,4.897551661997568e-07],[11.88262103627127,45.40511366554483,4.897551661997568e-07],[11.882549023753699,45.40518254426879,4.897551661997568e-07],[11.8824253618729,45.405296113720425,4.897551661997568e-07],[11.882413395337247,45.405307037491234,4.897551661997568e-07],[11.882396051488199,45.405322777804884,4.897551661997568e-07],[11.882314354175907,45.40539721174079,4.897551661997568e-07],[11.882311396527657,45.405399356705445,4.897551661997568e-07],[11.88210229586821,45.4055515391876,4.897551661997568e-07],[11.882085159759761,45.40560399933406,4.897551661997568e-07],[11.882140391805176,45.40560458448624,4.897551661997568e-07],[11.882168135394593,45.40560487382998,4.897551661997568e-07],[11.882321487758897,45.40548965448866,4.897551661997568e-07],[11.882325798791895,45.40548648514042,4.897551661997568e-07],[11.882311886881483,45.4054792755454,4.897551661997568e-07],[11.882423168827218,45.4053810510377,4.897551661997568e-07],[11.882421255999768,45.40536606722692,4.897551661997568e-07],[11.882421237693311,45.40536570761312,4.897551661997568e-07],[11.882417781747582,45.40533798102759,4.897551661997568e-07],[11.88246523436966,45.40534389330127,4.897551661997568e-07],[11.882504629634706,45.405309503378106,4.897551661997568e-07],[11.882543259623718,45.40527765313546,4.897551661997568e-07],[11.882573185602741,45.40525304376993,4.897551661997568e-07],[11.882617826216784,45.40521627103131,4.897551661997568e-07],[11.882664066364407,45.40517828765953,4.897551661997568e-07],[11.882664307847378,45.40517801151587,4.897551661997568e-07],[11.882706747373579,45.40514318459269,4.897551661997568e-07],[11.8827401046381,45.405115698089155,4.897551661997568e-07],[11.882839811851415,45.405033607807034,4.897551661997568e-07],[11.882880533087699,45.40500017444626,4.897551661997568e-07],[11.882918793529598,45.40496860345483,4.897551661997568e-07],[11.882961961845874,45.40493303792679,4.897551661997568e-07],[11.88299851336325,45.404903040310685,4.897551661997568e-07],[11.88306914986382,45.40494518164895,4.897551661997568e-07],[11.883083946141992,45.40493211599832,4.897551661997568e-07],[11.883084556748566,45.40493156048401,4.897551661997568e-07],[11.883099831485417,45.40491785268019,4.897551661997568e-07],[11.883030156935726,45.404877037211314,4.897551661997568e-07],[11.883069323709206,45.40484319294984,4.897551661997568e-07],[11.88315151022344,45.40478341822109,4.897551661997568e-07],[11.883174919752806,45.404766354372946,4.897551661997568e-07],[11.883291602727752,45.404681404408485,4.897551661997568e-07],[11.883368858022205,45.4046251745399,4.897551661997568e-07],[11.883356487229632,45.40462062649765,4.897551661997568e-07],[11.883441742218311,45.4045483522197,4.897551661997568e-07],[11.88344733963561,45.404550371109956,4.897551661997568e-07],[11.883475249181506,45.40456145742422,4.897551661997568e-07],[11.883612660670924,45.404439438167024,4.897551661997568e-07],[11.88366757909015,45.40438872334684,4.897551661997568e-07],[11.883703445414596,45.40435532229605,4.897551661997568e-07],[11.883723540594856,45.40433591182829,4.897551661997568e-07],[11.883751669321432,45.40430864714473,4.897551661997568e-07],[11.883759689068436,45.404300523352994,4.897551661997568e-07],[11.883764450914539,45.40429617240885,4.897551661997568e-07],[11.88379459846634,45.4042684066965,4.897551661997568e-07],[11.883806067837346,45.40425776538743,4.897551661997568e-07],[11.883811482055197,45.40423611549973,4.897551661997568e-07],[11.883839160811307,45.40421507309447,4.897551661997568e-07],[11.883929683428134,45.4041433854061,4.897551661997568e-07],[11.88396278320482,45.404110864383874,4.897551661997568e-07],[11.884176751837114,45.40392651092051,4.897551661997568e-07],[11.884223754956903,45.403885987262015,4.897551661997568e-07],[11.884264023107805,45.40385121464068,4.897551661997568e-07],[11.884296581194887,45.40382311781708,4.897551661997568e-07],[11.884329262232308,45.403794927842576,4.897551661997568e-07],[11.884390591607929,45.40374216030852,4.897551661997568e-07],[11.884393462006525,45.40373830726204,4.897551661997568e-07],[11.88439450580849,45.40373873092765,4.897551661997568e-07],[11.884455338307804,45.40368624596191,4.897551661997568e-07],[11.88458872268401,45.40357053818928,4.897551661997568e-07],[11.884633137532536,45.40353440042235,4.897551661997568e-07],[11.884726883800866,45.40345830996763,4.897551661997568e-07],[11.884724024863441,45.40339717370329,4.897551661997568e-07]]],[[[11.882085159759761,45.40560399933406,4.897551661997568e-07],[11.88204220206438,45.405603554173915,4.897551661997568e-07],[11.88203964509076,45.40560352872624,4.897551661997568e-07],[11.882013692747506,45.4056032841406,4.897551661997568e-07],[11.881830375927253,45.40571727960173,4.897551661997568e-07],[11.881825594041677,45.405713709811415,4.897551661997568e-07],[11.881797626025568,45.405731608606864,4.897551661997568e-07],[11.88176630379816,45.40575139237632,4.897551661997568e-07],[11.881747705348488,45.405762573607234,4.897551661997568e-07],[11.881765538337762,45.405776525226926,4.897551661997568e-07],[11.881676947286808,45.40582349893277,4.897551661997568e-07],[11.881654287125254,45.40580759890223,4.897551661997568e-07],[11.88149375318845,45.405894734763955,4.897551661997568e-07],[11.881315626401735,45.405987715342754,4.897551661997568e-07],[11.881198971550914,45.40588498634464,4.897551661997568e-07],[11.88110432030843,45.40579529345359,4.897551661997568e-07],[11.8810976209357,45.40579924315694,4.897551661997568e-07],[11.881088811565334,45.40580441628504,4.897551661997568e-07],[11.881073170674563,45.405813452417654,4.897551661997568e-07],[11.881109507421728,45.405847009768685,4.897551661997568e-07],[11.881178214442823,45.40590648338644,4.897551661997568e-07],[11.881181737485361,45.40590540428803,4.897551661997568e-07],[11.881277719745057,45.40599362331287,4.897551661997568e-07],[11.881290050834103,45.4060049235367,4.897551661997568e-07],[11.881112177285146,45.40609033637657,4.897551661997568e-07],[11.88103846001281,45.40612577245586,4.897551661997568e-07],[11.88087343322766,45.40620500974958,4.897551661997568e-07],[11.880872435142676,45.406205485001735,4.897551661997568e-07],[11.880736144087923,45.40627688558787,4.897551661997568e-07],[11.88078292668177,45.40630477851423,4.897551661997568e-07],[11.880853672795023,45.40632144485839,4.897551661997568e-07],[11.880923102134382,45.40628962766338,4.897551661997568e-07],[11.881070469401243,45.40622244787173,4.897551661997568e-07],[11.881151205448896,45.406184314181466,4.897551661997568e-07],[11.881352239722665,45.4060844544305,4.897551661997568e-07],[11.881382127407678,45.406069117662234,4.897551661997568e-07],[11.88140803183579,45.4060558617511,4.897551661997568e-07],[11.881409654354695,45.40605510068257,4.897551661997568e-07],[11.88147653827148,45.40601596635604,4.897551661997568e-07],[11.88156501953712,45.4059643149343,4.897551661997568e-07],[11.881565393254071,45.40596412548693,4.897551661997568e-07],[11.881568465784932,45.405966748261804,4.897551661997568e-07],[11.881651551158997,45.40591955366994,4.897551661997568e-07],[11.88174133626687,45.40587092957061,4.897551661997568e-07],[11.881742936277952,45.40587223937451,4.897551661997568e-07],[11.88178097667215,45.40585138583111,4.897551661997568e-07],[11.881907147408807,45.405782039871816,4.897551661997568e-07],[11.882090914186978,45.40566182205373,4.897551661997568e-07],[11.88210241824775,45.40566189154699,4.897551661997568e-07],[11.882085159759761,45.40560399933406,4.897551661997568e-07]]],[[[11.88078292668177,45.40630477851423,4.897551661997568e-07],[11.880759492174459,45.40629123815098,4.897551661997568e-07],[11.880738560134066,45.40627916488321,4.897551661997568e-07],[11.880690109497875,45.40630388143523,4.897551661997568e-07],[11.880566173019078,45.406366958711004,4.897551661997568e-07],[11.880562189724603,45.4063690395473,4.897551661997568e-07],[11.880463788713994,45.40641914040213,4.897551661997568e-07],[11.880463414990265,45.40641932984604,4.897551661997568e-07],[11.880420975130999,45.40643912386338,4.897551661997568e-07],[11.880420346187673,45.40643931975003,4.897551661997568e-07],[11.880368039133348,45.40646359343217,4.897551661997568e-07],[11.880366667315116,45.40646425812372,4.897551661997568e-07],[11.880300417632693,45.40648825362239,4.897551661997568e-07],[11.880175683675683,45.40653064774753,4.897551661997568e-07],[11.879984744111427,45.406562741142096,4.897551661997568e-07],[11.87992613599934,45.40657619211686,4.897551661997568e-07],[11.879806636260119,45.406603421652456,4.897551661997568e-07],[11.87980575666592,45.406603713895336,4.897551661997568e-07],[11.879804876990093,45.40660400614027,4.897551661997568e-07],[11.879590511843851,45.406652892388045,4.897551661997568e-07],[11.879584513632423,45.406653043765765,4.897551661997568e-07],[11.879416799240015,45.40667698898761,4.897551661997568e-07],[11.879415404549821,45.40667720425038,4.897551661997568e-07],[11.879191915880876,45.40671002767497,4.897551661997568e-07],[11.879183225826193,45.4067225787168,4.897551661997568e-07],[11.879157401546864,45.4067600454517,4.897551661997568e-07],[11.879182295439273,45.406779670152645,4.897551661997568e-07],[11.879192944035903,45.406788042644976,4.897551661997568e-07],[11.87925157154593,45.4067799923555,4.897551661997568e-07],[11.879307532724766,45.40677227930509,4.897551661997568e-07],[11.879358170410624,45.40676542066114,4.897551661997568e-07],[11.879422887170609,45.406756496525524,4.897551661997568e-07],[11.879485197391599,45.40674799310378,4.897551661997568e-07],[11.879542561975109,45.406737724160664,4.897551661997568e-07],[11.879543136505935,45.40673896984166,4.897551661997568e-07],[11.879562534558847,45.406735959935546,4.897551661997568e-07],[11.879685024894616,45.40670973535075,4.897551661997568e-07],[11.87978115735553,45.40668786644451,4.897551661997568e-07],[11.879969671360927,45.40664827353212,4.897551661997568e-07],[11.880136387727477,45.40659968916789,4.897551661997568e-07],[11.880147862866778,45.406616771936314,4.897551661997568e-07],[11.880240037825624,45.40658996181687,4.897551661997568e-07],[11.880356412333128,45.406546518466634,4.897551661997568e-07],[11.880572798013201,45.40645950442989,4.897551661997568e-07],[11.880700322703678,45.406401647263,4.897551661997568e-07],[11.880707853686335,45.40640901821078,4.897551661997568e-07],[11.88076926141936,45.40637776364951,4.897551661997568e-07],[11.880800999649693,45.40636112013221,4.897551661997568e-07],[11.880793999378886,45.40633906373671,4.897551661997568e-07],[11.88078292668177,45.40630477851423,4.897551661997568e-07]]],[[[11.879157401546864,45.4067600454517,4.897551661997568e-07],[11.879127640635707,45.406745224257904,4.897551661997568e-07],[11.879087915234184,45.406725433757835,4.897551661997568e-07],[11.878891471064483,45.406744792427816,4.897551661997568e-07],[11.878895804343408,45.406767186215355,4.897551661997568e-07],[11.878833493253902,45.4067706486731,4.897551661997568e-07],[11.878830259080246,45.40675227767828,4.897551661997568e-07],[11.878828877020595,45.406745201576214,4.897551661997568e-07],[11.878790891773868,45.40674958042075,4.897551661997568e-07],[11.87847797776966,45.40679798052199,4.897551661997568e-07],[11.878356101556781,45.4068212179043,4.897551661997568e-07],[11.878319278854365,45.40682835766813,4.897551661997568e-07],[11.878318772979455,45.40682846040521,4.897551661997568e-07],[11.878279483774461,45.406865006483464,4.897551661997568e-07],[11.878235541481782,45.406905540440206,4.897551661997568e-07],[11.87822479971899,45.40691544279371,4.897551661997568e-07],[11.878208324672771,45.40693071044137,4.897551661997568e-07],[11.878203507724875,45.40693650273136,4.897551661997568e-07],[11.878210982629549,45.40693523400573,4.897551661997568e-07],[11.878233894857782,45.406930965533725,4.897551661997568e-07],[11.878248830875028,45.40692815844069,4.897551661997568e-07],[11.878294792188326,45.40691979803381,4.897551661997568e-07],[11.878324541206638,45.40691427690893,4.897551661997568e-07],[11.878331633152934,45.406913017893466,4.897551661997568e-07],[11.878525573957452,45.406879591317846,4.897551661997568e-07],[11.878698456826701,45.40684669574932,4.897551661997568e-07],[11.878766167811921,45.406833825870144,4.897551661997568e-07],[11.878870711948103,45.40682407720849,4.897551661997568e-07],[11.878926673649318,45.40681888469255,4.897551661997568e-07],[11.879091377195179,45.40680356732626,4.897551661997568e-07],[11.879112145678855,45.40678981141345,4.897551661997568e-07],[11.879157401546864,45.4067600454517,4.897551661997568e-07]]],[[[11.878203507724875,45.40693650273136,4.897551661997568e-07],[11.878193397791478,45.40693369730795,4.897551661997568e-07],[11.878146740941233,45.406920832278495,4.897551661997568e-07],[11.878111228630175,45.40691101654974,4.897551661997568e-07],[11.878090030301909,45.406916321936656,4.897551661997568e-07],[11.877999443947582,45.40693921972948,4.897551661997568e-07],[11.877993850076853,45.40692972949223,4.897551661997568e-07],[11.87752885709008,45.40704578170664,4.897551661997568e-07],[11.877535216646363,45.40705525265667,4.897551661997568e-07],[11.877406745008397,45.40708702650555,4.897551661997568e-07],[11.877410889265303,45.40709565322379,4.897551661997568e-07],[11.877413761545132,45.407101881691645,4.897551661997568e-07],[11.87743464223808,45.40714564126369,4.897551661997568e-07],[11.877361862404593,45.40716187863066,4.897551661997568e-07],[11.877242624785355,45.407191799235015,4.897551661997568e-07],[11.877159247889521,45.4072107340205,4.897551661997568e-07],[11.8770502937289,45.40728963200574,4.897551661997568e-07],[11.87713830573303,45.40726634983038,4.897551661997568e-07],[11.877191518548385,45.407252316244474,4.897551661997568e-07],[11.877209549434193,45.407247540948084,4.897551661997568e-07],[11.877209927744032,45.40724744143266,4.897551661997568e-07],[11.877390728226766,45.40720183642804,4.897551661997568e-07],[11.877515753700985,45.40716510878553,4.897551661997568e-07],[11.877517517583325,45.40716461425019,4.897551661997568e-07],[11.877714779349025,45.40710599184832,4.897551661997568e-07],[11.877811299731999,45.407076643715826,4.897551661997568e-07],[11.87781672909442,45.40708289765579,4.897551661997568e-07],[11.877863651433245,45.40706830231661,4.897551661997568e-07],[11.877859133744808,45.407062385403265,4.897551661997568e-07],[11.877982035360965,45.40703165169898,4.897551661997568e-07],[11.87810493675369,45.40700091781006,4.897551661997568e-07],[11.878125217877301,45.40698762442275,4.897551661997568e-07],[11.878197573758731,45.40694043295625,4.897551661997568e-07],[11.878203507724875,45.40693650273136,4.897551661997568e-07]]]]}},{"type":"Feature","id":"TP_STR:500","properties":{"OBJECTID":500,"TP_STR_SCO":13002.0,"TP_STR_SNO":"VIA BUSONERA FLAVIO","Shape_Leng":149.4096823,"Shape_Area":845.845553524},"geometry":{"type":"Polygon","coordinates":[[[11.875748812277712,45.409119182099474,15.999999504656444],[11.875754950581854,45.40875195616614,15.999999504656444],[11.875785684624013,45.40873812976248,15.999999504656444],[11.875816040328706,45.40872440286197,15.999999504656444],[11.87581677413605,45.40872375424829,15.999999504656444],[11.875752981360806,45.40870060863423,15.999999504656444],[11.875652599605392,45.4086640730962,15.999999504656444],[11.875588776859209,45.40866046084865,15.999999504656444],[11.875569040219577,45.40865933805213,15.999999504656444],[11.875568516631965,45.408666642227125,15.999999504656444],[11.875566008067056,45.408700280139776,15.999999504656444],[11.875559775359944,45.4087838788477,15.999999504656444],[11.875556602119755,45.40882707486488,14.999999503725121],[11.875557492947795,45.40884964556248,14.999999503725121],[11.875551996942598,45.4090181975545,15.999999504656444],[11.87557404172048,45.409089922062535,15.999999504656444],[11.875598981862458,45.409170844907464,15.999999504656444],[11.875604480546162,45.4091885287989,15.999999504656444],[11.875620087556664,45.40923917260848,15.999999504656444],[11.875711475206346,45.40915396784912,15.999999504656444],[11.875748812277712,45.409119182099474,15.999999504656444]]]}},{"type":"Feature","id":"TP_STR:476","properties":{"OBJECTID":476,"TP_STR_SCO":11505.0,"TP_STR_SNO":"VIA BREDA VINCENZO STEFANO","Shape_Leng":215.684053439,"Shape_Area":766.411940487},"geometry":{"type":"Polygon","coordinates":[[[11.875695469971141,45.408476576613666,4.897551661997568e-07],[11.875693752436977,45.40843521414229,4.897551661997568e-07],[11.875657967389198,45.40844016660877,4.897551661997568e-07],[11.875656693927395,45.40842012591412,4.897551661997568e-07],[11.875655424949414,45.408400175082285,4.897551661997568e-07],[11.875654699220656,45.40838840170041,4.897551661997568e-07],[11.875696336536306,45.40838042136184,4.897551661997568e-07],[11.875661386025095,45.40823575190918,4.897551661997568e-07],[11.8756256639141,45.408126206806664,4.897551661997568e-07],[11.875617541624445,45.40812731161127,4.897551661997568e-07],[11.875616492960697,45.40812427759447,4.897551661997568e-07],[11.875598015292226,45.408080007024,4.897551661997568e-07],[11.87559040346698,45.40808109901944,4.897551661997568e-07],[11.875586087015595,45.40808165785481,4.897551661997568e-07],[11.875522657783392,45.40792978497251,4.897551661997568e-07],[11.875495458714806,45.4078622408635,4.897551661997568e-07],[11.875494742802893,45.407858208322324,4.897551661997568e-07],[11.875474360690104,45.4078217268145,4.897551661997568e-07],[11.87544272776784,45.40776500598943,4.897551661997568e-07],[11.875429815645292,45.407827800074394,4.897551661997568e-07],[11.875423755890774,45.407856936869024,4.897551661997568e-07],[11.875435583540435,45.40790614573215,4.897551661997568e-07],[11.875424849410349,45.40790614619656,4.897551661997568e-07],[11.875428351756675,45.40792730087254,4.897551661997568e-07],[11.875442680905307,45.407965375116916,4.897551661997568e-07],[11.875444618510508,45.407970817060125,4.897551661997568e-07],[11.875463228694256,45.40802021507038,4.897551661997568e-07],[11.87546633339664,45.40802850797993,4.897551661997568e-07],[11.875487022047164,45.408078573643635,4.897551661997568e-07],[11.875490240798376,45.40808659369319,4.897551661997568e-07],[11.875505098566707,45.40812249432306,4.897551661997568e-07],[11.87550829897718,45.40813015475814,4.897551661997568e-07],[11.87552062752949,45.4081716098976,4.897551661997568e-07],[11.875522346448118,45.40817777744522,4.897551661997568e-07],[11.875546087172998,45.40825774034368,4.897551661997568e-07],[11.875547929188556,45.40826381481273,4.897551661997568e-07],[11.875558613880639,45.408323223823395,4.897551661997568e-07],[11.875559120046214,45.40832564145135,4.897551661997568e-07],[11.875568099343838,45.40837663231313,4.897551661997568e-07],[11.87556900228079,45.4083818302868,4.897551661997568e-07],[11.875570380724476,45.408403938587284,4.897551661997568e-07],[11.875571886828052,45.408426043728,4.897551661997568e-07],[11.875572808683396,45.40843916232344,4.897551661997568e-07],[11.875567304868964,45.40856981926178,4.897551661997568e-07],[11.875566067126723,45.40859325373204,4.897551661997568e-07],[11.875565844239205,45.40859893013037,4.897551661997568e-07],[11.87557448235928,45.40860546338537,4.897551661997568e-07],[11.875652599605392,45.4086640730962,4.897551661997568e-07],[11.875669114652178,45.40862441139934,4.897551661997568e-07],[11.875675371553177,45.40860922163924,4.897551661997568e-07],[11.875685269539796,45.40858520882885,4.897551661997568e-07],[11.875694685197695,45.4085189923453,4.897551661997568e-07],[11.875695469971141,45.408476576613666,4.897551661997568e-07]]]}},{"type":"Feature","id":"TP_STR:602","properties":{"OBJECTID":602,"TP_STR_SCO":18403.0,"TP_STR_SNO":"VIA CAVOUR","Shape_Leng":238.594645578,"Shape_Area":1287.64732722},"geometry":{"type":"Polygon","coordinates":[[[11.877836477719077,45.408906954325595,15.999999504656444],[11.87780736257384,45.40888725579339,15.999999504656444],[11.877672104753492,45.408481379997596,15.999999504656444],[11.8776575225797,45.408400646479215,16.999999505587766],[11.87765429650967,45.40837237387726,16.999999505587766],[11.877639662842208,45.40828057007649,16.999999505587766],[11.8776374166615,45.40825146263267,16.999999505587766],[11.877626355313414,45.40811177209854,16.999999505587766],[11.877588172606933,45.40815000025855,16.999999505587766],[11.877443467294524,45.408294879256175,16.999999505587766],[11.877459963277635,45.40837304423731,16.999999505587766],[11.877460277901319,45.40837420644959,16.999999505587766],[11.87748851760344,45.40850743298051,16.999999505587766],[11.87749427449971,45.408507557841496,16.999999505587766],[11.877545370131644,45.40865298976428,15.999999504656444],[11.877537876707834,45.40865389883694,15.999999504656444],[11.87760898511832,45.408818448699996,15.999999504656444],[11.877620675028346,45.408842277253115,15.999999504656444],[11.877744136116002,45.40898840436923,15.999999504656444],[11.877854541392704,45.40911901838886,15.999999504656444],[11.877843471264455,45.40898922942832,15.999999504656444],[11.87784308322249,45.40898410851994,15.999999504656444],[11.877838385891579,45.408929409312414,15.999999504656444],[11.877836477719077,45.408906954325595,15.999999504656444]]]}},{"type":"Feature","id":"TP_STR:724","properties":{"OBJECTID":724,"TP_STR_SCO":24503.0,"TP_STR_SNO":"VIA DA CARRARA (DEI)","Shape_Leng":131.397538634,"Shape_Area":359.561785967},"geometry":{"type":"Polygon","coordinates":[[[11.872085634945762,45.40865463023781,14.999999503725121],[11.872119710734308,45.40863360967859,14.999999503725121],[11.872108720015977,45.408590770284796,14.999999503725121],[11.872117931909514,45.408588468156736,15.999999504656444],[11.872113186344821,45.408567974735696,15.999999504656444],[11.872067468223289,45.40837208802121,15.999999504656444],[11.872058265450246,45.40837204962244,15.999999504656444],[11.872050050904917,45.40833859166374,15.999999504656444],[11.872048769965971,45.40833349321024,15.999999504656444],[11.872041526500277,45.40830406139053,15.999999504656444],[11.872031215074518,45.40826201501704,14.999999503725121],[11.872068860003623,45.408255936760874,15.999999504656444],[11.872055407899953,45.40820739855834,15.999999504656444],[11.87200412412581,45.40816629345756,15.999999504656444],[11.871946449878468,45.40812012851036,14.999999503725121],[11.871931140765378,45.408183612647484,14.999999503725121],[11.871958053783919,45.408278348565304,14.999999503725121],[11.871984966981483,45.40837308447106,14.999999503725121],[11.872027442897199,45.40852269638289,14.999999503725121],[11.872054512327908,45.40865829400884,14.999999503725121],[11.872085634945762,45.40865463023781,14.999999503725121]]]}},{"type":"Feature","id":"TP_STR:741","properties":{"OBJECTID":741,"TP_STR_SCO":25256.0,"TP_STR_SNO":"VIA DANTE","Shape_Leng":996.506656648,"Shape_Area":5295.86347319},"geometry":{"type":"MultiPolygon","coordinates":[[[[11.873287592995041,45.40923312397789,4.897551661997568e-07],[11.873358085448933,45.40915411806417,4.897551661997568e-07],[11.873374885768065,45.40913515236702,4.897551661997568e-07],[11.873283162328528,45.40875049821734,4.897551661997568e-07],[11.873280736904121,45.40874047785416,4.897551661997568e-07],[11.873234554214465,45.40874200088365,4.897551661997568e-07],[11.873216422844463,45.40865919583135,4.897551661997568e-07],[11.873205791119256,45.408610856731805,4.897551661997568e-07],[11.873196645678446,45.40856914118084,4.897551661997568e-07],[11.87318323568448,45.408566778488556,4.897551661997568e-07],[11.873150617655162,45.408561118927075,4.897551661997568e-07],[11.873174601897773,45.40855025353653,4.897551661997568e-07],[11.873191594142748,45.40854262465206,4.897551661997568e-07],[11.873197341752846,45.40854004959471,4.897551661997568e-07],[11.873188549216225,45.40854054104243,4.897551661997568e-07],[11.873177213169349,45.40853875618659,4.897551661997568e-07],[11.873169058667836,45.40853671126407,4.897551661997568e-07],[11.873157389669654,45.40853088420756,4.897551661997568e-07],[11.873130808209805,45.408457833272976,4.897551661997568e-07],[11.873113872841982,45.40841118311481,4.897551661997568e-07],[11.87315025062852,45.40840531641782,4.897551661997568e-07],[11.873118973690364,45.40831528133676,4.897551661997568e-07],[11.873040961720372,45.40808996396646,4.897551661997568e-07],[11.873013542740388,45.40803565666561,4.897551661997568e-07],[11.872993649785782,45.40799619198585,4.897551661997568e-07],[11.873042674874752,45.40796507337073,4.897551661997568e-07],[11.873044780567474,45.407963760169906,4.897551661997568e-07],[11.873263802005075,45.40782511648194,4.897551661997568e-07],[11.873470935353508,45.407693972759084,4.897551661997568e-07],[11.872996607606332,45.407767395539494,4.897551661997568e-07],[11.87284990826605,45.40779008190916,4.897551661997568e-07],[11.87283241008388,45.40779277279478,4.897551661997568e-07],[11.872884945040125,45.40799955910153,4.897551661997568e-07],[11.87289706674856,45.408047050591435,4.897551661997568e-07],[11.872946397280687,45.40823852539942,4.897551661997568e-07],[11.873010142448056,45.40846978286611,4.897551661997568e-07],[11.873038621263746,45.40846690549871,4.897551661997568e-07],[11.873115529516934,45.40845893809133,4.897551661997568e-07],[11.873084658720774,45.40848518895208,4.897551661997568e-07],[11.873062730580333,45.40850383367412,4.897551661997568e-07],[11.873080350557847,45.408571529469555,4.897551661997568e-07],[11.873103682851374,45.408661134545255,4.897551661997568e-07],[11.873123500311626,45.40873687622218,4.897551661997568e-07],[11.873134915688716,45.408780514894524,4.897551661997568e-07],[11.873125124916651,45.40878148152534,4.897551661997568e-07],[11.873135567660034,45.40878328888015,4.897551661997568e-07],[11.873159288228946,45.40878737222528,4.897551661997568e-07],[11.873216784754753,45.40879726596873,4.897551661997568e-07],[11.873122177428392,45.40881657062531,4.897551661997568e-07],[11.873179108934695,45.40903188731144,4.897551661997568e-07],[11.87317966518889,45.40903529376812,4.897551661997568e-07],[11.873194201104369,45.4091353817686,4.897551661997568e-07],[11.873217818006895,45.4091600805845,4.897551661997568e-07],[11.873287592995041,45.40923312397789,4.897551661997568e-07]]],[[[11.873569478041748,45.40966573653727,4.897551661997568e-07],[11.873564713491502,45.40964236327968,4.897551661997568e-07],[11.873457555961842,45.40965613343263,4.897551661997568e-07],[11.873461367707696,45.40967836054308,4.897551661997568e-07],[11.873569478041748,45.40966573653727,4.897551661997568e-07]]],[[[11.873287592995041,45.40923312397789,4.897551661997568e-07],[11.873231127743429,45.409354352581836,4.897551661997568e-07],[11.873215458430035,45.40938805180184,4.897551661997568e-07],[11.873225297914496,45.409549196509225,4.897551661997568e-07],[11.87322536178825,45.40955045508064,4.897551661997568e-07],[11.873227531489041,45.40955040044473,4.897551661997568e-07],[11.873229350671467,45.409561066135055,4.897551661997568e-07],[11.873273987674825,45.40982115848221,4.897551661997568e-07],[11.873315427116216,45.41002579366976,4.897551661997568e-07],[11.873333836565253,45.41009391964116,4.897551661997568e-07],[11.873372869602798,45.41011516976297,4.897551661997568e-07],[11.87342807117432,45.41014528400899,4.897551661997568e-07],[11.873428896287194,45.410146433434015,4.897551661997568e-07],[11.873360586552865,45.410233215478314,4.897551661997568e-07],[11.873386084811244,45.41031511487791,4.897551661997568e-07],[11.873428091367398,45.41045033604424,4.897551661997568e-07],[11.873423382687443,45.41045072466582,4.897551661997568e-07],[11.873424759525141,45.41045519056879,4.897551661997568e-07],[11.873437967227975,45.41050391481663,4.897551661997568e-07],[11.873294141220754,45.410512847481364,4.897551661997568e-07],[11.87329845914984,45.41053749217403,4.897551661997568e-07],[11.873444710195416,45.4105284984336,4.897551661997568e-07],[11.873473290212848,45.41052507832445,4.897551661997568e-07],[11.873521248394058,45.41071208680511,4.897551661997568e-07],[11.873508540002419,45.41071348696408,4.897551661997568e-07],[11.873547461076024,45.410931417264386,4.897551661997568e-07],[11.873542606526781,45.410931449546034,4.897551661997568e-07],[11.87356332375317,45.411012299100385,4.897551661997568e-07],[11.873582313105189,45.41108680129192,4.897551661997568e-07],[11.873594892096357,45.411135721360424,4.897551661997568e-07],[11.873647923268157,45.41113312560274,4.897551661997568e-07],[11.873713227902414,45.41117594707432,4.897551661997568e-07],[11.873781439916364,45.41112499228863,4.897551661997568e-07],[11.87379535579218,45.41111465039688,4.897551661997568e-07],[11.873786688279013,45.41107733346969,4.897551661997568e-07],[11.87373714578082,45.410866691757334,4.897551661997568e-07],[11.873636110170539,45.410510176361385,4.897551661997568e-07],[11.87367239807569,45.41050503185733,4.897551661997568e-07],[11.873763753746601,45.41049210954269,4.897551661997568e-07],[11.873851905106914,45.41048151812032,4.897551661997568e-07],[11.873838897654023,45.41043422912318,4.897551661997568e-07],[11.873750673462158,45.41044590248278,4.897551661997568e-07],[11.87365931329737,45.41045873486677,4.897551661997568e-07],[11.873622874944662,45.410463433103864,4.897551661997568e-07],[11.873561537121489,45.41025452854904,4.897551661997568e-07],[11.87354809250248,45.4102086907159,4.897551661997568e-07],[11.873547932903044,45.410208064674194,4.897551661997568e-07],[11.873517332621063,45.41010370065417,4.897551661997568e-07],[11.873513526548741,45.41010424655755,4.897551661997568e-07],[11.873492417379271,45.41001566576722,4.897551661997568e-07],[11.873462171609685,45.409888069538155,4.897551661997568e-07],[11.873459238862525,45.40985294850935,4.897551661997568e-07],[11.873431527903197,45.409729969135064,4.897551661997568e-07],[11.873406216576464,45.409734837083924,4.897551661997568e-07],[11.87339336464821,45.40968808419993,4.897551661997568e-07],[11.87338696382819,45.40966520219266,4.897551661997568e-07],[11.873410579645869,45.40966217709591,4.897551661997568e-07],[11.873395874076703,45.40955372225305,4.897551661997568e-07],[11.873392872685006,45.40951221207463,4.897551661997568e-07],[11.873388142603119,45.4094467120361,4.897551661997568e-07],[11.873415368442311,45.40944431618014,4.897551661997568e-07],[11.873409845086586,45.4093757756739,4.897551661997568e-07],[11.873411385230066,45.40936583551649,4.897551661997568e-07],[11.87341429752111,45.40935775104534,4.897551661997568e-07],[11.873420541609876,45.40934733240993,4.897551661997568e-07],[11.873426690234124,45.40934006654157,4.897551661997568e-07],[11.87344267506746,45.40932769231333,4.897551661997568e-07],[11.873452616120982,45.4093221312607,4.897551661997568e-07],[11.873467589431666,45.40931752359088,4.897551661997568e-07],[11.873406850599029,45.409289078969984,4.897551661997568e-07],[11.873387081376924,45.40927976547574,4.897551661997568e-07],[11.873287592995041,45.40923312397789,4.897551661997568e-07]]]]}},{"type":"Feature","id":"TP_STR:793","properties":{"OBJECTID":793,"TP_STR_SCO":27753.0,"TP_STR_SNO":"VIA DIETRO DUOMO","Shape_Leng":575.405588553,"Shape_Area":2277.54092208},"geometry":{"type":"Polygon","coordinates":[[[11.871097807037266,45.4069206451855,4.897551661997568e-07],[11.87113031812101,45.406800740511116,4.897551661997568e-07],[11.871291692737675,45.4068205330748,4.897551661997568e-07],[11.871324095323232,45.40682448830148,4.897551661997568e-07],[11.871365112409674,45.406829486973386,4.897551661997568e-07],[11.871351990676995,45.40688319463212,4.897551661997568e-07],[11.871335828867828,45.40695003064645,4.897551661997568e-07],[11.871360674468411,45.406953636003934,4.897551661997568e-07],[11.871465457794251,45.406968731589096,4.897551661997568e-07],[11.871496096462423,45.40697318126688,4.897551661997568e-07],[11.871498029079735,45.406973492648966,4.897551661997568e-07],[11.871529841772963,45.40684235384816,4.897551661997568e-07],[11.871538187361935,45.40684061359617,4.897551661997568e-07],[11.871725579112649,45.40686191106646,4.897551661997568e-07],[11.871730610392381,45.40682505931588,4.897551661997568e-07],[11.871731822706652,45.40681620759964,4.897551661997568e-07],[11.871732456128788,45.40681106090296,4.897551661997568e-07],[11.871529667805529,45.40679105102565,4.897551661997568e-07],[11.871524194053062,45.40681414201077,4.897551661997568e-07],[11.87139829400679,45.406800928103,4.897551661997568e-07],[11.871400504466738,45.40679160116202,4.897551661997568e-07],[11.87136242275445,45.40678652863431,4.897551661997568e-07],[11.871370275639572,45.406752396296994,4.897551661997568e-07],[11.871272530288392,45.406740003956074,4.897551661997568e-07],[11.871270966945625,45.40674697425917,4.897551661997568e-07],[11.871161475755594,45.40673478736302,4.897551661997568e-07],[11.871156685415173,45.4067486798531,4.897551661997568e-07],[11.871146603363,45.40676405565493,4.897551661997568e-07],[11.871135181216108,45.406775684635704,4.897551661997568e-07],[11.871120003333987,45.406788848367476,4.897551661997568e-07],[11.871119005153055,45.40678932353658,4.897551661997568e-07],[11.871118503741934,45.40678951616281,4.897551661997568e-07],[11.87110564584828,45.40679551048546,4.897551661997568e-07],[11.871089984743337,45.40679914501551,4.897551661997568e-07],[11.871082555258749,45.40680131223527,4.897551661997568e-07],[11.87107475209904,45.406803668923985,4.897551661997568e-07],[11.871060645214788,45.40680519403349,4.897551661997568e-07],[11.871045695083735,45.40680521013614,4.897551661997568e-07],[11.871027641006767,45.40680449426774,4.897551661997568e-07],[11.871013196861908,45.40680188729803,4.897551661997568e-07],[11.870996719820962,45.406796991126434,4.897551661997568e-07],[11.870981765105894,45.40678935633594,4.897551661997568e-07],[11.870964772957254,45.40677682206302,4.897551661997568e-07],[11.870953154725816,45.406766942975906,4.897551661997568e-07],[11.870944699656,45.40675392385231,4.897551661997568e-07],[11.87094117172354,45.406742310978224,4.897551661997568e-07],[11.870939549069963,45.406727949794906,4.897551661997568e-07],[11.87093758000887,45.4067143174224,4.897551661997568e-07],[11.870937675628143,45.406708644233895,4.897551661997568e-07],[11.870937639180502,45.40670540469553,4.897551661997568e-07],[11.870945638279226,45.40667162872679,4.897551661997568e-07],[11.870894511760914,45.40666634418062,4.897551661997568e-07],[11.870892064130576,45.40667855751619,4.897551661997568e-07],[11.870888281108229,45.406682073164845,4.897551661997568e-07],[11.870883340285305,45.40668291757459,4.897551661997568e-07],[11.870880555383023,45.40668343769686,4.897551661997568e-07],[11.870767759781517,45.40666908324573,4.897551661997568e-07],[11.870763935702923,45.406666749131304,4.897551661997568e-07],[11.870763110726614,45.40666307937993,4.897551661997568e-07],[11.87076296484109,45.406662722974175,4.897551661997568e-07],[11.8707632201195,45.406657675887736,4.897551661997568e-07],[11.870771255696937,45.40660949700168,4.897551661997568e-07],[11.87075081786102,45.4066046104136,4.897551661997568e-07],[11.870742403884575,45.40659996145106,4.897551661997568e-07],[11.870734846843089,45.406594570775475,4.897551661997568e-07],[11.870732157637365,45.40659193806441,4.897551661997568e-07],[11.870728392767846,45.406588252302875,4.897551661997568e-07],[11.87072500168317,45.40658185670948,4.897551661997568e-07],[11.87072331068488,45.40657622841362,4.897551661997568e-07],[11.870722622482681,45.406572735287654,4.897551661997568e-07],[11.870721956985294,45.40656969158497,4.897551661997568e-07],[11.870722823012096,45.406564088989434,4.897551661997568e-07],[11.870725571393562,45.406560329334376,4.897551661997568e-07],[11.870726410099412,45.40655922811959,4.897551661997568e-07],[11.870730156686056,45.40655247287987,4.897551661997568e-07],[11.870738543315543,45.406541460396944,4.897551661997568e-07],[11.870751706608251,45.40653140784804,4.897551661997568e-07],[11.87072824697061,45.406529927772056,4.897551661997568e-07],[11.870706660549063,45.40652507013127,4.897551661997568e-07],[11.870687366792428,45.40651502405035,4.897551661997568e-07],[11.8706752426975,45.406505247695016,4.897551661997568e-07],[11.870666377530618,45.406496739503794,4.897551661997568e-07],[11.870659599946727,45.40648403823112,4.897551661997568e-07],[11.87065541578054,45.40646452075706,4.897551661997568e-07],[11.87065525620281,45.406446252185496,4.897551661997568e-07],[11.870661035709151,45.406431704768316,4.897551661997568e-07],[11.870668943714778,45.40642133439334,4.897551661997568e-07],[11.870678073264354,45.40641237353229,4.897551661997568e-07],[11.870691291232019,45.406403399728084,4.897551661997568e-07],[11.870719240441824,45.406390094802525,4.897551661997568e-07],[11.870722248645693,45.406388938947096,4.897551661997568e-07],[11.870734290662455,45.406384495417534,4.897551661997568e-07],[11.87075010212018,45.406381307205436,4.897551661997568e-07],[11.87076423169926,45.40638023161539,4.897551661997568e-07],[11.870770070372172,45.40637945465453,4.897551661997568e-07],[11.870774254540809,45.40637880929626,4.897551661997568e-07],[11.870769300068742,45.40636426189489,4.897551661997568e-07],[11.870768060319559,45.40635241143538,4.897551661997568e-07],[11.870768949158833,45.40634473801429,4.897551661997568e-07],[11.87077534843325,45.406334855643195,4.897551661997568e-07],[11.870780239034678,45.40633050200329,4.897551661997568e-07],[11.870786597393469,45.406324851254205,4.897551661997568e-07],[11.87079961933371,45.40631957293462,4.897551661997568e-07],[11.870817823664073,45.406315694389384,4.897551661997568e-07],[11.870832085353967,45.40631470550042,4.897551661997568e-07],[11.871020514365874,45.40633381774956,4.897551661997568e-07],[11.871042136616722,45.40624866188236,4.897551661997568e-07],[11.87104965255168,45.40623560091841,4.897551661997568e-07],[11.871059310712853,45.40622194602263,4.897551661997568e-07],[11.871073244109946,45.40620944373123,4.897551661997568e-07],[11.871083157523232,45.40620334349299,4.897551661997568e-07],[11.871088736406055,45.406199962658526,4.897551661997568e-07],[11.871108029960995,45.40619236615145,4.897551661997568e-07],[11.871127460351047,45.40618746662561,4.897551661997568e-07],[11.87113153052587,45.40618709416539,4.897551661997568e-07],[11.871146922554127,45.40618571671815,4.897551661997568e-07],[11.871169921769267,45.406185678070564,4.897551661997568e-07],[11.871183048541832,45.40619002840269,4.897551661997568e-07],[11.87120409699906,45.40619435946259,4.897551661997568e-07],[11.871218035178678,45.40620210983774,4.897551661997568e-07],[11.87123321762917,45.406211719199945,4.897551661997568e-07],[11.871246763892604,45.406226860506706,4.897551661997568e-07],[11.87125819079939,45.40624808594502,4.897551661997568e-07],[11.87125841880019,45.40626014186836,4.897551661997568e-07],[11.871256768991424,45.40627548555815,4.897551661997568e-07],[11.87126396132706,45.40627620467394,4.897551661997568e-07],[11.871271950924713,45.406232167524614,4.897551661997568e-07],[11.871366404639009,45.40624266242578,4.897551661997568e-07],[11.871365515258248,45.40618732707591,4.897551661997568e-07],[11.87138549604451,45.40609501138555,4.897551661997568e-07],[11.871408680813348,45.4059877629964,4.897551661997568e-07],[11.871408999775912,45.40598649478916,4.897551661997568e-07],[11.871424632526496,45.40591427138712,4.897551661997568e-07],[11.87140016944374,45.40583756618106,4.897551661997568e-07],[11.871343592908888,45.40587850546294,4.897551661997568e-07],[11.871304769139904,45.40590666621759,4.897551661997568e-07],[11.871284423979581,45.40603211571749,4.897551661997568e-07],[11.87132994374799,45.40603520077226,4.897551661997568e-07],[11.871231142619054,45.406080082994585,4.897551661997568e-07],[11.871132209202537,45.40612487842631,4.897551661997568e-07],[11.87113120186924,45.406117612734086,4.897551661997568e-07],[11.870957988117395,45.40615662598505,4.897551661997568e-07],[11.870972195236712,45.406197404299,4.897551661997568e-07],[11.870991470865402,45.4062524570334,4.897551661997568e-07],[11.870902081215736,45.40627126854847,4.897551661997568e-07],[11.87090055428467,45.40627139694332,4.897551661997568e-07],[11.870853047119304,45.4062770029168,4.897551661997568e-07],[11.870742818500592,45.406288057388885,4.897551661997568e-07],[11.870677854591118,45.40629464251925,4.897551661997568e-07],[11.870677790781055,45.406293383944266,4.897551661997568e-07],[11.870677731529897,45.40629221528803,4.897551661997568e-07],[11.870667161715051,45.40629293126505,4.897551661997568e-07],[11.87062685602074,45.40629439541275,4.897551661997568e-07],[11.870589453775963,45.40629263596344,4.897551661997568e-07],[11.870589203026084,45.40632801724075,4.897551661997568e-07],[11.87058217453302,45.406375900736656,4.897551661997568e-07],[11.870576955751762,45.40639142418081,4.897551661997568e-07],[11.870582994921499,45.40639208237512,4.897551661997568e-07],[11.870574781514135,45.40642667378196,4.897551661997568e-07],[11.870569375797784,45.40642590967494,4.897551661997568e-07],[11.87055521865682,45.40650205643959,4.897551661997568e-07],[11.870551230398135,45.40652168948461,4.897551661997568e-07],[11.870549790036797,45.4065361277327,4.897551661997568e-07],[11.870543367849244,45.40655564205796,4.897551661997568e-07],[11.870600428645504,45.406562037588515,4.897551661997568e-07],[11.870644038965375,45.406625749472084,4.897551661997568e-07],[11.870640629562462,45.406651758891726,4.897551661997568e-07],[11.87081610173306,45.40683367016119,4.897551661997568e-07],[11.87082573726141,45.406844769294366,4.897551661997568e-07],[11.870925529744511,45.40696053498106,4.897551661997568e-07],[11.871090022570938,45.406996451648794,4.897551661997568e-07],[11.87109316746279,45.40698287060846,4.897551661997568e-07],[11.871093600334147,45.4069636870847,4.897551661997568e-07],[11.871097807037266,45.4069206451855,4.897551661997568e-07]]]}},{"type":"Feature","id":"TP_STR:804","properties":{"OBJECTID":804,"TP_STR_SCO":28501.0,"TP_STR_SNO":"VIA DONDI DALL'OROLOGIO","Shape_Leng":210.62191307,"Shape_Area":792.569771173},"geometry":{"type":"Polygon","coordinates":[[[11.87145828424658,45.4089135436374,4.897551661997568e-07],[11.871370598017574,45.40880224447128,4.897551661997568e-07],[11.871342829352647,45.40875109605193,4.897551661997568e-07],[11.871280467512573,45.40856210876982,4.897551661997568e-07],[11.871274655734858,45.408540741982726,4.897551661997568e-07],[11.871267271302786,45.408513563979206,4.897551661997568e-07],[11.871225649777811,45.40837068129366,4.897551661997568e-07],[11.871172660906977,45.40825058768959,4.897551661997568e-07],[11.871165003162456,45.40823313792018,4.897551661997568e-07],[11.871056242335841,45.40813713088955,4.897551661997568e-07],[11.871048270235361,45.408136161281185,4.897551661997568e-07],[11.871037340007053,45.4081348161106,4.897551661997568e-07],[11.870989247800482,45.408128915230556,4.897551661997568e-07],[11.8710247375637,45.40821893492919,4.897551661997568e-07],[11.871035686055233,45.408218119357414,4.897551661997568e-07],[11.871058887035716,45.408274963594344,4.897551661997568e-07],[11.87109537057792,45.40836441817806,4.897551661997568e-07],[11.871097768253525,45.40837137884108,4.897551661997568e-07],[11.87111848071408,45.40843206616489,4.897551661997568e-07],[11.871118927425012,45.40843331510442,4.897551661997568e-07],[11.87115238925883,45.408531216910745,4.897551661997568e-07],[11.87117480663,45.408600322563586,4.897551661997568e-07],[11.871175864185444,45.4086035364066,4.897551661997568e-07],[11.871195541989755,45.4086564186849,4.897551661997568e-07],[11.871238006574542,45.40877056618001,4.897551661997568e-07],[11.871239488058714,45.408774579482724,4.897551661997568e-07],[11.871259494086791,45.40881377157665,4.897551661997568e-07],[11.871284062310668,45.40880937279811,4.897551661997568e-07],[11.87129723521508,45.40880706103631,4.897551661997568e-07],[11.87139851865686,45.40895213285872,4.897551661997568e-07],[11.871410296901226,45.40895507690987,4.897551661997568e-07],[11.871411459167462,45.40895531770367,4.897551661997568e-07],[11.871461813005856,45.408968002473976,4.897551661997568e-07],[11.87145828424658,45.4089135436374,4.897551661997568e-07]]]}},{"type":"Feature","id":"TP_STR:822","properties":{"OBJECTID":822,"TP_STR_SCO":29458.0,"TP_STR_SNO":"VIA EMANUELE FILIBERTO DI SAVOIA","Shape_Leng":415.238493186,"Shape_Area":3603.33925415},"geometry":{"type":"MultiPolygon","coordinates":[[[[11.876563244892365,45.40924033245035,4.897551661997568e-07],[11.876523588487263,45.40919173525292,4.897551661997568e-07],[11.876509552239737,45.4091745366819,4.897551661997568e-07],[11.876500147597115,45.40916298210283,4.897551661997568e-07],[11.87647180147306,45.409128231775156,4.897551661997568e-07],[11.876193422289791,45.409124717825904,4.897551661997568e-07],[11.87596516887978,45.40912183006863,4.897551661997568e-07],[11.875798550671833,45.40911972871718,4.897551661997568e-07],[11.875777200399137,45.409119546730444,4.897551661997568e-07],[11.875748812277712,45.409119182099474,4.897551661997568e-07],[11.875711475206346,45.40915396784912,4.897551661997568e-07],[11.875620087556664,45.40923917260848,4.897551661997568e-07],[11.875728562936072,45.40929665714436,4.897551661997568e-07],[11.875753251063168,45.409309716774295,4.897551661997568e-07],[11.875809460355033,45.409339534486634,4.897551661997568e-07],[11.87613248326067,45.40934390427329,4.897551661997568e-07],[11.876465096550023,45.40934839150719,4.897551661997568e-07],[11.876513872256988,45.40929477452027,4.897551661997568e-07],[11.876563244892365,45.40924033245035,4.897551661997568e-07]]],[[[11.876563244892365,45.40924033245035,4.897551661997568e-07],[11.87662771461054,45.4093195383452,4.897551661997568e-07],[11.87664666985101,45.4093430038198,4.897551661997568e-07],[11.87691596568346,45.40934629557722,4.897551661997568e-07],[11.877177079618066,45.409349523028006,4.897551661997568e-07],[11.877279888842748,45.409350801061336,4.897551661997568e-07],[11.87728039939058,45.409350788186906,4.897551661997568e-07],[11.877547780773783,45.4093541267851,4.897551661997568e-07],[11.877602000088054,45.40935482965273,4.897551661997568e-07],[11.877641651348513,45.40931782463695,4.897551661997568e-07],[11.877819894633868,45.40915139662388,4.897551661997568e-07],[11.877854541392704,45.40911901838886,4.897551661997568e-07],[11.877717348264927,45.40913517035642,4.897551661997568e-07],[11.877606833419966,45.40914821895819,4.897551661997568e-07],[11.877505310031236,45.409147088801724,4.897551661997568e-07],[11.8774560820948,45.40914652999853,4.897551661997568e-07],[11.877456523472604,45.40914012799236,4.897551661997568e-07],[11.87745845585895,45.40910020372854,4.897551661997568e-07],[11.877460454660476,45.409081700732806,4.897551661997568e-07],[11.877421003805482,45.40907990521375,4.897551661997568e-07],[11.87741803454757,45.40913965842722,4.897551661997568e-07],[11.877417716255202,45.40914596735342,4.897551661997568e-07],[11.877214277366168,45.40914353643379,4.897551661997568e-07],[11.877173358957235,45.40914303801519,4.897551661997568e-07],[11.876885398540773,45.40913958734678,4.897551661997568e-07],[11.876815841340695,45.40913882074092,4.897551661997568e-07],[11.876679534742765,45.40913721667022,4.897551661997568e-07],[11.876651529585716,45.409136842551426,4.897551661997568e-07],[11.876628131029744,45.40916425619738,4.897551661997568e-07],[11.87661679636375,45.40917759380776,4.897551661997568e-07],[11.876603893910133,45.40919277115005,4.897551661997568e-07],[11.876563244892365,45.40924033245035,4.897551661997568e-07]]]]}},{"type":"Feature","id":"TP_STR:840","properties":{"OBJECTID":840,"TP_STR_SCO":30609.0,"TP_STR_SNO":"VIA FABBRI (DEI)","Shape_Leng":167.293291983,"Shape_Area":499.086583363},"geometry":{"type":"Polygon","coordinates":[[[11.875570244799524,45.406622413146465,15.999999504656444],[11.87550423911842,45.40648770753742,16.999999505587766],[11.875478140499894,45.40643426770513,15.999999504656444],[11.875464605706696,45.406406794909714,15.999999504656444],[11.875454314262738,45.40641047472836,16.999999505587766],[11.875450544981351,45.40641173986438,16.999999505587766],[11.875412735010729,45.40633150136035,15.999999504656444],[11.875412283661447,45.40633016257835,15.999999504656444],[11.875382412782544,45.406240182636516,15.999999504656444],[11.875417279904767,45.40622976261387,15.999999504656444],[11.875356573872367,45.40612642775298,15.999999504656444],[11.875353921260167,45.40612703468436,15.999999504656444],[11.875304570519809,45.40604096607533,15.999999504656444],[11.87526521260425,45.406033406707955,15.999999504656444],[11.875225986830209,45.40602593397304,15.999999504656444],[11.875218062225377,45.406046026450106,15.999999504656444],[11.875209800476583,45.40606702752639,15.999999504656444],[11.875258941874536,45.40615904227718,15.999999504656444],[11.87525127112147,45.40616148589143,15.999999504656444],[11.875329998226556,45.40631270341587,15.999999504656444],[11.87533198579836,45.40631661387991,15.999999504656444],[11.875412550542013,45.40647129559188,15.999999504656444],[11.875415819135089,45.40647778410853,15.999999504656444],[11.875453341413484,45.40654983871671,15.999999504656444],[11.87549978510425,45.40663904096293,15.999999504656444],[11.875531756183399,45.40665965819688,15.999999504656444],[11.875577470294447,45.4066892004432,15.999999504656444],[11.875573145986568,45.406649343845565,15.999999504656444],[11.875570244799524,45.406622413146465,15.999999504656444]]]}},{"type":"Feature","id":"TP_STR:883","properties":{"OBJECTID":883,"TP_STR_SCO":32506.0,"TP_STR_SNO":"VIA FIUME","Shape_Leng":232.884223695,"Shape_Area":1139.36988335},"geometry":{"type":"Polygon","coordinates":[[[11.874075480460254,45.407633200238166,16.999999505587766],[11.874064525029508,45.40751555974479,16.999999505587766],[11.874052530824702,45.40748066690835,16.999999505587766],[11.874149741937565,45.40744725395457,16.999999505587766],[11.874209086058888,45.407430636990604,16.999999505587766],[11.87424564516524,45.40742080476835,16.999999505587766],[11.874247914974832,45.407420207563355,16.999999505587766],[11.87432427464588,45.407411533063346,16.999999505587766],[11.874423192166617,45.407409221203395,16.999999505587766],[11.874569462677291,45.407405806332136,16.999999505587766],[11.874715518935039,45.40740320679926,16.999999505587766],[11.874704278016418,45.40739070819554,16.999999505587766],[11.874654063292363,45.40733544543938,16.999999505587766],[11.874603578431342,45.40732771606521,16.999999505587766],[11.874534934349436,45.4073172036966,16.999999505587766],[11.874362779957735,45.40733180206841,16.999999505587766],[11.874241209414532,45.40733594463546,16.999999505587766],[11.8741686106153,45.40735073521271,16.999999505587766],[11.874109057222336,45.407373298309516,16.999999505587766],[11.873995250506093,45.40740451884741,16.999999505587766],[11.873994744538617,45.40740462162517,16.999999505587766],[11.873962921629818,45.40742216553902,16.999999505587766],[11.873895551914181,45.4074594173853,16.999999505587766],[11.873783059249961,45.407521568974936,16.999999505587766],[11.873470935353508,45.407693972759084,16.999999505587766],[11.874018519227842,45.40763886559954,16.999999505587766],[11.874075480460254,45.407633200238166,16.999999505587766]]]}},{"type":"Feature","id":"TP_STR:917","properties":{"OBJECTID":917,"TP_STR_SCO":34056.0,"TP_STR_SNO":"VIA FRIGIMELICA GIROLAMO","Shape_Leng":577.391132167,"Shape_Area":1760.20031093},"geometry":{"type":"Polygon","coordinates":[[[11.870989247800482,45.408128915230556,15.999999504656444],[11.871037340007053,45.4081348161106,15.999999504656444],[11.871048270235361,45.408136161281185,15.999999504656444],[11.871056242335841,45.40813713088955,15.999999504656444],[11.870989844736975,45.408095325515674,14.999999503725121],[11.870949323416896,45.40806988136903,14.999999503725121],[11.870741216218386,45.408093750033764,14.999999503725121],[11.870737852313427,45.40807025138002,14.999999503725121],[11.870730509159761,45.40801867888533,14.999999503725121],[11.870730057929682,45.40801481972187,14.999999503725121],[11.870728371405605,45.407996679604615,14.999999503725121],[11.870672995626022,45.40800338357513,14.999999503725121],[11.870686915985457,45.408068742496965,14.999999503725121],[11.870696811562082,45.40812025077746,14.999999503725121],[11.870607364120394,45.40811025943605,14.999999503725121],[11.870421472605106,45.408123667231315,14.999999503725121],[11.870261653158321,45.408134618610276,14.999999503725121],[11.8700558654435,45.40814879634478,14.999999503725121],[11.869793407150937,45.4081668293806,14.999999503725121],[11.869748706109906,45.40816984389731,14.999999503725121],[11.869721580999958,45.40817169631631,14.999999503725121],[11.869434672880585,45.408191423563096,13.999999502793798],[11.869426606959676,45.408105394362316,14.999999503725121],[11.869423567419114,45.40807315628548,14.999999503725121],[11.869419205929805,45.408045092069074,14.999999503725121],[11.869413682117893,45.40802182770243,14.999999503725121],[11.869408358870515,45.40799495781824,14.999999503725121],[11.869392675493822,45.407952776254014,14.999999503725121],[11.869368861160604,45.40788883612836,14.999999503725121],[11.869396286945136,45.40788535603329,14.999999503725121],[11.869332912088836,45.4076812710337,14.999999503725121],[11.869307977121125,45.4075952159738,14.999999503725121],[11.86927564077598,45.40747910276063,15.999999504656444],[11.869242499385948,45.40748326663903,15.999999504656444],[11.869234181666465,45.40745530184045,15.999999504656444],[11.869213389811662,45.40738543488251,14.999999503725121],[11.86919891699065,45.40725366030649,15.999999504656444],[11.869172977470619,45.407253682516576,15.999999504656444],[11.86916874935341,45.40718789961782,15.999999504656444],[11.869164525888019,45.4071222066348,14.999999503725121],[11.86916227968126,45.407087968322834,14.999999503725121],[11.86916039802029,45.40705840148879,15.999999504656444],[11.869156552707992,45.40699764968309,14.999999503725121],[11.869126789166396,45.40699785801576,15.999999504656444],[11.869109541791973,45.406997931686874,15.999999504656444],[11.869097020988974,45.40699797648137,14.999999503725121],[11.869100730010658,45.40704090924078,15.999999504656444],[11.869104526046426,45.40706790757817,15.999999504656444],[11.86910537302841,45.40709723032997,15.999999504656444],[11.869121490995495,45.40722869351022,15.999999504656444],[11.869175173987685,45.407443283800305,14.999999503725121],[11.869184608044199,45.40748067179705,14.999999503725121],[11.869195505196934,45.40752171356661,14.999999503725121],[11.869218575663458,45.407608805674464,14.999999503725121],[11.869237393975768,45.407680072470285,14.999999503725121],[11.869236755866469,45.40768008851638,14.999999503725121],[11.869299892711265,45.40791478383852,14.999999503725121],[11.869300070399785,45.40791576950761,14.999999503725121],[11.869321318269263,45.40799462630495,14.999999503725121],[11.869325634705845,45.40799406770725,14.999999503725121],[11.869344682900786,45.40799169840025,14.999999503725121],[11.869355074388636,45.408030322541045,14.999999503725121],[11.869374895901748,45.408096163343444,14.999999503725121],[11.869375365351424,45.40809786177,14.999999503725121],[11.86938813937388,45.408201144997676,13.999999502793798],[11.869412592667125,45.40823734520209,13.999999502793798],[11.869413827552986,45.408254146482506,13.999999502793798],[11.869414989458958,45.40827202976896,13.999999502793798],[11.869501538404965,45.408265172570886,13.999999502793798],[11.869773359641076,45.408242764104166,13.999999502793798],[11.86988763520181,45.40823331901579,13.999999502793798],[11.870091504350539,45.40821657950851,14.999999503725121],[11.870096085219775,45.408216194239444,14.999999503725121],[11.870363452707918,45.4081941664364,14.999999503725121],[11.87045342447967,45.408186772357986,14.999999503725121],[11.870455585018842,45.40818653799605,14.999999503725121],[11.870623691118196,45.40817267743898,14.999999503725121],[11.870822851254415,45.40815632513724,14.999999503725121],[11.870888013287308,45.40814100371363,14.999999503725121],[11.870989247800482,45.408128915230556,15.999999504656444]]]}},{"type":"Feature","id":"TP_STR:989","properties":{"OBJECTID":989,"TP_STR_SCO":37804.0,"TP_STR_SNO":"VIA GORIZIA","Shape_Leng":129.220047035,"Shape_Area":335.399095602},"geometry":{"type":"Polygon","coordinates":[[[11.876769987232997,45.407969813573224,16.999999505587766],[11.876813115216674,45.40796854619524,16.999999505587766],[11.8769091938623,45.40796567363434,16.999999505587766],[11.8767732137777,45.40792265562393,16.999999505587766],[11.876750094592909,45.407915317413526,16.999999505587766],[11.876577679098826,45.407927315320094,16.999999505587766],[11.8765716944395,45.40792773624025,16.999999505587766],[11.876507522045799,45.40792980416095,16.999999505587766],[11.876453550480488,45.40793143476238,16.999999505587766],[11.876382103495176,45.40793368600203,16.999999505587766],[11.876206160002727,45.40794667238767,16.999999505587766],[11.876182568636064,45.40795770852308,16.999999505587766],[11.876109907635765,45.40799140454769,15.999999504656444],[11.876129089162118,45.40800424288261,15.999999504656444],[11.876141392096288,45.408012483982375,15.999999504656444],[11.876208759504909,45.408007905460444,15.999999504656444],[11.876320079614663,45.40799816828653,16.999999505587766],[11.876488999386108,45.40798526875949,16.999999505587766],[11.876591221752111,45.40797756099701,16.999999505587766],[11.876648123859999,45.40797324599633,16.999999505587766],[11.876769987232997,45.407969813573224,16.999999505587766]]]}},{"type":"Feature","id":"TP_STR:1006","properties":{"OBJECTID":1006,"TP_STR_SCO":38654.0,"TP_STR_SNO":"VIA GRITTI ANDREA","Shape_Leng":144.712718772,"Shape_Area":390.143862864},"geometry":{"type":"Polygon","coordinates":[[[11.874334987189856,45.40686488685281,16.999999505587766],[11.87432642038066,45.40682702732332,16.999999505587766],[11.874313298955416,45.40676992982886,16.999999505587766],[11.87429794782896,45.40669911660794,16.999999505587766],[11.874323868519205,45.40669369296567,16.999999505587766],[11.874306424452268,45.40660934052752,16.999999505587766],[11.874301327115413,45.40658444545135,16.999999505587766],[11.874297953074219,45.406565807807915,16.999999505587766],[11.874292764261389,45.406536594409076,16.999999505587766],[11.874293402355013,45.40653657833507,16.999999505587766],[11.874274881732946,45.406436050789395,15.999999504656444],[11.874250144600852,45.40634144059405,15.999999504656444],[11.87423918727822,45.406339556327254,15.999999504656444],[11.874184528157118,45.406330131650826,15.999999504656444],[11.874164466125972,45.406360341191814,15.999999504656444],[11.87414891589943,45.40638377610149,15.999999504656444],[11.874169498883598,45.40644941689342,16.999999505587766],[11.874179412319613,45.40644835704929,15.999999504656444],[11.874203593311108,45.40654208110608,16.999999505587766],[11.87420715304331,45.406541721394,16.999999505587766],[11.874211406885577,45.40656258719595,16.999999505587766],[11.874221414377569,45.40660869156375,16.999999505587766],[11.874231882805859,45.40666387562428,16.999999505587766],[11.874284959752973,45.40687622846989,16.999999505587766],[11.874300494504364,45.406895279871065,16.999999505587766],[11.874334002681985,45.406936111579924,16.999999505587766],[11.874334987189856,45.40686488685281,16.999999505587766]]]}},{"type":"Feature","id":"TP_STR:1094","properties":{"OBJECTID":1094,"TP_STR_SCO":42855.0,"TP_STR_SNO":"VIA LIVELLO (DEI)","Shape_Leng":494.563075234,"Shape_Area":1514.05808142},"geometry":{"type":"MultiPolygon","coordinates":[[[[11.869455508204505,45.40884457087129,4.897551661997568e-07],[11.869436205223424,45.40881418198258,4.897551661997568e-07],[11.869436788668057,45.40881056677945,4.897551661997568e-07],[11.869586614762392,45.40877385427299,4.897551661997568e-07],[11.869583843767074,45.40875448123439,4.897551661997568e-07],[11.8695834791797,45.40875233011968,4.897551661997568e-07],[11.86958330148294,45.40875134445133,4.897551661997568e-07],[11.869477798736188,45.408777581012735,4.897551661997568e-07],[11.86935299226647,45.40880871351593,4.897551661997568e-07],[11.86936116921196,45.40882128969627,4.897551661997568e-07],[11.869334540475391,45.408830420520026,4.897551661997568e-07],[11.869339863965335,45.40884720901649,4.897551661997568e-07],[11.86934044293749,45.40884602425287,4.897551661997568e-07],[11.869368562151744,45.40883856623549,4.897551661997568e-07],[11.869372117508199,45.40883811675119,4.897551661997568e-07],[11.86938652971217,45.4088627777943,4.897551661997568e-07],[11.869455508204505,45.40884457087129,4.897551661997568e-07]]],[[[11.869332151949287,45.40924723873965,4.897551661997568e-07],[11.86935469705618,45.40922560881049,4.897551661997568e-07],[11.869411851334158,45.40924640464707,4.897551661997568e-07],[11.869423305886402,45.409250527190146,4.897551661997568e-07],[11.86943233567029,45.40924714968842,4.897551661997568e-07],[11.869503657668993,45.40921970246728,4.897551661997568e-07],[11.869614594706755,45.40917712694135,4.897551661997568e-07],[11.869687448391037,45.40912695796041,4.897551661997568e-07],[11.869696090758096,45.40912097978814,4.897551661997568e-07],[11.869760634556972,45.409090912476955,4.897551661997568e-07],[11.869910957716844,45.40907407982218,4.897551661997568e-07],[11.87009223961628,45.409070510173926,4.897551661997568e-07],[11.870138094519286,45.40907007683395,4.897551661997568e-07],[11.870256638019105,45.409069165212294,4.897551661997568e-07],[11.870295090494935,45.40906891801881,4.897551661997568e-07],[11.870440217125013,45.40907057788571,4.897551661997568e-07],[11.870445586633576,45.40907062287243,4.897551661997568e-07],[11.870585471414888,45.40907223441365,4.897551661997568e-07],[11.870585589890158,45.40908465316536,4.897551661997568e-07],[11.87058661090541,45.40908462747853,4.897551661997568e-07],[11.870700350169301,45.40908221600483,4.897551661997568e-07],[11.870874197419031,45.409027795076426,4.897551661997568e-07],[11.87088360993164,45.40902944849203,4.897551661997568e-07],[11.870994240651001,45.40904889795787,4.897551661997568e-07],[11.871011128528055,45.40905180351638,4.897551661997568e-07],[11.871409955748842,45.40900378228777,4.897551661997568e-07],[11.871461749690322,45.40899698809065,4.897551661997568e-07],[11.87147891102087,45.40899520599697,4.897551661997568e-07],[11.871486992584744,45.40899581274424,4.897551661997568e-07],[11.871483473611715,45.408991940753786,4.897551661997568e-07],[11.871461813005856,45.408968002473976,4.897551661997568e-07],[11.871411459167462,45.40895531770367,4.897551661997568e-07],[11.871410296901226,45.40895507690987,4.897551661997568e-07],[11.87139851865686,45.40895213285872,4.897551661997568e-07],[11.871175640121601,45.40898717557212,4.897551661997568e-07],[11.87104045977679,45.40900020840735,4.897551661997568e-07],[11.871037642621285,45.408974895742645,4.897551661997568e-07],[11.870869438471832,45.4089868690775,4.897551661997568e-07],[11.87071829993416,45.408997692711864,4.897551661997568e-07],[11.870580161153832,45.40900530866149,4.897551661997568e-07],[11.8705771026686,45.409005475582944,4.897551661997568e-07],[11.870473874617126,45.409006002303464,4.897551661997568e-07],[11.870314180287078,45.409006869225585,4.897551661997568e-07],[11.870110326814793,45.409006326292534,4.897551661997568e-07],[11.87010981634847,45.4090063391328,4.897551661997568e-07],[11.869960924847705,45.40900603372151,4.897551661997568e-07],[11.86977164365593,45.40900557375959,4.897551661997568e-07],[11.869696885415927,45.40902068578189,4.897551661997568e-07],[11.869379352779042,45.409195194631685,4.897551661997568e-07],[11.86934325197131,45.4092040235707,4.897551661997568e-07],[11.869325707518035,45.4092083353369,4.897551661997568e-07],[11.869265507657087,45.409223261040985,4.897551661997568e-07],[11.869063580092694,45.40927334492853,4.897551661997568e-07],[11.868912872545225,45.40931034895042,4.897551661997568e-07],[11.868906937625356,45.40931931937624,4.897551661997568e-07],[11.868883557723395,45.409354742093626,4.897551661997568e-07],[11.868949678471832,45.409355779956364,4.897551661997568e-07],[11.86898203684947,45.40935631655319,4.897551661997568e-07],[11.869121887045473,45.40931436472305,4.897551661997568e-07],[11.869256572528325,45.40927389275121,4.897551661997568e-07],[11.869326057556028,45.409253062776735,4.897551661997568e-07],[11.869332151949287,45.40924723873965,4.897551661997568e-07]]]]}},{"type":"Feature","id":"TP_STR:1165","properties":{"OBJECTID":1165,"TP_STR_SCO":45953.0,"TP_STR_SNO":"VIA MANIN DANIELE","Shape_Leng":322.311513192,"Shape_Area":1236.06421193},"geometry":{"type":"Polygon","coordinates":[[[11.873783802889344,45.40703521227207,4.897551661997568e-07],[11.873977109108884,45.40700432983943,4.897551661997568e-07],[11.874055318563414,45.40699182838627,4.897551661997568e-07],[11.874255087630445,45.40695988258761,4.897551661997568e-07],[11.874263935950735,45.40698063259229,4.897551661997568e-07],[11.874340408564715,45.40696664452971,4.897551661997568e-07],[11.874486006318568,45.40693993340688,4.897551661997568e-07],[11.874532040933142,45.40692797219719,4.897551661997568e-07],[11.874676315979505,45.40689031266502,4.897551661997568e-07],[11.874625897020817,45.40684108583932,4.897551661997568e-07],[11.874605330125682,45.40682108114596,4.897551661997568e-07],[11.874334987189856,45.40686488685281,4.897551661997568e-07],[11.874334002681985,45.406936111579924,4.897551661997568e-07],[11.874300494504364,45.406895279871065,4.897551661997568e-07],[11.874284959752973,45.40687622846989,4.897551661997568e-07],[11.874217830906638,45.406888000908616,4.897551661997568e-07],[11.874127775773745,45.4069037712126,4.897551661997568e-07],[11.874000231734524,45.406926156566115,4.897551661997568e-07],[11.873874715846577,45.406948220651024,4.897551661997568e-07],[11.873845577040516,45.406953185159395,4.897551661997568e-07],[11.873842331298059,45.40694462571407,4.897551661997568e-07],[11.873492009225137,45.40700385567763,4.897551661997568e-07],[11.873492934578959,45.40700698279569,4.897551661997568e-07],[11.873379792909548,45.407023604009616,4.897551661997568e-07],[11.873379341680229,45.407022265159085,4.897551661997568e-07],[11.873073116370083,45.407069131820805,4.897551661997568e-07],[11.873074862511999,45.407078359109185,4.897551661997568e-07],[11.872892361947018,45.407098076487515,4.897551661997568e-07],[11.8728681004317,45.407113539413274,4.897551661997568e-07],[11.872808200895703,45.40715195268859,4.897551661997568e-07],[11.872841465368797,45.40716029644288,4.897551661997568e-07],[11.87285039910118,45.407162591870026,4.897551661997568e-07],[11.872867742434861,45.40716692587618,4.897551661997568e-07],[11.873027298537457,45.40715336707779,4.897551661997568e-07],[11.873104519472145,45.407144041647335,4.897551661997568e-07],[11.873204443426939,45.40712883371556,4.897551661997568e-07],[11.873288578380244,45.40711222302798,4.897551661997568e-07],[11.873330962568122,45.40710386472623,4.897551661997568e-07],[11.873621772919384,45.4070604460412,4.897551661997568e-07],[11.873689877563047,45.407050269634475,4.897551661997568e-07],[11.873783802889344,45.40703521227207,4.897551661997568e-07]]]}},{"type":"Feature","id":"TP_STR:1195","properties":{"OBJECTID":1195,"TP_STR_SCO":47401.0,"TP_STR_SNO":"VIA MARSILIO DA PADOVA","Shape_Leng":241.334731463,"Shape_Area":781.850612991},"geometry":{"type":"Polygon","coordinates":[[[11.876169050893076,45.40834564337401,4.897551661997568e-07],[11.876162326816575,45.40819567195264,4.897551661997568e-07],[11.876141392096288,45.408012483982375,4.897551661997568e-07],[11.876129089162118,45.40800424288261,4.897551661997568e-07],[11.876109907635765,45.40799140454769,4.897551661997568e-07],[11.876182568636064,45.40795770852308,4.897551661997568e-07],[11.876206160002727,45.40794667238767,4.897551661997568e-07],[11.876163591252205,45.40784072050009,4.897551661997568e-07],[11.87617689136101,45.40783840496744,4.897551661997568e-07],[11.876174707597572,45.407833149250855,4.897551661997568e-07],[11.876127192888063,45.407720391059755,4.897551661997568e-07],[11.876071790027202,45.4077189971706,4.897551661997568e-07],[11.87600781348768,45.407717369308614,4.897551661997568e-07],[11.876017631574182,45.40781505552194,4.897551661997568e-07],[11.876028146557976,45.407858536595434,4.897551661997568e-07],[11.87602895819428,45.407861936601606,4.897551661997568e-07],[11.876037258110388,45.407907093763,4.897551661997568e-07],[11.876058881205202,45.40790510848265,4.897551661997568e-07],[11.876059863321872,45.40792695678335,4.897551661997568e-07],[11.876030869866087,45.407929757902174,4.897551661997568e-07],[11.876040441024557,45.40796975226628,4.897551661997568e-07],[11.876042752728566,45.40797752512066,4.897551661997568e-07],[11.87604494662321,45.40799304197673,4.897551661997568e-07],[11.876056604466301,45.40807159915734,4.897551661997568e-07],[11.876061700291576,45.40807129064423,4.897551661997568e-07],[11.876061727691988,45.40807183003897,4.897551661997568e-07],[11.876071279272015,45.4081919361014,4.897551661997568e-07],[11.876072106053893,45.40821072787109,4.897551661997568e-07],[11.876083715391765,45.40821034520877,4.897551661997568e-07],[11.876091699920943,45.408339852054986,4.897551661997568e-07],[11.876092950699816,45.40835944326477,4.897551661997568e-07],[11.876094196914995,45.408378944613645,4.897551661997568e-07],[11.876095210521276,45.40839638151764,4.897551661997568e-07],[11.876101934902895,45.40850359695997,4.897551661997568e-07],[11.876102071908933,45.40850629393334,4.897551661997568e-07],[11.876102724958661,45.40851914925733,4.897551661997568e-07],[11.876103841676967,45.40865936064523,4.897551661997568e-07],[11.876118486931318,45.40866088178648,4.897551661997568e-07],[11.876139814490942,45.408663134532276,4.897551661997568e-07],[11.876162933398115,45.40866543221042,4.897551661997568e-07],[11.87617591040004,45.40866681532922,4.897551661997568e-07],[11.876174054479902,45.40851960158074,4.897551661997568e-07],[11.876172068613903,45.4084880572205,4.897551661997568e-07],[11.876168551162152,45.40840875477507,4.897551661997568e-07],[11.876155573921174,45.40840485130137,4.897551661997568e-07],[11.876126246421777,45.40839604925925,4.897551661997568e-07],[11.876156783586772,45.40837583678398,4.897551661997568e-07],[11.876170014802291,45.408367132112915,4.897551661997568e-07],[11.876169050893076,45.40834564337401,4.897551661997568e-07]]]}},{"type":"Feature","id":"TP_STR:1197","properties":{"OBJECTID":1197,"TP_STR_SCO":47553.0,"TP_STR_SNO":"VIA MARTIRI D'UNGHERIA","Shape_Leng":173.260396209,"Shape_Area":516.574643817},"geometry":{"type":"Polygon","coordinates":[[[11.875011094982542,45.409099427364296,15.999999504656444],[11.875012728361526,45.40900325280412,15.999999504656444],[11.875014556710683,45.40889330138412,15.999999504656444],[11.875016385066216,45.40878335001989,15.999999504656444],[11.875017798088907,45.40878349442518,15.999999504656444],[11.875026773079137,45.40878407840972,15.999999504656444],[11.875178207899335,45.40879421448663,15.999999504656444],[11.875152366553984,45.40877605303697,15.999999504656444],[11.875150780222803,45.408775012896555,15.999999504656444],[11.87513860999376,45.40877441940235,15.999999504656444],[11.8751410466231,45.408749424562515,15.999999504656444],[11.875133361651402,45.408749078123705,15.999999504656444],[11.875139173056189,45.408689883411014,15.999999504656444],[11.875145454129049,45.4086902652251,15.999999504656444],[11.875147813315769,45.40866626247356,15.999999504656444],[11.875163999225556,45.40866792486746,15.999999504656444],[11.875162435549985,45.408664813848276,15.999999504656444],[11.875195325233397,45.40864562252256,15.999999504656444],[11.875156936033303,45.408634528155474,15.999999504656444],[11.875015426809561,45.40859335760762,15.999999504656444],[11.874971379348462,45.40861931092963,15.999999504656444],[11.874955745819904,45.40862852610063,15.999999504656444],[11.874947888333807,45.40881604021131,15.999999504656444],[11.874944922750306,45.40889856642725,15.999999504656444],[11.874951463724864,45.40889903173684,15.999999504656444],[11.874949361650275,45.40894823154635,15.999999504656444],[11.874945699288634,45.40909756462213,15.999999504656444],[11.874959679823881,45.40916652202624,15.999999504656444],[11.874972142035347,45.40922822670561,15.999999504656444],[11.87499062959717,45.409167002375256,15.999999504656444],[11.875011094982542,45.409099427364296,15.999999504656444]]]}},{"type":"Feature","id":"TP_STR:1276","properties":{"OBJECTID":1276,"TP_STR_SCO":51251.0,"TP_STR_SNO":"VIA MONTE DI PIETA'","Shape_Leng":271.894511351,"Shape_Area":1786.73467125},"geometry":{"type":"Polygon","coordinates":[[[11.873470935353508,45.407693972759084,16.999999505587766],[11.873344417441874,45.40758050252447,16.999999505587766],[11.873285912870006,45.40752805826039,16.999999505587766],[11.873197547723263,45.40744873201781,16.999999505587766],[11.873180814684062,45.4074337612249,16.999999505587766],[11.87317986879563,45.40737986751048,16.999999505587766],[11.872917610584583,45.407379090093855,16.999999505587766],[11.872871087088361,45.40737891126745,16.999999505587766],[11.872871168186077,45.40735532593554,15.999999504656444],[11.872867742434861,45.40716692587618,15.999999504656444],[11.87285039910118,45.407162591870026,16.999999505587766],[11.872841465368797,45.40716029644288,15.999999504656444],[11.872808200895703,45.40715195268859,15.999999504656444],[11.872790096671388,45.40715276858506,15.999999504656444],[11.872774166534318,45.40715361971678,15.999999504656444],[11.872769634484323,45.40736148285717,15.999999504656444],[11.872761967954256,45.4073614958702,15.999999504656444],[11.872756668658779,45.40740816575276,15.999999504656444],[11.872749710893622,45.40746999955249,15.999999504656444],[11.872769820779528,45.407468413070596,15.999999504656444],[11.87281617153269,45.407719551342694,16.999999505587766],[11.87283241008388,45.40779277279478,16.999999505587766],[11.87284990826605,45.40779008190916,16.999999505587766],[11.872996607606332,45.407767395539494,16.999999505587766],[11.873470935353508,45.407693972759084,16.999999505587766]],[[11.873144863318545,45.40748327333399,16.999999505587766],[11.8731452623116,45.40753898102715,16.999999505587766],[11.872912853793945,45.40753970228009,16.999999505587766],[11.87291258267979,45.40748399130872,16.999999505587766],[11.873144863318545,45.40748327333399,16.999999505587766]]]}},{"type":"Feature","id":"TP_STR:1328","properties":{"OBJECTID":1328,"TP_STR_SCO":53653.0,"TP_STR_SNO":"VIA MUNICIPIO (DEL)","Shape_Leng":127.567643041,"Shape_Area":662.178758328},"geometry":{"type":"Polygon","coordinates":[[[11.876758067617953,45.4069907772592,16.999999505587766],[11.876812102416329,45.40695016942222,16.999999505587766],[11.876818993427944,45.40694495501693,16.999999505587766],[11.87689001880347,45.40689167703419,16.999999505587766],[11.876805616604491,45.406825035475784,16.999999505587766],[11.876790144212132,45.40684243792335,16.999999505587766],[11.876732058965096,45.406853623754216,16.999999505587766],[11.876249120403482,45.40689064208919,16.999999505587766],[11.876222137541225,45.406892762455335,16.999999505587766],[11.876233244606848,45.406932808125646,16.999999505587766],[11.876244483906536,45.406972940437186,16.999999505587766],[11.876327771469644,45.40697237113326,16.999999505587766],[11.876331761991162,45.40699558378635,16.999999505587766],[11.876333253356346,45.407004817504955,16.999999505587766],[11.876394220448082,45.40700256049995,16.999999505587766],[11.876397256940379,45.407012025251575,16.999999505587766],[11.876670750098928,45.406984967626144,16.999999505587766],[11.876683195579014,45.40700607680484,16.999999505587766],[11.876740328294137,45.40699374486766,17.99999950651909],[11.876758067617953,45.4069907772592,16.999999505587766]]]}},{"type":"Feature","id":"TP_STR:1355","properties":{"OBJECTID":1355,"TP_STR_SCO":55101.0,"TP_STR_SNO":"VIA OBERDAN GUGLIELMO","Shape_Leng":230.885208501,"Shape_Area":1302.41109884},"geometry":{"type":"Polygon","coordinates":[[[11.876900685304077,45.4073983589519,17.99999950651909],[11.876890413251498,45.40737224425356,17.99999950651909],[11.876894064124754,45.40737116206484,17.99999950651909],[11.8770502937289,45.40728963200574,16.999999505587766],[11.876936089897029,45.407257676705214,16.999999505587766],[11.8768618107914,45.40723686635867,17.99999950651909],[11.876850757785574,45.40723813517749,17.99999950651909],[11.87677355229851,45.40725781424158,17.99999950651909],[11.876781312657833,45.40728228204477,17.99999950651909],[11.876783893272615,45.40729031809006,17.99999950651909],[11.876774317272046,45.40729298985188,17.99999950651909],[11.876603867333179,45.407341123334426,16.999999505587766],[11.876601892787413,45.40733244188665,16.999999505587766],[11.876249001184037,45.40739390544558,16.999999505587766],[11.876173133644583,45.4073971680333,16.999999505587766],[11.876174292343379,45.40735960357797,16.999999505587766],[11.87607108099589,45.407357884630414,16.999999505587766],[11.876068991152247,45.4073821506588,16.999999505587766],[11.876163793103654,45.40738435168525,16.999999505587766],[11.876163329474407,45.40739786522033,16.999999505587766],[11.876161643586464,45.407450205050246,16.999999505587766],[11.876064690177333,45.407448418328336,16.999999505587766],[11.876018342115298,45.407471819654546,15.999999504656444],[11.875907701834453,45.407527625807376,16.999999505587766],[11.876024372048514,45.40756537076144,16.999999505587766],[11.87607881000667,45.40758299127053,16.999999505587766],[11.876185378851213,45.40756275252056,16.999999505587766],[11.876185884818558,45.40756264979065,16.999999505587766],[11.876408261425329,45.4075229292799,16.999999505587766],[11.876445216985237,45.40751587681839,16.999999505587766],[11.876446739365209,45.40751565843057,16.999999505587766],[11.876482177100772,45.40750891420592,16.999999505587766],[11.876593608796954,45.40748630222186,17.99999950651909],[11.87662983028596,45.40747737790795,17.99999950651909],[11.876631220442338,45.40747707281775,17.99999950651909],[11.876666056331638,45.4074685435011,17.99999950651909],[11.876900685304077,45.4073983589519,17.99999950651909]]]}},{"type":"Feature","id":"TP_STR:1356","properties":{"OBJECTID":1356,"TP_STR_SCO":55154.0,"TP_STR_SNO":"VIA OBIZZI (DEGLI)","Shape_Leng":337.419735879,"Shape_Area":1073.59764703},"geometry":{"type":"MultiPolygon","coordinates":[[[[11.873032661372656,45.405881534217436,4.897551661997568e-07],[11.873080823905491,45.40586618952299,4.897551661997568e-07],[11.873094779876423,45.40586169755023,4.897551661997568e-07],[11.87309272677763,45.40581116219283,4.897551661997568e-07],[11.873095256417075,45.40559155774151,4.897551661997568e-07],[11.873093773005097,45.40531804680967,4.897551661997568e-07],[11.873093398961736,45.405310675211815,4.897551661997568e-07],[11.873083841809729,45.40510217663233,4.897551661997568e-07],[11.87307379129426,45.405087937656695,4.897551661997568e-07],[11.873057537136027,45.40506476363774,4.897551661997568e-07],[11.873019858813647,45.40509280616161,4.897551661997568e-07],[11.873023904387813,45.40516246404927,4.897551661997568e-07],[11.873023936389691,45.40516561372368,4.897551661997568e-07],[11.873023366568848,45.40527778373796,4.897551661997568e-07],[11.873006202836416,45.405420525817824,4.897551661997568e-07],[11.873023714038572,45.40542062498077,4.897551661997568e-07],[11.873016426219616,45.40553890503095,4.897551661997568e-07],[11.87300927050994,45.405657271728266,4.897551661997568e-07],[11.873003029580959,45.405740780561466,4.897551661997568e-07],[11.87299827670202,45.40576547366855,4.897551661997568e-07],[11.872999116814906,45.405802177642656,4.897551661997568e-07],[11.872995038146083,45.405817492482065,4.897551661997568e-07],[11.87299032557621,45.4058253522332,4.897551661997568e-07],[11.872976948682883,45.405836220490656,4.897551661997568e-07],[11.873032661372656,45.405881534217436,4.897551661997568e-07]]],[[[11.873032661372656,45.405881534217436,4.897551661997568e-07],[11.872998656549086,45.40591902559193,4.897551661997568e-07],[11.873007489545788,45.406027628406406,4.897551661997568e-07],[11.873011488713683,45.40607622452115,4.897551661997568e-07],[11.873013299192758,45.406099312176224,4.897551661997568e-07],[11.873024001815903,45.406229650938336,4.897551661997568e-07],[11.873008573341947,45.40623030946195,4.897551661997568e-07],[11.873015226385947,45.40630602257739,4.897551661997568e-07],[11.873018263328994,45.40634069095848,4.897551661997568e-07],[11.873026900019235,45.40643786710924,4.897551661997568e-07],[11.873037597390102,45.40643714770151,4.897551661997568e-07],[11.873037793463814,45.40643849292067,4.897551661997568e-07],[11.873044195088353,45.40649413956852,4.897551661997568e-07],[11.873086269204657,45.40649227001814,4.897551661997568e-07],[11.873115257000418,45.40647677801131,4.897551661997568e-07],[11.873144618451121,45.406461096636484,4.897551661997568e-07],[11.87313994005502,45.40641422786469,4.897551661997568e-07],[11.873121153494395,45.40622783478126,4.897551661997568e-07],[11.873118627483736,45.40620575528328,4.897551661997568e-07],[11.873123700438,45.40620499742531,4.897551661997568e-07],[11.873116423175926,45.406137131158445,4.897551661997568e-07],[11.873107929052633,45.40607298603916,4.897551661997568e-07],[11.873104632681763,45.40604831560157,4.897551661997568e-07],[11.8730956253891,45.40591613388924,4.897551661997568e-07],[11.873032661372656,45.405881534217436,4.897551661997568e-07]]]]}},{"type":"Feature","id":"TP_STR:1384","properties":{"OBJECTID":1384,"TP_STR_SCO":56751.0,"TP_STR_SNO":"VIA OTTO FEBBRAIO","Shape_Leng":493.221460801,"Shape_Area":2734.34036225},"geometry":{"type":"MultiPolygon","coordinates":[[[[11.8770502937289,45.40728963200574,4.897551661997568e-07],[11.877159247889521,45.4072107340205,4.897551661997568e-07],[11.877096877071702,45.407054604715725,4.897551661997568e-07],[11.877164902807438,45.40703785733529,4.897551661997568e-07],[11.877143743361685,45.406986093551005,4.897551661997568e-07],[11.877076223640994,45.40700273818385,4.897551661997568e-07],[11.877026605521547,45.40687878180419,4.897551661997568e-07],[11.87700533382055,45.40683989266909,4.897551661997568e-07],[11.876873557104476,45.40648721546033,4.897551661997568e-07],[11.876807805167434,45.4064506179192,4.897551661997568e-07],[11.876776768420601,45.406433307917304,4.897551661997568e-07],[11.876756692138692,45.40644560576348,4.897551661997568e-07],[11.876676997523198,45.40649424151994,4.897551661997568e-07],[11.876805616604491,45.406825035475784,4.897551661997568e-07],[11.87689001880347,45.40689167703419,4.897551661997568e-07],[11.876818993427944,45.40694495501693,4.897551661997568e-07],[11.876812102334709,45.40695016942427,4.897551661997568e-07],[11.876758067617953,45.4069907772592,4.897551661997568e-07],[11.876784214113508,45.40705267683027,4.897551661997568e-07],[11.876800193851565,45.407090529283444,4.897551661997568e-07],[11.876820833121233,45.407139605818635,4.897551661997568e-07],[11.876844951020427,45.407196785785516,4.897551661997568e-07],[11.8768618107914,45.40723686635867,4.897551661997568e-07],[11.876936089897029,45.407257676705214,4.897551661997568e-07],[11.8770502937289,45.40728963200574,4.897551661997568e-07]]],[[[11.8770502937289,45.40728963200574,4.897551661997568e-07],[11.876894064124754,45.40737116206484,4.897551661997568e-07],[11.876906853560204,45.407368859322716,4.897551661997568e-07],[11.87693205876724,45.40736444326496,4.897551661997568e-07],[11.876957136317172,45.4073600304204,4.897551661997568e-07],[11.876996257720725,45.40744338581298,4.897551661997568e-07],[11.877013167460277,45.40743917890226,4.897551661997568e-07],[11.877030072546452,45.40743488207295,4.897551661997568e-07],[11.876999399334236,45.40737192661094,4.897551661997568e-07],[11.877038938922306,45.40736291850285,4.897551661997568e-07],[11.877098314349986,45.407349449666334,4.897551661997568e-07],[11.877127930135297,45.407411711728315,4.897551661997568e-07],[11.877172568219413,45.40750554942269,4.897551661997568e-07],[11.877287453507039,45.40774703653229,4.897551661997568e-07],[11.877314639688583,45.407804229055735,4.897551661997568e-07],[11.877392536340926,45.40788111572535,4.897551661997568e-07],[11.877423338570754,45.40791139328973,4.897551661997568e-07],[11.877472580348222,45.40796001843833,4.897551661997568e-07],[11.877502853852148,45.40798994923847,4.897551661997568e-07],[11.877560164448296,45.40804647202797,4.897551661997568e-07],[11.877570257195378,45.40805647894489,4.897551661997568e-07],[11.877626355313414,45.40811177209854,4.897551661997568e-07],[11.877589411816277,45.40803358273347,4.897551661997568e-07],[11.877587834321101,45.40803020205315,4.897551661997568e-07],[11.877586826677197,45.408027977148066,4.897551661997568e-07],[11.8775810911986,45.40801570006034,4.897551661997568e-07],[11.877576805561905,45.408006806872166,4.897551661997568e-07],[11.87755115995074,45.407952275930235,4.897551661997568e-07],[11.877535699671776,45.40791963121614,4.897551661997568e-07],[11.87739854611413,45.40763225944114,4.897551661997568e-07],[11.877353638619438,45.40753815858808,4.897551661997568e-07],[11.877262133304473,45.407351889748874,4.897551661997568e-07],[11.877241280974772,45.40735646615791,4.897551661997568e-07],[11.877191518548385,45.407252316244474,4.897551661997568e-07],[11.87713830573303,45.40726634983038,4.897551661997568e-07],[11.8770502937289,45.40728963200574,4.897551661997568e-07]]]]}},{"type":"Feature","id":"TP_STR:1456","properties":{"OBJECTID":1456,"TP_STR_SCO":60501.0,"TP_STR_SNO":"VIA PIAZZE (DELLE)","Shape_Leng":198.500112929,"Shape_Area":476.851227442},"geometry":{"type":"Polygon","coordinates":[[[11.876247212792851,45.406493374628276,16.999999505587766],[11.876215206176168,45.40643684343701,16.999999505587766],[11.876182817179245,45.406385362538956,16.999999505587766],[11.876183546787383,45.40629407142134,16.999999505587766],[11.876192393016016,45.4062870974778,16.999999505587766],[11.876185964845845,45.4062712372461,15.999999504656444],[11.876126498463272,45.40627786697191,15.999999504656444],[11.876100429497994,45.40620489376609,15.999999504656444],[11.876074483608281,45.40613182747541,15.999999504656444],[11.87602337624511,45.40598855542427,15.999999504656444],[11.876005163679613,45.40594697865286,15.999999504656444],[11.875985363897641,45.40589428027034,15.999999504656444],[11.875944959727097,45.40576045976679,15.999999504656444],[11.87592435585945,45.405734695423824,15.999999504656444],[11.875907740002129,45.405757257330386,15.999999504656444],[11.875896857159828,45.40577193364332,15.999999504656444],[11.875924622390437,45.40590850305633,15.999999504656444],[11.875978271409863,45.40608672592565,15.999999504656444],[11.87601277006526,45.406184780210175,16.999999505587766],[11.876041087657878,45.40622655238165,16.999999505587766],[11.87603619262409,45.40622829596489,16.999999505587766],[11.876074521842517,45.406296099495485,15.999999504656444],[11.876182238999467,45.40648718139072,16.999999505587766],[11.876209055473206,45.40650945859147,16.999999505587766],[11.876265095077624,45.40655611270648,16.999999505587766],[11.876247212792851,45.406493374628276,16.999999505587766]]]}},{"type":"Feature","id":"TP_STR:1466","properties":{"OBJECTID":1466,"TP_STR_SCO":60950.0,"TP_STR_SNO":"VIA PIETRO D'ABANO","Shape_Leng":152.400558773,"Shape_Area":379.899135818},"geometry":{"type":"Polygon","coordinates":[[[11.875088968962281,45.40786483312274,15.999999504656444],[11.87506960857936,45.407775488380814,15.999999504656444],[11.875044654831123,45.40785280789759,15.999999504656444],[11.875044308623051,45.407913935154774,15.999999504656444],[11.875043424147353,45.408087771684066,15.999999504656444],[11.875036594742289,45.408303073846156,15.999999504656444],[11.875029934726035,45.408353108602924,15.999999504656444],[11.87502001216652,45.40841690747889,15.999999504656444],[11.875037451490327,45.40841808831411,15.999999504656444],[11.8750474519852,45.40841873643302,15.999999504656444],[11.875048222239608,45.408418807058126,15.999999504656444],[11.875069636246565,45.40842024775557,15.999999504656444],[11.875076304737421,45.408420709787386,15.999999504656444],[11.87508947680931,45.40835295845297,15.999999504656444],[11.875090064288598,45.40834691284998,15.999999504656444],[11.875092259563667,45.40832471443654,15.999999504656444],[11.875113527618316,45.40832579872731,15.999999504656444],[11.875137557057267,45.408144718077686,15.999999504656444],[11.87513798312462,45.40805748516189,15.999999504656444],[11.87513793747094,45.40805658615075,15.999999504656444],[11.875138312571622,45.40801616107562,15.999999504656444],[11.875106903107062,45.408016682487194,15.999999504656444],[11.875106939458338,45.40801488130574,15.999999504656444],[11.875099217432128,45.40794837660259,15.999999504656444],[11.87509898029469,45.407946222236305,15.999999504656444],[11.87509484800425,45.40791266168921,15.999999504656444],[11.875088968962281,45.40786483312274,15.999999504656444]]]}},{"type":"Feature","id":"TP_STR:1541","properties":{"OBJECTID":1541,"TP_STR_SCO":65252.0,"TP_STR_SNO":"VIA PRATI GIOVANNI","Shape_Leng":244.642370922,"Shape_Area":554.650593497},"geometry":{"type":"Polygon","coordinates":[[[11.874748518757494,45.40605983768819,14.999999503725121],[11.874751383930494,45.40603573215487,15.999999504656444],[11.874771214141226,45.405955661391246,15.999999504656444],[11.874781206745693,45.40591589409802,14.999999503725121],[11.874781985792671,45.405911103790984,14.999999503725121],[11.874783229565354,45.40590288131011,14.999999503725121],[11.874809543912408,45.40573659516855,14.999999503725121],[11.874810359469357,45.40573252403622,14.999999503725121],[11.874824565755148,45.40553413839296,14.999999503725121],[11.874830941536274,45.40546088751373,14.999999503725121],[11.87484615106612,45.405460954354666,14.999999503725121],[11.874843442447238,45.405254083641026,14.999999503725121],[11.874822043417684,45.405252912565786,14.999999503725121],[11.874818482022986,45.40516515002157,14.999999503725121],[11.874814925289979,45.40507747733464,14.999999503725121],[11.874792292865093,45.40503691177041,14.999999503725121],[11.874767258643896,45.40506229600828,14.999999503725121],[11.874757168359238,45.40507245160864,14.999999503725121],[11.874767384219561,45.405228366060435,14.999999503725121],[11.874767366194435,45.405230526857,14.999999503725121],[11.874763461882887,45.40538517686128,14.999999503725121],[11.874763352719256,45.40538805999137,14.999999503725121],[11.874752601727778,45.405531180849444,14.999999503725121],[11.874751895478285,45.40553488915125,14.999999503725121],[11.874748660772307,45.405554233374815,14.999999503725121],[11.87474816417997,45.40555703629007,14.999999503725121],[11.874744729935108,45.40565550658077,14.999999503725121],[11.874742443630808,45.405809305682155,14.999999503725121],[11.874741990217052,45.40584316185346,14.999999503725121],[11.874741981234996,45.405845502373744,14.999999503725121],[11.874740041422172,45.40593565388898,14.999999503725121],[11.874708463387261,45.40605112549613,15.999999504656444],[11.874707038309323,45.406073394537735,15.999999504656444],[11.874704529644703,45.40611207310958,15.999999504656444],[11.874748518757494,45.40605983768819,14.999999503725121]]]}},{"type":"Feature","id":"TP_STR:1595","properties":{"OBJECTID":1595,"TP_STR_SCO":68156.0,"TP_STR_SNO":"VIA RISORGIMENTO (DEL)","Shape_Leng":513.678327355,"Shape_Area":2910.90831984},"geometry":{"type":"MultiPolygon","coordinates":[[[[11.876563244892365,45.40924033245035,4.897551661997568e-07],[11.876603893910133,45.40919277115005,4.897551661997568e-07],[11.87661679636375,45.40917759380776,4.897551661997568e-07],[11.876628131029744,45.40916425619738,4.897551661997568e-07],[11.876651529585716,45.409136842551426,4.897551661997568e-07],[11.876652137810822,45.409070848040784,4.897551661997568e-07],[11.876652727285407,45.408999453206576,4.897551661997568e-07],[11.876654227349038,45.40883280211239,4.897551661997568e-07],[11.876656884162356,45.40882724441625,4.897551661997568e-07],[11.87656538693477,45.40876186168585,4.897551661997568e-07],[11.876455294783932,45.408803342510936,4.897551661997568e-07],[11.876466704825637,45.40881412644409,4.897551661997568e-07],[11.876469663334678,45.40881702227261,4.897551661997568e-07],[11.876477987294159,45.40882491353462,4.897551661997568e-07],[11.876475743727308,45.40890400112446,4.897551661997568e-07],[11.87647378643569,45.40897363017586,4.897551661997568e-07],[11.876473583000228,45.40898974754317,4.897551661997568e-07],[11.876473351616246,45.40900028486757,4.897551661997568e-07],[11.876472742089605,45.40905619802901,4.897551661997568e-07],[11.87647180147306,45.409128231775156,4.897551661997568e-07],[11.876500147597115,45.40916298210283,4.897551661997568e-07],[11.876509552239737,45.4091745366819,4.897551661997568e-07],[11.876523588487263,45.40919173525292,4.897551661997568e-07],[11.876563244892365,45.40924033245035,4.897551661997568e-07]]],[[[11.876563244892365,45.40924033245035,4.897551661997568e-07],[11.876513872256988,45.40929477452027,4.897551661997568e-07],[11.876465096550023,45.40934839150719,4.897551661997568e-07],[11.876452481230723,45.40975907672487,4.897551661997568e-07],[11.87647637676729,45.40977413651007,4.897551661997568e-07],[11.876541316982523,45.40981480527186,4.897551661997568e-07],[11.876612254167975,45.40979744468549,4.897551661997568e-07],[11.876618817771801,45.40979583902109,4.897551661997568e-07],[11.876638381004147,45.40979102524208,4.897551661997568e-07],[11.876640058710295,45.40970835139425,4.897551661997568e-07],[11.876641150306506,45.4096443249766,4.897551661997568e-07],[11.87664470365393,45.40945520899396,4.897551661997568e-07],[11.87664666985101,45.4093430038198,4.897551661997568e-07],[11.876627714528917,45.409319538347255,4.897551661997568e-07],[11.876563244892365,45.40924033245035,4.897551661997568e-07]]],[[[11.876541316982523,45.40981480527186,4.897551661997568e-07],[11.876453010826014,45.40985501675886,4.897551661997568e-07],[11.876396934068417,45.409880643762435,4.897551661997568e-07],[11.876348473571827,45.409902748312604,4.897551661997568e-07],[11.87634867618754,45.409967102175905,4.897551661997568e-07],[11.876397207260194,45.4099665088784,4.897551661997568e-07],[11.876452872202647,45.409967985977566,4.897551661997568e-07],[11.876444755235276,45.41028611493464,4.897551661997568e-07],[11.87644244646678,45.410351342175645,4.897551661997568e-07],[11.876443239334879,45.41052288611511,4.897551661997568e-07],[11.87641136440967,45.4105318808019,4.897551661997568e-07],[11.876244077121353,45.4105795739223,4.897551661997568e-07],[11.876247440142228,45.41061558419085,4.897551661997568e-07],[11.87625026940174,45.41064611714369,4.897551661997568e-07],[11.876253691807534,45.41068329606103,4.897551661997568e-07],[11.876262613134287,45.410780914786805,4.897551661997568e-07],[11.876392508320281,45.41067637618641,4.897551661997568e-07],[11.876460274752793,45.410621740463505,4.897551661997568e-07],[11.876588446333944,45.41051850532637,4.897551661997568e-07],[11.876629940936422,45.41048505466829,4.897551661997568e-07],[11.876630069852444,45.41045489725457,4.897551661997568e-07],[11.876630926899658,45.41032840803002,4.897551661997568e-07],[11.87663071453475,45.410218598085855,4.897551661997568e-07],[11.87663065335355,45.41003128347614,4.897551661997568e-07],[11.876634032837751,45.409921743048855,4.897551661997568e-07],[11.876609187653983,45.409893025327925,4.897551661997568e-07],[11.876541316982523,45.40981480527186,4.897551661997568e-07]]]]}},{"type":"Feature","id":"TP_STR:1610","properties":{"OBJECTID":1610,"TP_STR_SCO":68851.0,"TP_STR_SNO":"VIA ROMA","Shape_Leng":811.789158874,"Shape_Area":3895.7668547},"geometry":{"type":"MultiPolygon","coordinates":[[[[11.876139964137629,45.40475685470913,4.897551661997568e-07],[11.876101453327587,45.40468545528895,4.897551661997568e-07],[11.876067339092025,45.40469306614144,4.897551661997568e-07],[11.876004943566334,45.404548908439125,4.897551661997568e-07],[11.876045310947243,45.40454114004575,4.897551661997568e-07],[11.876038777819392,45.404520691834726,4.897551661997568e-07],[11.875990930428971,45.40437112669741,4.897551661997568e-07],[11.875980435478269,45.4043380865597,4.897551661997568e-07],[11.875969812894526,45.40430504963791,4.897551661997568e-07],[11.875950100150426,45.40424901861157,4.897551661997568e-07],[11.875932466293415,45.40419869594329,4.897551661997568e-07],[11.875952114434142,45.4041955903715,4.897551661997568e-07],[11.87594426844694,45.40417193478856,4.897551661997568e-07],[11.875922859513215,45.40410766532978,4.897551661997568e-07],[11.875902860584981,45.404061092776296,4.897551661997568e-07],[11.875844713960074,45.404071019524956,4.897551661997568e-07],[11.875843952897695,45.40407112874047,4.897551661997568e-07],[11.875843196317511,45.40407132781892,4.897551661997568e-07],[11.8758353505882,45.40405019258306,4.897551661997568e-07],[11.875794645101161,45.40394059300761,4.897551661997568e-07],[11.875756788140546,45.40382921139014,4.897551661997568e-07],[11.875755297437582,45.4038250183665,4.897551661997568e-07],[11.875725265616028,45.40365385117158,4.897551661997568e-07],[11.875688262045681,45.403443524139696,4.897551661997568e-07],[11.87566885547604,45.40344383323101,4.897551661997568e-07],[11.875610754276629,45.40344457743149,4.897551661997568e-07],[11.875609988574196,45.40344459672892,4.897551661997568e-07],[11.875542255862767,45.40348716942487,4.897551661997568e-07],[11.875527270991972,45.40349654834254,4.897551661997568e-07],[11.87555215513787,45.403651913082996,4.897551661997568e-07],[11.8755998427122,45.40365746221983,4.897551661997568e-07],[11.875666166937307,45.403665152038776,4.897551661997568e-07],[11.87560410592502,45.403678507750946,4.897551661997568e-07],[11.87557668279679,45.40368450963658,4.897551661997568e-07],[11.875579970740343,45.40370647985167,4.897551661997568e-07],[11.8755868231615,45.4037332209484,4.897551661997568e-07],[11.875600350241054,45.40378571742482,4.897551661997568e-07],[11.875629822978695,45.40387039660702,4.897551661997568e-07],[11.875600562836974,45.40387545465748,4.897551661997568e-07],[11.87561074290957,45.40390733256301,4.897551661997568e-07],[11.875640741304002,45.40390171587599,4.897551661997568e-07],[11.875672443456086,45.40399254972931,4.897551661997568e-07],[11.87568484340519,45.404027882237585,4.897551661997568e-07],[11.875695461197916,45.404060829274435,4.897551661997568e-07],[11.875783429734243,45.40405942229892,4.897551661997568e-07],[11.875737666883158,45.404074167573455,4.897551661997568e-07],[11.875705353472645,45.40408452333565,4.897551661997568e-07],[11.875682975682308,45.404091748245044,4.897551661997568e-07],[11.875739466872188,45.404280701179694,4.897551661997568e-07],[11.875748097227719,45.40430973774918,4.897551661997568e-07],[11.875771105695112,45.40437279677776,4.897551661997568e-07],[11.875853187950748,45.40459764978166,4.897551661997568e-07],[11.875866695921344,45.40463466451556,4.897551661997568e-07],[11.87592264734344,45.40478780592245,4.897551661997568e-07],[11.87570811589227,45.40482831791471,4.897551661997568e-07],[11.87571279015619,45.40485745419045,4.897551661997568e-07],[11.87571759655819,45.40488667716906,4.897551661997568e-07],[11.875745425554236,45.40487607440847,4.897551661997568e-07],[11.875976295663566,45.404822638808966,4.897551661997568e-07],[11.876058582501777,45.40477978898537,4.897551661997568e-07],[11.876076352854595,45.40477493040041,4.897551661997568e-07],[11.876106839039783,45.404766330882445,4.897551661997568e-07],[11.876139964137629,45.40475685470913,4.897551661997568e-07]]],[[[11.876782448759867,45.40614521443723,4.897551661997568e-07],[11.876751327626696,45.40606084718148,4.897551661997568e-07],[11.876745511838307,45.40606207392398,4.897551661997568e-07],[11.87670884901865,45.40606983925606,4.897551661997568e-07],[11.876702438767804,45.40605181831668,4.897551661997568e-07],[11.876696028521296,45.40603379737677,4.897551661997568e-07],[11.876738962415393,45.40602119335386,4.897551661997568e-07],[11.876767794676512,45.406012725335266,4.897551661997568e-07],[11.87673110263465,45.40595955281422,4.897551661997568e-07],[11.876674755188622,45.40597474538755,4.897551661997568e-07],[11.876579085317061,45.40570891983189,4.897551661997568e-07],[11.876590479795373,45.40570683230203,4.897551661997568e-07],[11.876639995415964,45.405698022877985,4.897551661997568e-07],[11.876592222316907,45.4055877016907,4.897551661997568e-07],[11.876560823023144,45.40554060660354,4.897551661997568e-07],[11.876525742657133,45.405554362784734,4.897551661997568e-07],[11.876518728472599,45.4055571499509,4.897551661997568e-07],[11.876478770098199,45.40546985498,4.897551661997568e-07],[11.876478054380085,45.40546834279984,4.897551661997568e-07],[11.876405140649691,45.405310858608104,4.897551661997568e-07],[11.876403426526958,45.40530730134508,4.897551661997568e-07],[11.876380450161186,45.40525747350975,4.897551661997568e-07],[11.876379588613839,45.405255604928904,4.897551661997568e-07],[11.876309341092975,45.40513801910316,4.897551661997568e-07],[11.876388767713223,45.4051143238046,4.897551661997568e-07],[11.876416332556728,45.40510606783373,4.897551661997568e-07],[11.876463158077371,45.405092105627354,4.897551661997568e-07],[11.876459192007017,45.405084464518076,4.897551661997568e-07],[11.876455225937779,45.40507682340861,4.897551661997568e-07],[11.876407147111033,45.405091267316344,4.897551661997568e-07],[11.87638058494355,45.40509913793229,4.897551661997568e-07],[11.876300406312971,45.40512312216734,4.897551661997568e-07],[11.876289784913165,45.40510520741584,4.897551661997568e-07],[11.87625142405683,45.405034254321755,4.897551661997568e-07],[11.8762203083063,45.40503800909253,4.897551661997568e-07],[11.876192879740305,45.40504140086789,4.897551661997568e-07],[11.876146630045326,45.405071730795946,4.897551661997568e-07],[11.876175015842971,45.40511737173868,4.897551661997568e-07],[11.876200744060409,45.40515848905233,4.897551661997568e-07],[11.876204928785576,45.405165404563874,4.897551661997568e-07],[11.87623517411722,45.40520991850328,4.897551661997568e-07],[11.87629652411939,45.40532088773427,4.897551661997568e-07],[11.876345210836,45.4054139936009,4.897551661997568e-07],[11.876397747312435,45.40553508638611,4.897551661997568e-07],[11.876400523712022,45.40554194735934,4.897551661997568e-07],[11.876428333580366,45.40561145609297,4.897551661997568e-07],[11.876436225138784,45.40563096992912,4.897551661997568e-07],[11.876458477618819,45.40568666679232,4.897551661997568e-07],[11.87649135351596,45.40568736821987,4.897551661997568e-07],[11.876524616847542,45.405688149904066,4.897551661997568e-07],[11.876475202666807,45.40570901838225,4.897551661997568e-07],[11.876442177776655,45.40572299276199,4.897551661997568e-07],[11.876494442663605,45.40585633401487,4.897551661997568e-07],[11.87649937866995,45.40585539944972,4.897551661997568e-07],[11.876569303470236,45.40605715509781,4.897551661997568e-07],[11.876576042053772,45.406076607956905,4.897551661997568e-07],[11.87661737168534,45.40619591285345,4.897551661997568e-07],[11.87669400162652,45.406393808806634,4.897551661997568e-07],[11.87676856787033,45.40642532352972,4.897551661997568e-07],[11.876769238017069,45.40642593675267,4.897551661997568e-07],[11.876776768420601,45.406433307917304,4.897551661997568e-07],[11.876799335111478,45.40639457363899,4.897551661997568e-07],[11.876803687074187,45.406387172874936,4.897551661997568e-07],[11.876816273791237,45.4063657925967,4.897551661997568e-07],[11.876739427921498,45.4061561104359,4.897551661997568e-07],[11.876776897401177,45.40614661458125,4.897551661997568e-07],[11.876782448759867,45.40614521443723,4.897551661997568e-07]]]]}},{"type":"Feature","id":"TP_STR:1662","properties":{"OBJECTID":1662,"TP_STR_SCO":71354.0,"TP_STR_SNO":"VIA SAN BARBARIGO GREGORIO","Shape_Leng":980.068330104,"Shape_Area":3249.79554377},"geometry":{"type":"Polygon","coordinates":[[[11.872416142038995,45.40548929920513,4.897551661997568e-07],[11.872437702763808,45.40540549482665,4.897551661997568e-07],[11.872440665317695,45.40540596027412,4.897551661997568e-07],[11.87244535491587,45.40539009004588,4.897551661997568e-07],[11.872455467652399,45.405352660223365,4.897551661997568e-07],[11.87245558154083,45.40535238737105,4.897551661997568e-07],[11.872501278596582,45.40520784687993,4.897551661997568e-07],[11.872501830023042,45.40520612270752,4.897551661997568e-07],[11.872512844217482,45.4051386060333,4.897551661997568e-07],[11.872493951652766,45.40512386951035,4.897551661997568e-07],[11.872467465540703,45.40510302330416,4.897551661997568e-07],[11.872502733531608,45.405090433795195,4.897551661997568e-07],[11.872530093799732,45.40508065374874,4.897551661997568e-07],[11.872527374662155,45.40499431005895,4.897551661997568e-07],[11.872529329474569,45.4048288176859,4.897551661997568e-07],[11.872529379510961,45.404827286202796,4.897551661997568e-07],[11.872530144115814,45.40478946170766,4.897551661997568e-07],[11.872528684072845,45.404738011240646,4.897551661997568e-07],[11.87252313136332,45.40469656518505,4.897551661997568e-07],[11.872521918794858,45.40468777450469,4.897551661997568e-07],[11.872518723163418,45.40466760208886,4.897551661997568e-07],[11.872518545350568,45.40466661642749,4.897551661997568e-07],[11.87249030089339,45.40466903771405,4.897551661997568e-07],[11.872479907672316,45.40462033249807,4.897551661997568e-07],[11.87247440569329,45.4045949974681,4.897551661997568e-07],[11.87250272759677,45.404591584097915,4.897551661997568e-07],[11.872505899799078,45.404591144161486,4.897551661997568e-07],[11.872486436162589,45.40452484481171,4.897551661997568e-07],[11.872629909539274,45.40450422039382,4.897551661997568e-07],[11.872652488659757,45.40450095156701,4.897551661997568e-07],[11.872645651053652,45.40447195966247,4.897551661997568e-07],[11.87262205557237,45.40447534405176,4.897551661997568e-07],[11.87247807175851,45.40449598130996,4.897551661997568e-07],[11.872467113821966,45.40445881194378,4.897551661997568e-07],[11.872417935934346,45.404313059340886,4.897551661997568e-07],[11.872400955652182,45.40421510302111,4.897551661997568e-07],[11.872376489503758,45.40421139836088,4.897551661997568e-07],[11.872337739390986,45.40420571286431,4.897551661997568e-07],[11.87235354535446,45.404192353203015,4.897551661997568e-07],[11.872364816341276,45.404182798153144,4.897551661997568e-07],[11.872360293794896,45.404136465497466,4.897551661997568e-07],[11.8723509706811,45.404040836769774,4.897551661997568e-07],[11.872337476078227,45.40390075678708,4.897551661997568e-07],[11.872328047950209,45.40379297894239,4.897551661997568e-07],[11.87231854682952,45.40368376280021,4.897551661997568e-07],[11.87231269300797,45.40361622064519,4.897551661997568e-07],[11.872310013033603,45.40361628810896,4.897551661997568e-07],[11.872306260530744,45.40355742434583,4.897551661997568e-07],[11.872301023753002,45.403557466138935,4.897551661997568e-07],[11.872295374769447,45.40347632693655,4.897551661997568e-07],[11.872289607169476,45.4033928504242,4.897551661997568e-07],[11.872286374543213,45.403344234970554,4.897551661997568e-07],[11.872283817665066,45.40334420930152,4.897551661997568e-07],[11.87227321879354,45.40325113303389,4.897551661997568e-07],[11.872261282634572,45.40308130959826,4.897551661997568e-07],[11.872261259835907,45.40308086011989,4.897551661997568e-07],[11.872251570679957,45.40290746967352,4.897551661997568e-07],[11.87224465174761,45.402889461280544,4.897551661997568e-07],[11.872221255992514,45.402828751628554,4.897551661997568e-07],[11.872050960311812,45.40284951059784,4.897551661997568e-07],[11.872017940375324,45.40285349216171,4.897551661997568e-07],[11.872046653981702,45.40287797297747,4.897551661997568e-07],[11.872058545241295,45.40289576619031,4.897551661997568e-07],[11.872067193650295,45.40302093607158,4.897551661997568e-07],[11.872059158533496,45.403021228357886,4.897551661997568e-07],[11.872061693347996,45.40305860979,4.897551661997568e-07],[11.872070115880454,45.40305839778528,4.897551661997568e-07],[11.872078468068366,45.40317772432454,4.897551661997568e-07],[11.872071704483165,45.40317789457223,4.897551661997568e-07],[11.872074234760316,45.40321518614157,4.897551661997568e-07],[11.872083290812808,45.40321486815593,4.897551661997568e-07],[11.872089937953731,45.403310654307404,4.897551661997568e-07],[11.872093234218177,45.403358007984124,4.897551661997568e-07],[11.872090144202689,45.403365106763495,4.897551661997568e-07],[11.872078600054401,45.40338438997604,4.897551661997568e-07],[11.872051144932891,45.403402363508135,4.897551661997568e-07],[11.872076107710043,45.40341586714191,4.897551661997568e-07],[11.872195543241443,45.40348064023349,4.897551661997568e-07],[11.872180941744839,45.40353537539836,4.897551661997568e-07],[11.872175472957412,45.40355603597152,4.897551661997568e-07],[11.872191860214715,45.40365490736576,4.897551661997568e-07],[11.872202882293212,45.40372105924886,4.897551661997568e-07],[11.872212582641192,45.403783823877866,4.897551661997568e-07],[11.872219415720945,45.40382784806103,4.897551661997568e-07],[11.872240349249617,45.40382741114367,4.897551661997568e-07],[11.872287013892244,45.40411256655868,4.897551661997568e-07],[11.872167013326509,45.40411729756939,4.897551661997568e-07],[11.872164328767255,45.40411727511168,4.897551661997568e-07],[11.872100766514622,45.40411617471209,4.897551661997568e-07],[11.87192124629887,45.40411637272538,4.897551661997568e-07],[11.87165491468265,45.404105523505876,4.897551661997568e-07],[11.871521386476228,45.404097992485696,4.897551661997568e-07],[11.871356200271114,45.40408855755557,4.897551661997568e-07],[11.871238227778273,45.404080364701535,4.897551661997568e-07],[11.871114740320369,45.40407177041168,4.897551661997568e-07],[11.871114375745929,45.40407718038472,4.897551661997568e-07],[11.871115013813702,45.40407716432916,4.897551661997568e-07],[11.871354518550298,45.40409571090818,4.897551661997568e-07],[11.871355799242712,45.40409576865559,4.897551661997568e-07],[11.871642011857825,45.40411313922141,4.897551661997568e-07],[11.8716538026848,45.404113832614065,4.897551661997568e-07],[11.871920521839202,45.40412476211534,4.897551661997568e-07],[11.87216509465037,45.40412481685975,4.897551661997568e-07],[11.87229779766967,45.40412111636251,4.897551661997568e-07],[11.87229817140723,45.40412092694498,4.897551661997568e-07],[11.872318873096077,45.404136068012875,4.897551661997568e-07],[11.87229013696864,45.40415146345306,4.897551661997568e-07],[11.872271974542961,45.40416119191603,4.897551661997568e-07],[11.872279819350162,45.40419744958902,4.897551661997568e-07],[11.87228282786176,45.40421141579548,4.897551661997568e-07],[11.872283662011656,45.404215265315464,4.897551661997568e-07],[11.872307681305383,45.40421268039837,4.897551661997568e-07],[11.872323452918005,45.40428177315066,4.897551661997568e-07],[11.87235989146351,45.404425776125485,4.897551661997568e-07],[11.872293845058525,45.40443112930591,4.897551661997568e-07],[11.872313997097676,45.404511003247094,4.897551661997568e-07],[11.872380171161126,45.40450564689896,4.897551661997568e-07],[11.872399192850427,45.40458086863322,4.897551661997568e-07],[11.87240643087508,45.404590047772814,4.897551661997568e-07],[11.872435674602832,45.404627476907216,4.897551661997568e-07],[11.872403215044388,45.404660158529325,4.897551661997568e-07],[11.872382427590145,45.4046811147084,4.897551661997568e-07],[11.87239715271782,45.404805141422145,4.897551661997568e-07],[11.872398939998455,45.404827779622714,4.897551661997568e-07],[11.872429960293946,45.404824658359914,4.897551661997568e-07],[11.87243857597677,45.40487358833696,4.897551661997568e-07],[11.872406288623086,45.40487692150855,4.897551661997568e-07],[11.872362050742485,45.4048814556153,4.897551661997568e-07],[11.872367028517385,45.40490653386068,4.897551661997568e-07],[11.872376800397491,45.404905207693886,4.897551661997568e-07],[11.872409219978666,45.40490196123542,4.897551661997568e-07],[11.872442149984051,45.40489870191809,4.897551661997568e-07],[11.872442159148308,45.40490140205795,4.897551661997568e-07],[11.872441002970751,45.40495165820625,4.897551661997568e-07],[11.87242426667326,45.404951719455426,4.897551661997568e-07],[11.872419622018349,45.40509945705894,4.897551661997568e-07],[11.872419244094983,45.40511215835451,4.897551661997568e-07],[11.872414841773372,45.40513117183055,4.897551661997568e-07],[11.872403466397143,45.40516386275689,4.897551661997568e-07],[11.872366110471976,45.40532673580655,4.897551661997568e-07],[11.872318768799756,45.40551443364922,4.897551661997568e-07],[11.872303397102225,45.40558422033614,4.897551661997568e-07],[11.872293489282292,45.40562065479034,4.897551661997568e-07],[11.87229229523937,45.40562482546584,4.897551661997568e-07],[11.872288261831056,45.405635998523294,4.897551661997568e-07],[11.87228304365619,45.40565656275372,4.897551661997568e-07],[11.872287510331848,45.40565645031383,4.897551661997568e-07],[11.872277867500648,45.40571574129609,4.897551661997568e-07],[11.872251216671415,45.40585035091889,4.897551661997568e-07],[11.872257406719854,45.405866577386405,4.897551661997568e-07],[11.87227956875544,45.40592560783031,4.897551661997568e-07],[11.872306928492394,45.405880542914566,4.897551661997568e-07],[11.872314243512717,45.405868567095375,4.897551661997568e-07],[11.872351162851825,45.405724787723706,4.897551661997568e-07],[11.872416142038995,45.40548929920513,4.897551661997568e-07]]]}},{"type":"Feature","id":"TP_STR:1668","properties":{"OBJECTID":1668,"TP_STR_SCO":71859.0,"TP_STR_SNO":"VIA SAN CANZIANO","Shape_Leng":220.499430812,"Shape_Area":969.164488702},"geometry":{"type":"Polygon","coordinates":[[[11.876282677619962,45.40658276327526,4.897551661997568e-07],[11.87665206003061,45.40648379870858,4.897551661997568e-07],[11.876676997523198,45.40649424151994,4.897551661997568e-07],[11.876756692138692,45.40644560576348,4.897551661997568e-07],[11.876776768420601,45.406433307917304,4.897551661997568e-07],[11.876769238017069,45.40642593675267,4.897551661997568e-07],[11.87676856787033,45.40642532352972,4.897551661997568e-07],[11.87669400162652,45.406393808806634,4.897551661997568e-07],[11.876653660447356,45.40640211691053,4.897551661997568e-07],[11.87648317976956,45.4064370191281,4.897551661997568e-07],[11.876399457130127,45.40645416180973,4.897551661997568e-07],[11.876247212792851,45.406493374628276,4.897551661997568e-07],[11.876265095077624,45.40655611270648,4.897551661997568e-07],[11.876209055473206,45.40650945859147,4.897551661997568e-07],[11.876182238999467,45.40648718139072,4.897551661997568e-07],[11.875998029971333,45.40652854977008,4.897551661997568e-07],[11.875999183357239,45.40653113103478,4.897551661997568e-07],[11.87590701953549,45.406553166822256,4.897551661997568e-07],[11.875906294685818,45.406551474859576,4.897551661997568e-07],[11.875831222533234,45.4065678590035,4.897551661997568e-07],[11.875830210702128,45.406568064572745,4.897551661997568e-07],[11.875699514618612,45.40659629203238,4.897551661997568e-07],[11.8756985116431,45.40659415702594,4.897551661997568e-07],[11.875608662899461,45.40661397388295,4.897551661997568e-07],[11.875570244799524,45.406622413146465,4.897551661997568e-07],[11.875573145986568,45.406649343845565,4.897551661997568e-07],[11.875577470294447,45.4066892004432,4.897551661997568e-07],[11.87582227481359,45.40666340788725,4.897551661997568e-07],[11.875885191982048,45.406656781378146,4.897551661997568e-07],[11.876023610513478,45.40664222098092,4.897551661997568e-07],[11.876084622480459,45.40663582239324,4.897551661997568e-07],[11.876156107224377,45.40661673810708,4.897551661997568e-07],[11.876282677619962,45.40658276327526,4.897551661997568e-07]]]}},{"type":"Feature","id":"TP_STR:1669","properties":{"OBJECTID":1669,"TP_STR_SCO":71950.0,"TP_STR_SNO":"VIA SAN CLEMENTE","Shape_Leng":104.813013568,"Shape_Area":461.047957122},"geometry":{"type":"Polygon","coordinates":[[[11.874765158942566,45.40776425675418,15.999999504656444],[11.874779040799199,45.40773816337204,15.999999504656444],[11.87479631788511,45.40770595364464,15.999999504656444],[11.874710947783504,45.407665528553316,16.999999505587766],[11.874610384212902,45.40766563181517,16.999999505587766],[11.874607704134483,45.407665699335595,16.999999505587766],[11.874359302665612,45.407688699511986,16.999999505587766],[11.874227859203975,45.4076997517523,16.999999505587766],[11.874229019321058,45.407737707827046,16.999999505587766],[11.874242454071494,45.40777328439316,16.999999505587766],[11.874252346682322,45.40779949892062,16.999999505587766],[11.874433121414565,45.40778099304699,16.999999505587766],[11.87444202321494,45.407780138674504,16.999999505587766],[11.87459355833411,45.407764619521494,16.999999505587766],[11.874765158942566,45.40776425675418,15.999999504656444]]]}},{"type":"Feature","id":"TP_STR:1675","properties":{"OBJECTID":1675,"TP_STR_SCO":72207.0,"TP_STR_SNO":"VIA SAN FRANCESCO","Shape_Leng":1713.50777612,"Shape_Area":8075.30364575},"geometry":{"type":"MultiPolygon","coordinates":[[[[11.883164394721366,45.40257706336547,4.897551661997568e-07],[11.88321324403896,45.40260292280855,4.897551661997568e-07],[11.883231503924748,45.40261272285574,4.897551661997568e-07],[11.883263802763764,45.402629729172965,4.897551661997568e-07],[11.883320110142183,45.4025385637004,4.897551661997568e-07],[11.883382666984327,45.40243211815791,4.897551661997568e-07],[11.883421701699193,45.40236560254416,4.897551661997568e-07],[11.883445967004464,45.40232772410844,4.897551661997568e-07],[11.883439608706816,45.40232581447917,4.897551661997568e-07],[11.883470379922057,45.40227769023668,4.897551661997568e-07],[11.883510272723763,45.40221799383976,4.897551661997568e-07],[11.88356474065888,45.402138396365906,4.897551661997568e-07],[11.883584600614595,45.40210936046557,4.897551661997568e-07],[11.883594291673685,45.402096423764036,4.897551661997568e-07],[11.88360240955618,45.402080196328725,4.897551661997568e-07],[11.883630621956028,45.402044558452424,4.897551661997568e-07],[11.883608899026328,45.402037006273815,4.897551661997568e-07],[11.883630635801206,45.40200468247586,4.897551661997568e-07],[11.88363134654876,45.402003584399324,4.897551661997568e-07],[11.883661903972515,45.401958795939485,4.897551661997568e-07],[11.8836750982744,45.40193937981231,4.897551661997568e-07],[11.883683536018724,45.40192692483027,4.897551661997568e-07],[11.88369138150229,45.40191538497814,4.897551661997568e-07],[11.88369910400035,45.40190393820961,4.897551661997568e-07],[11.883716107104755,45.40187902501594,4.897551661997568e-07],[11.883735128516923,45.401851090452894,4.897551661997568e-07],[11.883709385628505,45.40184237976826,4.897551661997568e-07],[11.88370795445042,45.40184187585306,4.897551661997568e-07],[11.883690142204035,45.40183584511125,4.897551661997568e-07],[11.883666614490778,45.40182797853713,4.897551661997568e-07],[11.883655821422971,45.401824290756565,4.897551661997568e-07],[11.883645160572051,45.40182068960942,4.897551661997568e-07],[11.883629950915564,45.401815583221705,4.897551661997568e-07],[11.883609266510502,45.4018459901815,4.897551661997568e-07],[11.88360177639353,45.40185698101885,4.897551661997568e-07],[11.88359238634716,45.40187081021883,4.897551661997568e-07],[11.883547094680278,45.401937394044666,4.897551661997568e-07],[11.883525457973894,45.401969175212244,4.897551661997568e-07],[11.883484468320649,45.40203493014019,4.897551661997568e-07],[11.8834918153412,45.40203618471887,4.897551661997568e-07],[11.883471054713777,45.402072624383756,4.897551661997568e-07],[11.88344059013073,45.40206403296162,4.897551661997568e-07],[11.883434376027692,45.40207499148398,4.897551661997568e-07],[11.883430620348062,45.40207400627929,4.897551661997568e-07],[11.883427700136634,45.40207939078513,4.897551661997568e-07],[11.883414534315623,45.40210438697363,4.897551661997568e-07],[11.883411495699226,45.40210995453821,4.897551661997568e-07],[11.883414731747084,45.40211077286558,4.897551661997568e-07],[11.8834073743005,45.40212437067514,4.897551661997568e-07],[11.883363959054345,45.40220773935579,4.897551661997568e-07],[11.883340902810835,45.40225179809319,4.897551661997568e-07],[11.8833373886703,45.40225053673884,4.897551661997568e-07],[11.883333730224352,45.402256479983215,4.897551661997568e-07],[11.883294959391193,45.402320648604494,4.897551661997568e-07],[11.883288007015278,45.40233216586024,4.897551661997568e-07],[11.883279670520446,45.402329046086884,4.897551661997568e-07],[11.883275118822075,45.40233501190138,4.897551661997568e-07],[11.88324492431584,45.40237439034179,4.897551661997568e-07],[11.883218348673205,45.402414577433554,4.897551661997568e-07],[11.883189162433462,45.4024587010044,4.897551661997568e-07],[11.88318730935417,45.40246747906287,4.897551661997568e-07],[11.883184941810626,45.40247870044965,4.897551661997568e-07],[11.883164394721366,45.40257706336547,4.897551661997568e-07]]],[[[11.883164394721366,45.40257706336547,4.897551661997568e-07],[11.883090394516081,45.4025415779568,4.897551661997568e-07],[11.883052284652818,45.40252336826385,4.897551661997568e-07],[11.88309325977862,45.40264051948086,4.897551661997568e-07],[11.883099986303488,45.402659702224554,4.897551661997568e-07],[11.88310350512451,45.40266105350138,4.897551661997568e-07],[11.883100470946456,45.4026667109786,4.897551661997568e-07],[11.883068857560932,45.40265814848568,4.897551661997568e-07],[11.88305447944059,45.40268443538608,4.897551661997568e-07],[11.883085960622193,45.402692911247556,4.897551661997568e-07],[11.883085728304312,45.402693367170016,4.897551661997568e-07],[11.883070188435882,45.40272193380373,4.897551661997568e-07],[11.883067330623096,45.402721015876025,4.897551661997568e-07],[11.883027794011122,45.40278772405632,4.897551661997568e-07],[11.882955645490314,45.402909083810854,4.897551661997568e-07],[11.882928227511453,45.402955322976894,4.897551661997568e-07],[11.882926696716948,45.402957882016494,4.897551661997568e-07],[11.882896449415998,45.40300878327527,4.897551661997568e-07],[11.882873386928207,45.403047711371755,4.897551661997568e-07],[11.882843722664916,45.403097517713434,4.897551661997568e-07],[11.882841516616512,45.40309685335569,4.897551661997568e-07],[11.882787814071909,45.4031839922214,4.897551661997568e-07],[11.882561808546038,45.40346577079893,4.897551661997568e-07],[11.88257203547796,45.403485945253884,4.897551661997568e-07],[11.882584970888532,45.40351163214893,4.897551661997568e-07],[11.88250165173579,45.4035315595314,4.897551661997568e-07],[11.882497646317493,45.4035357113044,4.897551661997568e-07],[11.882373198867048,45.403668923318904,4.897551661997568e-07],[11.882344747439987,45.40370240662927,4.897551661997568e-07],[11.88234438289421,45.40370277591451,4.897551661997568e-07],[11.882253344338107,45.40379949887161,4.897551661997568e-07],[11.882249480336762,45.40380391710634,4.897551661997568e-07],[11.882193511228133,45.40386914983745,4.897551661997568e-07],[11.882168659336259,45.40389804154126,4.897551661997568e-07],[11.882160584975004,45.40390760679115,4.897551661997568e-07],[11.881990059405535,45.404074476890884,4.897551661997568e-07],[11.88195807913557,45.40410390867431,4.897551661997568e-07],[11.881919140470321,45.4041397270714,4.897551661997568e-07],[11.881775110127405,45.404272352866336,4.897551661997568e-07],[11.881757337875792,45.404287203800386,4.897551661997568e-07],[11.881781391061407,45.40429784784122,4.897551661997568e-07],[11.88164374423441,45.40440024808852,4.897551661997568e-07],[11.881630024289489,45.40439429368417,4.897551661997568e-07],[11.881581368575711,45.40443251771148,4.897551661997568e-07],[11.881426195582826,45.404554622980854,4.897551661997568e-07],[11.881260699689566,45.40468229947494,4.897551661997568e-07],[11.880971859256066,45.40487960945487,4.897551661997568e-07],[11.880977561823032,45.40488369606287,4.897551661997568e-07],[11.880952966817562,45.404902589657816,4.897551661997568e-07],[11.88069691569133,45.40508889960868,4.897551661997568e-07],[11.880575592478182,45.40517315393019,4.897551661997568e-07],[11.880501787614596,45.40522443408167,4.897551661997568e-07],[11.88045896289299,45.40525422924294,4.897551661997568e-07],[11.880186842708794,45.40541610022179,4.897551661997568e-07],[11.880079850011647,45.40545804641437,4.897551661997568e-07],[11.880087936554235,45.40546378312416,4.897551661997568e-07],[11.880001280019574,45.40550107536477,4.897551661997568e-07],[11.879873946174753,45.40554758531478,4.897551661997568e-07],[11.879619536826969,45.405635647693934,4.897551661997568e-07],[11.879465222532128,45.40569940045569,4.897551661997568e-07],[11.87945395617878,45.40570400534301,4.897551661997568e-07],[11.879325658756752,45.40574414817535,4.897551661997568e-07],[11.879271527105901,45.40575766586123,4.897551661997568e-07],[11.879259273704507,45.405805681742486,4.897551661997568e-07],[11.879246049968192,45.40585723260623,4.897551661997568e-07],[11.87920996105611,45.40582852911948,4.897551661997568e-07],[11.879193979255431,45.405815790568,4.897551661997568e-07],[11.879038840093866,45.40585580026149,4.897551661997568e-07],[11.878994571206919,45.4058672686887,4.897551661997568e-07],[11.878994192912513,45.40586736826725,4.897551661997568e-07],[11.87885251114717,45.40589560649251,4.897551661997568e-07],[11.878719425822815,45.40592704818032,4.897551661997568e-07],[11.878716773178061,45.40592765519082,4.897551661997568e-07],[11.878623343417932,45.40594234410032,4.897551661997568e-07],[11.878612715834038,45.405951973510696,4.897551661997568e-07],[11.878584610899233,45.40597725598692,4.897551661997568e-07],[11.87848676925284,45.40596046166009,4.897551661997568e-07],[11.878302139394876,45.405998513894346,4.897551661997568e-07],[11.878286416427798,45.406010972237254,4.897551661997568e-07],[11.87822649570632,45.40605893025825,4.897551661997568e-07],[11.878184605201193,45.406031722949955,4.897551661997568e-07],[11.878171787339596,45.40602340508165,4.897551661997568e-07],[11.878087113466425,45.406041923212626,4.897551661997568e-07],[11.878081992962745,45.40602666022184,4.897551661997568e-07],[11.877972520234973,45.40605003438285,4.897551661997568e-07],[11.877980443789232,45.40606513670119,4.897551661997568e-07],[11.877951370103487,45.406073881101165,4.897551661997568e-07],[11.87790946199006,45.406086549799156,4.897551661997568e-07],[11.877811667144451,45.406115930104875,4.897551661997568e-07],[11.87780462089498,45.406118088097294,4.897551661997568e-07],[11.877797570077737,45.40612015622862,4.897551661997568e-07],[11.877780328263142,45.40612536176943,4.897551661997568e-07],[11.877773282011233,45.406127519759984,4.897551661997568e-07],[11.87776610819032,45.40612968096753,4.897551661997568e-07],[11.877750502565293,45.40613439512755,4.897551661997568e-07],[11.877728101333592,45.40614117097583,4.897551661997568e-07],[11.87771995003273,45.40612661452714,4.897551661997568e-07],[11.877700230683972,45.40611072957467,4.897551661997568e-07],[11.877618861166912,45.406131414337665,4.897551661997568e-07],[11.877570084297195,45.406144706134185,4.897551661997568e-07],[11.877567987205754,45.40614115854734,4.897551661997568e-07],[11.87730828179845,45.40620810632347,4.897551661997568e-07],[11.877283282939784,45.40617885252502,4.897551661997568e-07],[11.87726343372129,45.40618304356718,4.897551661997568e-07],[11.877282298031254,45.406214792358384,4.897551661997568e-07],[11.877303405206971,45.40625044519581,4.897551661997568e-07],[11.877096887832511,45.40630038903667,4.897551661997568e-07],[11.87690071165358,45.40634764138017,4.897551661997568e-07],[11.876816273791237,45.4063657925967,4.897551661997568e-07],[11.876803687074187,45.406387172874936,4.897551661997568e-07],[11.876799335111478,45.40639457363899,4.897551661997568e-07],[11.876776768420601,45.406433307917304,4.897551661997568e-07],[11.876807805167434,45.4064506179192,4.897551661997568e-07],[11.876873557104476,45.40648721546033,4.897551661997568e-07],[11.87700947104717,45.40645858504528,4.897551661997568e-07],[11.877046371019441,45.406450453618454,4.897551661997568e-07],[11.87703923573192,45.406430740748206,4.897551661997568e-07],[11.877087949360149,45.40641871089682,4.897551661997568e-07],[11.877358900351975,45.406351750081484,4.897551661997568e-07],[11.877361931254455,45.406351043588,4.897551661997568e-07],[11.877360928300588,45.40634890853803,4.897551661997568e-07],[11.877373804022763,45.40634579349654,4.897551661997568e-07],[11.877729168894012,45.406260230722985,4.897551661997568e-07],[11.877780097190993,45.40624652452063,4.897551661997568e-07],[11.877779062348178,45.40620856531517,4.897551661997568e-07],[11.877777940412045,45.40616637771288,4.897551661997568e-07],[11.877786194956554,45.40616787975501,4.897551661997568e-07],[11.877795219809324,45.406169452401734,4.897551661997568e-07],[11.877804249229802,45.40617111490843,4.897551661997568e-07],[11.877826173153496,45.40617506258824,4.897551661997568e-07],[11.877835070358204,45.40617663845133,4.897551661997568e-07],[11.877844099780845,45.406178300954785,4.897551661997568e-07],[11.877866151359912,45.406182245407194,4.897551661997568e-07],[11.877881110707028,45.406184928547326,4.897551661997568e-07],[11.87798037836641,45.40615938149293,4.897551661997568e-07],[11.87807878064261,45.40613943704497,4.897551661997568e-07],[11.87816325427849,45.406122004084864,4.897551661997568e-07],[11.878245448930556,45.40610498862652,4.897551661997568e-07],[11.878261633566947,45.406101609949104,4.897551661997568e-07],[11.878300825751024,45.40609333031757,4.897551661997568e-07],[11.878302995921644,45.40609831623719,4.897551661997568e-07],[11.878548928166715,45.40604953619862,4.897551661997568e-07],[11.878605394289295,45.40603920041693,4.897551661997568e-07],[11.878656546109914,45.406029898785945,4.897551661997568e-07],[11.87865847023386,45.40603507097322,4.897551661997568e-07],[11.878790057518813,45.40601185829668,4.897551661997568e-07],[11.878824883348779,45.40600566886618,4.897551661997568e-07],[11.878930605131325,45.40598643911175,4.897551661997568e-07],[11.879006947459292,45.40597245114536,4.897551661997568e-07],[11.879027199569817,45.405951057274876,4.897551661997568e-07],[11.87905897669654,45.40591758086278,4.897551661997568e-07],[11.879096514358638,45.40594210728101,4.897551661997568e-07],[11.879104176868823,45.405947044631475,4.897551661997568e-07],[11.879179743528795,45.405927855390594,4.897551661997568e-07],[11.879203074361207,45.40592177589432,4.897551661997568e-07],[11.879250131814844,45.405904836278644,4.897551661997568e-07],[11.879432340787266,45.40583929969814,4.897551661997568e-07],[11.879622988510182,45.40576130818274,4.897551661997568e-07],[11.879827651159108,45.40565487863329,4.897551661997568e-07],[11.879850229292913,45.40567420156296,4.897551661997568e-07],[11.879930482363134,45.40563662101055,4.897551661997568e-07],[11.880225907872223,45.405498285741665,4.897551661997568e-07],[11.880359659185629,45.40542721991446,4.897551661997568e-07],[11.880551143293918,45.40532553239889,4.897551661997568e-07],[11.8805488939082,45.4052587098148,4.897551661997568e-07],[11.880618806281106,45.40525901512369,4.897551661997568e-07],[11.880662388085803,45.405259175021115,4.897551661997568e-07],[11.880795129413091,45.40515320931532,4.897551661997568e-07],[11.880797235315713,45.40515441632656,4.897551661997568e-07],[11.880823808317608,45.40513421264485,4.897551661997568e-07],[11.880841152980445,45.40512099296824,4.897551661997568e-07],[11.880900564956775,45.405075656748735,4.897551661997568e-07],[11.880898554605338,45.40507381726535,4.897551661997568e-07],[11.880939405195669,45.40504290163595,4.897551661997568e-07],[11.880950602178538,45.405034427777736,4.897551661997568e-07],[11.880951094310298,45.40503405533316,4.897551661997568e-07],[11.88105048108118,45.40495566521488,4.897551661997568e-07],[11.881022616584946,45.404915323031,4.897551661997568e-07],[11.881076858553783,45.404914043455896,4.897551661997568e-07],[11.881103535223263,45.40491345989455,4.897551661997568e-07],[11.88111342442218,45.40490690928443,4.897551661997568e-07],[11.88117051687967,45.40486622216223,4.897551661997568e-07],[11.881327124325203,45.40475470249554,4.897551661997568e-07],[11.881376728738774,45.40471753479231,4.897551661997568e-07],[11.88152535860487,45.40460243576547,4.897551661997568e-07],[11.881522723907903,45.40460088210312,4.897551661997568e-07],[11.881622982760687,45.404514548354804,4.897551661997568e-07],[11.881779045039433,45.40437477788476,4.897551661997568e-07],[11.881927265530802,45.40424915717014,4.897551661997568e-07],[11.882000026585468,45.40418746098942,4.897551661997568e-07],[11.882005163749191,45.40419048171374,4.897551661997568e-07],[11.882016405691239,45.40418038635727,4.897551661997568e-07],[11.882022875491186,45.404169421456714,4.897551661997568e-07],[11.882037280367117,45.4041587061214,4.897551661997568e-07],[11.882060006647865,45.40414328001586,4.897551661997568e-07],[11.882159105145831,45.40405175436765,4.897551661997568e-07],[11.88215988000549,45.40405191486185,4.897551661997568e-07],[11.88216639599092,45.40404436919466,4.897551661997568e-07],[11.88226327788255,45.40394695861822,4.897551661997568e-07],[11.882248632213674,45.40393787724927,4.897551661997568e-07],[11.88221932700216,45.40391944487088,4.897551661997568e-07],[11.88228189035718,45.40391849454962,4.897551661997568e-07],[11.882351576233125,45.403844094006175,4.897551661997568e-07],[11.882375207286278,45.40381883363556,4.897551661997568e-07],[11.882505718618537,45.40369428963923,4.897551661997568e-07],[11.882544988633507,45.403654952169155,4.897551661997568e-07],[11.882576357259442,45.40362355539562,4.897551661997568e-07],[11.882621828931427,45.40357803042011,4.897551661997568e-07],[11.882654043324075,45.40353815106821,4.897551661997568e-07],[11.882715824812896,45.40346160970028,4.897551661997568e-07],[11.882747291767686,45.40342210928149,4.897551661997568e-07],[11.882840111221954,45.40330517809335,4.897551661997568e-07],[11.882884194420596,45.40331270549122,4.897551661997568e-07],[11.882893772299031,45.403279968951104,4.897551661997568e-07],[11.882864032647303,45.40327558959727,4.897551661997568e-07],[11.88289333512317,45.4032387542199,4.897551661997568e-07],[11.882922793959233,45.40318742277534,4.897551661997568e-07],[11.882919808481951,45.403186508069616,4.897551661997568e-07],[11.882938241897618,45.4031545379154,4.897551661997568e-07],[11.882988612559798,45.403067213122306,4.897551661997568e-07],[11.883009761339135,45.40303085377602,4.897551661997568e-07],[11.883130952270253,45.40283624463448,4.897551661997568e-07],[11.883131298499086,45.402835515790734,4.897551661997568e-07],[11.883156529557933,45.40279401254019,4.897551661997568e-07],[11.883155362797197,45.40279368194609,4.897551661997568e-07],[11.883155476626184,45.40279340902691,4.897551661997568e-07],[11.883215214559437,45.40269432585219,4.897551661997568e-07],[11.883205082478089,45.40267099857494,4.897551661997568e-07],[11.883164394721366,45.40257706336547,4.897551661997568e-07]]]]}},{"type":"Feature","id":"TP_STR:1682","properties":{"OBJECTID":1682,"TP_STR_SCO":72656.0,"TP_STR_SNO":"VIA SAN MARTINO E SOLFERINO","Shape_Leng":774.48264687,"Shape_Area":2642.73625626},"geometry":{"type":"MultiPolygon","coordinates":[[[[11.873032661372656,45.405881534217436,4.897551661997568e-07],[11.872976948682883,45.405836220490656,4.897551661997568e-07],[11.872962605268086,45.40584315258948,4.897551661997568e-07],[11.872944857032193,45.40584593982254,4.897551661997568e-07],[11.872877924653087,45.405846454878414,4.897551661997568e-07],[11.872819460824694,45.40584765683806,4.897551661997568e-07],[11.872734219361718,45.40584746270009,4.897551661997568e-07],[11.872709009771935,45.4058467471852,4.897551661997568e-07],[11.872709876872813,45.405878949902934,4.897551661997568e-07],[11.872548655393453,45.40587472764971,4.897551661997568e-07],[11.872457935306077,45.40587233087976,4.897551661997568e-07],[11.872314243512717,45.405868567095375,4.897551661997568e-07],[11.872306928492394,45.405880542914566,4.897551661997568e-07],[11.87227956875544,45.40592560783031,4.897551661997568e-07],[11.872371538918069,45.40596775884634,4.897551661997568e-07],[11.87240921494683,45.40598499294476,4.897551661997568e-07],[11.872526675237186,45.4059527818442,4.897551661997568e-07],[11.87258771898647,45.405952055169024,4.897551661997568e-07],[11.872797664158167,45.405949469826595,4.897551661997568e-07],[11.872796232100585,45.40592376224558,4.897551661997568e-07],[11.872998656549086,45.40591902559193,4.897551661997568e-07],[11.873032661372656,45.405881534217436,4.897551661997568e-07]]],[[[11.873032661372656,45.405881534217436,4.897551661997568e-07],[11.8730956253891,45.40591613388924,4.897551661997568e-07],[11.873250593110132,45.40591043140435,4.897551661997568e-07],[11.873253779064703,45.405910261143646,4.897551661997568e-07],[11.873257001516818,45.405910810116254,4.897551661997568e-07],[11.87331434457586,45.40592025762692,4.897551661997568e-07],[11.87345395303404,45.40593168400711,4.897551661997568e-07],[11.873453903114575,45.405935735848324,4.897551661997568e-07],[11.87358929541335,45.40594465784512,4.897551661997568e-07],[11.873650002149347,45.40594987991429,4.897551661997568e-07],[11.873712381626609,45.40595532986493,4.897551661997568e-07],[11.873710688988936,45.40601010010862,4.897551661997568e-07],[11.873808291846064,45.40601466288047,4.897551661997568e-07],[11.87380879938568,45.40596172269218,4.897551661997568e-07],[11.87400527219644,45.40597315636239,4.897551661997568e-07],[11.874096015467067,45.40597852172933,4.897551661997568e-07],[11.874303577629496,45.40598940551271,4.897551661997568e-07],[11.874375356076095,45.40600379961432,4.897551661997568e-07],[11.87462309298464,45.40610125303002,4.897551661997568e-07],[11.874688422418041,45.40618241872914,4.897551661997568e-07],[11.874701840795929,45.406182440682386,4.897551661997568e-07],[11.874755760812407,45.40618234237481,4.897551661997568e-07],[11.874727052954084,45.40621592026659,4.897551661997568e-07],[11.874830920911815,45.406187829726385,4.897551661997568e-07],[11.874934788847236,45.40615973914954,4.897551661997568e-07],[11.874995428705283,45.40612085598803,4.897551661997568e-07],[11.874998766102872,45.40613373371873,4.897551661997568e-07],[11.875209800476583,45.40606702752639,4.897551661997568e-07],[11.875218062225377,45.406046026450106,4.897551661997568e-07],[11.875225986830209,45.40602593397304,4.897551661997568e-07],[11.87526521260425,45.406033406707955,4.897551661997568e-07],[11.875304570519809,45.40604096607533,4.897551661997568e-07],[11.875423940208321,45.405968378214105,4.897551661997568e-07],[11.875433237752137,45.405962743169646,4.897551661997568e-07],[11.875492113454584,45.4059268746713,4.897551661997568e-07],[11.875508356944051,45.4059171039661,4.897551661997568e-07],[11.875515918082902,45.40591250281224,4.897551661997568e-07],[11.87551987863164,45.40590997267333,4.897551661997568e-07],[11.875537607847326,45.40589926441727,4.897551661997568e-07],[11.875543555595963,45.4058956040258,4.897551661997568e-07],[11.875567305598876,45.40588267377994,4.897551661997568e-07],[11.87563057951254,45.405847864513476,4.897551661997568e-07],[11.875638414192352,45.405843616476226,4.897551661997568e-07],[11.875667505866188,45.40583019150965,4.897551661997568e-07],[11.875690731870968,45.405819524762286,4.897551661997568e-07],[11.87572845626445,45.405807502408926,4.897551661997568e-07],[11.87572687894738,45.40580412169735,4.897551661997568e-07],[11.875732010908497,45.40580201207973,4.897551661997568e-07],[11.87579373201907,45.405784434217225,4.897551661997568e-07],[11.87581862224993,45.40578137655742,4.897551661997568e-07],[11.875896857159828,45.40577193364332,4.897551661997568e-07],[11.875907740002129,45.405757257330386,4.897551661997568e-07],[11.87592435585945,45.405734695423824,4.897551661997568e-07],[11.875944959727097,45.40576045976679,4.897551661997568e-07],[11.876183466829412,45.40574661683562,4.897551661997568e-07],[11.876378582615144,45.40572882654251,4.897551661997568e-07],[11.876442177776655,45.40572299276199,4.897551661997568e-07],[11.876475202666807,45.40570901838225,4.897551661997568e-07],[11.876524616847542,45.405688149904066,4.897551661997568e-07],[11.87649135351596,45.40568736821987,4.897551661997568e-07],[11.876458477618819,45.40568666679232,4.897551661997568e-07],[11.876410296983686,45.40569157190863,4.897551661997568e-07],[11.876361232174931,45.40569667936047,4.897551661997568e-07],[11.876248489705016,45.40570348196116,4.897551661997568e-07],[11.876246575373873,45.4057035302173,4.897551661997568e-07],[11.876149880462897,45.40570425741193,4.897551661997568e-07],[11.876003203370347,45.40569706308879,4.897551661997568e-07],[11.87600270178218,45.40569473538003,4.897551661997568e-07],[11.875958094253514,45.405697029881566,4.897551661997568e-07],[11.875915656271859,45.405699269739955,4.897551661997568e-07],[11.87590457157449,45.40569990914699,4.897551661997568e-07],[11.87582442251444,45.40570940031093,4.897551661997568e-07],[11.875756543172434,45.4057189422553,4.897551661997568e-07],[11.875737099956101,45.40572609321218,4.897551661997568e-07],[11.875731074619384,45.40572822534606,4.897551661997568e-07],[11.875605272303524,45.40577226159766,4.897551661997568e-07],[11.875601886762125,45.40578359851135,4.897551661997568e-07],[11.875601011910295,45.405786500996655,4.897551661997568e-07],[11.875591716512256,45.40581733949475,4.897551661997568e-07],[11.875553776601812,45.405815055197166,4.897551661997568e-07],[11.875514943391387,45.405812793399335,4.897551661997568e-07],[11.875444249572995,45.40585247029253,4.897551661997568e-07],[11.875459651831573,45.405866394121944,4.897551661997568e-07],[11.875434566469584,45.40588070821128,4.897551661997568e-07],[11.875444936310993,45.40588863802765,4.897551661997568e-07],[11.875235411118268,45.406007693946776,4.897551661997568e-07],[11.875218631847964,45.40598678378935,4.897551661997568e-07],[11.875189621735212,45.405996786120795,4.897551661997568e-07],[11.874946304471177,45.40606943639146,4.897551661997568e-07],[11.874869883046038,45.40607937304603,4.897551661997568e-07],[11.874870023844277,45.406072078458855,4.897551661997568e-07],[11.874748901545011,45.406059828043986,4.897551661997568e-07],[11.874748518757494,45.40605983768819,4.897551661997568e-07],[11.874704529644703,45.40611207310958,4.897551661997568e-07],[11.874707038309323,45.406073394537735,4.897551661997568e-07],[11.874708463387261,45.40605112549613,4.897551661997568e-07],[11.874634587385728,45.40602562289275,4.897551661997568e-07],[11.874511804193887,45.40598316979716,4.897551661997568e-07],[11.874356422485192,45.405930376271115,4.897551661997568e-07],[11.87429513201372,45.405918688371486,4.897551661997568e-07],[11.874147870626654,45.40590502546749,4.897551661997568e-07],[11.874079228789322,45.40590207384829,4.897551661997568e-07],[11.873987733673712,45.4058969973906,4.897551661997568e-07],[11.87377617000551,45.40588531371006,4.897551661997568e-07],[11.87370760120102,45.405883800217325,4.897551661997568e-07],[11.87340434227929,45.40587316496597,4.897551661997568e-07],[11.87340386351904,45.405868766419765,4.897551661997568e-07],[11.873400153444281,45.405868679840715,4.897551661997568e-07],[11.873352382226084,45.40586655235652,4.897551661997568e-07],[11.87329577327065,45.40586401734245,4.897551661997568e-07],[11.873258380396534,45.405862438600025,4.897551661997568e-07],[11.873094779876423,45.40586169755023,4.897551661997568e-07],[11.873080823905491,45.40586618952299,4.897551661997568e-07],[11.873032661372656,45.405881534217436,4.897551661997568e-07]]]]}},{"type":"Feature","id":"TP_STR:1687","properties":{"OBJECTID":1687,"TP_STR_SCO":73150.0,"TP_STR_SNO":"VIA SAN NICOLO'","Shape_Leng":269.980869214,"Shape_Area":697.39600714},"geometry":{"type":"Polygon","coordinates":[[[11.872395889630925,45.40888850400588,4.897551661997568e-07],[11.872524574194786,45.40887842349747,4.897551661997568e-07],[11.872527865088632,45.408877800563324,4.897551661997568e-07],[11.872606537763883,45.40886429830849,4.897551661997568e-07],[11.872606241159835,45.40885341426572,4.897551661997568e-07],[11.872774444340362,45.40884143839127,4.897551661997568e-07],[11.872906738774425,45.408831986658825,4.897551661997568e-07],[11.87302527670947,45.40882342118379,4.897551661997568e-07],[11.873122177428392,45.40881657062531,4.897551661997568e-07],[11.873216784754753,45.40879726596873,4.897551661997568e-07],[11.873159288228946,45.40878737222528,4.897551661997568e-07],[11.873135567660034,45.40878328888015,4.897551661997568e-07],[11.873125124916651,45.40878148152534,4.897551661997568e-07],[11.87293662493469,45.40879891965425,4.897551661997568e-07],[11.87293038035281,45.40879925689422,4.897551661997568e-07],[11.872899280378437,45.40880085007537,4.897551661997568e-07],[11.87290024710023,45.408809827003786,4.897551661997568e-07],[11.8728456267544,45.408798690480175,4.897551661997568e-07],[11.87284149254372,45.408797804433846,4.897551661997568e-07],[11.87278009485293,45.40880169057743,4.897551661997568e-07],[11.872776781159299,45.40880186404095,4.897551661997568e-07],[11.872762817905492,45.40875585915486,4.897551661997568e-07],[11.872722624735799,45.40876209183012,4.897551661997568e-07],[11.872729080183875,45.408793613695,4.897551661997568e-07],[11.87260104780505,45.40880646841775,4.897551661997568e-07],[11.872446952121733,45.408821959461655,4.897551661997568e-07],[11.87242025075621,45.408824611925844,4.897551661997568e-07],[11.872348082597352,45.40884038063669,4.897551661997568e-07],[11.872297141400145,45.40885138430478,4.897551661997568e-07],[11.872296384746335,45.408851583418986,4.897551661997568e-07],[11.872122589233697,45.40888935289168,4.897551661997568e-07],[11.872108677425045,45.408874580971876,4.897551661997568e-07],[11.872094642610087,45.40885990217998,4.897551661997568e-07],[11.872095636413139,45.40886437779905,4.897551661997568e-07],[11.871968670340872,45.408880625434456,4.897551661997568e-07],[11.87196195100937,45.40885397082181,4.897551661997568e-07],[11.871740609311628,45.408881504911896,4.897551661997568e-07],[11.871655222148762,45.40889112497355,4.897551661997568e-07],[11.871680046926073,45.408954769139356,4.897551661997568e-07],[11.871682626856384,45.408955244293644,4.897551661997568e-07],[11.871794675166232,45.408974927347565,4.897551661997568e-07],[11.87203554808907,45.408919267726624,4.897551661997568e-07],[11.8720442631709,45.4089172480949,4.897551661997568e-07],[11.872124909842086,45.4089099073516,4.897551661997568e-07],[11.872157477619337,45.40890701731204,4.897551661997568e-07],[11.872159255203432,45.40890679249996,4.897551661997568e-07],[11.872328361179491,45.408892454265896,4.897551661997568e-07],[11.872395889630925,45.40888850400588,4.897551661997568e-07]]]}},{"type":"Feature","id":"TP_STR:1702","properties":{"OBJECTID":1702,"TP_STR_SCO":74407.0,"TP_STR_SNO":"VIA SANT'ANDREA","Shape_Leng":391.46871716,"Shape_Area":1112.80061249},"geometry":{"type":"Polygon","coordinates":[[[11.877182145596008,45.40830506958239,4.897551661997568e-07],[11.877326006555515,45.40829946161464,4.897551661997568e-07],[11.877443467294524,45.408294879256175,4.897551661997568e-07],[11.877588172606933,45.40815000025855,4.897551661997568e-07],[11.877626355313414,45.40811177209854,4.897551661997568e-07],[11.877575497765106,45.408084160660394,4.897551661997568e-07],[11.877559201671644,45.40807530032582,4.897551661997568e-07],[11.877492171121165,45.40803873543326,4.897551661997568e-07],[11.877454715290472,45.40801834704605,4.897551661997568e-07],[11.87740622364663,45.4079920260811,4.897551661997568e-07],[11.877357987355861,45.407965698656035,4.897551661997568e-07],[11.877400474571562,45.40809514546334,4.897551661997568e-07],[11.877401026496441,45.408098461975584,4.897551661997568e-07],[11.877423443541316,45.40825541864997,4.897551661997568e-07],[11.877260812094514,45.40825627934299,4.897551661997568e-07],[11.877256085357352,45.408256308559835,4.897551661997568e-07],[11.877164444313676,45.40824592762947,4.897551661997568e-07],[11.877142337487692,45.40824342462481,4.897551661997568e-07],[11.877079146659337,45.4082220647811,4.897551661997568e-07],[11.877058104424673,45.40824302822759,4.897551661997568e-07],[11.877023325825057,45.408277839932715,4.897551661997568e-07],[11.876939868586124,45.408244929305205,4.897551661997568e-07],[11.876921480556518,45.40823765190574,4.897551661997568e-07],[11.876755330132882,45.40827991632975,4.897551661997568e-07],[11.876701332211892,45.40829360948555,4.897551661997568e-07],[11.876698934743917,45.408294210015406,4.897551661997568e-07],[11.876558822354173,45.408318265254756,4.897551661997568e-07],[11.876515143227987,45.40832629738297,4.897551661997568e-07],[11.87651313691611,45.408319507034456,4.897551661997568e-07],[11.87639814807701,45.40834004832611,4.897551661997568e-07],[11.87639996757538,45.40834819359949,4.897551661997568e-07],[11.876355039271202,45.40835427688234,4.897551661997568e-07],[11.87635237286611,45.40835461414179,4.897551661997568e-07],[11.876170014802291,45.408367132112915,4.897551661997568e-07],[11.876156783586772,45.40837583678398,4.897551661997568e-07],[11.876126246421777,45.40839604925925,4.897551661997568e-07],[11.876155573921174,45.40840485130137,4.897551661997568e-07],[11.876168551162152,45.40840875477507,4.897551661997568e-07],[11.876231812210673,45.40840382969724,4.897551661997568e-07],[11.876267328468174,45.408401134143546,4.897551661997568e-07],[11.876400605556817,45.40839093348874,4.897551661997568e-07],[11.876413974289711,45.408389966354484,4.897551661997568e-07],[11.876478000973236,45.40838502178129,4.897551661997568e-07],[11.876480662894977,45.40838459465608,4.897551661997568e-07],[11.876609425917328,45.408361005651805,4.897551661997568e-07],[11.87674601029303,45.40833541904328,4.897551661997568e-07],[11.876759712084374,45.40842148563834,4.897551661997568e-07],[11.876715371152837,45.40842152339682,4.897551661997568e-07],[11.876712848417615,45.40840205429593,4.897551661997568e-07],[11.87670264749561,45.40840249148948,4.897551661997568e-07],[11.876701873513683,45.40849540401729,4.897551661997568e-07],[11.876827142767644,45.408491075479084,4.897551661997568e-07],[11.876824838429275,45.408468360419796,4.897551661997568e-07],[11.876809448031,45.408321397887114,4.897551661997568e-07],[11.876881351116884,45.408318054766525,4.897551661997568e-07],[11.877034209670894,45.408310960126975,4.897551661997568e-07],[11.877071307523522,45.408309214580484,4.897551661997568e-07],[11.877140913435749,45.40830592927703,4.897551661997568e-07],[11.87715940283603,45.40844093191587,4.897551661997568e-07],[11.877162504974574,45.40846425697003,4.897551661997568e-07],[11.87716712072338,45.40848970414092,4.897551661997568e-07],[11.877215558871198,45.40848479221266,4.897551661997568e-07],[11.87720881826372,45.40845273770618,4.897551661997568e-07],[11.877182145596008,45.40830506958239,4.897551661997568e-07]]]}},{"type":"Feature","id":"TP_STR:1709","properties":{"OBJECTID":1709,"TP_STR_SCO":74003.0,"TP_STR_SNO":"VIA SANTA LUCIA","Shape_Leng":949.350129883,"Shape_Area":3535.78267007},"geometry":{"type":"MultiPolygon","coordinates":[[[[11.874658177603518,45.40853646951276,4.897551661997568e-07],[11.874600347251691,45.408509932523806,4.897551661997568e-07],[11.874519786876673,45.40849882025489,4.897551661997568e-07],[11.87442957203816,45.40848129022484,4.897551661997568e-07],[11.874442628824657,45.40844900680454,4.897551661997568e-07],[11.874440951372662,45.40844868904434,4.897551661997568e-07],[11.874371480709351,45.40843450689551,4.897551661997568e-07],[11.874186060126014,45.40839678184577,4.897551661997568e-07],[11.874136089344935,45.40838660898949,4.897551661997568e-07],[11.87411934040316,45.40841916532895,4.897551661997568e-07],[11.87411982540368,45.40844885728967,4.897551661997568e-07],[11.874039634183406,45.408434944979746,4.897551661997568e-07],[11.874019131747083,45.40843132084392,4.897551661997568e-07],[11.87386423261621,45.408478788422165,4.897551661997568e-07],[11.873862591671722,45.408479189828576,4.897551661997568e-07],[11.873782156211375,45.40849822806354,4.897551661997568e-07],[11.873654657670455,45.408503959554736,4.897551661997568e-07],[11.873594979077685,45.408511493406046,4.897551661997568e-07],[11.873504064086939,45.408525484661254,4.897551661997568e-07],[11.873500038355072,45.40850659336831,4.897551661997568e-07],[11.873470470108687,45.408508148130785,4.897551661997568e-07],[11.873461193572343,45.40849154941117,4.897551661997568e-07],[11.87333401489284,45.40851365477091,4.897551661997568e-07],[11.873197341752846,45.40854004959471,4.897551661997568e-07],[11.873191594142748,45.40854262465206,4.897551661997568e-07],[11.873174601897773,45.40855025353653,4.897551661997568e-07],[11.873150617655162,45.408561118927075,4.897551661997568e-07],[11.87318323568448,45.408566778488556,4.897551661997568e-07],[11.873196645678446,45.40856914118084,4.897551661997568e-07],[11.873306476975417,45.408557734267205,4.897551661997568e-07],[11.873370800486011,45.40855107373342,4.897551661997568e-07],[11.873376776118768,45.40855047319946,4.897551661997568e-07],[11.87346140623968,45.40855113236148,4.897551661997568e-07],[11.87353674297161,45.408562556940424,4.897551661997568e-07],[11.873648169809124,45.40855741041525,4.897551661997568e-07],[11.873653885644568,45.408556726376354,4.897551661997568e-07],[11.873823363543101,45.40853715576926,4.897551661997568e-07],[11.873976791732563,45.408508537905945,4.897551661997568e-07],[11.873981080772397,45.408507439736645,4.897551661997568e-07],[11.874086844883868,45.40847885207068,4.897551661997568e-07],[11.874092770300077,45.40847726262675,4.897551661997568e-07],[11.874148789280543,45.40847819190632,4.897551661997568e-07],[11.874319897669848,45.40851591753583,4.897551661997568e-07],[11.874332613966628,45.40850461565609,4.897551661997568e-07],[11.87435487436232,45.40848497224004,4.897551661997568e-07],[11.87436495983823,45.40853008448162,4.897551661997568e-07],[11.874431084855967,45.408541290472044,4.897551661997568e-07],[11.874596467978922,45.40856943855217,4.897551661997568e-07],[11.874626946761104,45.40855309853156,4.897551661997568e-07],[11.874658177603518,45.40853646951276,4.897551661997568e-07]]],[[[11.875015426809561,45.40859335760762,4.897551661997568e-07],[11.875007123592882,45.40855567156313,4.897551661997568e-07],[11.87500246812932,45.4085344558975,4.897551661997568e-07],[11.874871308455717,45.40852596896726,4.897551661997568e-07],[11.874869367280992,45.40853303887122,4.897551661997568e-07],[11.87472359400032,45.408518619128074,4.897551661997568e-07],[11.874696875036454,45.40852595321315,4.897551661997568e-07],[11.874658177603518,45.40853646951276,4.897551661997568e-07],[11.874680885939503,45.40859863612615,4.897551661997568e-07],[11.87468714540332,45.40861621092023,4.897551661997568e-07],[11.874791922719087,45.408621042144986,4.897551661997568e-07],[11.874955745819904,45.40862852610063,4.897551661997568e-07],[11.874971379348462,45.40861931092963,4.897551661997568e-07],[11.875015426809561,45.40859335760762,4.897551661997568e-07]]],[[[11.87500246812932,45.4085344558975,4.897551661997568e-07],[11.875015426809561,45.40859335760762,4.897551661997568e-07],[11.875156936033303,45.408634528155474,4.897551661997568e-07],[11.875195325233397,45.40864562252256,4.897551661997568e-07],[11.875443701221865,45.408654755671456,4.897551661997568e-07],[11.875569040219577,45.40865933805213,4.897551661997568e-07],[11.875588776859209,45.40866046084865,4.897551661997568e-07],[11.875652599605392,45.4086640730962,4.897551661997568e-07],[11.87557448235928,45.40860546338537,4.897551661997568e-07],[11.875565844239205,45.40859893013037,4.897551661997568e-07],[11.875355992513757,45.4085783849842,4.897551661997568e-07],[11.875218314248482,45.40856484205011,4.897551661997568e-07],[11.875220368730979,45.408549938162366,4.897551661997568e-07],[11.875103758499195,45.4085410849277,4.897551661997568e-07],[11.875102217823702,45.408540943682475,4.897551661997568e-07],[11.875100681717397,45.408540892413065,4.897551661997568e-07],[11.875051960089918,45.4085377094774,4.897551661997568e-07],[11.875069636246565,45.40842024775557,4.897551661997568e-07],[11.875048222239608,45.408418807058126,4.897551661997568e-07],[11.8750474519852,45.40841873643302,4.897551661997568e-07],[11.875037451490327,45.40841808831411,4.897551661997568e-07],[11.87502001216652,45.40841690747889,4.897551661997568e-07],[11.87500246812932,45.4085344558975,4.897551661997568e-07]]],[[[11.87592187169349,45.4086418042416,4.897551661997568e-07],[11.875936932693229,45.40855591274424,4.897551661997568e-07],[11.875947315371487,45.408501193437445,4.897551661997568e-07],[11.875897440812784,45.40850047024973,4.897551661997568e-07],[11.875847561605214,45.40849965712393,4.897551661997568e-07],[11.875840496575261,45.40854925208287,4.897551661997568e-07],[11.87583182264736,45.408599877729316,4.897551661997568e-07],[11.875867834890235,45.408684932058016,4.897551661997568e-07],[11.87592187169349,45.4086418042416,4.897551661997568e-07]]],[[[11.87592187169349,45.4086418042416,4.897551661997568e-07],[11.87591008536758,45.4086512826509,4.897551661997568e-07],[11.875867834890235,45.408684932058016,4.897551661997568e-07],[11.875850710971013,45.40864467799387,4.897551661997568e-07],[11.875843019780298,45.40862659932168,4.897551661997568e-07],[11.87583182264736,45.408599877729316,4.897551661997568e-07],[11.875685269539796,45.40858520882885,4.897551661997568e-07],[11.875675371553177,45.40860922163924,4.897551661997568e-07],[11.875669114652178,45.40862441139934,4.897551661997568e-07],[11.875652599605392,45.4086640730962,4.897551661997568e-07],[11.875752981360806,45.40870060863423,4.897551661997568e-07],[11.87581677413605,45.40872375424829,4.897551661997568e-07],[11.875819768857069,45.40872484897328,4.897551661997568e-07],[11.875932268624304,45.40873830571402,4.897551661997568e-07],[11.875969809641303,45.40874276022264,4.897551661997568e-07],[11.875994884026072,45.40874581871671,4.897551661997568e-07],[11.876128337716521,45.40876171757492,4.897551661997568e-07],[11.87624160795746,45.4087752446224,4.897551661997568e-07],[11.87624520891728,45.4087756939355,4.897551661997568e-07],[11.876455294783932,45.408803342510936,4.897551661997568e-07],[11.87656538693477,45.40876186168585,4.897551661997568e-07],[11.876656884162356,45.40882724441625,4.897551661997568e-07],[11.876663848810304,45.408825988656695,4.897551661997568e-07],[11.876950220993251,45.408866115010035,4.897551661997568e-07],[11.87705048281273,45.40888014931352,4.897551661997568e-07],[11.87717944756306,45.40889823037865,4.897551661997568e-07],[11.877226009390963,45.40890416723595,4.897551661997568e-07],[11.877589488105485,45.40895026876151,4.897551661997568e-07],[11.877611359842533,45.40896573936822,4.897551661997568e-07],[11.877606833419966,45.40914821895819,4.897551661997568e-07],[11.877717348264927,45.40913517035642,4.897551661997568e-07],[11.877854541392704,45.40911901838886,4.897551661997568e-07],[11.877744136116002,45.40898840436923,4.897551661997568e-07],[11.877620675028346,45.408842277253115,4.897551661997568e-07],[11.877501489095478,45.40883808204181,4.897551661997568e-07],[11.877487026170746,45.40883763665095,4.897551661997568e-07],[11.87742272397359,45.40882962692085,4.897551661997568e-07],[11.877241915237645,45.4088097930241,4.897551661997568e-07],[11.877224262341802,45.408854704369354,4.897551661997568e-07],[11.877194113799584,45.40880460752601,4.897551661997568e-07],[11.87704157946153,45.40878793091004,4.897551661997568e-07],[11.876825558591134,45.4087591728168,4.897551661997568e-07],[11.87677458450408,45.40875190685046,4.897551661997568e-07],[11.876635054359324,45.408732111419205,4.897551661997568e-07],[11.876636004692925,45.408710574424894,4.897551661997568e-07],[11.87656230840522,45.40870127082269,4.897551661997568e-07],[11.876510090136088,45.40869466616572,4.897551661997568e-07],[11.876509989103855,45.4086876477183,4.897551661997568e-07],[11.876306673403498,45.40866999999438,4.897551661997568e-07],[11.876307166430163,45.40867718856973,4.897551661997568e-07],[11.876268299488753,45.40867681812118,4.897551661997568e-07],[11.876267920421485,45.4086693566303,4.897551661997568e-07],[11.87617591040004,45.40866681532922,4.897551661997568e-07],[11.876162933398115,45.40866543221042,4.897551661997568e-07],[11.876139814490942,45.408663134532276,4.897551661997568e-07],[11.876118486931318,45.40866088178648,4.897551661997568e-07],[11.876103841676967,45.40865936064523,4.897551661997568e-07],[11.876054258158032,45.408654309622364,4.897551661997568e-07],[11.87592187169349,45.4086418042416,4.897551661997568e-07]]]]}},{"type":"Feature","id":"TP_STR:1728","properties":{"OBJECTID":1728,"TP_STR_SCO":75653.0,"TP_STR_SNO":"VIA SAURO NAZARIO","Shape_Leng":347.282368373,"Shape_Area":1502.44551945},"geometry":{"type":"Polygon","coordinates":[[[11.87411934040316,45.40841916532895,15.999999504656444],[11.874075047147699,45.40837986540836,15.999999504656444],[11.874097156990011,45.408357255422544,16.999999505587766],[11.874103309656553,45.40834503872821,16.999999505587766],[11.874060790121895,45.40831550546343,15.999999504656444],[11.874063839099739,45.40831011795853,15.999999504656444],[11.873965978220062,45.408247683830496,15.999999504656444],[11.873955189933074,45.40825920715024,15.999999504656444],[11.873877211545649,45.40819825242408,15.999999504656444],[11.873843015435133,45.40817156988034,15.999999504656444],[11.873725339228978,45.408073719637706,15.999999504656444],[11.873615116267173,45.40798423272493,15.999999504656444],[11.873613119723522,45.40798266275109,15.999999504656444],[11.87354870517143,45.4078893217804,15.999999504656444],[11.873649673804678,45.407869496481815,16.999999505587766],[11.87371919686024,45.40785703401828,15.999999504656444],[11.873719579741833,45.40785702437516,15.999999504656444],[11.873774900192297,45.40784924020422,15.999999504656444],[11.8737782002183,45.407848797013166,15.999999504656444],[11.87388951123221,45.407836362130794,16.999999505587766],[11.873928163149756,45.40783250821441,16.999999505587766],[11.873929813200924,45.40783228658693,16.999999505587766],[11.873934899898249,45.40783179844713,16.999999505587766],[11.874072843388435,45.40781788244804,16.999999505587766],[11.873982707221794,45.407799359943446,16.999999505587766],[11.873762916427815,45.40775412870285,16.999999505587766],[11.873470935353508,45.407693972759084,16.999999505587766],[11.873263802005075,45.40782511648194,16.999999505587766],[11.873044780567474,45.407963760169906,16.999999505587766],[11.873042674874752,45.40796507337073,16.999999505587766],[11.872993649785782,45.40799619198585,16.999999505587766],[11.873048847237321,45.40798346052006,16.999999505587766],[11.873151288296393,45.40795990813868,16.999999505587766],[11.873245639056218,45.40794313027678,16.999999505587766],[11.873246906149785,45.40794291830264,16.999999505587766],[11.873297554776931,45.40793372178411,16.999999505587766],[11.87348116926537,45.407900653925594,15.999999504656444],[11.873498266311364,45.40789761296635,15.999999504656444],[11.873542095657983,45.40797058952582,15.999999504656444],[11.873564573261394,45.40800809877607,15.999999504656444],[11.873565535120179,45.40800942470829,15.999999504656444],[11.873558210423825,45.40801113939811,15.999999504656444],[11.873609177387738,45.40807619508534,15.999999504656444],[11.873611862339684,45.40808125821941,15.999999504656444],[11.873620043880743,45.40807880185202,15.999999504656444],[11.873672008258414,45.408125739875565,15.999999504656444],[11.873792361052882,45.40824107518907,15.999999504656444],[11.873807868353227,45.408254546539766,15.999999504656444],[11.873831138446079,45.40827493339838,15.999999504656444],[11.873855470620514,45.408296103572226,15.999999504656444],[11.873857448731833,45.408294793569816,15.999999504656444],[11.874019131747083,45.40843132084392,15.999999504656444],[11.874039634183406,45.408434944979746,15.999999504656444],[11.87411982540368,45.40844885728967,15.999999504656444],[11.87411934040316,45.40841916532895,15.999999504656444]]]}},{"type":"Feature","id":"TP_STR:1788","properties":{"OBJECTID":1788,"TP_STR_SCO":78706.0,"TP_STR_SNO":"VIA SONCIN (DEI)","Shape_Leng":399.566839184,"Shape_Area":1150.55342009},"geometry":{"type":"Polygon","coordinates":[[[11.873170254487043,45.406513018428406,4.897551661997568e-07],[11.87325292117357,45.40650274563973,4.897551661997568e-07],[11.873373505845858,45.406504389712254,4.897551661997568e-07],[11.873492111380537,45.40648718085152,4.897551661997568e-07],[11.87353283162739,45.40648129470537,4.897551661997568e-07],[11.873588729374388,45.40646980551972,4.897551661997568e-07],[11.873694271809509,45.40645202533117,4.897551661997568e-07],[11.87369339189866,45.40644727687102,4.897551661997568e-07],[11.874022160838475,45.40639398991318,4.897551661997568e-07],[11.874024905174924,45.4064027419929,4.897551661997568e-07],[11.87414891589943,45.40638377610149,4.897551661997568e-07],[11.874164466125972,45.406360341191814,4.897551661997568e-07],[11.874184528157118,45.406330131650826,4.897551661997568e-07],[11.87423918727822,45.406339556327254,4.897551661997568e-07],[11.874250144600852,45.40634144059405,4.897551661997568e-07],[11.874423940778557,45.40631644960304,4.897551661997568e-07],[11.874487372550883,45.4063073805744,4.897551661997568e-07],[11.874498172083738,45.406265882746894,4.897551661997568e-07],[11.87454236249006,45.4062880827231,4.897551661997568e-07],[11.8745515423794,45.40629271216718,4.897551661997568e-07],[11.874672566327778,45.406260229009895,4.897551661997568e-07],[11.87467536029767,45.40625988857579,4.897551661997568e-07],[11.874733587123131,45.4062540109898,4.897551661997568e-07],[11.874727052954084,45.40621592026659,4.897551661997568e-07],[11.874755760812407,45.40618234237481,4.897551661997568e-07],[11.874701840795929,45.406182440682386,4.897551661997568e-07],[11.874688422418041,45.40618241872914,4.897551661997568e-07],[11.874643742722572,45.40620343717313,4.897551661997568e-07],[11.874492482387211,45.406244423066106,4.897551661997568e-07],[11.87443273389096,45.40626060031505,4.897551661997568e-07],[11.874362182650795,45.406270388747615,4.897551661997568e-07],[11.874279065813258,45.406289404910055,4.897551661997568e-07],[11.874270445653229,45.40627062937483,4.897551661997568e-07],[11.874270017148325,45.40626974006491,4.897551661997568e-07],[11.874174607789275,45.40629077603741,4.897551661997568e-07],[11.8740819831224,45.40631129167724,4.897551661997568e-07],[11.874005784984096,45.406328153090925,4.897551661997568e-07],[11.874014455261658,45.406347917521266,4.897551661997568e-07],[11.87401230849982,45.40634842164647,4.897551661997568e-07],[11.873861493022272,45.40637301320881,4.897551661997568e-07],[11.873858273980774,45.40635239143021,4.897551661997568e-07],[11.873857777118598,45.40635015362665,4.897551661997568e-07],[11.87374569433653,45.40636746857244,4.897551661997568e-07],[11.873714099077073,45.40637186485403,4.897551661997568e-07],[11.87371443215297,45.40637842740989,4.897551661997568e-07],[11.873588420501502,45.40640077365223,4.897551661997568e-07],[11.87351737233954,45.40641336447976,4.897551661997568e-07],[11.873354081237517,45.40643385895168,4.897551661997568e-07],[11.873144618451121,45.406461096636484,4.897551661997568e-07],[11.873115257000418,45.40647677801131,4.897551661997568e-07],[11.873086269204657,45.40649227001814,4.897551661997568e-07],[11.873044195088353,45.40649413956852,4.897551661997568e-07],[11.87304624682618,45.406511910382854,4.897551661997568e-07],[11.872914232661637,45.4065544798727,4.897551661997568e-07],[11.872727012521093,45.4065969989503,4.897551661997568e-07],[11.872703640323246,45.40662243086089,4.897551661997568e-07],[11.872578333440584,45.40675943430446,4.897551661997568e-07],[11.872729521879894,45.406666605535854,4.897551661997568e-07],[11.872767816851233,45.406643138199804,4.897551661997568e-07],[11.872929198352262,45.40660514021633,4.897551661997568e-07],[11.873062671664657,45.40657369552435,4.897551661997568e-07],[11.873133008979643,45.406557162329776,4.897551661997568e-07],[11.873125304409282,45.406518650935354,4.897551661997568e-07],[11.873170254487043,45.406513018428406,4.897551661997568e-07]]]}},{"type":"Feature","id":"TP_STR:1793","properties":{"OBJECTID":1793,"TP_STR_SCO":78852.0,"TP_STR_SNO":"VIA SOTTO IL SALONE","Shape_Leng":466.649726989,"Shape_Area":1026.96756858},"geometry":{"type":"Polygon","coordinates":[[[11.875334777580575,45.40740326546675,4.897551661997568e-07],[11.875328387256616,45.407403246434725,4.897551661997568e-07],[11.87532644389363,45.40738259255365,4.897551661997568e-07],[11.875299497839524,45.40733763516962,4.897551661997568e-07],[11.875318753076067,45.40730915605351,4.897551661997568e-07],[11.875304411622484,45.407172698355325,4.897551661997568e-07],[11.875745471486573,45.407201728575714,4.897551661997568e-07],[11.87574460957088,45.40719733969696,4.897551661997568e-07],[11.875740601478201,45.40717880811149,4.897551661997568e-07],[11.875735863690943,45.40715597429044,4.897551661997568e-07],[11.875613672750308,45.40714789228942,4.897551661997568e-07],[11.875354550500367,45.40713083917213,4.897551661997568e-07],[11.875299931973585,45.407127264858005,4.897551661997568e-07],[11.875297386624426,45.407102305519274,4.897551661997568e-07],[11.875303895352761,45.40710214150245,4.897551661997568e-07],[11.875301199346216,45.40707421549014,4.897551661997568e-07],[11.875295700388003,45.40704897056211,4.897551661997568e-07],[11.875240961907272,45.40679894474401,4.897551661997568e-07],[11.875231322900078,45.406755081499426,4.897551661997568e-07],[11.875233259113601,45.406800759102886,4.897551661997568e-07],[11.875243000884007,45.407045437838136,4.897551661997568e-07],[11.875244014702387,45.407070435771345,4.897551661997568e-07],[11.875247235331024,45.407103659271165,4.897551661997568e-07],[11.875253621055151,45.40710358839023,4.897551661997568e-07],[11.875255696595962,45.407124328975954,4.897551661997568e-07],[11.875222746820686,45.407122188864186,4.897551661997568e-07],[11.874831948750712,45.40709648087617,4.897551661997568e-07],[11.874738610166991,45.407090371355935,4.897551661997568e-07],[11.874718463821955,45.407088718648694,4.897551661997568e-07],[11.874721546599782,45.4071116841852,4.897551661997568e-07],[11.874721902321234,45.407113655498,4.897551661997568e-07],[11.87472475255232,45.407134556642376,4.897551661997568e-07],[11.87526069122298,45.407169839531484,4.897551661997568e-07],[11.875273656106353,45.407306872009244,4.897551661997568e-07],[11.874743518316137,45.40727009287492,4.897551661997568e-07],[11.874748762673335,45.40730794604551,4.897551661997568e-07],[11.874750139911837,45.40731745264503,4.897551661997568e-07],[11.874753988861219,45.40734543959731,4.897551661997568e-07],[11.874800015696941,45.407348420571445,4.897551661997568e-07],[11.875281187253368,45.40737968241719,4.897551661997568e-07],[11.875283728132066,45.40740455189215,4.897551661997568e-07],[11.875277346940562,45.407404712693975,4.897551661997568e-07],[11.875281351985391,45.4074433171639,4.897551661997568e-07],[11.875281850822804,45.40746823809679,4.897551661997568e-07],[11.875286119553092,45.40772088578958,4.897551661997568e-07],[11.875287048945047,45.40777189952077,4.897551661997568e-07],[11.875295185425914,45.40772074736818,4.897551661997568e-07],[11.87533531647642,45.407471751438166,4.897551661997568e-07],[11.875339284419924,45.40744671794337,4.897551661997568e-07],[11.875334777580575,45.40740326546675,4.897551661997568e-07]]]}},{"type":"Feature","id":"TP_STR:1801","properties":{"OBJECTID":1801,"TP_STR_SCO":79255.0,"TP_STR_SNO":"VIA SQUARCIONE FRANCESCO","Shape_Leng":148.757610708,"Shape_Area":435.499855124},"geometry":{"type":"Polygon","coordinates":[[[11.874692961966735,45.406830575007874,16.999999505587766],[11.874684008387174,45.40680523696136,16.999999505587766],[11.8747074131342,45.406800596771184,16.999999505587766],[11.874691607703129,45.406758599014346,15.999999504656444],[11.874678615153409,45.40672418150247,16.999999505587766],[11.874678163817723,45.406722842717265,16.999999505587766],[11.874656432117705,45.40666479204213,16.999999505587766],[11.87462930623225,45.40657600293008,15.999999504656444],[11.874623612029122,45.40655697369748,15.999999504656444],[11.874609579324447,45.406507100199335,15.999999504656444],[11.874594315654173,45.4064531171516,15.999999504656444],[11.87458153217124,45.40640771281318,15.999999504656444],[11.874575319812992,45.40640867939295,15.999999504656444],[11.8745515423794,45.40629271216718,15.999999504656444],[11.87454236249006,45.4062880827231,15.999999504656444],[11.874498172083738,45.406265882746894,15.999999504656444],[11.874487372550883,45.4063073805744,15.999999504656444],[11.874514626218037,45.40640372758641,15.999999504656444],[11.874502064724377,45.406405484232366,15.999999504656444],[11.87452836131771,45.4065031154737,15.999999504656444],[11.87451996567688,45.406503867068125,15.999999504656444],[11.87453401865188,45.40658434435555,15.999999504656444],[11.87454292684466,45.40661382406005,15.999999504656444],[11.874605330125682,45.40682108114596,16.999999505587766],[11.874625897020817,45.40684108583932,16.999999505587766],[11.874676315979505,45.40689031266502,16.999999505587766],[11.874692961966735,45.406830575007874,16.999999505587766]]]}},{"type":"Feature","id":"TP_STR:1824","properties":{"OBJECTID":1824,"TP_STR_SCO":80356.0,"TP_STR_SNO":"VIA TADI (DEI)","Shape_Leng":515.654267566,"Shape_Area":2298.79633822},"geometry":{"type":"MultiPolygon","coordinates":[[[[11.868412697429104,45.40683596672711,4.897551661997568e-07],[11.868278576471022,45.40679667237619,4.897551661997568e-07],[11.868260030289251,45.406791287737164,4.897551661997568e-07],[11.868262641256594,45.406810034774416,4.897551661997568e-07],[11.868265293129213,45.40682959085397,4.897551661997568e-07],[11.868265830843606,45.40683263772554,4.897551661997568e-07],[11.86826790856841,45.4068484276969,4.897551661997568e-07],[11.868271503755086,45.40687399092207,4.897551661997568e-07],[11.868286002787098,45.40687011594881,4.897551661997568e-07],[11.868412697429104,45.40683596672711,4.897551661997568e-07]]],[[[11.868412697429104,45.40683596672711,4.897551661997568e-07],[11.868520669701942,45.40687114762292,4.897551661997568e-07],[11.868545355336508,45.40687916827567,4.897551661997568e-07],[11.868568614348135,45.406886774679386,4.897551661997568e-07],[11.868674678633607,45.40687672705498,4.897551661997568e-07],[11.868737884176106,45.406870727361365,4.897551661997568e-07],[11.868738653949729,45.40688592014709,4.897551661997568e-07],[11.868884167170034,45.406882711622956,4.897551661997568e-07],[11.868884454528066,45.406875773435054,4.897551661997568e-07],[11.868971329543054,45.406870348629795,4.897551661997568e-07],[11.868971425440163,45.406864675436054,4.897551661997568e-07],[11.869113351116258,45.40687388852687,4.897551661997568e-07],[11.869097020988974,45.40699797648137,4.897551661997568e-07],[11.869109541791973,45.406997931686874,4.897551661997568e-07],[11.869126789166396,45.40699785801576,4.897551661997568e-07],[11.869156552707992,45.40699764968309,4.897551661997568e-07],[11.86917745425218,45.406878037437394,4.897551661997568e-07],[11.869455070293897,45.406904540951494,4.897551661997568e-07],[11.869776000929518,45.40693094447046,4.897551661997568e-07],[11.869781448067,45.406907314153514,4.897551661997568e-07],[11.869839976734099,45.40691745374442,4.897551661997568e-07],[11.870012221985558,45.406947506142224,4.897551661997568e-07],[11.870056447904727,45.406955304952106,4.897551661997568e-07],[11.870051739290343,45.40697837662016,4.897551661997568e-07],[11.870205515860299,45.40700961342747,4.897551661997568e-07],[11.870221523434052,45.40701281123288,4.897551661997568e-07],[11.870218314458509,45.40703269470487,4.897551661997568e-07],[11.870265284381476,45.4070391642857,4.897551661997568e-07],[11.870481482805738,45.40707162080664,4.897551661997568e-07],[11.870712339928037,45.4071008277372,4.897551661997568e-07],[11.87072297370537,45.40709380924557,4.897551661997568e-07],[11.870773302831397,45.407060678576876,4.897551661997568e-07],[11.870818937208668,45.40703072639513,4.897551661997568e-07],[11.870925529744511,45.40696053498106,4.897551661997568e-07],[11.87082573726141,45.406844769294366,4.897551661997568e-07],[11.87081610173306,45.40683367016119,4.897551661997568e-07],[11.870791680217867,45.406861108354974,4.897551661997568e-07],[11.870774556030591,45.40688125197228,4.897551661997568e-07],[11.870736688444035,45.40691064865264,4.897551661997568e-07],[11.87071246284945,45.40689910645989,4.897551661997568e-07],[11.870672462171175,45.40694187868335,4.897551661997568e-07],[11.87064029652449,45.40701064745943,4.897551661997568e-07],[11.870543786060448,45.40698985221594,4.897551661997568e-07],[11.870542623756526,45.40698961141417,4.897551661997568e-07],[11.870398459767866,45.406958943371485,4.897551661997568e-07],[11.870396135244015,45.406958461762876,4.897551661997568e-07],[11.870114106797601,45.40689786682744,4.897551661997568e-07],[11.870113591792128,45.40689778974846,4.897551661997568e-07],[11.869958480054189,45.406865416252735,4.897551661997568e-07],[11.869742515059729,45.40684006383965,4.897551661997568e-07],[11.869643315791047,45.4068267165308,4.897551661997568e-07],[11.869481057239112,45.40681216459266,4.897551661997568e-07],[11.869394428759641,45.40680732213507,4.897551661997568e-07],[11.869233255064252,45.40679400274268,4.897551661997568e-07],[11.869163422727903,45.40678774761028,4.897551661997568e-07],[11.86911336276255,45.40678333560751,4.897551661997568e-07],[11.869112975330143,45.406783255316135,4.897551661997568e-07],[11.868970224885572,45.40677541311886,4.897551661997568e-07],[11.86872506230772,45.406748812641084,4.897551661997568e-07],[11.868709714901177,45.40677125157067,4.897551661997568e-07],[11.868679019973978,45.40681612948389,4.897551661997568e-07],[11.868669441496698,45.4067506610875,4.897551661997568e-07],[11.868450417233893,45.40676831913025,4.897551661997568e-07],[11.868443506926514,45.4067807345779,4.897551661997568e-07],[11.868412697429104,45.40683596672711,4.897551661997568e-07]]]]}},{"type":"Feature","id":"TP_STR:1917","properties":{"OBJECTID":1917,"TP_STR_SCO":85306.0,"TP_STR_SNO":"VIA VANDELLI DOMENICO","Shape_Leng":224.24572272,"Shape_Area":1158.46424423},"geometry":{"type":"Polygon","coordinates":[[[11.872727012521093,45.4065969989503,15.999999504656444],[11.872608817791642,45.40637548324998,15.999999504656444],[11.8725765297884,45.406383857207004,15.999999504656444],[11.87253178659274,45.406300371829396,15.999999504656444],[11.872568468679926,45.40630052845735,15.999999504656444],[11.872533516379633,45.4062311986002,15.999999504656444],[11.872526410141619,45.40621706546485,14.999999503725121],[11.872470162119651,45.40610578576656,14.999999503725121],[11.8725285711679,45.40609090344765,14.999999503725121],[11.87251209790576,45.40605837352148,14.999999503725121],[11.872453684327079,45.40607316597021,14.999999503725121],[11.87240921494683,45.40598499294476,14.999999503725121],[11.872371538918069,45.40596775884634,14.999999503725121],[11.87227956875544,45.40592560783031,14.999999503725121],[11.872203138789033,45.40597316820012,14.999999503725121],[11.872190135339762,45.40598132659438,14.999999503725121],[11.872234880821697,45.406006934016546,14.999999503725121],[11.872278196501838,45.40608244431432,14.999999503725121],[11.872460814408432,45.40642025502294,15.999999504656444],[11.87247353669177,45.40645692991105,15.999999504656444],[11.872529832311958,45.40661951560623,15.999999504656444],[11.872578333440584,45.40675943430446,15.999999504656444],[11.872703640323246,45.40662243086089,15.999999504656444],[11.872727012521093,45.4065969989503,15.999999504656444]]]}},{"type":"Feature","id":"TP_STR:1941","properties":{"OBJECTID":1941,"TP_STR_SCO":86350.0,"TP_STR_SNO":"VIA VERDI GIUSEPPE","Shape_Leng":249.05609053,"Shape_Area":1927.8818153},"geometry":{"type":"Polygon","coordinates":[[[11.874550935490795,45.40932876144872,4.897551661997568e-07],[11.87460520594498,45.409280137602515,4.897551661997568e-07],[11.874623054508326,45.40926420575789,4.897551661997568e-07],[11.87467892015674,45.409214281565205,4.897551661997568e-07],[11.874671038458235,45.40920502881654,4.897551661997568e-07],[11.874626857237303,45.40915285445042,4.897551661997568e-07],[11.87434762090032,45.40915007768101,4.897551661997568e-07],[11.874345574311954,45.40915003926106,4.897551661997568e-07],[11.874341960143335,45.40915688125741,4.897551661997568e-07],[11.874303298156654,45.40922851500828,4.897551661997568e-07],[11.874265283572427,45.40916439354626,4.897551661997568e-07],[11.874256617644356,45.40914975978587,4.897551661997568e-07],[11.873913795165164,45.40914552330536,4.897551661997568e-07],[11.873596274790366,45.409138758275276,4.897551661997568e-07],[11.873531822686287,45.40913786109499,4.897551661997568e-07],[11.873384471550914,45.409135181014214,4.897551661997568e-07],[11.873374885768065,45.40913515236702,4.897551661997568e-07],[11.873358085448933,45.40915411806417,4.897551661997568e-07],[11.873287592995041,45.40923312397789,4.897551661997568e-07],[11.873387081376924,45.40927976547574,4.897551661997568e-07],[11.873406850599029,45.409289078969984,4.897551661997568e-07],[11.873467589431666,45.40931752359088,4.897551661997568e-07],[11.873488433707012,45.40931528842688,4.897551661997568e-07],[11.873611987127719,45.40931739756734,4.897551661997568e-07],[11.87361288512948,45.40931746492728,4.897551661997568e-07],[11.873720963622965,45.40931933361881,4.897551661997568e-07],[11.873786318497359,45.409320387963945,4.897551661997568e-07],[11.873787088762915,45.40932045859726,4.897551661997568e-07],[11.874300350742983,45.409324002562485,4.897551661997568e-07],[11.874551035531873,45.409325698483364,4.897551661997568e-07],[11.874550935490795,45.40932876144872,4.897551661997568e-07]]]}},{"type":"Feature","id":"TP_STR:1951","properties":{"OBJECTID":1951,"TP_STR_SCO":86800.0,"TP_STR_SNO":"VIA VESCOVADO (DEL)","Shape_Leng":699.808256327,"Shape_Area":3265.36180803},"geometry":{"type":"MultiPolygon","coordinates":[[[[11.868902072525701,45.40555394562638,4.897551661997568e-07],[11.868873208258018,45.40553405848487,4.897551661997568e-07],[11.868853081296095,45.40552016252391,4.897551661997568e-07],[11.86862647434329,45.40550155647204,4.897551661997568e-07],[11.868612103206923,45.40550794863492,4.897551661997568e-07],[11.86855761308685,45.40553209171589,4.897551661997568e-07],[11.868596435019791,45.405582062845745,4.897551661997568e-07],[11.868605600452947,45.405593984115455,4.897551661997568e-07],[11.868683598903111,45.4056000342832,4.897551661997568e-07],[11.868781478816723,45.4056075648088,4.897551661997568e-07],[11.868869481888087,45.40561435338971,4.897551661997568e-07],[11.868878484211615,45.40559783478772,4.897551661997568e-07],[11.868902072525701,45.40555394562638,4.897551661997568e-07]]],[[[11.868902072525701,45.40555394562638,4.897551661997568e-07],[11.868928214682112,45.40560837601477,4.897551661997568e-07],[11.868997731108035,45.405613469088685,4.897551661997568e-07],[11.868997822235965,45.405612746702424,4.897551661997568e-07],[11.869171089055971,45.40562774261589,4.897551661997568e-07],[11.869170683393744,45.40562982312542,4.897551661997568e-07],[11.869225828792034,45.405636267509294,4.897551661997568e-07],[11.869306812740485,45.40564575267506,4.897551661997568e-07],[11.86930580079092,45.40565099885378,4.897551661997568e-07],[11.869621961109951,45.405686794085796,4.897551661997568e-07],[11.8696221570972,45.40568561895218,4.897551661997568e-07],[11.86990264323835,45.40572348079858,4.897551661997568e-07],[11.869903545737628,45.40572363810811,4.897551661997568e-07],[11.869903974155454,45.40572200707576,4.897551661997568e-07],[11.869905031699137,45.40571765990681,4.897551661997568e-07],[11.870121056192742,45.4057467910608,4.897551661997568e-07],[11.87015443382989,45.4057195777737,4.897551661997568e-07],[11.870164246354971,45.40577450867085,4.897551661997568e-07],[11.870272363587798,45.40578736115089,4.897551661997568e-07],[11.870422645827897,45.40580518366273,4.897551661997568e-07],[11.870423288473892,45.40580525752931,4.897551661997568e-07],[11.87057743130899,45.405823612778455,4.897551661997568e-07],[11.870714308892838,45.405836641442285,4.897551661997568e-07],[11.870714217765984,45.40583232310803,4.897551661997568e-07],[11.870917622307381,45.40584943855521,4.897551661997568e-07],[11.8709160863251,45.40586198891565,4.897551661997568e-07],[11.87104487389521,45.40587675095842,4.897551661997568e-07],[11.871304769139904,45.40590666621759,4.897551661997568e-07],[11.871343592908888,45.40587850546294,4.897551661997568e-07],[11.87140016944374,45.40583756618106,4.897551661997568e-07],[11.871424632526496,45.40591427138712,4.897551661997568e-07],[11.871425658041112,45.4059143355554,4.897551661997568e-07],[11.87144247205264,45.405915802720365,4.897551661997568e-07],[11.871526405586957,45.4059229617042,4.897551661997568e-07],[11.871840704178606,45.405949706383026,4.897551661997568e-07],[11.871841884564537,45.405942745710085,4.897551661997568e-07],[11.872020531263002,45.40595796190127,4.897551661997568e-07],[11.872171438687836,45.40597297602368,4.897551661997568e-07],[11.872190135339762,45.40598132659438,4.897551661997568e-07],[11.872203138789033,45.40597316820012,4.897551661997568e-07],[11.87227956875544,45.40592560783031,4.897551661997568e-07],[11.872257406719854,45.405866577386405,4.897551661997568e-07],[11.872251216671415,45.40585035091889,4.897551661997568e-07],[11.872027529667816,45.405849050554664,4.897551661997568e-07],[11.871804175116381,45.40583414949925,4.897551661997568e-07],[11.871557201846135,45.405827223371155,4.897551661997568e-07],[11.871546972013702,45.40568850141181,4.897551661997568e-07],[11.87154047148003,45.40561071411481,4.897551661997568e-07],[11.871539190668722,45.4056106563149,4.897551661997568e-07],[11.87153778684959,45.40561069164412,4.897551661997568e-07],[11.871536952247862,45.40557407749541,4.897551661997568e-07],[11.871522768262867,45.405574074437,4.897551661997568e-07],[11.871512034474256,45.40557407452415,4.897551661997568e-07],[11.871487367357743,45.40557397520593,4.897551661997568e-07],[11.871489172727351,45.40560957472934,4.897551661997568e-07],[11.87149354949124,45.405703437746325,4.897551661997568e-07],[11.871498113194313,45.40579846620443,4.897551661997568e-07],[11.871402484327017,45.40579250162115,4.897551661997568e-07],[11.871122644370752,45.405774970104204,4.897551661997568e-07],[11.870994640970023,45.405763068855244,4.897551661997568e-07],[11.870994709342337,45.40576441729123,4.897551661997568e-07],[11.870826400734268,45.405748939382725,4.897551661997568e-07],[11.87082686105876,45.40574541730222,4.897551661997568e-07],[11.870749354487552,45.40573647584668,4.897551661997568e-07],[11.870651797825017,45.40572524837112,4.897551661997568e-07],[11.870450763881665,45.40570195197657,4.897551661997568e-07],[11.870448279662618,45.40573612920558,4.897551661997568e-07],[11.87037130177233,45.405730054630055,4.897551661997568e-07],[11.87029813895422,45.405721093570776,4.897551661997568e-07],[11.870304611362828,45.40568996644187,4.897551661997568e-07],[11.870265263334048,45.405685105411024,4.897551661997568e-07],[11.870166457952553,45.4056694082954,4.897551661997568e-07],[11.86999911623842,45.40564274328546,4.897551661997568e-07],[11.869966263184436,45.4056374487403,4.897551661997568e-07],[11.869965793694455,45.40564079103858,4.897551661997568e-07],[11.869823720866826,45.40561853085177,4.897551661997568e-07],[11.869823957931404,45.405615644509574,4.897551661997568e-07],[11.869797700076012,45.405614414630364,4.897551661997568e-07],[11.869732750597823,45.40560866715485,4.897551661997568e-07],[11.869620440643502,45.40559375926578,4.897551661997568e-07],[11.869452761973577,45.40557052239272,4.897551661997568e-07],[11.869349946061206,45.4055563656162,4.897551661997568e-07],[11.869254837574083,45.40554300507035,4.897551661997568e-07],[11.869171160026383,45.40553583797585,4.897551661997568e-07],[11.869155891224665,45.40553460166322,4.897551661997568e-07],[11.869147924158947,45.405533721885924,4.897551661997568e-07],[11.869148142934575,45.40553299628978,4.897551661997568e-07],[11.869148530374583,45.405530556162255,4.897551661997568e-07],[11.868933833254045,45.40550742064832,4.897551661997568e-07],[11.868902072525701,45.40555394562638,4.897551661997568e-07]]]]}},{"type":"Feature","id":"TP_STR:2040","properties":{"OBJECTID":2040,"TP_STR_SCO":15804.0,"TP_STR_SNO":"VICOLO CAPPELLATO PEDROCCHI","Shape_Leng":46.4995800267,"Shape_Area":107.508112873},"geometry":{"type":"Polygon","coordinates":[[[11.876996257720725,45.40744338581298,17.99999950651909],[11.876957136317172,45.4073600304204,17.99999950651909],[11.87693205876724,45.40736444326496,17.99999950651909],[11.876906853560204,45.407368859322716,17.99999950651909],[11.876894064124754,45.40737116206484,17.99999950651909],[11.876890413251498,45.40737224425356,17.99999950651909],[11.876900685304077,45.4073983589519,17.99999950651909],[11.87691112147804,45.407425189548306,17.99999950651909],[11.876911986792411,45.40745982259908,17.99999950651909],[11.876910886314514,45.40748343363569,17.99999950651909],[11.87690590664107,45.407503631983026,17.99999950651909],[11.876935111361455,45.407517567675356,17.99999950651909],[11.87695805242099,45.40752392020242,17.99999950651909],[11.876980865995401,45.40753027593931,17.99999950651909],[11.876999521101768,45.40748245897484,17.99999950651909],[11.876996257720725,45.40744338581298,17.99999950651909]]]}},{"type":"Feature","id":"TP_STR:2064","properties":{"OBJECTID":2064,"TP_STR_SCO":74452.0,"TP_STR_SNO":"VICOLO SANT'ANDREA","Shape_Leng":91.4928043228,"Shape_Area":344.740327052},"geometry":{"type":"Polygon","coordinates":[[[11.877079146659337,45.4082220647811,16.999999505587766],[11.87704054101422,45.4081916238681,16.999999505587766],[11.877022807678921,45.40816956783488,16.999999505587766],[11.877005078929841,45.40814760177418,16.999999505587766],[11.876982326029665,45.408114780789084,16.999999505587766],[11.876956554694086,45.40807285462727,16.999999505587766],[11.876942586216904,45.40804944353131,16.999999505587766],[11.876938332321602,45.40803865927751,16.999999505587766],[11.8769091938623,45.40796567363434,16.999999505587766],[11.876813115216674,45.40796854619524,16.999999505587766],[11.876769987232997,45.407969813573224,16.999999505587766],[11.876824215372006,45.408063769626864,17.99999950651909],[11.876825058708325,45.40806527858669,17.99999950651909],[11.876859706564527,45.4081259735924,16.999999505587766],[11.876859984634208,45.40812641669091,16.999999505587766],[11.876894782980402,45.40818755794308,17.99999950651909],[11.876914135676085,45.408221364780985,17.99999950651909],[11.876921480556518,45.40823765190574,17.99999950651909],[11.876939868586124,45.408244929305205,17.99999950651909],[11.877023325825057,45.408277839932715,17.99999950651909],[11.877058104424673,45.40824302822759,16.999999505587766],[11.877079146659337,45.4082220647811,16.999999505587766]]]}}]}
