{"type":"FeatureCollection","crs":{"type":"name","properties":{"name":"EPSG:6706"}},"features":[{"type":"Feature","id":"UN_VOL:22977","properties":{"OBJECTID":22977,"UN_VOL_POR":"01","UN_VOL_STA":"","UN_VOL_QGR":33.14,"UN_VOL_QCO":0.0,"UN_VOL_AV":16.69,"UN_VOL_INH":0.0,"Shape_Leng":92.3798881126,"Shape_Area":352.73045392},"geometry":{"type":"Polygon","coordinates":[[[11.873959315472858,45.407414065197194,17.0],[11.873934229958047,45.407357898954906,17.0],[11.873878896165422,45.407365413505985,17.0],[11.873869058476567,45.40733523716579,17.0],[11.873922978632923,45.40732505799095,17.0],[11.87391902672495,45.407317686374014,17.0],[11.873893594059464,45.40725720856877,17.0],[11.873892304094333,45.407254450388315,17.0],[11.873879692449794,45.407257738413925,17.0],[11.873780037823531,45.40728329177991,17.0],[11.873777202401554,45.40727274156962,17.0],[11.873729211562976,45.40727890088859,17.0],[11.873732398310365,45.40729637312619,17.0],[11.87371185093679,45.40729941115608,17.0],[11.873707515528682,45.40727692717612,17.0],[11.873677505486347,45.40727984333466,17.0],[11.87367768791248,45.40728091891194,17.0],[11.873701654787899,45.40747114199487,17.0],[11.873816784748719,45.40745086992853,17.0],[11.873923376735155,45.40742352173422,17.0],[11.873959315472858,45.407414065197194,17.0]]]}},{"type":"Feature","id":"UN_VOL:22982","properties":{"OBJECTID":22982,"UN_VOL_POR":"01","UN_VOL_STA":"","UN_VOL_QGR":29.51,"UN_VOL_QCO":0.0,"UN_VOL_AV":13.06,"UN_VOL_INH":0.0,"Shape_Leng":56.1785561102,"Shape_Area":120.765204811},"geometry":{"type":"Polygon","coordinates":[[[11.873500050426735,45.40729826424661,17.0],[11.8734454279909,45.40730720103152,17.0],[11.873443569649872,45.40733857203085,17.0],[11.873379279116056,45.407340821383,17.0],[11.87338140304837,45.40743051024659,17.0],[11.873434772493756,45.40742961648267,17.0],[11.8734322531575,45.407447952409825,17.0],[11.873428630682826,45.407477297538094,17.0],[11.87347210496265,45.40748034330633,17.0],[11.873486085106734,45.407398259933785,17.0],[11.873490031468695,45.4073752972404,17.0],[11.873500050426735,45.40729826424661,17.0]]]}},{"type":"Feature","id":"UN_VOL:22985","properties":{"OBJECTID":22985,"UN_VOL_POR":"01","UN_VOL_STA":"","UN_VOL_QGR":30.84,"UN_VOL_QCO":0.0,"UN_VOL_AV":14.39,"UN_VOL_INH":0.0,"Shape_Leng":69.3726284798,"Shape_Area":185.792690039},"geometry":{"type":"Polygon","coordinates":[[[11.873701654787899,45.40747114199487,17.0],[11.87367768791248,45.40728091891194,17.0],[11.873674192067375,45.40727497615931,17.0],[11.873617713738792,45.40728008892519,17.0],[11.873641734719337,45.407370666669756,17.0],[11.87354303153396,45.40737468286848,17.0],[11.873540188468981,45.40748483959681,17.0],[11.873699754479876,45.40747145960561,17.0],[11.873701654787899,45.40747114199487,17.0]]]}},{"type":"Feature","id":"UN_VOL:22986","properties":{"OBJECTID":22986,"UN_VOL_POR":"01","UN_VOL_STA":"","UN_VOL_QGR":31.77,"UN_VOL_QCO":0.0,"UN_VOL_AV":15.32,"UN_VOL_INH":0.0,"Shape_Leng":56.0664125389,"Shape_Area":81.7982171665},"geometry":{"type":"Polygon","coordinates":[[[11.873540188468981,45.40748483959681,17.0],[11.87354303153396,45.40737468286848,17.0],[11.873510255268652,45.40737595814844,17.0],[11.873511393075399,45.4073429848415,17.0],[11.87354548198562,45.407342396487934,17.0],[11.873543519694188,45.407291138724226,17.0],[11.873500050426735,45.40729826424661,17.0],[11.873490031468695,45.4073752972404,17.0],[11.873486085106734,45.407398259933785,17.0],[11.87347210496265,45.40748034330633,17.0],[11.873539167641388,45.407484865305385,17.0],[11.873540188468981,45.40748483959681,17.0]]]}},{"type":"Feature","id":"UN_VOL:23000","properties":{"OBJECTID":23000,"UN_VOL_POR":"01","UN_VOL_STA":"","UN_VOL_QGR":31.33,"UN_VOL_QCO":0.0,"UN_VOL_AV":14.61,"UN_VOL_INH":0.0,"Shape_Leng":44.5661987611,"Shape_Area":108.876445409},"geometry":{"type":"Polygon","coordinates":[[[11.877675491984954,45.40734875630875,16.0],[11.877630304661004,45.40727680601017,16.0],[11.877596682173694,45.407289085228285,17.0],[11.877583141950671,45.407266563787324,17.0],[11.877500244325727,45.40728989725545,17.0],[11.877552641405725,45.407393080417336,17.0],[11.877643103742667,45.40735263356885,17.0],[11.877675491984954,45.40734875630875,16.0]]]}},{"type":"Feature","id":"UN_VOL:23035","properties":{"OBJECTID":23035,"UN_VOL_POR":"01","UN_VOL_STA":"","UN_VOL_QGR":32.93,"UN_VOL_QCO":0.0,"UN_VOL_AV":16.16,"UN_VOL_INH":0.0,"Shape_Leng":28.9588767717,"Shape_Area":38.8736622129},"geometry":{"type":"Polygon","coordinates":[[[11.872578366928161,45.40735450663447,17.0],[11.872585968861731,45.40732803172192,17.0],[11.872489885588205,45.4073156884276,17.0],[11.872473839296866,45.40737721077409,17.0],[11.872481423384574,45.40737810001835,17.0],[11.872486569686584,45.40737878088237,17.0],[11.872524113865547,45.407383326223716,17.0],[11.872531907247906,45.4073505455584,17.0],[11.872578366928161,45.40735450663447,17.0]]]}},{"type":"Feature","id":"UN_VOL:23036","properties":{"OBJECTID":23036,"UN_VOL_POR":"01","UN_VOL_STA":"","UN_VOL_QGR":29.84,"UN_VOL_QCO":0.0,"UN_VOL_AV":13.8,"UN_VOL_INH":0.0,"Shape_Leng":20.1450188565,"Shape_Area":20.5274760351},"geometry":{"type":"Polygon","coordinates":[[[11.870958331170872,45.40741337292372,16.0],[11.870951763153181,45.40738968513923,16.0],[11.870917418175036,45.407395319831174,16.0],[11.87091477020986,45.40738593505167,16.0],[11.870870193060796,45.40739137733667,16.0],[11.870870963053727,45.40739396815075,16.0],[11.870879427798425,45.40742480962152,16.0],[11.870958331170872,45.40741337292372,16.0]]]}},{"type":"Feature","id":"UN_VOL:23043","properties":{"OBJECTID":23043,"UN_VOL_POR":"01","UN_VOL_STA":"","UN_VOL_QGR":32.2,"UN_VOL_QCO":0.0,"UN_VOL_AV":15.75,"UN_VOL_INH":0.0,"Shape_Leng":12.6217537627,"Shape_Area":9.68798712649},"geometry":{"type":"Polygon","coordinates":[[[11.872918443487672,45.40735521579765,17.0],[11.872871168230038,45.40735532594151,16.0],[11.872871087169283,45.40737891127682,17.0],[11.87291761065496,45.40737909020196,17.0],[11.872918443487672,45.40735521579765,17.0]]]}},{"type":"Feature","id":"UN_VOL:33512","properties":{"OBJECTID":33512,"UN_VOL_POR":"01","UN_VOL_STA":"","UN_VOL_QGR":32.32,"UN_VOL_QCO":0.0,"UN_VOL_AV":16.42,"UN_VOL_INH":0.0,"Shape_Leng":29.8963598074,"Shape_Area":50.6268630014},"geometry":{"type":"Polygon","coordinates":[[[11.876475743810845,45.408904001043446,16.0],[11.876418055665669,45.408900414666775,16.0],[11.876397590074815,45.40898806273252,16.0],[11.876473582789007,45.40898974769751,16.0],[11.876473786606372,45.4089736300339,16.0],[11.876475743810845,45.408904001043446,16.0]]]}},{"type":"Feature","id":"UN_VOL:33513","properties":{"OBJECTID":33513,"UN_VOL_POR":"01","UN_VOL_STA":"","UN_VOL_QGR":32.74,"UN_VOL_QCO":0.0,"UN_VOL_AV":16.69,"UN_VOL_INH":0.0,"Shape_Leng":62.8648015112,"Shape_Area":147.501883003},"geometry":{"type":"Polygon","coordinates":[[[11.873823562887118,45.408996754930534,17.0],[11.873557746057063,45.40899147808682,16.0],[11.873508153668512,45.40899380719315,16.0],[11.873514725292226,45.40905529995637,16.0],[11.873527269641448,45.40905570441496,16.0],[11.873532132795049,45.40905585169193,16.0],[11.873724030794344,45.409060020330955,16.0],[11.873724903980433,45.409026873600354,17.0],[11.873822507322176,45.40902882608403,17.0],[11.873823562887118,45.408996754930534,17.0]]]}},{"type":"Feature","id":"UN_VOL:33515","properties":{"OBJECTID":33515,"UN_VOL_POR":"01","UN_VOL_STA":"","UN_VOL_QGR":30.32,"UN_VOL_QCO":0.0,"UN_VOL_AV":14.38,"UN_VOL_INH":0.0,"Shape_Leng":51.1533323215,"Shape_Area":142.293016823},"geometry":{"type":"Polygon","coordinates":[[[11.874263633331372,45.408950655281494,16.0],[11.874159602915324,45.4089479649927,16.0],[11.874119560043688,45.40894708344299,16.0],[11.874118621563486,45.408953768204974,16.0],[11.874073254561997,45.40895626087382,16.0],[11.874071762857131,45.409009946055406,16.0],[11.874128575436941,45.40901139533179,16.0],[11.874127789191267,45.40904624998464,16.0],[11.874260171062094,45.40904858630901,16.0],[11.874263633331372,45.408950655281494,16.0]]]}},{"type":"Feature","id":"UN_VOL:33519","properties":{"OBJECTID":33519,"UN_VOL_POR":"03","UN_VOL_STA":"","UN_VOL_QGR":27.82,"UN_VOL_QCO":0.0,"UN_VOL_AV":11.16,"UN_VOL_INH":3.87,"Shape_Leng":19.5515787606,"Shape_Area":23.3975562248},"geometry":{"type":"Polygon","coordinates":[[[11.87601763181813,45.40781505536311,17.0],[11.876008753443669,45.40777864413972,17.0],[11.875938747651288,45.4077840994144,17.0],[11.875945127872562,45.40782165378127,17.0],[11.875964343962591,45.40782008926311,17.0],[11.87601763181813,45.40781505536311,17.0]]]}},{"type":"Feature","id":"UN_VOL:33525","properties":{"OBJECTID":33525,"UN_VOL_POR":"03","UN_VOL_STA":"","UN_VOL_QGR":26.49,"UN_VOL_QCO":0.0,"UN_VOL_AV":9.77,"UN_VOL_INH":3.6,"Shape_Leng":22.9861000091,"Shape_Area":25.4187914359},"geometry":{"type":"Polygon","coordinates":[[[11.873649673753432,45.4078694962955,17.0],[11.873640930005106,45.407843252886124,17.0],[11.873533252217026,45.407864327223336,16.0],[11.873548705115846,45.40788932189507,16.0],[11.873649673753432,45.4078694962955,17.0]]]}},{"type":"Feature","id":"UN_VOL:33526","properties":{"OBJECTID":33526,"UN_VOL_POR":"03","UN_VOL_STA":"","UN_VOL_QGR":22.29,"UN_VOL_QCO":0.0,"UN_VOL_AV":6.81,"UN_VOL_INH":2.76,"Shape_Leng":22.60699108,"Shape_Area":21.8991120129},"geometry":{"type":"Polygon","coordinates":[[[11.870947877922793,45.40795317136296,15.0],[11.87092438056375,45.40787536184842,15.0],[11.87089352299853,45.40787919867624,15.0],[11.870916108379031,45.4079566713461,15.0],[11.870947877922793,45.40795317136296,15.0]]]}},{"type":"Feature","id":"UN_VOL:33527","properties":{"OBJECTID":33527,"UN_VOL_POR":"03","UN_VOL_STA":"","UN_VOL_QGR":26.71,"UN_VOL_QCO":0.0,"UN_VOL_AV":10.35,"UN_VOL_INH":3.7,"Shape_Leng":43.4014850795,"Shape_Area":50.6545139345},"geometry":{"type":"Polygon","coordinates":[[[11.875044798603916,45.407827960901884,16.0],[11.874802894668113,45.40782793512181,16.0],[11.874800357769416,45.407850952004615,16.0],[11.875044654677696,45.407852807696635,16.0],[11.875044798603916,45.407827960901884,16.0]]]}},{"type":"Feature","id":"UN_VOL:33532","properties":{"OBJECTID":33532,"UN_VOL_POR":"03","UN_VOL_STA":"","UN_VOL_QGR":28.89,"UN_VOL_QCO":0.0,"UN_VOL_AV":12.23,"UN_VOL_INH":3.87,"Shape_Leng":57.4609927841,"Shape_Area":103.509046266},"geometry":{"type":"Polygon","coordinates":[[[11.875945127872562,45.40782165378127,17.0],[11.875938747651288,45.4077840994144,17.0],[11.875873832274344,45.40778915581438,17.0],[11.875841252028577,45.40779177713625,17.0],[11.875670851139049,45.40780570333566,17.0],[11.875625672757199,45.40780936247739,16.0],[11.87563625976276,45.407846720793636,17.0],[11.875945127872562,45.40782165378127,17.0]]]}},{"type":"Feature","id":"UN_VOL:33534","properties":{"OBJECTID":33534,"UN_VOL_POR":"03","UN_VOL_STA":"","UN_VOL_QGR":27.76,"UN_VOL_QCO":0.0,"UN_VOL_AV":10.21,"UN_VOL_INH":6.12,"Shape_Leng":31.7401823623,"Shape_Area":32.890669443},"geometry":{"type":"Polygon","coordinates":[[[11.876777232031952,45.407820660003395,18.0],[11.876780842056123,45.40769554155308,18.0],[11.876746841817255,45.40772052235323,18.0],[11.876743986061184,45.40782275847703,18.0],[11.876777232031952,45.407820660003395,18.0]]]}},{"type":"Feature","id":"UN_VOL:33535","properties":{"OBJECTID":33535,"UN_VOL_POR":"03","UN_VOL_STA":"","UN_VOL_QGR":25.39,"UN_VOL_QCO":0.0,"UN_VOL_AV":9.23,"UN_VOL_INH":3.66,"Shape_Leng":60.1640635121,"Shape_Area":107.578736441},"geometry":{"type":"Polygon","coordinates":[[[11.875283452126084,45.40782185718729,16.0],[11.875281410461902,45.40782190863592,16.0],[11.875278219739828,45.40782198903999,16.0],[11.875084727262982,45.40782911514488,16.0],[11.875088968845358,45.4078648332452,16.0],[11.875280674717887,45.407860272295025,16.0],[11.875423755882265,45.40785693679425,16.0],[11.87541528883495,45.40782105505002,16.0],[11.875283452126084,45.40782185718729,16.0]]]}},{"type":"Feature","id":"UN_VOL:33537","properties":{"OBJECTID":33537,"UN_VOL_POR":"03","UN_VOL_STA":"","UN_VOL_QGR":23.66,"UN_VOL_QCO":0.0,"UN_VOL_AV":6.94,"UN_VOL_INH":3.0,"Shape_Leng":25.2971743367,"Shape_Area":27.5538319763},"geometry":{"type":"Polygon","coordinates":[[[11.874257033687254,45.40788930329305,17.0],[11.874252346829362,45.407799498918706,17.0],[11.874216753076313,45.40780318581211,17.0],[11.874221302974487,45.40789029340371,17.0],[11.874257033687254,45.40788930329305,17.0]]]}},{"type":"Feature","id":"UN_VOL:33538","properties":{"OBJECTID":33538,"UN_VOL_POR":"03","UN_VOL_STA":"","UN_VOL_QGR":29.19,"UN_VOL_QCO":0.0,"UN_VOL_AV":12.53,"UN_VOL_INH":3.85,"Shape_Leng":33.6407867064,"Shape_Area":53.1028506244},"geometry":{"type":"Polygon","coordinates":[[[11.87563625976276,45.407846720793636,17.0],[11.875625672757199,45.40780936247739,16.0],[11.875474360714245,45.40782172673567,16.0],[11.875467869867729,45.40782225049875,16.0],[11.875474509697842,45.40785988839619,16.0],[11.87549474263547,45.40785820828482,16.0],[11.87563625976276,45.407846720793636,17.0]]]}},{"type":"Feature","id":"UN_VOL:33540","properties":{"OBJECTID":33540,"UN_VOL_POR":"03","UN_VOL_STA":"","UN_VOL_QGR":29.39,"UN_VOL_QCO":0.0,"UN_VOL_AV":12.63,"UN_VOL_INH":4.2,"Shape_Leng":35.5964681085,"Shape_Area":56.9798183831},"geometry":{"type":"Polygon","coordinates":[[[11.87616359115125,45.40784072058451,17.0],[11.876176891378114,45.40783840507398,17.0],[11.876174707390987,45.40783314931474,17.0],[11.876127192879018,45.407720391046794,17.0],[11.876075364507203,45.40772898852224,17.0],[11.876079718196905,45.40773923026429,17.0],[11.876123973569252,45.407845679721035,17.0],[11.87616359115125,45.40784072058451,17.0]]]}},{"type":"Feature","id":"UN_VOL:33549","properties":{"OBJECTID":33549,"UN_VOL_POR":"03","UN_VOL_STA":"","UN_VOL_QGR":30.14,"UN_VOL_QCO":0.0,"UN_VOL_AV":14.12,"UN_VOL_INH":4.0,"Shape_Leng":31.9112595826,"Shape_Area":17.3885249591},"geometry":{"type":"Polygon","coordinates":[[[11.873481169323497,45.40790065381422,16.0],[11.87347558042807,45.40789125350095,16.0],[11.87329330628191,45.407923027261155,17.0],[11.873297554617777,45.40793372160645,17.0],[11.873481169323497,45.40790065381422,16.0]]]}},{"type":"Feature","id":"UN_VOL:33551","properties":{"OBJECTID":33551,"UN_VOL_POR":"03","UN_VOL_STA":"","UN_VOL_QGR":24.25,"UN_VOL_QCO":0.0,"UN_VOL_AV":7.53,"UN_VOL_INH":3.0,"Shape_Leng":10.9429740025,"Shape_Area":7.52510606065},"geometry":{"type":"Polygon","coordinates":[[[11.874258243090987,45.40791312626072,17.0],[11.874257271014239,45.4078939781884,17.0],[11.874257033687254,45.40788930329305,17.0],[11.874221302974487,45.40789029340371,17.0],[11.874221535733092,45.40789487836743,17.0],[11.874222530625074,45.40791447609927,17.0],[11.874226118052174,45.40791465548229,17.0],[11.874242180581733,45.40791389106729,17.0],[11.874258243090987,45.40791312626072,17.0]]]}},{"type":"Feature","id":"UN_VOL:33553","properties":{"OBJECTID":33553,"UN_VOL_POR":"03","UN_VOL_STA":"","UN_VOL_QGR":32.43,"UN_VOL_QCO":0.0,"UN_VOL_AV":16.41,"UN_VOL_INH":4.0,"Shape_Leng":47.0394954788,"Shape_Area":26.5421240954},"geometry":{"type":"Polygon","coordinates":[[[11.873297554617777,45.40793372160645,17.0],[11.87329330628191,45.407923027261155,17.0],[11.87347558042807,45.40789125350095,16.0],[11.873481169323497,45.40790065381422,16.0],[11.873498266304889,45.40789761306286,16.0],[11.873487371756724,45.4078793448057,16.0],[11.873292489841422,45.40791449649439,17.0],[11.873238787305182,45.40792394990565,17.0],[11.873246906017371,45.4079429184137,17.0],[11.873297554617777,45.40793372160645,17.0]]]}},{"type":"Feature","id":"UN_VOL:27035","properties":{"OBJECTID":27035,"UN_VOL_POR":"01","UN_VOL_STA":"","UN_VOL_QGR":32.21,"UN_VOL_QCO":0.0,"UN_VOL_AV":16.19,"UN_VOL_INH":0.0,"Shape_Leng":48.7430399262,"Shape_Area":49.0104975335},"geometry":{"type":"Polygon","coordinates":[[[11.873263273987348,45.40824026757314,17.0],[11.873298621730667,45.40823172659552,17.0],[11.873261757335966,45.40815749429836,17.0],[11.873235313232154,45.40809722191611,17.0],[11.87319228113032,45.40810793662411,17.0],[11.87318824228717,45.40810893840423,17.0],[11.873185448256564,45.40810927890098,17.0],[11.873197423643493,45.4081362509996,17.0],[11.873226750122077,45.40812993196225,17.0],[11.873242636419072,45.408165986837815,17.0],[11.873203619762599,45.40817525051302,17.0],[11.87320960100007,45.408192382254406,17.0],[11.873240481233296,45.40818395379179,17.0],[11.873257288716774,45.40822304588947,17.0],[11.87324554718633,45.40822586208951,17.0],[11.873249891972277,45.40824096474055,17.0],[11.873262955335287,45.40823901572198,17.0],[11.873263273987348,45.40824026757314,17.0]]]}},{"type":"Feature","id":"UN_VOL:27331","properties":{"OBJECTID":27331,"UN_VOL_POR":"01","UN_VOL_STA":"","UN_VOL_QGR":26.58,"UN_VOL_QCO":0.0,"UN_VOL_AV":10.48,"UN_VOL_INH":0.0,"Shape_Leng":22.0724061914,"Shape_Area":20.3054583756},"geometry":{"type":"Polygon","coordinates":[[[11.874497185436768,45.40819964792099,16.0],[11.874431982201923,45.40819399947179,17.0],[11.874385494344507,45.408189499581155,17.0],[11.87438241008429,45.40821181064777,17.0],[11.874423496766957,45.40821563618415,17.0],[11.874494866999974,45.408216898636994,16.0],[11.874497185436768,45.40819964792099,16.0]]]}},{"type":"Feature","id":"UN_VOL:27334","properties":{"OBJECTID":27334,"UN_VOL_POR":"01","UN_VOL_STA":"","UN_VOL_QGR":28.78,"UN_VOL_QCO":0.0,"UN_VOL_AV":12.64,"UN_VOL_INH":0.0,"Shape_Leng":39.134378627,"Shape_Area":91.3031572066},"geometry":{"type":"Polygon","coordinates":[[[11.876859706544767,45.4081259734182,17.0],[11.876825058922005,45.408065278768134,18.0],[11.876824215217866,45.40806376963481,18.0],[11.876680663299963,45.40809808316224,17.0],[11.876707464983966,45.40814520396638,17.0],[11.876718410853353,45.408164460745795,17.0],[11.876859706544767,45.4081259734182,17.0]]]}},{"type":"Feature","id":"UN_VOL:27339","properties":{"OBJECTID":27339,"UN_VOL_POR":"01","UN_VOL_STA":"","UN_VOL_QGR":28.74,"UN_VOL_QCO":0.0,"UN_VOL_AV":12.58,"UN_VOL_INH":0.0,"Shape_Leng":16.4425058258,"Shape_Area":16.589349696},"geometry":{"type":"Polygon","coordinates":[[[11.874248684194951,45.40819051585624,17.0],[11.87424686991786,45.408190021277676,17.0],[11.874222101097148,45.40818290430331,17.0],[11.874202925119908,45.40818023687756,17.0],[11.874190023735855,45.40822313761785,17.0],[11.874226452150427,45.40823086136136,17.0],[11.874248684194951,45.40819051585624,17.0]]]}},{"type":"Feature","id":"UN_VOL:27973","properties":{"OBJECTID":27973,"UN_VOL_POR":"01","UN_VOL_STA":"","UN_VOL_QGR":26.73,"UN_VOL_QCO":0.0,"UN_VOL_AV":10.81,"UN_VOL_INH":0.0,"Shape_Leng":99.6105752222,"Shape_Area":375.493812785},"geometry":{"type":"Polygon","coordinates":[[[11.874835408771654,45.40641463835715,16.0],[11.874911958360958,45.40640721872498,16.0],[11.874899870686077,45.40634532472263,16.0],[11.874876142074193,45.406346102679954,16.0],[11.87487217908213,45.40631334792038,16.0],[11.875002630347973,45.40630547019899,16.0],[11.875002193546582,45.40631196223622,16.0],[11.87502728432441,45.40631033989853,16.0],[11.875055219660748,45.406306845723485,16.0],[11.87504697581335,45.40626780785163,16.0],[11.875039474020044,45.40626853715712,16.0],[11.875002732811836,45.40627225320939,16.0],[11.874989796321756,45.40619867880593,15.0],[11.874763096384902,45.406213571957814,16.0],[11.874727052756796,45.40621592042334,16.0],[11.874733586997321,45.40625401087654,16.0],[11.87474423130551,45.40633781445027,16.0],[11.874751610581356,45.40633717868763,16.0],[11.874759070215752,45.40638091682342,16.0],[11.874763488795317,45.40640753926432,16.0],[11.874815485086115,45.4064022687158,16.0],[11.874818248428223,45.40641642103047,16.0],[11.874835408771654,45.40641463835715,16.0]]]}},{"type":"Feature","id":"UN_VOL:27976","properties":{"OBJECTID":27976,"UN_VOL_POR":"01","UN_VOL_STA":"","UN_VOL_QGR":31.83,"UN_VOL_QCO":0.0,"UN_VOL_AV":15.24,"UN_VOL_INH":0.0,"Shape_Leng":78.0774223336,"Shape_Area":265.622201929},"geometry":{"type":"Polygon","coordinates":[[[11.87561170520345,45.40637698419322,16.0],[11.875672415435618,45.40636213228289,16.0],[11.875642686908353,45.406287540800264,17.0],[11.875638434561136,45.40628935846958,17.0],[11.875632362565796,45.40627798979548,17.0],[11.87558085501021,45.40629287989972,17.0],[11.87555404516281,45.40624053786904,16.0],[11.875603688253522,45.40622416474932,17.0],[11.875582345122636,45.40618383698262,17.0],[11.875526147477405,45.406199475199664,16.0],[11.875417280080383,45.406229762567506,16.0],[11.875460108597233,45.40631824591653,16.0],[11.875498630139685,45.406399906524534,16.0],[11.87561170520345,45.40637698419322,16.0]]]}},{"type":"Feature","id":"UN_VOL:28038","properties":{"OBJECTID":28038,"UN_VOL_POR":"01","UN_VOL_STA":"","UN_VOL_QGR":20.42,"UN_VOL_QCO":0.0,"UN_VOL_AV":5.53,"UN_VOL_INH":0.0,"Shape_Leng":33.471046287,"Shape_Area":51.2226447865},"geometry":{"type":"Polygon","coordinates":[[[11.870830977657878,45.406126516872035,16.0],[11.870669486428405,45.40613715100265,15.0],[11.870674358849602,45.40617276335758,16.0],[11.870836027453954,45.40616311527218,16.0],[11.870830977657878,45.406126516872035,16.0]]]}},{"type":"Feature","id":"UN_VOL:28043","properties":{"OBJECTID":28043,"UN_VOL_POR":"01","UN_VOL_STA":"","UN_VOL_QGR":27.62,"UN_VOL_QCO":0.0,"UN_VOL_AV":12.33,"UN_VOL_INH":0.0,"Shape_Leng":35.8153440378,"Shape_Area":76.8726440628},"geometry":{"type":"Polygon","coordinates":[[[11.872878227908803,45.406031243073926,15.0],[11.872802302511491,45.40603333481176,16.0],[11.872776865211558,45.406033165227484,16.0],[11.872779154131258,45.406065692069625,16.0],[11.872782714081325,45.40606533229887,16.0],[11.872785724406397,45.40612214465038,15.0],[11.872884534976324,45.40612028674725,15.0],[11.872878227908803,45.406031243073926,15.0]]]}},{"type":"Feature","id":"UN_VOL:28045","properties":{"OBJECTID":28045,"UN_VOL_POR":"01","UN_VOL_STA":"","UN_VOL_QGR":26.16,"UN_VOL_QCO":0.0,"UN_VOL_AV":10.87,"UN_VOL_INH":0.0,"Shape_Leng":25.4548451883,"Shape_Area":27.7523339953},"geometry":{"type":"Polygon","coordinates":[[[11.872913063811058,45.406030275914326,15.0],[11.872878227908803,45.406031243073926,15.0],[11.872884534976324,45.40612028674725,15.0],[11.872921048336677,45.40611963753687,16.0],[11.872913063811058,45.406030275914326,15.0]]]}},{"type":"Feature","id":"UN_VOL:28049","properties":{"OBJECTID":28049,"UN_VOL_POR":"01","UN_VOL_STA":"","UN_VOL_QGR":30.78,"UN_VOL_QCO":0.0,"UN_VOL_AV":15.17,"UN_VOL_INH":0.0,"Shape_Leng":53.3568356899,"Shape_Area":157.589875344},"geometry":{"type":"Polygon","coordinates":[[[11.874940144614323,45.406038717225165,16.0],[11.87492020571811,45.40594299621326,16.0],[11.87486564388648,45.40594806131007,16.0],[11.874864026498233,45.405961513968506,16.0],[11.874771214185973,45.40595566125965,16.0],[11.874751383736134,45.406035732248235,16.0],[11.874748518625143,45.40605983757646,15.0],[11.874748901632735,45.4060598279267,15.0],[11.874870023757856,45.40607207833966,16.0],[11.87487074692443,45.406048566867376,16.0],[11.874940144614323,45.406038717225165,16.0]]]}},{"type":"Feature","id":"UN_VOL:28053","properties":{"OBJECTID":28053,"UN_VOL_POR":"01","UN_VOL_STA":"","UN_VOL_QGR":25.68,"UN_VOL_QCO":0.0,"UN_VOL_AV":10.13,"UN_VOL_INH":0.0,"Shape_Leng":26.9587672331,"Shape_Area":44.7963039299},"geometry":{"type":"Polygon","coordinates":[[[11.873571725379493,45.40604915504548,16.0],[11.873489058721148,45.4060392649836,16.0],[11.873494057536593,45.40610754894274,16.0],[11.873576035434635,45.406106384487515,16.0],[11.873571725379493,45.40604915504548,16.0]]]}},{"type":"Feature","id":"UN_VOL:28054","properties":{"OBJECTID":28054,"UN_VOL_POR":"01","UN_VOL_STA":"","UN_VOL_QGR":31.32,"UN_VOL_QCO":0.0,"UN_VOL_AV":15.55,"UN_VOL_INH":0.0,"Shape_Leng":25.7767662689,"Shape_Area":39.9069654932},"geometry":{"type":"Polygon","coordinates":[[[11.874373060316008,45.40602402011467,16.0],[11.874372545093747,45.40602394343682,16.0],[11.87430513771632,45.40601006925055,16.0],[11.874303994467255,45.40602531011358,16.0],[11.874300092104717,45.40608184632693,16.0],[11.874359513461064,45.40608692013188,16.0],[11.874363729455352,45.40608690397239,17.0],[11.874366045211636,45.406087205822686,17.0],[11.874373060316008,45.40602402011467,16.0]]]}},{"type":"Feature","id":"UN_VOL:28057","properties":{"OBJECTID":28057,"UN_VOL_POR":"01","UN_VOL_STA":"","UN_VOL_QGR":29.61,"UN_VOL_QCO":0.0,"UN_VOL_AV":14.03,"UN_VOL_INH":0.0,"Shape_Leng":90.0086523189,"Shape_Area":379.049320033},"geometry":{"type":"Polygon","coordinates":[[[11.875218632051222,45.405986783809475,16.0],[11.875163706621791,45.40589410479675,16.0],[11.875135193419457,45.405845946180456,16.0],[11.875127536217708,45.40584865965803,16.0],[11.875125448823235,45.405845291646756,16.0],[11.875098220827464,45.4058551590006,16.0],[11.874994567797044,45.40588495477805,16.0],[11.874926884495201,45.40590088210177,16.0],[11.874943906507783,45.40593663838437,16.0],[11.87492020571811,45.40594299621326,16.0],[11.874940144614323,45.406038717225165,16.0],[11.87487074692443,45.406048566867376,16.0],[11.874870023757856,45.40607207833966,16.0],[11.874869882803386,45.40607937295397,16.0],[11.874946304692305,45.40606943637473,16.0],[11.87518962175934,45.40599678614349,16.0],[11.875218632051222,45.405986783809475,16.0]]]}},{"type":"Feature","id":"UN_VOL:28058","properties":{"OBJECTID":28058,"UN_VOL_POR":"01","UN_VOL_STA":"","UN_VOL_QGR":33.69,"UN_VOL_QCO":0.0,"UN_VOL_AV":17.92,"UN_VOL_INH":0.0,"Shape_Leng":31.4758586443,"Shape_Area":52.145189508},"geometry":{"type":"Polygon","coordinates":[[[11.874300092104717,45.40608184632693,16.0],[11.874303994467255,45.40602531011358,16.0],[11.874232016358324,45.406019562071805,16.0],[11.874230290386198,45.40604345898819,16.0],[11.874207637332345,45.406042769353725,16.0],[11.87419015913842,45.406060942221494,16.0],[11.874198678449353,45.40607773984182,16.0],[11.874225643340012,45.40608030111277,16.0],[11.874233438171645,45.406095406870385,16.0],[11.874270703799512,45.40609446813734,16.0],[11.874271272605068,45.40608050201082,16.0],[11.874300092104717,45.40608184632693,16.0]]]}},{"type":"Feature","id":"UN_VOL:28068","properties":{"OBJECTID":28068,"UN_VOL_POR":"01","UN_VOL_STA":"","UN_VOL_QGR":26.77,"UN_VOL_QCO":0.0,"UN_VOL_AV":10.99,"UN_VOL_INH":0.0,"Shape_Leng":13.7247285116,"Shape_Area":10.5339515017},"geometry":{"type":"Polygon","coordinates":[[[11.873850432260495,45.40606949935876,16.0],[11.87381819472592,45.40606878090838,16.0],[11.873821810673263,45.40610478496228,16.0],[11.873821624413377,45.40610866010706,16.0],[11.873846337356127,45.4061096581236,16.0],[11.8738503162529,45.40611000775224,16.0],[11.873850432260495,45.40606949935876,16.0]]]}},{"type":"Feature","id":"UN_VOL:28078","properties":{"OBJECTID":28078,"UN_VOL_POR":"01","UN_VOL_STA":"","UN_VOL_QGR":24.6,"UN_VOL_QCO":0.0,"UN_VOL_AV":9.15,"UN_VOL_INH":0.0,"Shape_Leng":22.0719574039,"Shape_Area":29.2614473691},"geometry":{"type":"Polygon","coordinates":[[[11.873234431526175,45.406128308920124,16.0],[11.8732740209099,45.406125331747475,16.0],[11.87326670848983,45.40608699027544,16.0],[11.873182556280636,45.406090639743546,16.0],[11.873190511605955,45.40613157521997,16.0],[11.873234431526175,45.406128308920124,16.0]]]}},{"type":"Feature","id":"UN_VOL:31211","properties":{"OBJECTID":31211,"UN_VOL_POR":"01","UN_VOL_STA":"","UN_VOL_QGR":24.47,"UN_VOL_QCO":0.0,"UN_VOL_AV":8.94,"UN_VOL_INH":0.0,"Shape_Leng":42.7546849684,"Shape_Area":49.9480884815},"geometry":{"type":"Polygon","coordinates":[[[11.873354081152977,45.406433859034415,16.0],[11.873348515156707,45.406422387449695,15.0],[11.873235064844184,45.40643541573388,16.0],[11.873227852904632,45.40640409304267,15.0],[11.873139939752342,45.40641422777917,16.0],[11.873144618504302,45.40646109646638,16.0],[11.873354081152977,45.406433859034415,16.0]]]}},{"type":"Feature","id":"UN_VOL:31216","properties":{"OBJECTID":31216,"UN_VOL_POR":"01","UN_VOL_STA":"","UN_VOL_QGR":31.22,"UN_VOL_QCO":0.0,"UN_VOL_AV":14.95,"UN_VOL_INH":0.0,"Shape_Leng":49.0002578025,"Shape_Area":140.825074781},"geometry":{"type":"Polygon","coordinates":[[[11.874321463089201,45.4064298366749,16.0],[11.87436613537397,45.40642376070467,16.0],[11.87441487261679,45.406417222126365,16.0],[11.87440915522457,45.406390182157224,16.0],[11.874439588172656,45.40638554504218,16.0],[11.87442394070779,45.40631644960453,16.0],[11.874250144414104,45.40634144064044,16.0],[11.874274881965947,45.406436050759076,16.0],[11.874321463089201,45.4064298366749,16.0]]]}},{"type":"Feature","id":"UN_VOL:31217","properties":{"OBJECTID":31217,"UN_VOL_POR":"01","UN_VOL_STA":"","UN_VOL_QGR":37.88,"UN_VOL_QCO":0.0,"UN_VOL_AV":22.06,"UN_VOL_INH":0.0,"Shape_Leng":61.3752932313,"Shape_Area":209.294634313},"geometry":{"type":"Polygon","coordinates":[[[11.871890253996783,45.40644037789804,17.0],[11.87189326626545,45.4064267104702,17.0],[11.87185144745127,45.40642353238543,16.0],[11.871859965533018,45.40638488242842,16.0],[11.871791341388597,45.40637724827161,16.0],[11.871683632642755,45.406364927142775,15.0],[11.87168094811219,45.40636490465961,15.0],[11.871674648889869,45.40636416311846,15.0],[11.87166602534209,45.40636293979388,15.0],[11.871646159468861,45.40647010469307,16.0],[11.871878057958858,45.406497212820476,17.0],[11.871890253996783,45.40644037789804,17.0]]]}},{"type":"Feature","id":"UN_VOL:31361","properties":{"OBJECTID":31361,"UN_VOL_POR":"01","UN_VOL_STA":"","UN_VOL_QGR":27.26,"UN_VOL_QCO":0.0,"UN_VOL_AV":12.06,"UN_VOL_INH":0.0,"Shape_Leng":60.9840283606,"Shape_Area":229.092062975},"geometry":{"type":"Polygon","coordinates":[[[11.874744730133932,45.40565550667673,15.0],[11.87456936133242,45.40564696283263,15.0],[11.874569745119649,45.40579547388322,16.0],[11.874742443833979,45.405809305764436,15.0],[11.874744730133932,45.40565550667673,15.0]]]}},{"type":"Feature","id":"UN_VOL:31362","properties":{"OBJECTID":31362,"UN_VOL_POR":"01","UN_VOL_STA":"","UN_VOL_QGR":30.42,"UN_VOL_QCO":0.0,"UN_VOL_AV":15.47,"UN_VOL_INH":0.0,"Shape_Leng":12.6803272526,"Shape_Area":9.43195922187},"geometry":{"type":"Polygon","coordinates":[[[11.877745183409399,45.405728032355086,15.0],[11.87772189814963,45.40569729542291,15.0],[11.877692819668022,45.40570342927085,15.0],[11.877713580081483,45.405734770168245,15.0],[11.877745183409399,45.405728032355086,15.0]]]}},{"type":"Feature","id":"UN_VOL:31371","properties":{"OBJECTID":31371,"UN_VOL_POR":"01","UN_VOL_STA":"","UN_VOL_QGR":28.67,"UN_VOL_QCO":0.0,"UN_VOL_AV":13.69,"UN_VOL_INH":0.0,"Shape_Leng":52.7464042015,"Shape_Area":164.427864856},"geometry":{"type":"Polygon","coordinates":[[[11.872468911125948,45.40572848430511,15.0],[11.872351162659989,45.405724787787506,15.0],[11.872314243702407,45.405868567274034,15.0],[11.872457935258382,45.40587233071112,15.0],[11.872468911125948,45.40572848430511,15.0]]]}},{"type":"Feature","id":"UN_VOL:31384","properties":{"OBJECTID":31384,"UN_VOL_POR":"01","UN_VOL_STA":"","UN_VOL_QGR":29.14,"UN_VOL_QCO":0.0,"UN_VOL_AV":14.16,"UN_VOL_INH":0.0,"Shape_Leng":46.3893348633,"Shape_Area":115.195794959},"geometry":{"type":"Polygon","coordinates":[[[11.87256208765518,45.4057314493916,14.0],[11.872468911125948,45.40572848430511,15.0],[11.872457935258382,45.40587233071112,15.0],[11.872548655500358,45.405874727706596,15.0],[11.87256208765518,45.4057314493916,14.0]]]}},{"type":"Feature","id":"UN_VOL:31398","properties":{"OBJECTID":31398,"UN_VOL_POR":"01","UN_VOL_STA":"","UN_VOL_QGR":23.82,"UN_VOL_QCO":0.0,"UN_VOL_AV":8.43,"UN_VOL_INH":0.0,"Shape_Leng":58.1808923189,"Shape_Area":110.124006004},"geometry":{"type":"Polygon","coordinates":[[[11.873298016684885,45.40578231961854,15.0],[11.873298680315807,45.40574503755963,15.0],[11.873263753368633,45.40574420697316,15.0],[11.873264326080015,45.405810891512125,15.0],[11.873092726802378,45.405811161988616,15.0],[11.873094779751519,45.40586169750274,15.0],[11.873258380408709,45.405862438472965,15.0],[11.873295773105758,45.40586401739007,15.0],[11.873298016684885,45.40578231961854,15.0]]]}},{"type":"Feature","id":"UN_VOL:31399","properties":{"OBJECTID":31399,"UN_VOL_POR":"01","UN_VOL_STA":"","UN_VOL_QGR":27.59,"UN_VOL_QCO":0.0,"UN_VOL_AV":12.61,"UN_VOL_INH":0.0,"Shape_Leng":55.8194819337,"Shape_Area":190.352067723},"geometry":{"type":"Polygon","coordinates":[[[11.872709009893267,45.405846747126354,15.0],[11.872705788009586,45.405735392778155,15.0],[11.872635040979096,45.40573375332692,15.0],[11.87256208765518,45.4057314493916,14.0],[11.872548655500358,45.405874727706596,15.0],[11.872709876723613,45.405878949976874,15.0],[11.872709009893267,45.405846747126354,15.0]]]}},{"type":"Feature","id":"UN_VOL:33035","properties":{"OBJECTID":33035,"UN_VOL_POR":"01","UN_VOL_STA":"","UN_VOL_QGR":32.76,"UN_VOL_QCO":0.0,"UN_VOL_AV":15.97,"UN_VOL_INH":0.0,"Shape_Leng":70.8810836314,"Shape_Area":162.679350327},"geometry":{"type":"Polygon","coordinates":[[[11.875642686908353,45.406287540800264,17.0],[11.875685972476937,45.40627681877634,17.0],[11.875646097330852,45.40619870261087,17.0],[11.87571828386891,45.4061808608184,17.0],[11.875694947504755,45.40613149208906,16.0],[11.875682443200182,45.40610669391987,16.0],[11.875615908320643,45.40612259270886,16.0],[11.875604452947435,45.40610082812783,16.0],[11.875550292425068,45.40611632497019,16.0],[11.875488543519364,45.40613336333547,16.0],[11.875511559967089,45.406173919090556,16.0],[11.875568168003513,45.40615881081889,16.0],[11.875582345122636,45.40618383698262,17.0],[11.875603688253522,45.40622416474932,17.0],[11.875632362565796,45.40627798979548,17.0],[11.875638434561136,45.40628935846958,17.0],[11.875642686908353,45.406287540800264,17.0]]]}},{"type":"Feature","id":"UN_VOL:33037","properties":{"OBJECTID":33037,"UN_VOL_POR":"01","UN_VOL_STA":"","UN_VOL_QGR":27.77,"UN_VOL_QCO":0.0,"UN_VOL_AV":11.81,"UN_VOL_INH":0.0,"Shape_Leng":43.0920511827,"Shape_Area":78.0347599321},"geometry":{"type":"Polygon","coordinates":[[[11.876185964784169,45.4062712373442,16.0],[11.876174129398295,45.40623949110255,16.0],[11.876149606448907,45.406174309986255,16.0],[11.876135577115013,45.4061245266511,16.0],[11.87607448368556,45.40613182726441,16.0],[11.876100429742282,45.40620489391602,16.0],[11.876126498399085,45.40627786703406,16.0],[11.876185964784169,45.4062712373442,16.0]]]}},{"type":"Feature","id":"UN_VOL:33040","properties":{"OBJECTID":33040,"UN_VOL_POR":"01","UN_VOL_STA":"","UN_VOL_QGR":36.51,"UN_VOL_QCO":0.0,"UN_VOL_AV":19.92,"UN_VOL_INH":0.0,"Shape_Leng":21.2290781082,"Shape_Area":27.1457719098},"geometry":{"type":"Polygon","coordinates":[[[11.875632362565796,45.40627798979548,17.0],[11.875603688253522,45.40622416474932,17.0],[11.87555404516281,45.40624053786904,16.0],[11.87558085501021,45.40629287989972,17.0],[11.875632362565796,45.40627798979548,17.0]]]}},{"type":"Feature","id":"UN_VOL:33282","properties":{"OBJECTID":33282,"UN_VOL_POR":"01","UN_VOL_STA":"","UN_VOL_QGR":24.96,"UN_VOL_QCO":0.0,"UN_VOL_AV":9.47,"UN_VOL_INH":0.0,"Shape_Leng":17.6142729815,"Shape_Area":19.4571214253},"geometry":{"type":"Polygon","coordinates":[[[11.87216526329339,45.40635001427051,16.0],[11.872161616693111,45.4063537063757,16.0],[11.872152241355831,45.40635277215237,16.0],[11.872145842581272,45.40638785812856,16.0],[11.872203391232196,45.40639379061837,16.0],[11.872211330005145,45.406356325436185,16.0],[11.87216526329339,45.40635001427051,16.0]]]}},{"type":"Feature","id":"UN_VOL:33284","properties":{"OBJECTID":33284,"UN_VOL_POR":"01","UN_VOL_STA":"","UN_VOL_QGR":33.33,"UN_VOL_QCO":0.0,"UN_VOL_AV":17.26,"UN_VOL_INH":0.0,"Shape_Leng":141.522425952,"Shape_Area":470.398042266},"geometry":{"type":"Polygon","coordinates":[[[11.874005785119431,45.406328153158974,16.0],[11.874004635984015,45.406325661572616,16.0],[11.874080966370308,45.406308887050216,16.0],[11.874081983254086,45.40631129153045,16.0],[11.874174607516473,45.40629077595811,16.0],[11.874270017063443,45.406269739913775,16.0],[11.87425320963229,45.40623316809525,16.0],[11.874227690429432,45.406238941648425,16.0],[11.874210742242761,45.406202103618504,16.0],[11.874234866749038,45.40619654529533,16.0],[11.874210870365513,45.40614422212299,16.0],[11.874169485310752,45.406152105821775,16.0],[11.87411993213992,45.406160194863986,16.0],[11.874132167617047,45.40619229103887,16.0],[11.874074260092183,45.40620446134421,16.0],[11.874059604485245,45.406169995638734,16.0],[11.873959103931007,45.40618638881671,16.0],[11.87395079372723,45.40616616530251,16.0],[11.873952949309565,45.40616584086796,16.0],[11.873854512899053,45.4061750713833,16.0],[11.873830037205341,45.406178748267834,16.0],[11.873831378040833,45.40618753557559,16.0],[11.87385777698676,45.4063501535999,16.0],[11.873858274072694,45.4063523914704,16.0],[11.874005785119431,45.406328153158974,16.0]],[[11.874033016272167,45.40628561147043,16.0],[11.873986908390048,45.40629361367332,16.0],[11.873971486964418,45.406249085902076,16.0],[11.874017598805553,45.40624117326266,16.0],[11.874033016272167,45.40628561147043,16.0]],[[11.874164547355898,45.406268796384055,16.0],[11.874127363945169,45.4062763937464,16.0],[11.874117740911103,45.4062529627982,16.0],[11.87415505599015,45.40624545216911,16.0],[11.874164547355898,45.406268796384055,16.0]]]}},{"type":"Feature","id":"UN_VOL:33288","properties":{"OBJECTID":33288,"UN_VOL_POR":"01","UN_VOL_STA":"","UN_VOL_QGR":32.68,"UN_VOL_QCO":0.0,"UN_VOL_AV":15.89,"UN_VOL_INH":0.0,"Shape_Leng":28.0008908601,"Shape_Area":46.8427971816},"geometry":{"type":"Polygon","coordinates":[[[11.875860504758384,45.40629150243915,17.0],[11.875891377511591,45.406262820319576,17.0],[11.875893333670046,45.40622334571636,16.0],[11.87578381021009,45.40625076964178,17.0],[11.875810565093596,45.4063045529729,17.0],[11.875860504758384,45.40629150243915,17.0]]]}},{"type":"Feature","id":"UN_VOL:33293","properties":{"OBJECTID":33293,"UN_VOL_POR":"01","UN_VOL_STA":"","UN_VOL_QGR":27.36,"UN_VOL_QCO":0.0,"UN_VOL_AV":10.61,"UN_VOL_INH":0.0,"Shape_Leng":41.5799719388,"Shape_Area":74.3008125439},"geometry":{"type":"Polygon","coordinates":[[[11.876353038049315,45.40625730421056,17.0],[11.876352680083205,45.406235170295815,17.0],[11.876241044246484,45.40624365505142,16.0],[11.876236985961093,45.40622665508515,16.0],[11.876218536067071,45.406230720476785,16.0],[11.87619905168237,45.40623454219166,16.0],[11.876174129398295,45.40623949110255,16.0],[11.876185964784169,45.4062712373442,16.0],[11.876224665496306,45.40626837159423,16.0],[11.87622471804706,45.40629204361398,17.0],[11.876353652369307,45.40629203353804,17.0],[11.876353038049315,45.40625730421056,17.0]]]}},{"type":"Feature","id":"UN_VOL:33312","properties":{"OBJECTID":33312,"UN_VOL_POR":"01","UN_VOL_STA":"","UN_VOL_QGR":26.8,"UN_VOL_QCO":0.0,"UN_VOL_AV":10.99,"UN_VOL_INH":0.0,"Shape_Leng":58.729383237,"Shape_Area":198.959844514},"geometry":{"type":"Polygon","coordinates":[[[11.87385777698676,45.4063501535999,16.0],[11.873831378040833,45.40618753557559,16.0],[11.873729208397473,45.40619875021348,16.0],[11.8737047919082,45.406201075267674,16.0],[11.873711147407993,45.406318741643084,16.0],[11.873714099276583,45.406371864690726,16.0],[11.873745694451552,45.40636746863003,16.0],[11.87385777698676,45.4063501535999,16.0]]]}},{"type":"Feature","id":"UN_VOL:33318","properties":{"OBJECTID":33318,"UN_VOL_POR":"01","UN_VOL_STA":"","UN_VOL_QGR":24.62,"UN_VOL_QCO":0.0,"UN_VOL_AV":8.81,"UN_VOL_INH":0.0,"Shape_Leng":34.4571934392,"Shape_Area":70.2294012322},"geometry":{"type":"Polygon","coordinates":[[[11.873714432359241,45.406378427379785,16.0],[11.873714099276583,45.406371864690726,16.0],[11.873711147407993,45.406318741643084,16.0],[11.873636001627446,45.40632864525496,16.0],[11.873582729140676,45.40633394779541,16.0],[11.8735884205528,45.40640077355618,16.0],[11.873714432359241,45.406378427379785,16.0]]]}},{"type":"Feature","id":"UN_VOL:33320","properties":{"OBJECTID":33320,"UN_VOL_POR":"01","UN_VOL_STA":"","UN_VOL_QGR":31.97,"UN_VOL_QCO":0.0,"UN_VOL_AV":15.87,"UN_VOL_INH":0.0,"Shape_Leng":50.4562150644,"Shape_Area":121.526224863},"geometry":{"type":"Polygon","coordinates":[[[11.871970092606459,45.40633656440877,16.0],[11.871799526126248,45.40632447520727,15.0],[11.871791341388597,45.40637724827161,16.0],[11.871859965533018,45.40638488242842,16.0],[11.87185144745127,45.40642353238543,16.0],[11.87189326626545,45.4064267104702,17.0],[11.871890253996783,45.40644037789804,17.0],[11.871944794421262,45.40644494626494,17.0],[11.871970092606459,45.40633656440877,16.0]]]}},{"type":"Feature","id":"UN_VOL:33341","properties":{"OBJECTID":33341,"UN_VOL_POR":"01","UN_VOL_STA":"","UN_VOL_QGR":25.34,"UN_VOL_QCO":0.0,"UN_VOL_AV":9.81,"UN_VOL_INH":0.0,"Shape_Leng":34.0001999649,"Shape_Area":62.8867497392},"geometry":{"type":"Polygon","coordinates":[[[11.8735884205528,45.40640077355618,16.0],[11.873582729140676,45.40633394779541,16.0],[11.873581405226048,45.40630031610582,16.0],[11.873510753615697,45.40631064673275,15.0],[11.873517372202073,45.406413364569296,16.0],[11.8735884205528,45.40640077355618,16.0]]]}},{"type":"Feature","id":"UN_VOL:33346","properties":{"OBJECTID":33346,"UN_VOL_POR":"01","UN_VOL_STA":"","UN_VOL_QGR":27.73,"UN_VOL_QCO":0.0,"UN_VOL_AV":11.15,"UN_VOL_INH":0.0,"Shape_Leng":51.0559334097,"Shape_Area":84.4803897733},"geometry":{"type":"Polygon","coordinates":[[[11.875772277486222,45.4064463874236,16.0],[11.87584093230271,45.40642944498748,17.0],[11.875800220903027,45.40632983695418,17.0],[11.875722651613096,45.40634988436814,17.0],[11.875761228529623,45.40643514419415,16.0],[11.875667186618957,45.40645542703383,16.0],[11.875676485988237,45.40646995488246,16.0],[11.875772277486222,45.4064463874236,16.0]]]}},{"type":"Feature","id":"UN_VOL:33348","properties":{"OBJECTID":33348,"UN_VOL_POR":"01","UN_VOL_STA":"","UN_VOL_QGR":30.96,"UN_VOL_QCO":0.0,"UN_VOL_AV":15.63,"UN_VOL_INH":0.0,"Shape_Leng":37.7637265607,"Shape_Area":67.7567337345},"geometry":{"type":"Polygon","coordinates":[[[11.873026729062586,45.40649493929172,16.0],[11.873022693255153,45.40644562392673,16.0],[11.872997711160842,45.40644436275808,16.0],[11.87299623517085,45.40645556143835,16.0],[11.872939880545092,45.40645301989408,16.0],[11.872943355026186,45.40648119658251,16.0],[11.872891618351206,45.4064865497868,16.0],[11.872896140122212,45.40650011759274,16.0],[11.872910016120366,45.40654189413825,16.0],[11.873027413198491,45.406503383346596,16.0],[11.873026729062586,45.40649493929172,16.0]]]}},{"type":"Feature","id":"UN_VOL:33349","properties":{"OBJECTID":33349,"UN_VOL_POR":"01","UN_VOL_STA":"","UN_VOL_QGR":31.6,"UN_VOL_QCO":0.0,"UN_VOL_AV":14.75,"UN_VOL_INH":0.0,"Shape_Leng":68.3032582623,"Shape_Area":165.700406411},"geometry":{"type":"Polygon","coordinates":[[[11.876653660223106,45.40640211705292,17.0],[11.876631097663285,45.406347868039894,17.0],[11.876530068916106,45.406366437145124,17.0],[11.876487785807878,45.4063742542791,17.0],[11.876484904271361,45.40636280521927,17.0],[11.876442206168615,45.40637000247066,17.0],[11.876422310092906,45.40631541644457,17.0],[11.876386549013757,45.406315777672205,17.0],[11.876386882192254,45.40631981982011,17.0],[11.876393412663878,45.40640309700684,17.0],[11.876387309568106,45.40640370109433,17.0],[11.87639945722034,45.40645416177007,17.0],[11.87648317994074,45.40643701919036,17.0],[11.876653660223106,45.40640211705292,17.0]]]}},{"type":"Feature","id":"UN_VOL:33353","properties":{"OBJECTID":33353,"UN_VOL_POR":"01","UN_VOL_STA":"","UN_VOL_QGR":28.46,"UN_VOL_QCO":0.0,"UN_VOL_AV":12.19,"UN_VOL_INH":0.0,"Shape_Leng":24.6017888699,"Shape_Area":14.1934170526},"geometry":{"type":"Polygon","coordinates":[[[11.874519965905515,45.406503867110914,16.0],[11.874528361429686,45.40650311532412,16.0],[11.874502064432715,45.40640548412581,16.0],[11.874484803783067,45.40640780916691,16.0],[11.874513096732949,45.406504490007705,16.0],[11.874519965905515,45.406503867110914,16.0]]]}},{"type":"Feature","id":"UN_VOL:33363","properties":{"OBJECTID":33363,"UN_VOL_POR":"01","UN_VOL_STA":"","UN_VOL_QGR":34.45,"UN_VOL_QCO":0.0,"UN_VOL_AV":18.42,"UN_VOL_INH":0.0,"Shape_Leng":17.5059404408,"Shape_Area":18.4548033536},"geometry":{"type":"Polygon","coordinates":[[[11.874107382009576,45.40649949823494,17.0],[11.874102995480062,45.40646846461722,17.0],[11.874055884803623,45.40647433176354,17.0],[11.874059819355326,45.40649142497047,17.0],[11.874068969002124,45.40652062889324,17.0],[11.874110586965879,45.40651480966142,17.0],[11.874107382009576,45.40649949823494,17.0]]]}},{"type":"Feature","id":"UN_VOL:33365","properties":{"OBJECTID":33365,"UN_VOL_POR":"01","UN_VOL_STA":"","UN_VOL_QGR":27.37,"UN_VOL_QCO":0.0,"UN_VOL_AV":11.38,"UN_VOL_INH":0.0,"Shape_Leng":32.0377020824,"Shape_Area":60.4714313703},"geometry":{"type":"Polygon","coordinates":[[[11.87471427839982,45.406490330320175,16.0],[11.874731894144677,45.40648745640687,16.0],[11.874717838697705,45.40643965380711,16.0],[11.874715527649007,45.40643188068925,16.0],[11.874703029676397,45.40643489619182,16.0],[11.874594315795276,45.40645311731068,16.0],[11.874609579205789,45.40650710038345,16.0],[11.87471427839982,45.406490330320175,16.0]]]}},{"type":"Feature","id":"UN_VOL:33369","properties":{"OBJECTID":33369,"UN_VOL_POR":"01","UN_VOL_STA":"","UN_VOL_QGR":31.88,"UN_VOL_QCO":0.0,"UN_VOL_AV":15.62,"UN_VOL_INH":0.0,"Shape_Leng":27.8215922792,"Shape_Area":31.2911836145},"geometry":{"type":"Polygon","coordinates":[[[11.874513096732949,45.406504490007705,16.0],[11.874484803783067,45.40640780916691,16.0],[11.874452187865433,45.40641223153696,16.0],[11.874475376271976,45.40651156112207,16.0],[11.874513096732949,45.406504490007705,16.0]]]}},{"type":"Feature","id":"UN_VOL:33374","properties":{"OBJECTID":33374,"UN_VOL_POR":"01","UN_VOL_STA":"","UN_VOL_QGR":31.52,"UN_VOL_QCO":0.0,"UN_VOL_AV":14.94,"UN_VOL_INH":0.0,"Shape_Leng":42.7609949596,"Shape_Area":93.2976877919},"geometry":{"type":"Polygon","coordinates":[[[11.875604698415943,45.40646798331267,16.0],[11.875590078843807,45.40644179808474,16.0],[11.875637220917136,45.406431518778625,16.0],[11.87561170520345,45.40637698419322,16.0],[11.875498630139685,45.406399906524534,16.0],[11.875510186685355,45.40642616895681,16.0],[11.875478646597637,45.40643416482124,16.0],[11.875478140485013,45.40643426762264,16.0],[11.875504239110708,45.406487707375575,17.0],[11.875604698415943,45.40646798331267,16.0]]]}},{"type":"Feature","id":"UN_VOL:33377","properties":{"OBJECTID":33377,"UN_VOL_POR":"01","UN_VOL_STA":"","UN_VOL_QGR":28.43,"UN_VOL_QCO":0.0,"UN_VOL_AV":13.09,"UN_VOL_INH":0.0,"Shape_Leng":54.7878027862,"Shape_Area":35.4382372313},"geometry":{"type":"Polygon","coordinates":[[[11.873044195036906,45.40649413970737,16.0],[11.873037793717113,45.406438492921524,16.0],[11.873037597616548,45.40643714754701,16.0],[11.873026900001971,45.40643786714282,16.0],[11.873005186098023,45.40643805370019,16.0],[11.872938111669802,45.406438302603384,16.0],[11.872939880545092,45.40645301989408,16.0],[11.87299623517085,45.40645556143835,16.0],[11.872997711160842,45.40644436275808,16.0],[11.873022693255153,45.40644562392673,16.0],[11.873026729062586,45.40649493929172,16.0],[11.873027413198491,45.406503383346596,16.0],[11.872910016120366,45.40654189413825,16.0],[11.872914232404497,45.40655447989989,16.0],[11.873046246707599,45.406511910297496,16.0],[11.873044195036906,45.40649413970737,16.0]]]}},{"type":"Feature","id":"UN_VOL:33395","properties":{"OBJECTID":33395,"UN_VOL_POR":"01","UN_VOL_STA":"","UN_VOL_QGR":28.36,"UN_VOL_QCO":0.0,"UN_VOL_AV":12.86,"UN_VOL_INH":0.0,"Shape_Leng":15.8048408836,"Shape_Area":15.2917834456},"geometry":{"type":"Polygon","coordinates":[[[11.87317441784259,45.406554769332246,16.0],[11.873170254419426,45.406513018389205,16.0],[11.873125304327807,45.40651865104162,16.0],[11.873133008841576,45.40655716235121,16.0],[11.87317441784259,45.406554769332246,16.0]]]}},{"type":"Feature","id":"UN_VOL:33401","properties":{"OBJECTID":33401,"UN_VOL_POR":"01","UN_VOL_STA":"","UN_VOL_QGR":29.13,"UN_VOL_QCO":0.0,"UN_VOL_AV":13.63,"UN_VOL_INH":0.0,"Shape_Leng":41.927820646,"Shape_Area":76.889890522},"geometry":{"type":"Polygon","coordinates":[[[11.873612762340215,45.40654049008212,16.0],[11.873606694182321,45.4065115690936,16.0],[11.87370361325993,45.40649760647597,16.0],[11.873694271773505,45.40645202546366,16.0],[11.873588729329692,45.406469805561834,16.0],[11.873532831617203,45.40648129464785,16.0],[11.873541616524385,45.406520948939985,16.0],[11.87355161193503,45.40651898710462,16.0],[11.873560105271164,45.406547847409605,16.0],[11.873612762340215,45.40654049008212,16.0]]]}},{"type":"Feature","id":"UN_VOL:33409","properties":{"OBJECTID":33409,"UN_VOL_POR":"01","UN_VOL_STA":"","UN_VOL_QGR":33.09,"UN_VOL_QCO":0.0,"UN_VOL_AV":16.83,"UN_VOL_INH":0.0,"Shape_Leng":51.4924727639,"Shape_Area":104.970284625},"geometry":{"type":"Polygon","coordinates":[[[11.874390667696478,45.40652440676408,16.0],[11.874445503609918,45.406517174646716,16.0],[11.874475376271976,45.40651156112207,16.0],[11.874452187865433,45.40641223153696,16.0],[11.874445838514198,45.40641302142794,16.0],[11.87441487261679,45.406417222126365,16.0],[11.874424264305686,45.406451190455,16.0],[11.874373725956914,45.40645750426925,16.0],[11.87436613537397,45.40642376070467,16.0],[11.874321463089201,45.4064298366749,16.0],[11.874340385171692,45.40653071411889,16.0],[11.874390667696478,45.40652440676408,16.0]]]}},{"type":"Feature","id":"UN_VOL:33416","properties":{"OBJECTID":33416,"UN_VOL_POR":"01","UN_VOL_STA":"","UN_VOL_QGR":26.06,"UN_VOL_QCO":0.0,"UN_VOL_AV":10.14,"UN_VOL_INH":0.0,"Shape_Leng":53.8722678199,"Shape_Area":115.625311488},"geometry":{"type":"Polygon","coordinates":[[[11.874822918370132,45.40651846751174,16.0],[11.874858173904412,45.40651568902829,16.0],[11.874835408771654,45.40641463835715,16.0],[11.874818248428223,45.40641642103047,16.0],[11.874815485086115,45.4064022687158,16.0],[11.874763488795317,45.40640753926432,16.0],[11.874759070215752,45.40638091682342,16.0],[11.874701937409217,45.40638568681925,16.0],[11.874706432598245,45.40640627614533,16.0],[11.874693470005951,45.40640768289996,16.0],[11.874694801062155,45.40641125006784,16.0],[11.874703029676397,45.40643489619182,16.0],[11.874715527649007,45.40643188068925,16.0],[11.874717838697705,45.40643965380711,16.0],[11.874745846997657,45.40643507730802,16.0],[11.87476360189298,45.40652302241626,16.0],[11.874822918370132,45.40651846751174,16.0]]]}},{"type":"Feature","id":"UN_VOL:33423","properties":{"OBJECTID":33423,"UN_VOL_POR":"01","UN_VOL_STA":"","UN_VOL_QGR":31.4,"UN_VOL_QCO":0.0,"UN_VOL_AV":15.14,"UN_VOL_INH":0.0,"Shape_Leng":30.029542949,"Shape_Area":41.9944593481},"geometry":{"type":"Polygon","coordinates":[[[11.874340385171692,45.40653071411889,16.0],[11.874321463089201,45.4064298366749,16.0],[11.874274881965947,45.406436050759076,16.0],[11.87429340216335,45.40653657853706,17.0],[11.874340385171692,45.40653071411889,16.0]]]}},{"type":"Feature","id":"UN_VOL:33424","properties":{"OBJECTID":33424,"UN_VOL_POR":"01","UN_VOL_STA":"","UN_VOL_QGR":28.96,"UN_VOL_QCO":0.0,"UN_VOL_AV":13.46,"UN_VOL_INH":0.0,"Shape_Leng":24.9946636152,"Shape_Area":36.7831069652},"geometry":{"type":"Polygon","coordinates":[[[11.873712417173497,45.40654014060442,17.0],[11.87370361325993,45.40649760647597,16.0],[11.873606694182321,45.4065115690936,16.0],[11.873612762340215,45.40654049008212,16.0],[11.873615607439616,45.40655374028849,16.0],[11.873712417173497,45.40654014060442,17.0]]]}},{"type":"Feature","id":"UN_VOL:33426","properties":{"OBJECTID":33426,"UN_VOL_POR":"01","UN_VOL_STA":"","UN_VOL_QGR":36.99,"UN_VOL_QCO":0.0,"UN_VOL_AV":21.2,"UN_VOL_INH":0.0,"Shape_Leng":52.9128313912,"Shape_Area":123.946810866},"geometry":{"type":"Polygon","coordinates":[[[11.87096767581711,45.40661481640646,16.0],[11.870978637508474,45.406568904015735,16.0],[11.870750056806566,45.40654423111487,16.0],[11.87075170654853,45.40653140802939,16.0],[11.870738543561593,45.40654146036082,16.0],[11.870730156893524,45.406552473083124,16.0],[11.870726409814212,45.40655922809218,16.0],[11.870725571368137,45.4065603293588,16.0],[11.870722822914203,45.40656408886782,16.0],[11.8707219570321,45.40656969160564,16.0],[11.870722622685662,45.406572735280115,16.0],[11.870723310585102,45.40657622862894,16.0],[11.870725001553922,45.40658185669501,16.0],[11.870728392728605,45.406588252406166,16.0],[11.87073215783556,45.4065919380848,16.0],[11.870734846879335,45.40659457066462,16.0],[11.870742403958763,45.40659996148518,16.0],[11.87075081770508,45.4066046103774,16.0],[11.870771255452425,45.40660949702937,16.0],[11.870902670501756,45.40662311275348,16.0],[11.87090616178069,45.406608802972066,15.0],[11.87096767581711,45.40661481640646,16.0]]]}},{"type":"Feature","id":"UN_VOL:33428","properties":{"OBJECTID":33428,"UN_VOL_POR":"01","UN_VOL_STA":"","UN_VOL_QGR":28.15,"UN_VOL_QCO":0.0,"UN_VOL_AV":12.22,"UN_VOL_INH":0.0,"Shape_Leng":70.2813211572,"Shape_Area":233.117927052},"geometry":{"type":"Polygon","coordinates":[[[11.875415818932543,45.40647778400453,16.0],[11.875412550366194,45.40647129568605,16.0],[11.875331985667993,45.40631661408173,16.0],[11.875329998510981,45.406312703267616,16.0],[11.875189827079534,45.40634809995557,16.0],[11.875188063088725,45.4063485946396,16.0],[11.875198479678986,45.406367504719526,16.0],[11.87521362052165,45.406363702970744,16.0],[11.87523121672774,45.40639818408396,16.0],[11.875245612894217,45.40642752545646,16.0],[11.875221360750205,45.40643308759959,16.0],[11.875216305773934,45.40642412375994,16.0],[11.875206305325156,45.40642599582148,16.0],[11.875215842499884,45.40644519820016,16.0],[11.875231820375099,45.40647548984211,16.0],[11.875239417914576,45.40647412817344,16.0],[11.87523998794391,45.40647528402793,16.0],[11.875260743229244,45.40651409665437,16.0],[11.875415818932543,45.40647778400453,16.0]]]}},{"type":"Feature","id":"UN_VOL:33435","properties":{"OBJECTID":33435,"UN_VOL_POR":"01","UN_VOL_STA":"","UN_VOL_QGR":29.47,"UN_VOL_QCO":0.0,"UN_VOL_AV":14.35,"UN_VOL_INH":0.0,"Shape_Leng":19.19220515,"Shape_Area":22.1104275118},"geometry":{"type":"Polygon","coordinates":[[[11.871461749511841,45.40899698822167,15.0],[11.871409955644038,45.40900378215971,15.0],[11.871410366382538,45.40904967852655,15.0],[11.871459302856168,45.40905204732311,15.0],[11.871461749511841,45.40899698822167,15.0]]]}},{"type":"Feature","id":"UN_VOL:33436","properties":{"OBJECTID":33436,"UN_VOL_POR":"01","UN_VOL_STA":"","UN_VOL_QGR":26.9,"UN_VOL_QCO":0.0,"UN_VOL_AV":11.18,"UN_VOL_INH":0.0,"Shape_Leng":48.0600080641,"Shape_Area":117.751117358},"geometry":{"type":"Polygon","coordinates":[[[11.872657038298371,45.40902090892855,16.0],[11.872653464081456,45.408998315702796,16.0],[11.872643307549112,45.408969407555624,16.0],[11.872606537622593,45.40886429832554,16.0],[11.872527865218297,45.40887780064418,16.0],[11.872545096866437,45.40894037540763,16.0],[11.872565903309484,45.409025543771804,16.0],[11.872657038298371,45.40902090892855,16.0]]]}},{"type":"Feature","id":"UN_VOL:33441","properties":{"OBJECTID":33441,"UN_VOL_POR":"01","UN_VOL_STA":"","UN_VOL_QGR":33.42,"UN_VOL_QCO":0.0,"UN_VOL_AV":17.37,"UN_VOL_INH":0.0,"Shape_Leng":78.4291328616,"Shape_Area":257.557856644},"geometry":{"type":"Polygon","coordinates":[[[11.873846387500578,45.408950453834905,17.0],[11.873846673262015,45.40892587283356,17.0],[11.873846795544088,45.408918218896254,17.0],[11.873797212264432,45.40891820746243,17.0],[11.873700858047394,45.4089182041365,17.0],[11.873543165632913,45.40891821469722,15.0],[11.8734525591684,45.40891815645603,14.0],[11.873460986545252,45.40899607481173,16.0],[11.873508153668512,45.40899380719315,16.0],[11.873557746057063,45.40899147808682,16.0],[11.873823562887118,45.408996754930534,17.0],[11.873844926667452,45.40899720697326,17.0],[11.873846387500578,45.408950453834905,17.0]]]}},{"type":"Feature","id":"UN_VOL:33459","properties":{"OBJECTID":33459,"UN_VOL_POR":"01","UN_VOL_STA":"","UN_VOL_QGR":27.04,"UN_VOL_QCO":0.0,"UN_VOL_AV":11.04,"UN_VOL_INH":0.0,"Shape_Leng":152.355059062,"Shape_Area":895.538322103},"geometry":{"type":"Polygon","coordinates":[[[11.878100163982868,45.40890300367494,16.0],[11.878127510543047,45.408885391712786,16.0],[11.878121831115031,45.40881892569624,16.0],[11.878096447348199,45.408646381859825,16.0],[11.878014944739931,45.40865194792189,16.0],[11.878006771011663,45.40860930819596,16.0],[11.877944508141058,45.4086137589794,16.0],[11.87787276438743,45.40862024940263,16.0],[11.877771217373551,45.408638742628085,16.0],[11.877720310127584,45.40847440363441,16.0],[11.877672104559556,45.40848138005996,16.0],[11.877807362794092,45.40888725588541,16.0],[11.877836477581308,45.40890695438432,16.0],[11.878097196850165,45.40890496872077,16.0],[11.878100163982868,45.40890300367494,16.0]]]}},{"type":"Feature","id":"UN_VOL:33462","properties":{"OBJECTID":33462,"UN_VOL_POR":"01","UN_VOL_STA":"","UN_VOL_QGR":28.51,"UN_VOL_QCO":0.0,"UN_VOL_AV":12.44,"UN_VOL_INH":0.0,"Shape_Leng":36.3838626745,"Shape_Area":73.4126325963},"geometry":{"type":"Polygon","coordinates":[[[11.874073254561997,45.40895626087382,16.0],[11.873970974542488,45.40895280633811,16.0],[11.873917211439746,45.40895101003453,16.0],[11.8739179665399,45.40900616863854,16.0],[11.874071762857131,45.409009946055406,16.0],[11.874073254561997,45.40895626087382,16.0]]]}},{"type":"Feature","id":"UN_VOL:33470","properties":{"OBJECTID":33470,"UN_VOL_POR":"01","UN_VOL_STA":"","UN_VOL_QGR":36.43,"UN_VOL_QCO":0.0,"UN_VOL_AV":20.29,"UN_VOL_INH":0.0,"Shape_Leng":36.9807585935,"Shape_Area":61.2802568342},"geometry":{"type":"Polygon","coordinates":[[[11.875362223768834,45.408854566604425,16.0],[11.875364212670261,45.40892895671103,16.0],[11.875383174529766,45.408929919227774,16.0],[11.875380953876379,45.408974261440015,16.0],[11.87538134634571,45.40897947192374,16.0],[11.875428071838115,45.408981085091675,16.0],[11.8754299087208,45.40887383363243,16.0],[11.87540342935394,45.40885568855688,16.0],[11.875362223768834,45.408854566604425,16.0]]]}},{"type":"Feature","id":"UN_VOL:33473","properties":{"OBJECTID":33473,"UN_VOL_POR":"01","UN_VOL_STA":"","UN_VOL_QGR":26.58,"UN_VOL_QCO":0.0,"UN_VOL_AV":10.87,"UN_VOL_INH":0.0,"Shape_Leng":32.3920703331,"Shape_Area":62.1462770078},"geometry":{"type":"Polygon","coordinates":[[[11.872372256470095,45.40905238160325,16.0],[11.872364825058332,45.40901170303697,16.0],[11.872363503065719,45.4089957142276,16.0],[11.872238724522477,45.40900722653329,16.0],[11.87224721789005,45.40906381041751,16.0],[11.872372256470095,45.40905238160325,16.0]]]}},{"type":"Feature","id":"UN_VOL:33482","properties":{"OBJECTID":33482,"UN_VOL_POR":"01","UN_VOL_STA":"","UN_VOL_QGR":27.59,"UN_VOL_QCO":0.0,"UN_VOL_AV":11.89,"UN_VOL_INH":0.0,"Shape_Leng":46.0624885289,"Shape_Area":99.9030630884},"geometry":{"type":"Polygon","coordinates":[[[11.87210462584998,45.40907685116049,15.0],[11.87224721789005,45.40906381041751,16.0],[11.872238724522477,45.40900722653329,16.0],[11.872178812402401,45.40901269516283,16.0],[11.87217275437575,45.408991514756515,16.0],[11.87210212190181,45.40899977333894,16.0],[11.872091915552472,45.408979957612495,15.0],[11.872061453646685,45.408984054937136,15.0],[11.872102844049824,45.4090769860578,15.0],[11.87210462584998,45.40907685116049,15.0]]]}},{"type":"Feature","id":"UN_VOL:33489","properties":{"OBJECTID":33489,"UN_VOL_POR":"01","UN_VOL_STA":"","UN_VOL_QGR":29.96,"UN_VOL_QCO":0.0,"UN_VOL_AV":14.83,"UN_VOL_INH":0.0,"Shape_Leng":19.1461716737,"Shape_Area":22.5540072971},"geometry":{"type":"Polygon","coordinates":[[[11.871459302856168,45.40905204732311,15.0],[11.871410366382538,45.40904967852655,15.0],[11.871406774859809,45.40904940872142,15.0],[11.871399855736621,45.40904904256267,15.0],[11.871397189660863,45.40909222568777,15.0],[11.871406242265543,45.40909181817254,15.0],[11.871457334484266,45.409096383109556,15.0],[11.871459302856168,45.40905204732311,15.0]]]}},{"type":"Feature","id":"UN_VOL:33490","properties":{"OBJECTID":33490,"UN_VOL_POR":"01","UN_VOL_STA":"","UN_VOL_QGR":40.05,"UN_VOL_QCO":0.0,"UN_VOL_AV":25.25,"UN_VOL_INH":0.0,"Shape_Leng":25.6005218653,"Shape_Area":34.148622927},"geometry":{"type":"Polygon","coordinates":[[[11.870700350048983,45.409082215918,15.0],[11.870586610660395,45.409084627602695,15.0],[11.870585589801404,45.4090846532856,15.0],[11.870587449561372,45.409118811017876,15.0],[11.870702711483503,45.40911618132295,15.0],[11.870700350048983,45.409082215918,15.0]]]}},{"type":"Feature","id":"UN_VOL:33493","properties":{"OBJECTID":33493,"UN_VOL_POR":"01","UN_VOL_STA":"","UN_VOL_QGR":39.69,"UN_VOL_QCO":0.0,"UN_VOL_AV":23.78,"UN_VOL_INH":0.0,"Shape_Leng":24.051056464,"Shape_Area":37.119686128},"geometry":{"type":"Polygon","coordinates":[[[11.876799360939643,45.408947779749916,16.0],[11.87680768384072,45.40890283342186,16.0],[11.876752438240183,45.40889450514796,16.0],[11.87673653179144,45.40890336707288,16.0],[11.876735097870625,45.40896317167443,16.0],[11.876787981541788,45.40896525896148,16.0],[11.87678798510666,45.40896030824807,16.0],[11.876799360939643,45.408947779749916,16.0]]]}},{"type":"Feature","id":"UN_VOL:33497","properties":{"OBJECTID":33497,"UN_VOL_POR":"01","UN_VOL_STA":"","UN_VOL_QGR":30.59,"UN_VOL_QCO":0.0,"UN_VOL_AV":14.48,"UN_VOL_INH":0.0,"Shape_Leng":73.4472687377,"Shape_Area":297.686900292},"geometry":{"type":"Polygon","coordinates":[[[11.875168922351357,45.40895863138175,16.0],[11.875166624426887,45.40888820955776,16.0],[11.875180713304847,45.408830966417824,16.0],[11.875184279419535,45.40879802195775,16.0],[11.875178207692915,45.40879421445703,16.0],[11.875026773048026,45.40878407848047,16.0],[11.875017798012058,45.40878349459394,16.0],[11.875016385002887,45.40878335010401,16.0],[11.875014556603368,45.40889330157804,16.0],[11.875012728187537,45.40900325266102,16.0],[11.875168357056467,45.40900788250088,16.0],[11.875168922351357,45.40895863138175,16.0]]]}},{"type":"Feature","id":"UN_VOL:33501","properties":{"OBJECTID":33501,"UN_VOL_POR":"01","UN_VOL_STA":"","UN_VOL_QGR":26.48,"UN_VOL_QCO":0.0,"UN_VOL_AV":10.57,"UN_VOL_INH":0.0,"Shape_Leng":88.9569062741,"Shape_Area":452.108832965},"geometry":{"type":"Polygon","coordinates":[[[11.873179665433277,45.40903529369255,16.0],[11.873179109033304,45.409031887095225,16.0],[11.873122177160583,45.40881657068158,16.0],[11.873025276614404,45.40882342136749,16.0],[11.872906738760369,45.40883198659658,16.0],[11.87291807691876,45.40888417850825,16.0],[11.872921769671668,45.40890154797752,16.0],[11.87293671845418,45.40896697083134,16.0],[11.872931440380519,45.40896872378893,16.0],[11.87295273113636,45.409070982147945,16.0],[11.87306935030589,45.40906237474699,16.0],[11.873065042486331,45.409045471004056,16.0],[11.873179665433277,45.40903529369255,16.0]]]}},{"type":"Feature","id":"UN_VOL:33560","properties":{"OBJECTID":33560,"UN_VOL_POR":"03","UN_VOL_STA":"","UN_VOL_QGR":29.4,"UN_VOL_QCO":0.0,"UN_VOL_AV":13.38,"UN_VOL_INH":4.0,"Shape_Leng":19.8080654334,"Shape_Area":17.0210435122},"geometry":{"type":"Polygon","coordinates":[[[11.873246906017371,45.4079429184137,17.0],[11.873238787305182,45.40792394990565,17.0],[11.873146578883436,45.40794013394526,17.0],[11.873143675422416,45.407940836993845,17.0],[11.873151288527701,45.407959908286934,17.0],[11.873245638961897,45.40794313041362,17.0],[11.873246906017371,45.4079429184137,17.0]]]}},{"type":"Feature","id":"UN_VOL:33624","properties":{"OBJECTID":33624,"UN_VOL_POR":"03","UN_VOL_STA":"","UN_VOL_QGR":27.08,"UN_VOL_QCO":0.0,"UN_VOL_AV":10.21,"UN_VOL_INH":4.73,"Shape_Leng":13.3228027008,"Shape_Area":8.26899808358},"geometry":{"type":"Polygon","coordinates":[[[11.876058881023079,45.407905108681675,17.0],[11.876049359641794,45.40786106242137,17.0],[11.876028957936617,45.40786193646408,17.0],[11.876037257923086,45.40790709368418,17.0],[11.876058881023079,45.407905108681675,17.0]]]}},{"type":"Feature","id":"UN_VOL:33625","properties":{"OBJECTID":33625,"UN_VOL_POR":"03","UN_VOL_STA":"","UN_VOL_QGR":29.02,"UN_VOL_QCO":0.0,"UN_VOL_AV":13.0,"UN_VOL_INH":4.0,"Shape_Leng":21.1635701059,"Shape_Area":18.3804400536},"geometry":{"type":"Polygon","coordinates":[[[11.873151288527701,45.407959908286934,17.0],[11.873143675422416,45.407940836993845,17.0],[11.873044780659045,45.40796376000362,17.0],[11.873042510467254,45.407964357447106,17.0],[11.87304267462988,45.407965073298016,17.0],[11.873048847338234,45.40798346049236,17.0],[11.873151288527701,45.407959908286934,17.0]]]}},{"type":"Feature","id":"UN_VOL:33627","properties":{"OBJECTID":33627,"UN_VOL_POR":"03","UN_VOL_STA":"","UN_VOL_QGR":25.42,"UN_VOL_QCO":0.0,"UN_VOL_AV":8.76,"UN_VOL_INH":4.0,"Shape_Leng":19.7666273719,"Shape_Area":13.2206487892},"geometry":{"type":"Polygon","coordinates":[[[11.875522658011652,45.407929785063246,16.0],[11.87549545878454,45.407862240783196,16.0],[11.87549474263547,45.40785820828482,16.0],[11.875474509697842,45.40785988839619,16.0],[11.87547541287544,45.40786508639981,16.0],[11.875502320193974,45.40793191766681,16.0],[11.875522658011652,45.407929785063246,16.0]]]}},{"type":"Feature","id":"UN_VOL:33629","properties":{"OBJECTID":33629,"UN_VOL_POR":"03","UN_VOL_STA":"","UN_VOL_QGR":28.52,"UN_VOL_QCO":0.0,"UN_VOL_AV":12.5,"UN_VOL_INH":4.0,"Shape_Leng":18.0080987745,"Shape_Area":14.7769775133},"geometry":{"type":"Polygon","coordinates":[[[11.87304267462988,45.407965073298016,17.0],[11.873042510467254,45.407964357447106,17.0],[11.872958775840448,45.407983838232155,16.0],[11.872965312738874,45.4080018560739,16.0],[11.87299364971242,45.40799619194889,17.0],[11.873048847338234,45.40798346049236,17.0],[11.87304267462988,45.407965073298016,17.0]]]}},{"type":"Feature","id":"UN_VOL:33632","properties":{"OBJECTID":33632,"UN_VOL_POR":"03","UN_VOL_STA":"","UN_VOL_QGR":26.89,"UN_VOL_QCO":0.0,"UN_VOL_AV":9.34,"UN_VOL_INH":4.95,"Shape_Leng":25.6824536458,"Shape_Area":26.5215211269},"geometry":{"type":"Polygon","coordinates":[[[11.87678167234204,45.40791308106656,16.0],[11.876777123083054,45.40782606360848,18.0],[11.876777232031952,45.407820660003395,18.0],[11.876743986061184,45.40782275847703,18.0],[11.87674737550858,45.40789198254087,17.0],[11.876750094654579,45.40791531757391,17.0],[11.87678167234204,45.40791308106656,16.0]]]}},{"type":"Feature","id":"UN_VOL:33636","properties":{"OBJECTID":33636,"UN_VOL_POR":"03","UN_VOL_STA":"","UN_VOL_QGR":22.03,"UN_VOL_QCO":0.0,"UN_VOL_AV":6.07,"UN_VOL_INH":3.27,"Shape_Leng":17.6390232091,"Shape_Area":17.0008629106},"geometry":{"type":"Polygon","coordinates":[[[11.874763151347732,45.40792605990554,16.0],[11.874739326772973,45.40792495004913,16.0],[11.874719313938096,45.407951107851545,16.0],[11.874713312941351,45.40797889288156,16.0],[11.874751568927449,45.4079823393834,16.0],[11.874763151347732,45.40792605990554,16.0]]]}},{"type":"Feature","id":"UN_VOL:33638","properties":{"OBJECTID":33638,"UN_VOL_POR":"03","UN_VOL_STA":"","UN_VOL_QGR":26.77,"UN_VOL_QCO":0.0,"UN_VOL_AV":10.06,"UN_VOL_INH":4.59,"Shape_Leng":30.4837935974,"Shape_Area":37.2830652255},"geometry":{"type":"Polygon","coordinates":[[[11.87620616015653,45.407946672235546,17.0],[11.87616359115125,45.40784072058451,17.0],[11.876123973569252,45.407845679721035,17.0],[11.876167330096113,45.40794954162902,16.0],[11.87620616015653,45.407946672235546,17.0]]]}},{"type":"Feature","id":"UN_VOL:33641","properties":{"OBJECTID":33641,"UN_VOL_POR":"03","UN_VOL_STA":"","UN_VOL_QGR":25.61,"UN_VOL_QCO":0.0,"UN_VOL_AV":9.59,"UN_VOL_INH":4.0,"Shape_Leng":14.4580355657,"Shape_Area":11.8563034608},"geometry":{"type":"Polygon","coordinates":[[[11.873013542849893,45.40803565662289,17.0],[11.87299364971242,45.40799619194889,17.0],[11.872965312738874,45.4080018560739,16.0],[11.872980324031085,45.40804333387654,16.0],[11.873013542849893,45.40803565662289,17.0]]]}},{"type":"Feature","id":"UN_VOL:33644","properties":{"OBJECTID":33644,"UN_VOL_POR":"03","UN_VOL_STA":"","UN_VOL_QGR":26.55,"UN_VOL_QCO":0.0,"UN_VOL_AV":10.25,"UN_VOL_INH":3.75,"Shape_Leng":13.7949329519,"Shape_Area":10.7635937266},"geometry":{"type":"Polygon","coordinates":[[[11.876071968917898,45.407966527102396,17.0],[11.876059863025853,45.40792695672253,17.0],[11.87603086961052,45.40792975782858,17.0],[11.876040440842331,45.40796975228738,17.0],[11.876071968917898,45.407966527102396,17.0]]]}},{"type":"Feature","id":"UN_VOL:33645","properties":{"OBJECTID":33645,"UN_VOL_POR":"03","UN_VOL_STA":"","UN_VOL_QGR":26.67,"UN_VOL_QCO":0.0,"UN_VOL_AV":9.93,"UN_VOL_INH":3.12,"Shape_Leng":22.9701562647,"Shape_Area":32.6510949704},"geometry":{"type":"Polygon","coordinates":[[[11.874301228571653,45.407964430782094,17.0],[11.874267726818852,45.40796149430555,17.0],[11.874234097375751,45.40795856064586,17.0],[11.874235390911162,45.408016766113036,17.0],[11.87426622168318,45.408017429835276,17.0],[11.874297052455509,45.408018093549174,17.0],[11.874302412537984,45.408017958524766,17.0],[11.874301228571653,45.407964430782094,17.0]]]}},{"type":"Feature","id":"UN_VOL:33650","properties":{"OBJECTID":33650,"UN_VOL_POR":"03","UN_VOL_STA":"","UN_VOL_QGR":21.65,"UN_VOL_QCO":0.0,"UN_VOL_AV":6.17,"UN_VOL_INH":3.55,"Shape_Leng":70.6231997357,"Shape_Area":94.8603934612},"geometry":{"type":"Polygon","coordinates":[[[11.8709483384493,45.407954690181086,15.0],[11.870947877922793,45.40795317136296,15.0],[11.870916108379031,45.4079566713461,15.0],[11.870949323424325,45.40806988123589,15.0],[11.870741216299113,45.40809374996586,15.0],[11.870745195416601,45.4081218239721,15.0],[11.87077124929404,45.40811900812237,15.0],[11.8707984471242,45.408116073438045,15.0],[11.870989844712787,45.408095325668896,15.0],[11.870990860993269,45.408095210050774,15.0],[11.8709483384493,45.407954690181086,15.0]]]}},{"type":"Feature","id":"UN_VOL:33653","properties":{"OBJECTID":33653,"UN_VOL_POR":"03","UN_VOL_STA":"","UN_VOL_QGR":26.03,"UN_VOL_QCO":0.0,"UN_VOL_AV":10.07,"UN_VOL_INH":3.27,"Shape_Leng":16.5692700316,"Shape_Area":15.911598026},"geometry":{"type":"Polygon","coordinates":[[[11.874751568927449,45.4079823393834,16.0],[11.874713312941351,45.40797889288156,16.0],[11.874703202268753,45.40802640424446,16.0],[11.874742141621953,45.40802821346999,16.0],[11.874751568927449,45.4079823393834,16.0]]]}},{"type":"Feature","id":"UN_VOL:33657","properties":{"OBJECTID":33657,"UN_VOL_POR":"03","UN_VOL_STA":"","UN_VOL_QGR":24.39,"UN_VOL_QCO":0.0,"UN_VOL_AV":10.03,"UN_VOL_INH":4.05,"Shape_Leng":33.8577054459,"Shape_Area":33.5783350932},"geometry":{"type":"Polygon","coordinates":[[[11.870607363977925,45.40811025930827,15.0],[11.870421472377105,45.408123667298284,15.0],[11.87042294469822,45.40814514325514,15.0],[11.870608498983838,45.40813012368655,15.0],[11.870607363977925,45.40811025930827,15.0]]]}},{"type":"Feature","id":"UN_VOL:33660","properties":{"OBJECTID":33660,"UN_VOL_POR":"03","UN_VOL_STA":"","UN_VOL_QGR":27.27,"UN_VOL_QCO":0.0,"UN_VOL_AV":11.25,"UN_VOL_INH":3.8,"Shape_Leng":18.6924239732,"Shape_Area":19.0955634877},"geometry":{"type":"Polygon","coordinates":[[[11.873040961796073,45.408089963761924,17.0],[11.873013542849893,45.40803565662289,17.0],[11.872980324031085,45.40804333387654,16.0],[11.873000076167694,45.408097654365136,17.0],[11.873040961796073,45.408089963761924,17.0]]]}},{"type":"Feature","id":"UN_VOL:33667","properties":{"OBJECTID":33667,"UN_VOL_POR":"03","UN_VOL_STA":"","UN_VOL_QGR":25.29,"UN_VOL_QCO":0.0,"UN_VOL_AV":9.04,"UN_VOL_INH":3.6,"Shape_Leng":13.9360261251,"Shape_Area":11.0715641766},"geometry":{"type":"Polygon","coordinates":[[[11.875138312782937,45.408016161104484,16.0],[11.87510690299477,45.40801668242656,16.0],[11.875106623760471,45.40805647493928,16.0],[11.875137982962222,45.40805748529749,16.0],[11.875137937293006,45.40805658598042,16.0],[11.875138312782937,45.408016161104484,16.0]]]}},{"type":"Feature","id":"UN_VOL:33668","properties":{"OBJECTID":33668,"UN_VOL_POR":"03","UN_VOL_STA":"","UN_VOL_QGR":25.07,"UN_VOL_QCO":0.0,"UN_VOL_AV":10.46,"UN_VOL_INH":3.33,"Shape_Leng":33.3282452278,"Shape_Area":15.6073002385},"geometry":{"type":"Polygon","coordinates":[[[11.870822851324798,45.4081563250736,15.0],[11.87082119678374,45.40814889554773,15.0],[11.87072390029699,45.4081554840986,15.0],[11.870626599223794,45.408161982635,15.0],[11.870622278191988,45.40816245153273,15.0],[11.870623690978736,45.408172677424524,15.0],[11.870822851324798,45.4081563250736,15.0]]]}},{"type":"Feature","id":"UN_VOL:33672","properties":{"OBJECTID":33672,"UN_VOL_POR":"03","UN_VOL_STA":"","UN_VOL_QGR":25.29,"UN_VOL_QCO":0.0,"UN_VOL_AV":10.67,"UN_VOL_INH":3.5,"Shape_Leng":28.4283198875,"Shape_Area":12.5610920597},"geometry":{"type":"Polygon","coordinates":[[[11.870623690978736,45.408172677424524,15.0],[11.870622278191988,45.40816245153273,15.0],[11.870454477531915,45.408179814778244,15.0],[11.870455584871982,45.40818653809088,15.0],[11.870623690978736,45.408172677424524,15.0]]]}},{"type":"Feature","id":"UN_VOL:33673","properties":{"OBJECTID":33673,"UN_VOL_POR":"03","UN_VOL_STA":"","UN_VOL_QGR":26.21,"UN_VOL_QCO":0.0,"UN_VOL_AV":9.92,"UN_VOL_INH":3.75,"Shape_Leng":27.9143792983,"Shape_Area":28.6780466425},"geometry":{"type":"Polygon","coordinates":[[[11.876074266518872,45.40797403038976,17.0],[11.876071968917898,45.407966527102396,17.0],[11.876040440842331,45.40796975228738,17.0],[11.876042752677265,45.40797752496714,17.0],[11.876044946558752,45.40799304191489,17.0],[11.876056604567777,45.408071599030635,17.0],[11.876061700163111,45.4080712904966,17.0],[11.876088442314096,45.40806944659696,17.0],[11.876076980421537,45.407992234463244,17.0],[11.876074266518872,45.40797403038976,17.0]]]}},{"type":"Feature","id":"UN_VOL:33674","properties":{"OBJECTID":33674,"UN_VOL_POR":"03","UN_VOL_STA":"","UN_VOL_QGR":25.35,"UN_VOL_QCO":0.0,"UN_VOL_AV":8.7,"UN_VOL_INH":4.0,"Shape_Leng":38.5138693991,"Shape_Area":28.1980548078},"geometry":{"type":"Polygon","coordinates":[[[11.875582158001137,45.40808229675,16.0],[11.875586086840148,45.408081657844484,16.0],[11.875522658011652,45.407929785063246,16.0],[11.875502320193974,45.40793191766681,16.0],[11.875566049994596,45.408084683342125,16.0],[11.875582158001137,45.40808229675,16.0]]]}},{"type":"Feature","id":"UN_VOL:33678","properties":{"OBJECTID":33678,"UN_VOL_POR":"03","UN_VOL_STA":"","UN_VOL_QGR":27.88,"UN_VOL_QCO":0.0,"UN_VOL_AV":10.62,"UN_VOL_INH":3.65,"Shape_Leng":28.1182588013,"Shape_Area":34.124396457},"geometry":{"type":"Polygon","coordinates":[[[11.876862219450537,45.40805471033981,17.0],[11.876813114952832,45.40796854611689,16.0],[11.876769987110789,45.4079698135756,17.0],[11.876824215217866,45.40806376963481,18.0],[11.876862219450537,45.40805471033981,17.0]]]}},{"type":"Feature","id":"UN_VOL:33686","properties":{"OBJECTID":33686,"UN_VOL_POR":"03","UN_VOL_STA":"","UN_VOL_QGR":22.65,"UN_VOL_QCO":0.0,"UN_VOL_AV":7.43,"UN_VOL_INH":4.6,"Shape_Leng":91.1982835358,"Shape_Area":85.170735966},"geometry":{"type":"Polygon","coordinates":[[[11.87191846011616,45.408185552130114,15.0],[11.871913473289158,45.408167855011094,15.0],[11.871360339230108,45.408216970976206,15.0],[11.87136553562997,45.40823376237761,15.0],[11.87191846011616,45.408185552130114,15.0]]]}},{"type":"Feature","id":"UN_VOL:33687","properties":{"OBJECTID":33687,"UN_VOL_POR":"03","UN_VOL_STA":"","UN_VOL_QGR":24.98,"UN_VOL_QCO":0.0,"UN_VOL_AV":8.99,"UN_VOL_INH":4.0,"Shape_Leng":16.0211235677,"Shape_Area":13.9293384423},"geometry":{"type":"Polygon","coordinates":[[[11.87561754141398,45.408127311720705,16.0],[11.87561649300829,45.408124277721676,16.0],[11.875598015246362,45.40808000691193,16.0],[11.875590403247868,45.40808109882827,16.0],[11.875586086840148,45.408081657844484,16.0],[11.875582158001137,45.40808229675,16.0],[11.875566049994596,45.408084683342125,16.0],[11.875585557847288,45.40813162804097,16.0],[11.87561754141398,45.408127311720705,16.0]]]}},{"type":"Feature","id":"UN_VOL:33688","properties":{"OBJECTID":33688,"UN_VOL_POR":"03","UN_VOL_STA":"","UN_VOL_QGR":27.24,"UN_VOL_QCO":0.0,"UN_VOL_AV":10.99,"UN_VOL_INH":3.6,"Shape_Leng":24.1936478068,"Shape_Area":23.642848024},"geometry":{"type":"Polygon","coordinates":[[[11.875137982962222,45.40805748529749,16.0],[11.875106623760471,45.40805647493928,16.0],[11.875106270332262,45.4081426258739,16.0],[11.875137557244027,45.40814471822539,16.0],[11.875137982962222,45.40805748529749,16.0]]]}},{"type":"Feature","id":"UN_VOL:33690","properties":{"OBJECTID":33690,"UN_VOL_POR":"03","UN_VOL_STA":"","UN_VOL_QGR":21.23,"UN_VOL_QCO":0.0,"UN_VOL_AV":6.0,"UN_VOL_INH":3.57,"Shape_Leng":34.5599103422,"Shape_Area":29.8488640058},"geometry":{"type":"Polygon","coordinates":[[[11.87136553562997,45.40823376237761,15.0],[11.871360339230108,45.408216970976206,15.0],[11.871358812250666,45.40821709944933,15.0],[11.871165003441654,45.40823313798156,14.0],[11.87117266098172,45.408250587835745,15.0],[11.87136553562997,45.40823376237761,15.0]]]}},{"type":"Feature","id":"UN_VOL:33694","properties":{"OBJECTID":33694,"UN_VOL_POR":"03","UN_VOL_STA":"","UN_VOL_QGR":28.58,"UN_VOL_QCO":0.0,"UN_VOL_AV":12.62,"UN_VOL_INH":6.4,"Shape_Leng":21.5749022747,"Shape_Area":23.769806847},"geometry":{"type":"Polygon","coordinates":[[[11.874727502014716,45.40809978202878,16.0],[11.874688143081176,45.408097263384775,16.0],[11.874673716990603,45.40816549638486,16.0],[11.874712971128632,45.408168467908,16.0],[11.874727502014716,45.40809978202878,16.0]]]}},{"type":"Feature","id":"UN_VOL:33700","properties":{"OBJECTID":33700,"UN_VOL_POR":"03","UN_VOL_STA":"","UN_VOL_QGR":28.86,"UN_VOL_QCO":0.0,"UN_VOL_AV":12.9,"UN_VOL_INH":5.5,"Shape_Leng":20.9380851848,"Shape_Area":22.8059078711},"geometry":{"type":"Polygon","coordinates":[[[11.874712971128632,45.408168467908,16.0],[11.874673716990603,45.40816549638486,16.0],[11.87465978772733,45.40823092619485,16.0],[11.874699060175335,45.408234257448576,16.0],[11.874712971128632,45.408168467908,16.0]]]}},{"type":"Feature","id":"UN_VOL:33703","properties":{"OBJECTID":33703,"UN_VOL_POR":"03","UN_VOL_STA":"","UN_VOL_QGR":27.09,"UN_VOL_QCO":0.0,"UN_VOL_AV":9.83,"UN_VOL_INH":3.6,"Shape_Leng":21.0907158345,"Shape_Area":23.2464040271},"geometry":{"type":"Polygon","coordinates":[[[11.876932499948902,45.408177875700154,18.0],[11.87689714530123,45.40811584819747,17.0],[11.876859706544767,45.4081259734182,17.0],[11.876859984740276,45.40812641663793,17.0],[11.876894782982612,45.40818755810295,18.0],[11.876932499948902,45.408177875700154,18.0]]]}},{"type":"Feature","id":"UN_VOL:33705","properties":{"OBJECTID":33705,"UN_VOL_POR":"03","UN_VOL_STA":"","UN_VOL_QGR":23.6,"UN_VOL_QCO":0.0,"UN_VOL_AV":7.3,"UN_VOL_INH":3.45,"Shape_Leng":35.3902901595,"Shape_Area":32.7277237979},"geometry":{"type":"Polygon","coordinates":[[[11.876083715384514,45.408210345122555,16.0],[11.876099527180363,45.40820967681263,16.0],[11.876093918330914,45.40813951816107,17.0],[11.876088442314096,45.40806944659696,17.0],[11.876061700163111,45.4080712904966,17.0],[11.876061727573433,45.40807183008641,17.0],[11.876071279300367,45.40819193626611,17.0],[11.8760721060512,45.40821072779812,16.0],[11.876083715384514,45.408210345122555,16.0]]]}},{"type":"Feature","id":"UN_VOL:33712","properties":{"OBJECTID":33712,"UN_VOL_POR":"03","UN_VOL_STA":"","UN_VOL_QGR":26.52,"UN_VOL_QCO":0.0,"UN_VOL_AV":10.54,"UN_VOL_INH":3.47,"Shape_Leng":31.2144568121,"Shape_Area":39.2653563293},"geometry":{"type":"Polygon","coordinates":[[[11.875623645596265,45.408239943622014,16.0],[11.875661386022339,45.408235751953484,16.0],[11.875625664112997,45.40812620693169,16.0],[11.87561754141398,45.408127311720705,16.0],[11.875585557847288,45.40813162804097,16.0],[11.8756219955224,45.40824016530131,16.0],[11.875623645596265,45.408239943622014,16.0]]]}},{"type":"Feature","id":"UN_VOL:33714","properties":{"OBJECTID":33714,"UN_VOL_POR":"03","UN_VOL_STA":"","UN_VOL_QGR":27.43,"UN_VOL_QCO":0.0,"UN_VOL_AV":12.65,"UN_VOL_INH":4.1,"Shape_Leng":39.8339173672,"Shape_Area":47.6088484484},"geometry":{"type":"Polygon","coordinates":[[[11.871103866848236,45.408363124391876,15.0],[11.871132906392285,45.40835870292664,15.0],[11.871074388503285,45.40821525542597,16.0],[11.871035686121388,45.408218119468096,15.0],[11.87105888711045,45.40827496369901,15.0],[11.871063696042178,45.40827403227411,15.0],[11.87109688852408,45.408364110016294,15.0],[11.871103866848236,45.408363124391876,15.0]]]}},{"type":"Feature","id":"UN_VOL:33715","properties":{"OBJECTID":33715,"UN_VOL_POR":"03","UN_VOL_STA":"","UN_VOL_QGR":26.47,"UN_VOL_QCO":0.0,"UN_VOL_AV":11.69,"UN_VOL_INH":4.1,"Shape_Leng":21.2062510412,"Shape_Area":2.65984264076},"geometry":{"type":"Polygon","coordinates":[[[11.87109688852408,45.408364110016294,15.0],[11.871063696042178,45.40827403227411,15.0],[11.87105888711045,45.40827496369901,15.0],[11.871095370661063,45.40836441835004,15.0],[11.87109688852408,45.408364110016294,15.0]]]}},{"type":"Feature","id":"UN_VOL:33716","properties":{"OBJECTID":33716,"UN_VOL_POR":"03","UN_VOL_STA":"","UN_VOL_QGR":24.97,"UN_VOL_QCO":0.0,"UN_VOL_AV":8.9,"UN_VOL_INH":5.88,"Shape_Leng":52.6133342017,"Shape_Area":67.7616954703},"geometry":{"type":"Polygon","coordinates":[[[11.873857448655059,45.40829479373246,16.0],[11.873883806839691,45.408277837619,16.0],[11.873822438914383,45.40822438535692,16.0],[11.873701945072575,45.408113824344014,16.0],[11.873686534159138,45.40811988308292,16.0],[11.873672008403313,45.40812573982308,16.0],[11.873792361048602,45.40824107534395,16.0],[11.873807868439037,45.408254546516694,16.0],[11.873831138688136,45.40827493352436,16.0],[11.873855470840807,45.40829610342268,16.0],[11.873857448655059,45.40829479373246,16.0]]]}},{"type":"Feature","id":"UN_VOL:33718","properties":{"OBJECTID":33718,"UN_VOL_POR":"03","UN_VOL_STA":"","UN_VOL_QGR":27.87,"UN_VOL_QCO":0.0,"UN_VOL_AV":11.85,"UN_VOL_INH":6.6,"Shape_Leng":57.8803343943,"Shape_Area":81.5924650508},"geometry":{"type":"Polygon","coordinates":[[[11.873118973571815,45.40831528140443,17.0],[11.873040961796073,45.408089963761924,17.0],[11.873000076167694,45.408097654365136,17.0],[11.873005117935035,45.40811138916427,17.0],[11.873081625064623,45.40832216259633,16.0],[11.873118973571815,45.40831528140443,17.0]]]}},{"type":"Feature","id":"UN_VOL:33723","properties":{"OBJECTID":33723,"UN_VOL_POR":"03","UN_VOL_STA":"","UN_VOL_QGR":22.77,"UN_VOL_QCO":0.0,"UN_VOL_AV":6.7,"UN_VOL_INH":2.97,"Shape_Leng":26.0593318764,"Shape_Area":29.3425416832},"geometry":{"type":"Polygon","coordinates":[[[11.873831138688136,45.40827493352436,16.0],[11.873807868439037,45.408254546516694,16.0],[11.873700984352766,45.40830386518571,16.0],[11.873721760952156,45.408325484847886,16.0],[11.873831138688136,45.40827493352436,16.0]]]}},{"type":"Feature","id":"UN_VOL:33724","properties":{"OBJECTID":33724,"UN_VOL_POR":"03","UN_VOL_STA":"","UN_VOL_QGR":24.34,"UN_VOL_QCO":0.0,"UN_VOL_AV":8.14,"UN_VOL_INH":4.85,"Shape_Leng":23.3114053197,"Shape_Area":29.3070292599},"geometry":{"type":"Polygon","coordinates":[[[11.874925698413653,45.40826581258057,16.0],[11.874825352157886,45.40825762921432,16.0],[11.874817223184774,45.408291318565766,16.0],[11.874919515874899,45.40829756269365,16.0],[11.874925698413653,45.40826581258057,16.0]]]}},{"type":"Feature","id":"UN_VOL:33725","properties":{"OBJECTID":33725,"UN_VOL_POR":"03","UN_VOL_STA":"","UN_VOL_QGR":24.0,"UN_VOL_QCO":0.0,"UN_VOL_AV":7.8,"UN_VOL_INH":4.85,"Shape_Leng":59.1737496931,"Shape_Area":70.4411410477},"geometry":{"type":"Polygon","coordinates":[[[11.874846329852025,45.408154846506996,16.0],[11.874851760886116,45.40812842575332,16.0],[11.874857716330073,45.40810226231661,16.0],[11.874774117078395,45.40809671737374,16.0],[11.874773510943271,45.40810240364363,16.0],[11.874762857788657,45.40815181888169,16.0],[11.874730761419057,45.40829988794359,16.0],[11.874755298117362,45.408302420218675,16.0],[11.874788000005003,45.40814866489552,16.0],[11.874846329852025,45.408154846506996,16.0]]]}},{"type":"Feature","id":"UN_VOL:33727","properties":{"OBJECTID":33727,"UN_VOL_POR":"03","UN_VOL_STA":"","UN_VOL_QGR":22.27,"UN_VOL_QCO":0.0,"UN_VOL_AV":6.07,"UN_VOL_INH":4.85,"Shape_Leng":43.57110931,"Shape_Area":80.1076275901},"geometry":{"type":"Polygon","coordinates":[[[11.874817223184774,45.408291318565766,16.0],[11.874825352157886,45.40825762921432,16.0],[11.874846329852025,45.408154846506996,16.0],[11.874788000005003,45.40814866489552,16.0],[11.874755298117362,45.408302420218675,16.0],[11.874804110499447,45.40830740128251,16.0],[11.874811914130525,45.40830756485564,16.0],[11.874817223184774,45.408291318565766,16.0]]]}},{"type":"Feature","id":"UN_VOL:33728","properties":{"OBJECTID":33728,"UN_VOL_POR":"03","UN_VOL_STA":"","UN_VOL_QGR":25.71,"UN_VOL_QCO":0.0,"UN_VOL_AV":9.63,"UN_VOL_INH":3.87,"Shape_Leng":24.8473151114,"Shape_Area":18.4550288587},"geometry":{"type":"Polygon","coordinates":[[[11.874060789966705,45.40831550531512,16.0],[11.874063839162392,45.40831011808871,16.0],[11.8739659782069,45.40824768386091,16.0],[11.873955190041947,45.40825920715057,16.0],[11.874053748360385,45.408327834711066,16.0],[11.874060789966705,45.40831550531512,16.0]]]}},{"type":"Feature","id":"UN_VOL:33729","properties":{"OBJECTID":33729,"UN_VOL_POR":"03","UN_VOL_STA":"","UN_VOL_QGR":26.59,"UN_VOL_QCO":0.0,"UN_VOL_AV":10.42,"UN_VOL_INH":4.62,"Shape_Leng":52.4964032355,"Shape_Area":53.8429823356},"geometry":{"type":"Polygon","coordinates":[[[11.875070499147608,45.4080874495166,16.0],[11.875065133942675,45.40808749465943,16.0],[11.875043424000165,45.40808777155221,16.0],[11.875036594444447,45.40830307398075,16.0],[11.875054640090429,45.40830360940437,16.0],[11.875064366842468,45.40830390420637,16.0],[11.875070244360984,45.408155415531446,16.0],[11.87507292840969,45.40808747835203,16.0],[11.875070499147608,45.4080874495166,16.0]]]}},{"type":"Feature","id":"UN_VOL:33731","properties":{"OBJECTID":33731,"UN_VOL_POR":"03","UN_VOL_STA":"","UN_VOL_QGR":28.63,"UN_VOL_QCO":0.0,"UN_VOL_AV":11.26,"UN_VOL_INH":4.35,"Shape_Leng":62.9410687272,"Shape_Area":80.2583481537},"geometry":{"type":"Polygon","coordinates":[[[11.876956554879305,45.40807285467139,17.0],[11.87694258598612,45.408049443497305,17.0],[11.876907549456513,45.40805653778975,17.0],[11.876928994101748,45.40809128217672,17.0],[11.876949892074013,45.40812531996901,17.0],[11.876987967227397,45.40818052768965,17.0],[11.877019498902088,45.408215107767695,17.0],[11.877058104548443,45.40824302804796,17.0],[11.877059430984353,45.40824398472676,17.0],[11.877132922570025,45.40826184445522,17.0],[11.877142337475714,45.40824342461883,17.0],[11.87707914683318,45.40822206464252,17.0],[11.877040540946128,45.408191623845056,17.0],[11.877022807393912,45.40816956787135,17.0],[11.877005078978366,45.40814760181208,17.0],[11.87698232578236,45.40811478063673,17.0],[11.876956554879305,45.40807285467139,17.0]]]}},{"type":"Feature","id":"UN_VOL:33737","properties":{"OBJECTID":33737,"UN_VOL_POR":"03","UN_VOL_STA":"","UN_VOL_QGR":23.86,"UN_VOL_QCO":0.0,"UN_VOL_AV":7.61,"UN_VOL_INH":3.76,"Shape_Leng":44.6211152384,"Shape_Area":41.2495206629},"geometry":{"type":"Polygon","coordinates":[[[11.875137557244027,45.40814471822539,16.0],[11.875106270332262,45.4081426258739,16.0],[11.875106247657241,45.40814469674167,16.0],[11.875094414009261,45.4083042272622,16.0],[11.875092259548083,45.40832471437304,16.0],[11.875113527367647,45.40832579892344,16.0],[11.875137557244027,45.40814471822539,16.0]]]}},{"type":"Feature","id":"UN_VOL:33738","properties":{"OBJECTID":33738,"UN_VOL_POR":"03","UN_VOL_STA":"","UN_VOL_QGR":25.26,"UN_VOL_QCO":0.0,"UN_VOL_AV":8.0,"UN_VOL_INH":3.6,"Shape_Leng":48.5949521747,"Shape_Area":40.2204539282},"geometry":{"type":"Polygon","coordinates":[[[11.876966865032553,45.40823803793954,18.0],[11.876932499948902,45.408177875700154,18.0],[11.876894782982612,45.40818755810295,18.0],[11.876914135730638,45.40822136472155,18.0],[11.876921480283473,45.40823765186244,18.0],[11.876755330090756,45.4082799163755,17.0],[11.87676008979897,45.408290597698254,17.0],[11.87676942472826,45.40828820199945,17.0],[11.876939868528286,45.40824492951916,18.0],[11.876966865032553,45.40823803793954,18.0]]]}},{"type":"Feature","id":"UN_VOL:33739","properties":{"OBJECTID":33739,"UN_VOL_POR":"03","UN_VOL_STA":"","UN_VOL_QGR":25.89,"UN_VOL_QCO":0.0,"UN_VOL_AV":11.11,"UN_VOL_INH":5.06,"Shape_Leng":18.6741220248,"Shape_Area":8.298460063},"geometry":{"type":"Polygon","coordinates":[[[11.871136699436924,45.408430977808315,15.0],[11.871126721642517,45.40839801409036,15.0],[11.871115909613508,45.40839900613613,15.0],[11.871105813266157,45.4083687460232,15.0],[11.871103866848236,45.408363124391876,15.0],[11.87109688852408,45.408364110016294,15.0],[11.871095370661063,45.40836441835004,15.0],[11.871097768491463,45.40837137893468,15.0],[11.871118480458529,45.40843206618819,15.0],[11.871118927312237,45.40843331520922,15.0],[11.871136699436924,45.408430977808315,15.0]]]}},{"type":"Feature","id":"UN_VOL:33745","properties":{"OBJECTID":33745,"UN_VOL_POR":"02","UN_VOL_STA":"","UN_VOL_QGR":24.0,"UN_VOL_QCO":0.0,"UN_VOL_AV":7.9,"UN_VOL_INH":6.4,"Shape_Leng":34.2943925394,"Shape_Area":16.0841033454},"geometry":{"type":"Polygon","coordinates":[[[11.873135567607022,45.40878328885769,16.0],[11.873134915484469,45.40878051499781,16.0],[11.873125124831375,45.408781481515426,16.0],[11.872936624796932,45.40879891978802,16.0],[11.87293038056547,45.40879925671366,16.0],[11.872932746226656,45.40880810866174,16.0],[11.872937847028092,45.40880789018311,16.0],[11.87305460697854,45.40879702925235,16.0],[11.873137154033873,45.40878936975258,16.0],[11.873135567607022,45.40878328885769,16.0]]]}},{"type":"Feature","id":"UN_VOL:33746","properties":{"OBJECTID":33746,"UN_VOL_POR":"02","UN_VOL_STA":"","UN_VOL_QGR":25.01,"UN_VOL_QCO":0.0,"UN_VOL_AV":8.91,"UN_VOL_INH":6.4,"Shape_Leng":6.99572676146,"Shape_Area":2.49157172582},"geometry":{"type":"Polygon","coordinates":[[[11.872932746226656,45.40880810866174,16.0],[11.87293038056547,45.40879925671366,16.0],[11.872899280406797,45.40880085019243,16.0],[11.87290024728096,45.408809827017414,16.0],[11.872932746226656,45.40880810866174,16.0]]]}},{"type":"Feature","id":"UN_VOL:33750","properties":{"OBJECTID":33750,"UN_VOL_POR":"02","UN_VOL_STA":"","UN_VOL_QGR":26.94,"UN_VOL_QCO":0.0,"UN_VOL_AV":11.46,"UN_VOL_INH":5.53,"Shape_Leng":27.455058968,"Shape_Area":9.87850460104},"geometry":{"type":"Polygon","coordinates":[[[11.876699120358504,45.40930135574572,16.0],[11.876865638779169,45.40930147808253,16.0],[11.876865182192102,45.40929500856597,16.0],[11.876700669520735,45.4092941156756,16.0],[11.876699120358504,45.40930135574572,16.0]]]}},{"type":"Feature","id":"UN_VOL:33872","properties":{"OBJECTID":33872,"UN_VOL_POR":"01","UN_VOL_STA":"","UN_VOL_QGR":25.47,"UN_VOL_QCO":0.0,"UN_VOL_AV":9.97,"UN_VOL_INH":0.0,"Shape_Leng":30.3432217739,"Shape_Area":52.8455377497},"geometry":{"type":"Polygon","coordinates":[[[11.873145955058517,45.40680473091696,16.0],[11.873153826847728,45.40680372266885,16.0],[11.873140273820658,45.40676328833413,16.0],[11.873134307974071,45.40676406849512,16.0],[11.87312881961481,45.40675664588186,16.0],[11.873036649505908,45.40677354846489,16.0],[11.873012086893386,45.40677803778324,16.0],[11.873035858335975,45.406823435602924,16.0],[11.873145955058517,45.40680473091696,16.0]]]}},{"type":"Feature","id":"UN_VOL:33881","properties":{"OBJECTID":33881,"UN_VOL_POR":"01","UN_VOL_STA":"","UN_VOL_QGR":30.33,"UN_VOL_QCO":0.0,"UN_VOL_AV":13.85,"UN_VOL_INH":0.0,"Shape_Leng":28.1390855951,"Shape_Area":23.698782428},"geometry":{"type":"Polygon","coordinates":[[[11.874082823321178,45.406798598603764,17.0],[11.874066002050352,45.406759236827384,17.0],[11.874073335740254,45.40675770178892,17.0],[11.874052752911986,45.40669458132245,17.0],[11.87402636316366,45.40670082699204,17.0],[11.874059031362746,45.406803158392904,17.0],[11.874082823321178,45.406798598603764,17.0]]]}},{"type":"Feature","id":"UN_VOL:33882","properties":{"OBJECTID":33882,"UN_VOL_POR":"01","UN_VOL_STA":"","UN_VOL_QGR":25.73,"UN_VOL_QCO":0.0,"UN_VOL_AV":9.15,"UN_VOL_INH":0.0,"Shape_Leng":14.247916682,"Shape_Area":10.6451862441},"geometry":{"type":"Polygon","coordinates":[[[11.870655588543324,45.40684598969735,17.0],[11.870639148049243,45.406861975567814,17.0],[11.870690069634245,45.4068884183297,17.0],[11.87070631859425,45.406873697536184,17.0],[11.870655588543324,45.40684598969735,17.0]]]}},{"type":"Feature","id":"UN_VOL:33885","properties":{"OBJECTID":33885,"UN_VOL_POR":"01","UN_VOL_STA":"","UN_VOL_QGR":33.97,"UN_VOL_QCO":0.0,"UN_VOL_AV":18.04,"UN_VOL_INH":0.0,"Shape_Leng":58.9344651403,"Shape_Area":149.736766921},"geometry":{"type":"Polygon","coordinates":[[[11.874903917163625,45.40676225095431,17.0],[11.87488256878392,45.406714272331996,17.0],[11.874867566042663,45.406680535463785,17.0],[11.87487849108146,45.406679270074044,17.0],[11.874867723747945,45.40665595806881,17.0],[11.874844479040117,45.40660586648458,17.0],[11.874774785041163,45.40661995417382,17.0],[11.874805355690729,45.40669605467828,17.0],[11.874737785226056,45.4067091887637,17.0],[11.874753120965726,45.406746967805866,17.0],[11.874769774099452,45.406788044216434,17.0],[11.874903917163625,45.40676225095431,17.0]]]}},{"type":"Feature","id":"UN_VOL:33886","properties":{"OBJECTID":33886,"UN_VOL_POR":"01","UN_VOL_STA":"","UN_VOL_QGR":27.33,"UN_VOL_QCO":0.0,"UN_VOL_AV":11.83,"UN_VOL_INH":0.0,"Shape_Leng":48.6599988578,"Shape_Area":77.1063214474},"geometry":{"type":"Polygon","coordinates":[[[11.873748917677215,45.40680862926028,17.0],[11.873745681114094,45.406800249495234,17.0],[11.873691172363918,45.40662762813306,17.0],[11.873646659988225,45.406634329749025,17.0],[11.87366763490613,45.40671022238267,17.0],[11.873701638571873,45.406816210611524,17.0],[11.873748917677215,45.40680862926028,17.0]]]}},{"type":"Feature","id":"UN_VOL:33889","properties":{"OBJECTID":33889,"UN_VOL_POR":"01","UN_VOL_STA":"","UN_VOL_QGR":31.48,"UN_VOL_QCO":0.0,"UN_VOL_AV":14.56,"UN_VOL_INH":0.0,"Shape_Leng":42.7072750108,"Shape_Area":143.806953845},"geometry":{"type":"Polygon","coordinates":[[[11.871891420004092,45.406841264593396,17.0],[11.87189948733107,45.40683152047899,17.0],[11.871900184954317,45.406830152607846,17.0],[11.871904446035181,45.406820954139185,17.0],[11.871907221753068,45.40680765246297,17.0],[11.871904377582055,45.406796922332,17.0],[11.871900808445428,45.40678450072829,17.0],[11.871891906111582,45.40677275286024,17.0],[11.871876153919393,45.40675946767915,17.0],[11.871860720350432,45.40675247502375,17.0],[11.871843340905512,45.40674742154559,17.0],[11.871815769903572,45.406745505293905,17.0],[11.871798116875587,45.40674513917925,17.0],[11.871784579611143,45.40675034086292,17.0],[11.871772651893135,45.40675451152023,17.0],[11.87175829440916,45.40676369395472,17.0],[11.871744693838709,45.40677771830517,17.0],[11.871738298808612,45.40678517031932,17.0],[11.871733563489077,45.40680266190475,17.0],[11.871732456033074,45.40681106101142,17.0],[11.871731822784318,45.40681620766773,17.0],[11.871739548670648,45.406829965017565,17.0],[11.87175460834692,45.4068472285367,17.0],[11.871772084106913,45.40685668994838,17.0],[11.871789691563285,45.40686371794856,17.0],[11.871811077339768,45.40686714019418,17.0],[11.87183136022202,45.40686644960105,17.0],[11.871846547592053,45.406863547207045,17.0],[11.871864687956636,45.406858409752665,17.0],[11.87187625602243,45.406852177841266,17.0],[11.871891420004092,45.406841264593396,17.0]]]}},{"type":"Feature","id":"UN_VOL:34020","properties":{"OBJECTID":34020,"UN_VOL_POR":"01","UN_VOL_STA":"","UN_VOL_QGR":27.36,"UN_VOL_QCO":0.0,"UN_VOL_AV":11.06,"UN_VOL_INH":0.0,"Shape_Leng":64.4144171604,"Shape_Area":258.82517409},"geometry":{"type":"Polygon","coordinates":[[[11.873057172302843,45.406956387261395,16.0],[11.873039035492233,45.406830646665355,16.0],[11.87282756076141,45.40684848277104,16.0],[11.872870119551392,45.40699467204634,16.0],[11.873059903429812,45.40697495116279,16.0],[11.873057172302843,45.406956387261395,16.0]]]}},{"type":"Feature","id":"UN_VOL:34022","properties":{"OBJECTID":34022,"UN_VOL_POR":"01","UN_VOL_STA":"","UN_VOL_QGR":28.42,"UN_VOL_QCO":0.0,"UN_VOL_AV":11.43,"UN_VOL_INH":0.0,"Shape_Leng":24.1365809813,"Shape_Area":27.2930195536},"geometry":{"type":"Polygon","coordinates":[[[11.871977568743723,45.4069751955374,17.0],[11.871961050470372,45.40697453113525,17.0],[11.871962253651038,45.40696801982028,17.0],[11.871907225409899,45.406966434505065,17.0],[11.871877453106032,45.40699166723606,17.0],[11.871934906607624,45.407000752724294,17.0],[11.871929045082025,45.4070162023672,17.0],[11.871965823508988,45.40701824702575,17.0],[11.871977568743723,45.4069751955374,17.0]]]}},{"type":"Feature","id":"UN_VOL:34031","properties":{"OBJECTID":34031,"UN_VOL_POR":"01","UN_VOL_STA":"","UN_VOL_QGR":36.46,"UN_VOL_QCO":0.0,"UN_VOL_AV":20.32,"UN_VOL_INH":0.0,"Shape_Leng":150.706930076,"Shape_Area":676.857528565},"geometry":{"type":"Polygon","coordinates":[[[11.87740702271386,45.40681590176899,17.0],[11.87739061894706,45.40677977008063,17.0],[11.87764445662516,45.40671297014993,16.0],[11.877606051105255,45.40663868845409,16.0],[11.8776210872903,45.40663281833835,16.0],[11.87761195136971,45.40661648637026,16.0],[11.87760847744334,45.40661099302927,16.0],[11.87759214228085,45.4066164460589,16.0],[11.877579226074525,45.406586077145015,16.0],[11.877576800384299,45.40658109764784,16.0],[11.877446051279147,45.40661580963911,16.0],[11.877205303847932,45.406673637668185,17.0],[11.877148458492421,45.40668659278258,17.0],[11.877136671904243,45.40672622562878,17.0],[11.877195126970182,45.40684050776878,17.0],[11.877149425011812,45.406848951248975,17.0],[11.877152115158855,45.40685410418019,17.0],[11.87709500056009,45.40686679591639,17.0],[11.87710564652029,45.40689272095862,17.0],[11.87740702271386,45.40681590176899,17.0]],[[11.877366010526456,45.406778320352956,17.0],[11.877347282197404,45.40673918724617,17.0],[11.877390586013563,45.40672882391256,17.0],[11.877409318938671,45.406768046943164,17.0],[11.877366010526456,45.406778320352956,17.0]]]}},{"type":"Feature","id":"UN_VOL:34035","properties":{"OBJECTID":34035,"UN_VOL_POR":"01","UN_VOL_STA":"","UN_VOL_QGR":27.65,"UN_VOL_QCO":0.0,"UN_VOL_AV":10.73,"UN_VOL_INH":0.0,"Shape_Leng":67.9988549711,"Shape_Area":175.238100542},"geometry":{"type":"Polygon","coordinates":[[[11.871882017874036,45.40688515756685,15.0],[11.87188345359015,45.40687314949408,17.0],[11.871891420004092,45.406841264593396,17.0],[11.87187625602243,45.406852177841266,17.0],[11.871864687956636,45.406858409752665,17.0],[11.871846547592053,45.406863547207045,17.0],[11.87183136022202,45.40686644960105,17.0],[11.871811077339768,45.40686714019418,17.0],[11.871789691563285,45.40686371794856,17.0],[11.871772084106913,45.40685668994838,17.0],[11.87175460834692,45.4068472285367,17.0],[11.871739548670648,45.406829965017565,17.0],[11.871731822784318,45.40681620766773,17.0],[11.871730610443546,45.40682505925833,17.0],[11.871725579268631,45.40686191094512,16.0],[11.871721700607768,45.40689126285902,16.0],[11.871708151690553,45.40699952904085,17.0],[11.871707331475351,45.40700603032483,17.0],[11.871707085767571,45.40703141996063,17.0],[11.871746726602579,45.407019350805676,17.0],[11.87176270684116,45.40702200903036,17.0],[11.871812501122958,45.406960717557794,17.0],[11.871831024530632,45.40694548912468,17.0],[11.871879356700363,45.40690826756234,16.0],[11.871882017874036,45.40688515756685,15.0]]]}},{"type":"Feature","id":"UN_VOL:34041","properties":{"OBJECTID":34041,"UN_VOL_POR":"01","UN_VOL_STA":"","UN_VOL_QGR":39.42,"UN_VOL_QCO":0.0,"UN_VOL_AV":22.88,"UN_VOL_INH":0.0,"Shape_Leng":222.163204559,"Shape_Area":885.131507427},"geometry":{"type":"Polygon","coordinates":[[[11.878020462182919,45.40684489636488,15.0],[11.878010418438237,45.406825797046224,15.0],[11.878019675399353,45.4068218731952,15.0],[11.87797961872571,45.40674277230606,16.0],[11.877945303181065,45.406751468796124,16.0],[11.877928789991778,45.40671822066292,16.0],[11.877964523586375,45.406709758161085,16.0],[11.87781398682432,45.406407962303206,16.0],[11.877836187945608,45.4064022716349,16.0],[11.877798753504328,45.406326975383585,16.0],[11.877817809654433,45.40632226411773,15.0],[11.877780097102661,45.40624652463985,16.0],[11.877729169133678,45.40626023087866,16.0],[11.877373804181897,45.40634579352101,16.0],[11.87736092847813,45.40634890849765,16.0],[11.877361931256878,45.40635104355367,16.0],[11.877369594714066,45.406366062362274,16.0],[11.877405501230818,45.406436447050076,16.0],[11.87749606014035,45.406418050769275,16.0],[11.877664278498385,45.40637636333419,16.0],[11.87765805558921,45.40636454873009,16.0],[11.877688524240332,45.40635558915944,16.0],[11.877693507306933,45.406365634874895,16.0],[11.87779572563374,45.406569095611864,16.0],[11.877762458394471,45.40657830588812,16.0],[11.877897188237432,45.406845665637604,16.0],[11.877911052634168,45.406877090380654,16.0],[11.87802201680017,45.4068478275271,15.0],[11.878020462182919,45.40684489636488,15.0]]]}},{"type":"Feature","id":"UN_VOL:34049","properties":{"OBJECTID":34049,"UN_VOL_POR":"01","UN_VOL_STA":"","UN_VOL_QGR":33.83,"UN_VOL_QCO":0.0,"UN_VOL_AV":17.36,"UN_VOL_INH":0.0,"Shape_Leng":50.7003862445,"Shape_Area":139.570627275},"geometry":{"type":"Polygon","coordinates":[[[11.872457394025197,45.407534156899494,17.0],[11.872470577658433,45.40744894323547,17.0],[11.87236124908275,45.40743243249796,17.0],[11.872354937790734,45.407491909603955,17.0],[11.872328419160214,45.40749059692221,17.0],[11.872322213312625,45.4075546621987,17.0],[11.87234680830851,45.40755584321309,17.0],[11.87234548269197,45.40757000886236,17.0],[11.872453721587195,45.40757511500249,17.0],[11.872457394025197,45.407534156899494,17.0]]]}},{"type":"Feature","id":"UN_VOL:34051","properties":{"OBJECTID":34051,"UN_VOL_POR":"01","UN_VOL_STA":"","UN_VOL_QGR":30.94,"UN_VOL_QCO":0.0,"UN_VOL_AV":13.77,"UN_VOL_INH":0.0,"Shape_Leng":51.0539660474,"Shape_Area":157.447046978},"geometry":{"type":"Polygon","coordinates":[[[11.874333616719506,45.4075275939186,17.0],[11.874392424151278,45.40752305206207,17.0],[11.874390973651261,45.40751210718169,17.0],[11.874433714212865,45.40751076033295,17.0],[11.874430430241897,45.407478798488526,17.0],[11.874423192329843,45.407409221067645,17.0],[11.874324274788377,45.40741153323365,17.0],[11.874247914749782,45.40742020757078,17.0],[11.874245645126248,45.40742080463416,17.0],[11.874278868976702,45.40750133921733,17.0],[11.874285129175993,45.40753151559386,17.0],[11.874333616719506,45.4075275939186,17.0]]]}},{"type":"Feature","id":"UN_VOL:34052","properties":{"OBJECTID":34052,"UN_VOL_POR":"01","UN_VOL_STA":"","UN_VOL_QGR":32.03,"UN_VOL_QCO":0.0,"UN_VOL_AV":14.85,"UN_VOL_INH":0.0,"Shape_Leng":47.7916026744,"Shape_Area":120.028559893},"geometry":{"type":"Polygon","coordinates":[[[11.874562154185154,45.40750599459646,17.0],[11.874563956945597,45.407481105620256,17.0],[11.874569462609339,45.40740580629987,17.0],[11.874423192329843,45.407409221067645,17.0],[11.874430430241897,45.407478798488526,17.0],[11.874466625317524,45.40747941706638,17.0],[11.874467142562034,45.407509738110484,17.0],[11.87446731204502,45.40752566627584,17.0],[11.874524843532967,45.40752619716607,17.0],[11.874529021574237,45.4075052988971,17.0],[11.874562154185154,45.40750599459646,17.0]]]}},{"type":"Feature","id":"UN_VOL:34056","properties":{"OBJECTID":34056,"UN_VOL_POR":"01","UN_VOL_STA":"","UN_VOL_QGR":33.08,"UN_VOL_QCO":0.0,"UN_VOL_AV":15.9,"UN_VOL_INH":0.0,"Shape_Leng":10.0339569056,"Shape_Area":6.23233851564},"geometry":{"type":"Polygon","coordinates":[[[11.874562154185154,45.40750599459646,17.0],[11.874529021574237,45.4075052988971,17.0],[11.874524843532967,45.40752619716607,17.0],[11.874560641923098,45.407526555567266,17.0],[11.874562154185154,45.40750599459646,17.0]]]}},{"type":"Feature","id":"UN_VOL:34066","properties":{"OBJECTID":34066,"UN_VOL_POR":"01","UN_VOL_STA":"","UN_VOL_QGR":29.32,"UN_VOL_QCO":0.0,"UN_VOL_AV":13.27,"UN_VOL_INH":0.0,"Shape_Leng":68.4632935244,"Shape_Area":272.740292956},"geometry":{"type":"Polygon","coordinates":[[[11.870951878291045,45.40762128454215,16.0],[11.871094202104619,45.40760051108324,16.0],[11.871062541376924,45.407487711572735,16.0],[11.871014079878009,45.40740395914786,16.0],[11.870958331170872,45.40741337292372,16.0],[11.870879427798425,45.40742480962152,16.0],[11.870910007658965,45.40752386428789,16.0],[11.87094045994157,45.40762292176494,16.0],[11.870951878291045,45.40762128454215,16.0]]]}},{"type":"Feature","id":"UN_VOL:34099","properties":{"OBJECTID":34099,"UN_VOL_POR":"01","UN_VOL_STA":"","UN_VOL_QGR":32.37,"UN_VOL_QCO":0.0,"UN_VOL_AV":15.65,"UN_VOL_INH":0.0,"Shape_Leng":30.3049409483,"Shape_Area":46.1821691413},"geometry":{"type":"Polygon","coordinates":[[[11.873787070841951,45.407948037691256,17.0],[11.873774900002475,45.40784924013709,16.0],[11.873719579955484,45.40785702440451,17.0],[11.873719196935427,45.40785703405112,17.0],[11.873723884218984,45.40788391990003,17.0],[11.873735839064055,45.40795328851468,17.0],[11.873787070841951,45.407948037691256,17.0]]]}},{"type":"Feature","id":"UN_VOL:34111","properties":{"OBJECTID":34111,"UN_VOL_POR":"01","UN_VOL_STA":"","UN_VOL_QGR":35.03,"UN_VOL_QCO":0.0,"UN_VOL_AV":18.31,"UN_VOL_INH":0.0,"Shape_Leng":25.2572569104,"Shape_Area":37.514972407},"geometry":{"type":"Polygon","coordinates":[[[11.873687916001439,45.407958275890344,17.0],[11.873735839064055,45.40795328851468,17.0],[11.873723884218984,45.40788391990003,17.0],[11.87365720960798,45.40789207976597,17.0],[11.873679943778333,45.4079598269854,17.0],[11.873682701300998,45.4079587674115,17.0],[11.873687916001439,45.407958275890344,17.0]]]}},{"type":"Feature","id":"UN_VOL:34114","properties":{"OBJECTID":34114,"UN_VOL_POR":"01","UN_VOL_STA":"","UN_VOL_QGR":33.63,"UN_VOL_QCO":0.0,"UN_VOL_AV":17.21,"UN_VOL_INH":0.0,"Shape_Leng":26.7041739803,"Shape_Area":36.1948438692},"geometry":{"type":"Polygon","coordinates":[[[11.873980473682442,45.4079491972337,17.0],[11.87402753978606,45.40795251211645,17.0],[11.87403857003699,45.4078677127032,17.0],[11.87398962073005,45.40786255466639,17.0],[11.873980473682442,45.4079491972337,17.0]]]}},{"type":"Feature","id":"UN_VOL:34117","properties":{"OBJECTID":34117,"UN_VOL_POR":"01","UN_VOL_STA":"","UN_VOL_QGR":34.01,"UN_VOL_QCO":0.0,"UN_VOL_AV":17.3,"UN_VOL_INH":0.0,"Shape_Leng":36.7306933764,"Shape_Area":69.0341129505},"geometry":{"type":"Polygon","coordinates":[[[11.876572396373259,45.40788370248859,17.0],[11.87656625573679,45.40783327010419,17.0],[11.876577040122624,45.40783173795735,17.0],[11.876566104961606,45.40778250700736,17.0],[11.876489557592711,45.40778749720995,17.0],[11.876491281907727,45.407796274817,17.0],[11.87650268085324,45.4078370331923,17.0],[11.876485105364372,45.40784071678513,17.0],[11.876497914132257,45.40789161100801,17.0],[11.876572396373259,45.40788370248859,17.0]]]}},{"type":"Feature","id":"UN_VOL:34120","properties":{"OBJECTID":34120,"UN_VOL_POR":"01","UN_VOL_STA":"","UN_VOL_QGR":33.79,"UN_VOL_QCO":0.0,"UN_VOL_AV":16.25,"UN_VOL_INH":0.0,"Shape_Leng":21.3553220991,"Shape_Area":27.1868902221},"geometry":{"type":"Polygon","coordinates":[[[11.876618367310993,45.40783024621755,17.0],[11.876577040122624,45.40783173795735,17.0],[11.87656625573679,45.40783327010419,17.0],[11.876572396373259,45.40788370248859,17.0],[11.876573500063106,45.40789285592781,17.0],[11.876577447685863,45.407892576311895,17.0],[11.876625789380054,45.40788829715122,17.0],[11.876618367310993,45.40783024621755,17.0]]]}},{"type":"Feature","id":"UN_VOL:34126","properties":{"OBJECTID":34126,"UN_VOL_POR":"01","UN_VOL_STA":"","UN_VOL_QGR":30.11,"UN_VOL_QCO":0.0,"UN_VOL_AV":14.03,"UN_VOL_INH":0.0,"Shape_Leng":156.30392503,"Shape_Area":749.051601768},"geometry":{"type":"Polygon","coordinates":[[[11.871892971793594,45.407992936500236,16.0],[11.871884537619424,45.407902236222974,16.0],[11.871884796960062,45.40789979921183,16.0],[11.871741688474382,45.407900070924796,16.0],[11.871721400640054,45.40790067118994,16.0],[11.871397725072885,45.4079210587165,16.0],[11.871397683585705,45.407905127716106,16.0],[11.871188934476073,45.40791632150062,16.0],[11.871182963383545,45.407917012034375,16.0],[11.871183360386992,45.407942475540004,15.0],[11.871048273578744,45.407947225013125,15.0],[11.871047371190008,45.40795462843727,15.0],[11.871048292281543,45.40800051197023,16.0],[11.871063188211833,45.408039742538286,15.0],[11.871892971793594,45.407992936500236,16.0]]]}},{"type":"Feature","id":"UN_VOL:34128","properties":{"OBJECTID":34128,"UN_VOL_POR":"01","UN_VOL_STA":"","UN_VOL_QGR":29.16,"UN_VOL_QCO":0.0,"UN_VOL_AV":12.44,"UN_VOL_INH":0.0,"Shape_Leng":52.1221551472,"Shape_Area":149.872857366},"geometry":{"type":"Polygon","coordinates":[[[11.873917162244872,45.4079506118067,16.0],[11.873918757365661,45.40794427069357,16.0],[11.873929812971,45.40783228665722,17.0],[11.873928162901088,45.407832508311905,17.0],[11.873889511165496,45.407836362172674,17.0],[11.873778200164436,45.4078487972214,16.0],[11.873774900002475,45.40784924013709,16.0],[11.873787070841951,45.407948037691256,17.0],[11.873789870420994,45.40796038856941,17.0],[11.873784123137357,45.40797052500687,17.0],[11.873866063282172,45.4079710714032,16.0],[11.873867392730961,45.40794691473509,16.0],[11.873917162244872,45.4079506118067,16.0]]]}},{"type":"Feature","id":"UN_VOL:34141","properties":{"OBJECTID":34141,"UN_VOL_POR":"01","UN_VOL_STA":"","UN_VOL_QGR":31.61,"UN_VOL_QCO":0.0,"UN_VOL_AV":15.51,"UN_VOL_INH":0.0,"Shape_Leng":28.9566380957,"Shape_Area":33.8935846645},"geometry":{"type":"Polygon","coordinates":[[[11.874174127816174,45.40789490234682,17.0],[11.874174249511153,45.40787464655038,17.0],[11.874123882754047,45.407871774666354,17.0],[11.874115142063674,45.40796641805407,17.0],[11.874144550787308,45.407969277582815,17.0],[11.874153257853838,45.40791676095413,17.0],[11.874173937778115,45.40791633008316,17.0],[11.874174127816174,45.40789490234682,17.0]]]}},{"type":"Feature","id":"UN_VOL:34142","properties":{"OBJECTID":34142,"UN_VOL_POR":"01","UN_VOL_STA":"","UN_VOL_QGR":29.84,"UN_VOL_QCO":0.0,"UN_VOL_AV":13.74,"UN_VOL_INH":0.0,"Shape_Leng":27.2112205825,"Shape_Area":26.7682410961},"geometry":{"type":"Polygon","coordinates":[[[11.874193279932825,45.40795499839932,17.0],[11.874202028456804,45.40791337209585,17.0],[11.874222530625074,45.40791447609927,17.0],[11.874221535733092,45.40789487836743,17.0],[11.874192273059004,45.40789489511752,17.0],[11.874174127816174,45.40789490234682,17.0],[11.874173937778115,45.40791633008316,17.0],[11.874153257853838,45.40791676095413,17.0],[11.874144550787308,45.407969277582815,17.0],[11.874165690673088,45.407967845002354,17.0],[11.874169687318636,45.40795343234684,17.0],[11.874193279932825,45.40795499839932,17.0]]]}},{"type":"Feature","id":"UN_VOL:34145","properties":{"OBJECTID":34145,"UN_VOL_POR":"01","UN_VOL_STA":"","UN_VOL_QGR":37.25,"UN_VOL_QCO":0.0,"UN_VOL_AV":20.29,"UN_VOL_INH":0.0,"Shape_Leng":22.0554781038,"Shape_Area":29.2882495913},"geometry":{"type":"Polygon","coordinates":[[[11.877239656146795,45.408121613803765,17.0],[11.877248598885034,45.408119048251585,17.0],[11.877245023898821,45.408106536528486,17.0],[11.877252685309273,45.408103912850095,17.0],[11.877236395209058,45.4080675085289,17.0],[11.877234657864749,45.40806098165202,17.0],[11.87717664892322,45.4080736959794,17.0],[11.877185763161142,45.40809461896296,17.0],[11.877198930552021,45.408127411675196,17.0],[11.877239656146795,45.408121613803765,17.0]]]}},{"type":"Feature","id":"UN_VOL:34150","properties":{"OBJECTID":34150,"UN_VOL_POR":"01","UN_VOL_STA":"","UN_VOL_QGR":24.74,"UN_VOL_QCO":0.0,"UN_VOL_AV":8.54,"UN_VOL_INH":0.0,"Shape_Leng":37.0893013444,"Shape_Area":70.9741152814},"geometry":{"type":"Polygon","coordinates":[[[11.875505098313022,45.40812249424182,16.0],[11.87535386599037,45.40811127342852,16.0],[11.87534992000922,45.40812919511387,16.0],[11.87534379252733,45.4081620244245,17.0],[11.875371705680072,45.40816312116859,16.0],[11.875423353485827,45.408166050264505,16.0],[11.875520627258924,45.40817160991137,16.0],[11.87550829869831,45.40813015488266,16.0],[11.875505098313022,45.40812249424182,16.0]]]}},{"type":"Feature","id":"UN_VOL:34152","properties":{"OBJECTID":34152,"UN_VOL_POR":"01","UN_VOL_STA":"","UN_VOL_QGR":27.1,"UN_VOL_QCO":0.0,"UN_VOL_AV":12.32,"UN_VOL_INH":0.0,"Shape_Leng":59.8959283342,"Shape_Area":201.834553042},"geometry":{"type":"Polygon","coordinates":[[[11.870774372128546,45.40828896321937,15.0],[11.87076754828491,45.40825772066237,15.0],[11.870843289939774,45.40824942401454,15.0],[11.870832979711206,45.40820233674647,15.0],[11.870822851324798,45.4081563250736,15.0],[11.870623690978736,45.408172677424524,15.0],[11.870625095199193,45.40818272343823,15.0],[11.870635432674316,45.40825555367464,15.0],[11.870640483135032,45.4082921516666,15.0],[11.870739434492037,45.4082879520349,15.0],[11.870741959431593,45.40829238889879,15.0],[11.870774372128546,45.40828896321937,15.0]]]}},{"type":"Feature","id":"UN_VOL:34155","properties":{"OBJECTID":34155,"UN_VOL_POR":"01","UN_VOL_STA":"","UN_VOL_QGR":28.75,"UN_VOL_QCO":0.0,"UN_VOL_AV":14.13,"UN_VOL_INH":0.0,"Shape_Leng":37.8860274914,"Shape_Area":65.9029584089},"geometry":{"type":"Polygon","coordinates":[[[11.870528240346149,45.40829632579679,15.0],[11.870635888504832,45.40829226726107,15.0],[11.870640483135032,45.4082921516666,15.0],[11.870635432674316,45.40825555367464,15.0],[11.870576715858938,45.40825937132767,15.0],[11.870574819268453,45.40824465682701,15.0],[11.870464773771785,45.4082518360363,15.0],[11.870469295467007,45.40830068902284,15.0],[11.870528240346149,45.40829632579679,15.0]]]}},{"type":"Feature","id":"UN_VOL:34156","properties":{"OBJECTID":34156,"UN_VOL_POR":"01","UN_VOL_STA":"","UN_VOL_QGR":29.13,"UN_VOL_QCO":0.0,"UN_VOL_AV":13.03,"UN_VOL_INH":0.0,"Shape_Leng":25.5370252353,"Shape_Area":36.6482336115},"geometry":{"type":"Polygon","coordinates":[[[11.874503349757427,45.40815241608963,16.0],[11.874495395644034,45.40815180605245,16.0],[11.874499049777667,45.40812813070393,16.0],[11.874448751142952,45.40812408741888,16.0],[11.874431982201923,45.40819399947179,17.0],[11.874497185436768,45.40819964792099,16.0],[11.874503349757427,45.40815241608963,16.0]]]}},{"type":"Feature","id":"UN_VOL:34531","properties":{"OBJECTID":34531,"UN_VOL_POR":"01","UN_VOL_STA":"","UN_VOL_QGR":35.75,"UN_VOL_QCO":0.0,"UN_VOL_AV":20.62,"UN_VOL_INH":0.0,"Shape_Leng":51.0306018758,"Shape_Area":94.0384862041},"geometry":{"type":"Polygon","coordinates":[[[11.877316733161118,45.405863954994494,14.0],[11.877287265678124,45.40581465115209,15.0],[11.87733506598692,45.40579472304346,15.0],[11.877328506143824,45.405786337526465,15.0],[11.877334148485257,45.40578421460154,15.0],[11.877325437162856,45.405771202463974,15.0],[11.877241028868195,45.40579997470262,15.0],[11.877254663744347,45.405821864253745,14.0],[11.877143273446078,45.40585527731333,15.0],[11.877173128404149,45.40590466146898,13.0],[11.877316733161118,45.405863954994494,14.0]]]}},{"type":"Feature","id":"UN_VOL:34544","properties":{"OBJECTID":34544,"UN_VOL_POR":"01","UN_VOL_STA":"","UN_VOL_QGR":24.61,"UN_VOL_QCO":0.0,"UN_VOL_AV":9.4,"UN_VOL_INH":0.0,"Shape_Leng":98.9138823325,"Shape_Area":278.632380702},"geometry":{"type":"Polygon","coordinates":[[[11.874514495649652,45.40587760736069,16.0],[11.874513832615085,45.40584944993712,16.0],[11.874512114877346,45.405790445111684,15.0],[11.874509973966488,45.40573820172888,15.0],[11.874524914576874,45.40567256595365,15.0],[11.8744384025151,45.40568005620737,14.0],[11.87444930285234,45.40579157725861,15.0],[11.874449695219528,45.405796788140144,15.0],[11.874439030594917,45.40580569817894,15.0],[11.874438934179448,45.40586672895768,16.0],[11.874289768204749,45.4058633756737,15.0],[11.874295132149298,45.40591868833831,16.0],[11.874356422525233,45.40593037618823,16.0],[11.874511804111199,45.40598316987932,16.0],[11.874518552006059,45.40594996517667,16.0],[11.874514495649652,45.40587760736069,16.0]]]}},{"type":"Feature","id":"UN_VOL:34545","properties":{"OBJECTID":34545,"UN_VOL_POR":"01","UN_VOL_STA":"","UN_VOL_QGR":32.74,"UN_VOL_QCO":0.0,"UN_VOL_AV":16.92,"UN_VOL_INH":0.0,"Shape_Leng":46.7083431639,"Shape_Area":82.4909449831},"geometry":{"type":"Polygon","coordinates":[[[11.876216498817303,45.405901326029245,16.0],[11.876157352094541,45.405909207943104,15.0],[11.876150749565912,45.40587732979251,15.0],[11.875985364052557,45.40589428012182,16.0],[11.87600516365621,45.40594697845555,16.0],[11.876223081947396,45.405917722460615,16.0],[11.876216498817303,45.405901326029245,16.0]]]}},{"type":"Feature","id":"UN_VOL:34554","properties":{"OBJECTID":34554,"UN_VOL_POR":"01","UN_VOL_STA":"","UN_VOL_QGR":27.25,"UN_VOL_QCO":0.0,"UN_VOL_AV":11.96,"UN_VOL_INH":0.0,"Shape_Leng":56.222962558,"Shape_Area":193.884488851},"geometry":{"type":"Polygon","coordinates":[[[11.872878227908803,45.406031243073926,15.0],[11.872913063811058,45.406030275914326,15.0],[11.872935647877243,45.40602961723085,15.0],[11.873007489500111,45.40602762823122,15.0],[11.872998656398794,45.40591902575886,15.0],[11.872796232339818,45.4059237622917,15.0],[11.872797663945587,45.40594946989004,15.0],[11.872802302511491,45.40603333481176,16.0],[11.872878227908803,45.406031243073926,15.0]]]}},{"type":"Feature","id":"UN_VOL:34562","properties":{"OBJECTID":34562,"UN_VOL_POR":"01","UN_VOL_STA":"","UN_VOL_QGR":31.8,"UN_VOL_QCO":0.0,"UN_VOL_AV":15.63,"UN_VOL_INH":0.0,"Shape_Leng":57.1174894813,"Shape_Area":162.868947631},"geometry":{"type":"Polygon","coordinates":[[[11.875707370627905,45.405950883836276,16.0],[11.875785440722076,45.405935684388254,16.0],[11.875768222759543,45.40590110338881,16.0],[11.875743524125792,45.40590793677231,16.0],[11.875727463616103,45.40587098615734,16.0],[11.875753265228655,45.40586574543116,16.0],[11.875728456157635,45.40580750230806,15.0],[11.875690732100448,45.4058195245416,16.0],[11.875667505963715,45.405830191640916,16.0],[11.875638413978782,45.405843616367896,16.0],[11.875630579623936,45.405847864360105,16.0],[11.875567305293592,45.40588267380808,16.0],[11.875650958996848,45.405967337539934,16.0],[11.875681336471786,45.40595658064683,16.0],[11.875698122610569,45.405952467226854,16.0],[11.875707370627905,45.405950883836276,16.0]]]}},{"type":"Feature","id":"UN_VOL:34565","properties":{"OBJECTID":34565,"UN_VOL_POR":"01","UN_VOL_STA":"","UN_VOL_QGR":33.91,"UN_VOL_QCO":0.0,"UN_VOL_AV":19.42,"UN_VOL_INH":0.0,"Shape_Leng":91.6707001859,"Shape_Area":273.463142089},"geometry":{"type":"Polygon","coordinates":[[[11.877116065799564,45.40592086256235,14.0],[11.877173128404149,45.40590466146898,13.0],[11.877143273446078,45.40585527731333,15.0],[11.877254663744347,45.405821864253745,14.0],[11.877241028868195,45.40579997470262,15.0],[11.87722225625516,45.40577002395343,15.0],[11.877158274973644,45.40579089992357,15.0],[11.87706820546237,45.40581639456662,15.0],[11.877072523161198,45.405825916806364,15.0],[11.87682382907862,45.40588574495673,16.0],[11.876848090739246,45.405928159251076,16.0],[11.876917017860238,45.40591408962837,16.0],[11.876926190783992,45.40593366123649,16.0],[11.877011115825637,45.405917567734804,16.0],[11.877037801314637,45.405912124337625,15.0],[11.87704882504243,45.40593290953382,15.0],[11.877050515818233,45.405936016980256,15.0],[11.877116065799564,45.40592086256235,14.0]]]}},{"type":"Feature","id":"UN_VOL:34580","properties":{"OBJECTID":34580,"UN_VOL_POR":"01","UN_VOL_STA":"","UN_VOL_QGR":33.68,"UN_VOL_QCO":0.0,"UN_VOL_AV":17.86,"UN_VOL_INH":0.0,"Shape_Leng":25.234935423,"Shape_Area":38.0363483397},"geometry":{"type":"Polygon","coordinates":[[[11.871353994011555,45.406285190684464,16.0],[11.871263961145242,45.40627620475257,16.0],[11.871256768799316,45.40627548566297,16.0],[11.871250210330611,45.40632002662442,16.0],[11.87134590414893,45.40632977057852,16.0],[11.871353994011555,45.406285190684464,16.0]]]}},{"type":"Feature","id":"UN_VOL:34581","properties":{"OBJECTID":34581,"UN_VOL_POR":"01","UN_VOL_STA":"","UN_VOL_QGR":24.29,"UN_VOL_QCO":0.0,"UN_VOL_AV":8.35,"UN_VOL_INH":0.0,"Shape_Leng":61.0225346617,"Shape_Area":211.170980641},"geometry":{"type":"Polygon","coordinates":[[[11.87503344594896,45.40623538420303,16.0],[11.875091735307091,45.40621564297564,16.0],[11.875116679520131,45.406203582779796,16.0],[11.87525127092385,45.406161485964226,16.0],[11.875258941861185,45.406159042272776,16.0],[11.875209800721022,45.406067027556524,16.0],[11.874998766171881,45.40613373369729,16.0],[11.875025752158722,45.40623737822108,16.0],[11.87503344594896,45.40623538420303,16.0]]]}},{"type":"Feature","id":"UN_VOL:35109","properties":{"OBJECTID":35109,"UN_VOL_POR":"01","UN_VOL_STA":"","UN_VOL_QGR":29.04,"UN_VOL_QCO":0.0,"UN_VOL_AV":13.43,"UN_VOL_INH":0.0,"Shape_Leng":25.127522619,"Shape_Area":38.4591186103},"geometry":{"type":"Polygon","coordinates":[[[11.87486564388648,45.40594806131007,16.0],[11.874864209312417,45.405904711654216,16.0],[11.874823289405928,45.405909162871765,16.0],[11.874781985812712,45.405911103600324,15.0],[11.874781206934298,45.40591589414588,15.0],[11.874771214185973,45.40595566125965,16.0],[11.874864026498233,45.405961513968506,16.0],[11.87486564388648,45.40594806131007,16.0]]]}},{"type":"Feature","id":"UN_VOL:35175","properties":{"OBJECTID":35175,"UN_VOL_POR":"01","UN_VOL_STA":"","UN_VOL_QGR":32.5,"UN_VOL_QCO":0.0,"UN_VOL_AV":15.75,"UN_VOL_INH":0.0,"Shape_Leng":12.7033724337,"Shape_Area":10.087476671},"geometry":{"type":"Polygon","coordinates":[[[11.87638647814027,45.406291746317095,17.0],[11.876386549013757,45.406315777672205,17.0],[11.876422310092906,45.40631541644457,17.0],[11.876427287548633,45.406315290965956,17.0],[11.876426600725681,45.40628668431072,17.0],[11.876386372889417,45.40628715814249,17.0],[11.87638647814027,45.406291746317095,17.0]]]}},{"type":"Feature","id":"UN_VOL:35176","properties":{"OBJECTID":35176,"UN_VOL_POR":"01","UN_VOL_STA":"","UN_VOL_QGR":26.72,"UN_VOL_QCO":0.0,"UN_VOL_AV":10.79,"UN_VOL_INH":0.0,"Shape_Leng":65.8697040508,"Shape_Area":212.079215227},"geometry":{"type":"Polygon","coordinates":[[[11.875329998510981,45.406312703267616,16.0],[11.87525127092385,45.406161485964226,16.0],[11.875116679520131,45.406203582779796,16.0],[11.875176351340931,45.406316755132266,16.0],[11.875124715658322,45.406326607586784,16.0],[11.875136043762838,45.406348375032515,16.0],[11.875161134966005,45.406344232513526,16.0],[11.875179005959609,45.40634135170939,16.0],[11.875189827079534,45.40634809995557,16.0],[11.875329998510981,45.406312703267616,16.0]]]}},{"type":"Feature","id":"UN_VOL:35179","properties":{"OBJECTID":35179,"UN_VOL_POR":"01","UN_VOL_STA":"","UN_VOL_QGR":30.95,"UN_VOL_QCO":0.0,"UN_VOL_AV":14.83,"UN_VOL_INH":0.0,"Shape_Leng":64.4552977639,"Shape_Area":258.249680754},"geometry":{"type":"Polygon","coordinates":[[[11.877303405341332,45.40625044532551,16.0],[11.877282297996643,45.40621479241657,15.0],[11.877263433834036,45.4061830434381,15.0],[11.877226544154722,45.40612096507265,13.0],[11.87721771570504,45.4061232579912,13.0],[11.87707179933251,45.4061612319557,15.0],[11.877029110845266,45.40617112980936,16.0],[11.877035206485395,45.406182947657186,16.0],[11.877096887596077,45.406300389027535,16.0],[11.877303405341332,45.40625044532551,16.0]]]}},{"type":"Feature","id":"UN_VOL:35184","properties":{"OBJECTID":35184,"UN_VOL_POR":"01","UN_VOL_STA":"","UN_VOL_QGR":30.8,"UN_VOL_QCO":0.0,"UN_VOL_AV":14.05,"UN_VOL_INH":0.0,"Shape_Leng":11.6397997969,"Shape_Area":8.3457052966},"geometry":{"type":"Polygon","coordinates":[[[11.876386882192254,45.40631981982011,17.0],[11.876386549013757,45.406315777672205,17.0],[11.87638647814027,45.406291746317095,17.0],[11.876353652369307,45.40629203353804,17.0],[11.876352451523047,45.40632122806035,17.0],[11.876386882192254,45.40631981982011,17.0]]]}},{"type":"Feature","id":"UN_VOL:35185","properties":{"OBJECTID":35185,"UN_VOL_POR":"01","UN_VOL_STA":"","UN_VOL_QGR":32.19,"UN_VOL_QCO":0.0,"UN_VOL_AV":16.07,"UN_VOL_INH":0.0,"Shape_Leng":34.5049739886,"Shape_Area":66.6924469227},"geometry":{"type":"Polygon","coordinates":[[[11.876511212252987,45.40631722578993,17.0],[11.876652468086792,45.40629062121582,17.0],[11.87663210248888,45.40623937762553,17.0],[11.876492428468628,45.40626693203234,17.0],[11.876511212252987,45.40631722578993,17.0]]]}},{"type":"Feature","id":"UN_VOL:35186","properties":{"OBJECTID":35186,"UN_VOL_POR":"01","UN_VOL_STA":"","UN_VOL_QGR":28.09,"UN_VOL_QCO":0.0,"UN_VOL_AV":12.6,"UN_VOL_INH":0.0,"Shape_Leng":106.651978131,"Shape_Area":495.748303985},"geometry":{"type":"Polygon","coordinates":[[[11.872278196562078,45.40608244436747,15.0],[11.872202334818587,45.40607571263433,15.0],[11.872194660627157,45.40612847326752,16.0],[11.872201124025946,45.406134971693945,16.0],[11.872204934241944,45.4061395562669,16.0],[11.872204474310323,45.40614559864178,16.0],[11.872200691510123,45.40615163461417,16.0],[11.87219397285277,45.40615522434744,16.0],[11.872177664349573,45.406317387391056,16.0],[11.872170458333965,45.40632143923492,16.0],[11.872174424149915,45.40632404003169,16.0],[11.87217812039305,45.406328897614785,16.0],[11.872180955432574,45.40633440720375,16.0],[11.872180582110257,45.40633963697697,16.0],[11.87217600592278,45.40634515302863,16.0],[11.87216635704836,45.40634890656664,16.0],[11.87216526329339,45.40635001427051,16.0],[11.872211330005145,45.406356325436185,16.0],[11.872203391232196,45.40639379061837,16.0],[11.872460814276309,45.40642025504444,16.0],[11.872278196562078,45.40608244436747,15.0]]]}},{"type":"Feature","id":"UN_VOL:35190","properties":{"OBJECTID":35190,"UN_VOL_POR":"01","UN_VOL_STA":"","UN_VOL_QGR":40.32,"UN_VOL_QCO":0.0,"UN_VOL_AV":24.51,"UN_VOL_INH":0.0,"Shape_Leng":54.9466374227,"Shape_Area":185.640476711},"geometry":{"type":"Polygon","coordinates":[[[11.871446798318152,45.40633875286443,16.0],[11.87134590414893,45.40632977057852,16.0],[11.871250210330611,45.40632002662442,16.0],[11.87123434084849,45.40642790130857,16.0],[11.871424493159209,45.406448229502146,16.0],[11.871446798318152,45.40633875286443,16.0]]]}},{"type":"Feature","id":"UN_VOL:35193","properties":{"OBJECTID":35193,"UN_VOL_POR":"01","UN_VOL_STA":"","UN_VOL_QGR":28.25,"UN_VOL_QCO":0.0,"UN_VOL_AV":11.6,"UN_VOL_INH":0.0,"Shape_Leng":54.5684398273,"Shape_Area":180.965105941},"geometry":{"type":"Polygon","coordinates":[[[11.875948744642079,45.406325553588125,17.0],[11.876074521577968,45.4062960993627,16.0],[11.87603619237218,45.40622829585125,17.0],[11.876041087636409,45.40622655239833,17.0],[11.876012770059624,45.40618478005739,17.0],[11.875896153723293,45.40620590223066,16.0],[11.875893333670046,45.40622334571636,16.0],[11.875891377511591,45.406262820319576,17.0],[11.875860504758384,45.40629150243915,17.0],[11.875883553853255,45.40633772790527,17.0],[11.875948744642079,45.406325553588125,17.0]]]}},{"type":"Feature","id":"UN_VOL:35281","properties":{"OBJECTID":35281,"UN_VOL_POR":"01","UN_VOL_STA":"","UN_VOL_QGR":29.18,"UN_VOL_QCO":0.0,"UN_VOL_AV":12.71,"UN_VOL_INH":0.0,"Shape_Leng":81.2833942843,"Shape_Area":217.308487017},"geometry":{"type":"Polygon","coordinates":[[[11.87383424447371,45.40675760310434,17.0],[11.873819317363212,45.406685068834655,17.0],[11.873907955007871,45.406669064623046,17.0],[11.873913963297522,45.406691776602166,17.0],[11.874059301222118,45.40666498238,17.0],[11.874029341904029,45.40658580585464,17.0],[11.873920444797664,45.40661051197634,17.0],[11.873865467532688,45.40662251793264,17.0],[11.873738817285153,45.40663983968315,17.0],[11.873768486912653,45.40675862936027,17.0],[11.873770241994402,45.406762995890645,17.0],[11.87383424447371,45.40675760310434,17.0]]]}},{"type":"Feature","id":"UN_VOL:35284","properties":{"OBJECTID":35284,"UN_VOL_POR":"01","UN_VOL_STA":"","UN_VOL_QGR":22.19,"UN_VOL_QCO":0.0,"UN_VOL_AV":6.31,"UN_VOL_INH":0.0,"Shape_Leng":46.5518945038,"Shape_Area":107.488109477},"geometry":{"type":"Polygon","coordinates":[[[11.87060236553727,45.40681699463194,17.0],[11.870670210365612,45.40674120730104,16.0],[11.870648300745014,45.40671736519265,16.0],[11.870639366811519,45.406730191443096,16.0],[11.870638765485081,45.40673092694606,16.0],[11.870589648975976,45.406712359748376,16.0],[11.870523790688138,45.406776935539604,17.0],[11.870504196464351,45.406771037497485,17.0],[11.87049172542698,45.40680231564128,17.0],[11.870484031703663,45.406814390694436,17.0],[11.87056210012113,45.40684447125803,17.0],[11.870595091076947,45.40681465711387,17.0],[11.87060236553727,45.40681699463194,17.0]]]}},{"type":"Feature","id":"UN_VOL:35302","properties":{"OBJECTID":35302,"UN_VOL_POR":"01","UN_VOL_STA":"","UN_VOL_QGR":38.19,"UN_VOL_QCO":0.0,"UN_VOL_AV":22.85,"UN_VOL_INH":0.0,"Shape_Leng":118.253856312,"Shape_Area":114.670005662},"geometry":{"type":"Polygon","coordinates":[[[11.87803439074944,45.406842384694805,15.0],[11.87802548689294,45.40682307653189,15.0],[11.878045541161681,45.40681789020807,15.0],[11.878003944374074,45.40673864808109,15.0],[11.878018975703105,45.406735208519414,15.0],[11.877998323585597,45.406698464481096,15.0],[11.87798538414746,45.40670284140115,15.0],[11.87785501674891,45.40644086223787,15.0],[11.877867760755409,45.40643766048032,15.0],[11.877848557525091,45.40639925941681,16.0],[11.877836187945608,45.4064022716349,16.0],[11.87781398682432,45.406407962303206,16.0],[11.877964523586375,45.406709758161085,16.0],[11.877928789991778,45.40671822066292,16.0],[11.877945303181065,45.406751468796124,16.0],[11.87797961872571,45.40674277230606,16.0],[11.878019675399353,45.4068218731952,15.0],[11.878010418438237,45.406825797046224,15.0],[11.878020462182919,45.40684489636488,15.0],[11.87803439074944,45.406842384694805,15.0]]]}},{"type":"Feature","id":"UN_VOL:35304","properties":{"OBJECTID":35304,"UN_VOL_POR":"01","UN_VOL_STA":"","UN_VOL_QGR":35.64,"UN_VOL_QCO":0.0,"UN_VOL_AV":18.86,"UN_VOL_INH":0.0,"Shape_Leng":232.825689676,"Shape_Area":1249.60150824},"geometry":{"type":"Polygon","coordinates":[[[11.876732058760565,45.40685362359268,17.0],[11.876790144237857,45.40684243796581,17.0],[11.876805616717132,45.40682503525527,17.0],[11.87667699774679,45.406494241414656,17.0],[11.876652059849318,45.40648379866726,17.0],[11.876282677928174,45.40658276339935,17.0],[11.87615610743756,45.406616738247706,17.0],[11.876193549665928,45.40669977613594,17.0],[11.876214101833904,45.4067043887869,17.0],[11.876316124084012,45.406677693434446,17.0],[11.87635054552463,45.40677169918444,17.0],[11.8763569735149,45.406827794953294,17.0],[11.87625136681224,45.4068367580587,17.0],[11.876241905163926,45.40684167705077,17.0],[11.876249120218466,45.40689064201661,17.0],[11.876732058760565,45.40685362359268,17.0]],[[11.876352643296233,45.4066897348982,17.0],[11.876554176522525,45.4066397377265,17.0],[11.876567273813116,45.406661100629464,17.0],[11.87659139846033,45.406746094582935,17.0],[11.876376392719603,45.40676231618529,17.0],[11.876352643296233,45.4066897348982,17.0]]]}},{"type":"Feature","id":"UN_VOL:35305","properties":{"OBJECTID":35305,"UN_VOL_POR":"01","UN_VOL_STA":"","UN_VOL_QGR":36.81,"UN_VOL_QCO":0.0,"UN_VOL_AV":20.03,"UN_VOL_INH":0.0,"Shape_Leng":16.8963106601,"Shape_Area":14.9043689055},"geometry":{"type":"Polygon","coordinates":[[[11.876249120218466,45.40689064201661,17.0],[11.876241905163926,45.40684167705077,17.0],[11.876226968060621,45.40683440272153,17.0],[11.876206443831272,45.40683789046222,17.0],[11.876222137564405,45.406892762546896,17.0],[11.876249120218466,45.40689064201661,17.0]]]}},{"type":"Feature","id":"UN_VOL:35307","properties":{"OBJECTID":35307,"UN_VOL_POR":"01","UN_VOL_STA":"","UN_VOL_QGR":31.5,"UN_VOL_QCO":0.0,"UN_VOL_AV":15.03,"UN_VOL_INH":0.0,"Shape_Leng":67.5819596987,"Shape_Area":264.418774971},"geometry":{"type":"Polygon","coordinates":[[[11.874000231485267,45.406926156647664,17.0],[11.873958501879043,45.406821532937535,17.0],[11.873928679595515,45.406747573701196,17.0],[11.87383424447371,45.40675760310434,17.0],[11.873770241994402,45.406762995890645,17.0],[11.87378155169588,45.406791964948695,17.0],[11.87384011133398,45.40693865093926,17.0],[11.873842331013561,45.40694462582949,17.0],[11.873845577262447,45.406953185051464,17.0],[11.873874715591882,45.40694822050763,17.0],[11.874000231485267,45.406926156647664,17.0]]]}},{"type":"Feature","id":"UN_VOL:35311","properties":{"OBJECTID":35311,"UN_VOL_POR":"01","UN_VOL_STA":"","UN_VOL_QGR":36.27,"UN_VOL_QCO":0.0,"UN_VOL_AV":20.4,"UN_VOL_INH":0.0,"Shape_Leng":75.3513855958,"Shape_Area":268.000810056},"geometry":{"type":"Polygon","coordinates":[[[11.877567987113238,45.4061411586548,15.0],[11.877548238566739,45.40610709158942,15.0],[11.877541574830579,45.4061092398938,15.0],[11.877514719450199,45.40606860165867,14.0],[11.877530803717923,45.40606324540372,15.0],[11.877510034133888,45.406031724612056,14.0],[11.8774804273134,45.40604003207347,14.0],[11.87745345019142,45.40604728347511,14.0],[11.877461491271564,45.40605968256705,14.0],[11.877299099365283,45.40610284323134,13.0],[11.877264136603324,45.40611137574426,13.0],[11.877247227443945,45.40611558254381,13.0],[11.877226544154722,45.40612096507265,13.0],[11.877263433834036,45.4061830434381,15.0],[11.87728328286778,45.40617885254845,14.0],[11.877308281840225,45.40620810638409,15.0],[11.877567987113238,45.4061411586548,15.0]]]}},{"type":"Feature","id":"UN_VOL:35314","properties":{"OBJECTID":35314,"UN_VOL_POR":"01","UN_VOL_STA":"","UN_VOL_QGR":34.51,"UN_VOL_QCO":0.0,"UN_VOL_AV":18.44,"UN_VOL_INH":0.0,"Shape_Leng":17.6156065715,"Shape_Area":18.9231789874},"geometry":{"type":"Polygon","coordinates":[[[11.874033016272167,45.40628561147043,16.0],[11.874017598805553,45.40624117326266,16.0],[11.873971486964418,45.406249085902076,16.0],[11.873986908390048,45.40629361367332,16.0],[11.874033016272167,45.40628561147043,16.0]]]}},{"type":"Feature","id":"UN_VOL:35317","properties":{"OBJECTID":35317,"UN_VOL_POR":"01","UN_VOL_STA":"","UN_VOL_QGR":28.33,"UN_VOL_QCO":0.0,"UN_VOL_AV":12.37,"UN_VOL_INH":0.0,"Shape_Leng":19.2890454741,"Shape_Area":16.8492825532},"geometry":{"type":"Polygon","coordinates":[[[11.87619905168237,45.40623454219166,16.0],[11.876182149224375,45.40617096953561,16.0],[11.876149606448907,45.406174309986255,16.0],[11.876174129398295,45.40623949110255,16.0],[11.87619905168237,45.40623454219166,16.0]]]}},{"type":"Feature","id":"UN_VOL:35320","properties":{"OBJECTID":35320,"UN_VOL_POR":"01","UN_VOL_STA":"","UN_VOL_QGR":41.62,"UN_VOL_QCO":0.0,"UN_VOL_AV":26.13,"UN_VOL_INH":0.0,"Shape_Leng":93.7551562672,"Shape_Area":546.868095213},"geometry":{"type":"Polygon","coordinates":[[[11.871959153453279,45.40611333850523,15.0],[11.87186159158826,45.406107062692676,15.0],[11.87182248945944,45.4061045365944,15.0],[11.87179106216212,45.40632387781347,15.0],[11.871799526126248,45.40632447520727,15.0],[11.871970092606459,45.40633656440877,16.0],[11.872036241913735,45.40634327023695,16.0],[11.872068648865922,45.40634479495845,16.0],[11.872102787678125,45.406158779913035,16.0],[11.872107304596584,45.4061546156684,16.0],[11.872109948036414,45.406148788082334,16.0],[11.8721061783112,45.40614501251846,16.0],[11.872100417137172,45.40614227720716,16.0],[11.872102486004644,45.40612260233288,16.0],[11.871959153453279,45.40611333850523,15.0]]]}},{"type":"Feature","id":"UN_VOL:35321","properties":{"OBJECTID":35321,"UN_VOL_POR":"01","UN_VOL_STA":"","UN_VOL_QGR":30.33,"UN_VOL_QCO":0.0,"UN_VOL_AV":14.56,"UN_VOL_INH":0.0,"Shape_Leng":39.7365454242,"Shape_Area":72.7923920423},"geometry":{"type":"Polygon","coordinates":[[[11.874362182708138,45.40627038855527,16.0],[11.874326712267774,45.40619090109188,16.0],[11.874240154829694,45.406210093744996,16.0],[11.874234866749038,45.40619654529533,16.0],[11.874210742242761,45.406202103618504,16.0],[11.874227690429432,45.406238941648425,16.0],[11.87425320963229,45.40623316809525,16.0],[11.874270017063443,45.406269739913775,16.0],[11.87427044570549,45.406270629194346,16.0],[11.874279066043558,45.406289404903184,16.0],[11.874362182708138,45.40627038855527,16.0]]]}},{"type":"Feature","id":"UN_VOL:35325","properties":{"OBJECTID":35325,"UN_VOL_POR":"01","UN_VOL_STA":"","UN_VOL_QGR":24.78,"UN_VOL_QCO":0.0,"UN_VOL_AV":9.23,"UN_VOL_INH":0.0,"Shape_Leng":93.0785820671,"Shape_Area":360.274435925},"geometry":{"type":"Polygon","coordinates":[[[11.873581405226048,45.40630031610582,16.0],[11.873577265693065,45.40619105519657,16.0],[11.87358191458166,45.40618193694452,16.0],[11.873576035434635,45.406106384487515,16.0],[11.873494057536593,45.40610754894274,16.0],[11.873489058721148,45.4060392649836,16.0],[11.87347054867944,45.406037120943964,15.0],[11.873466358922206,45.40601751361151,16.0],[11.873390725276412,45.4060152777065,16.0],[11.873402920488726,45.40617501301269,14.0],[11.87341241615883,45.40620096737012,14.0],[11.873412746053832,45.4062376845165,13.0],[11.873409123115684,45.40624938711312,13.0],[11.873413291549902,45.406301309703515,14.0],[11.873509339438172,45.4062878190341,15.0],[11.873510753615697,45.40631064673275,15.0],[11.873581405226048,45.40630031610582,16.0]]]}},{"type":"Feature","id":"UN_VOL:35329","properties":{"OBJECTID":35329,"UN_VOL_POR":"01","UN_VOL_STA":"","UN_VOL_QGR":28.31,"UN_VOL_QCO":0.0,"UN_VOL_AV":12.4,"UN_VOL_INH":0.0,"Shape_Leng":64.218380938,"Shape_Area":159.830124953},"geometry":{"type":"Polygon","coordinates":[[[11.876352680083205,45.406235170295815,17.0],[11.876427912157187,45.40622949335751,17.0],[11.87643007741547,45.40622934872577,17.0],[11.876445655924101,45.40622661556199,17.0],[11.876430081540427,45.406181641745256,17.0],[11.876392132870544,45.406186738997285,17.0],[11.876372197367784,45.406143945409156,16.0],[11.876414808207858,45.40613756080489,16.0],[11.876407627340564,45.40611694881283,16.0],[11.876318896214947,45.40613358765415,16.0],[11.876322119804467,45.40614673820563,16.0],[11.876276145193208,45.40615482802222,16.0],[11.876277367133053,45.40616127825075,16.0],[11.876206556436397,45.406168464090776,16.0],[11.876218536067071,45.406230720476785,16.0],[11.876236985961093,45.40622665508515,16.0],[11.876241044246484,45.40624365505142,16.0],[11.876352680083205,45.406235170295815,17.0]]]}},{"type":"Feature","id":"UN_VOL:35340","properties":{"OBJECTID":35340,"UN_VOL_POR":"01","UN_VOL_STA":"","UN_VOL_QGR":26.96,"UN_VOL_QCO":0.0,"UN_VOL_AV":11.02,"UN_VOL_INH":0.0,"Shape_Leng":41.786011347,"Shape_Area":108.660320793},"geometry":{"type":"Polygon","coordinates":[[[11.87429260092825,45.40861507903035,16.0],[11.874153390862219,45.40859401232491,16.0],[11.874145713250174,45.40863660138025,16.0],[11.874139458097035,45.40868707599186,16.0],[11.874262750893774,45.40869414165053,16.0],[11.874283002560967,45.40869534199995,16.0],[11.87429260092825,45.40861507903035,16.0]]]}},{"type":"Feature","id":"UN_VOL:35352","properties":{"OBJECTID":35352,"UN_VOL_POR":"01","UN_VOL_STA":"","UN_VOL_QGR":26.89,"UN_VOL_QCO":0.0,"UN_VOL_AV":10.8,"UN_VOL_INH":0.0,"Shape_Leng":59.5673649556,"Shape_Area":218.579942767},"geometry":{"type":"Polygon","coordinates":[[[11.876102725164785,45.40851914936144,16.0],[11.876102072103555,45.40850629381109,16.0],[11.8761019351073,45.408503597030325,16.0],[11.875979673506157,45.40850172813395,16.0],[11.875947315499822,45.40850119341642,16.0],[11.87593693274428,45.408555912757,16.0],[11.875923060615738,45.4086350233206,16.0],[11.875921871570672,45.408641804459954,16.0],[11.876054258340252,45.40865430957468,16.0],[11.876103841731178,45.40865936069407,16.0],[11.876102725164785,45.40851914936144,16.0]]]}},{"type":"Feature","id":"UN_VOL:35355","properties":{"OBJECTID":35355,"UN_VOL_POR":"01","UN_VOL_STA":"","UN_VOL_QGR":25.93,"UN_VOL_QCO":0.0,"UN_VOL_AV":11.17,"UN_VOL_INH":0.0,"Shape_Leng":39.2584855728,"Shape_Area":91.8944830936},"geometry":{"type":"Polygon","coordinates":[[[11.871678584216689,45.40848755067984,15.0],[11.871672228968258,45.40841768073824,15.0],[11.871519487550332,45.408427105733374,15.0],[11.87152794358349,45.408495572502325,15.0],[11.871678584216689,45.40848755067984,15.0]]]}},{"type":"Feature","id":"UN_VOL:35356","properties":{"OBJECTID":35356,"UN_VOL_POR":"01","UN_VOL_STA":"","UN_VOL_QGR":30.74,"UN_VOL_QCO":0.0,"UN_VOL_AV":15.27,"UN_VOL_INH":0.0,"Shape_Leng":19.659061931,"Shape_Area":23.5506242257},"geometry":{"type":"Polygon","coordinates":[[[11.875245196972841,45.40838711008435,16.0],[11.875250148464566,45.40835124999272,16.0],[11.87519794029633,45.40834986534423,16.0],[11.875189994937102,45.408399752668515,16.0],[11.875242459199068,45.40840365100777,16.0],[11.875245196972841,45.40838711008435,16.0]]]}},{"type":"Feature","id":"UN_VOL:35357","properties":{"OBJECTID":35357,"UN_VOL_POR":"01","UN_VOL_STA":"","UN_VOL_QGR":30.53,"UN_VOL_QCO":0.0,"UN_VOL_AV":14.57,"UN_VOL_INH":0.0,"Shape_Leng":26.2637104154,"Shape_Area":41.0675297674},"geometry":{"type":"Polygon","coordinates":[[[11.874570167580734,45.40837360361663,16.0],[11.874470860032059,45.40836071328645,16.0],[11.87446416549307,45.40838239493146,16.0],[11.874457088478557,45.40840408621137,17.0],[11.874556984518266,45.408421012273514,16.0],[11.874570167580734,45.40837360361663,16.0]]]}},{"type":"Feature","id":"UN_VOL:35360","properties":{"OBJECTID":35360,"UN_VOL_POR":"01","UN_VOL_STA":"","UN_VOL_QGR":29.92,"UN_VOL_QCO":0.0,"UN_VOL_AV":13.76,"UN_VOL_INH":0.0,"Shape_Leng":75.8151506795,"Shape_Area":115.426444477},"geometry":{"type":"Polygon","coordinates":[[[11.874457088478557,45.40840408621137,17.0],[11.87446416549307,45.40838239493146,16.0],[11.874344965361646,45.40835272327195,16.0],[11.874350812539554,45.40833448358818,16.0],[11.874193606592598,45.40830126839531,17.0],[11.874181108497867,45.40829924278243,17.0],[11.874136089307484,45.40838660886621,16.0],[11.874186060140916,45.408396781778436,16.0],[11.874209398487894,45.408340475981134,16.0],[11.87434210411055,45.40836683719069,16.0],[11.874334971623357,45.40838492954847,16.0],[11.874420806100906,45.40840175972068,16.0],[11.874416827756995,45.40841653211023,16.0],[11.874449660265757,45.40842389613541,17.0],[11.87445056256665,45.40842405349816,17.0],[11.874457088478557,45.40840408621137,17.0]]]}},{"type":"Feature","id":"UN_VOL:35364","properties":{"OBJECTID":35364,"UN_VOL_POR":"01","UN_VOL_STA":"","UN_VOL_QGR":29.58,"UN_VOL_QCO":0.0,"UN_VOL_AV":14.79,"UN_VOL_INH":0.0,"Shape_Leng":40.5600386485,"Shape_Area":55.8225103164},"geometry":{"type":"Polygon","coordinates":[[[11.870954730955104,45.40838568932491,15.0],[11.870903474559137,45.40823674821637,15.0],[11.87086314024736,45.408242713681936,15.0],[11.870874280561987,45.40827843845474,15.0],[11.870914277990183,45.408391837887535,15.0],[11.870954730955104,45.40838568932491,15.0]]]}},{"type":"Feature","id":"UN_VOL:35369","properties":{"OBJECTID":35369,"UN_VOL_POR":"01","UN_VOL_STA":"","UN_VOL_QGR":26.64,"UN_VOL_QCO":0.0,"UN_VOL_AV":11.88,"UN_VOL_INH":0.0,"Shape_Leng":23.6180573189,"Shape_Area":31.3444133933},"geometry":{"type":"Polygon","coordinates":[[[11.871708290772407,45.408337562377895,15.0],[11.871712945224042,45.408373900148234,15.0],[11.871812520740043,45.40836689359503,16.0],[11.871806489707774,45.408331130366555,16.0],[11.871708290772407,45.408337562377895,15.0]]]}},{"type":"Feature","id":"UN_VOL:35375","properties":{"OBJECTID":35375,"UN_VOL_POR":"01","UN_VOL_STA":"","UN_VOL_QGR":27.88,"UN_VOL_QCO":0.0,"UN_VOL_AV":11.55,"UN_VOL_INH":0.0,"Shape_Leng":43.6338744714,"Shape_Area":115.231169135},"geometry":{"type":"Polygon","coordinates":[[[11.875526147477405,45.406199475199664,16.0],[11.875511559967089,45.406173919090556,16.0],[11.875488543519364,45.40613336333547,16.0],[11.875471908525704,45.40609516728754,16.0],[11.87535657400777,45.406126427607106,16.0],[11.875417280080383,45.406229762567506,16.0],[11.875526147477405,45.406199475199664,16.0]]]}},{"type":"Feature","id":"UN_VOL:35378","properties":{"OBJECTID":35378,"UN_VOL_POR":"01","UN_VOL_STA":"","UN_VOL_QGR":27.88,"UN_VOL_QCO":0.0,"UN_VOL_AV":12.59,"UN_VOL_INH":0.0,"Shape_Leng":32.968352354,"Shape_Area":65.9080759051},"geometry":{"type":"Polygon","coordinates":[[[11.872657291046162,45.40623024258341,15.0],[11.87253351652302,45.40623119874952,16.0],[11.872568468580045,45.40630052843047,16.0],[11.872660752867679,45.40630099536766,16.0],[11.872657291046162,45.40623024258341,15.0]]]}},{"type":"Feature","id":"UN_VOL:35383","properties":{"OBJECTID":35383,"UN_VOL_POR":"01","UN_VOL_STA":"","UN_VOL_QGR":32.97,"UN_VOL_QCO":0.0,"UN_VOL_AV":17.51,"UN_VOL_INH":0.0,"Shape_Leng":39.6660301845,"Shape_Area":38.9935999885},"geometry":{"type":"Polygon","coordinates":[[[11.872793486481562,45.40624742652453,16.0],[11.872792268773846,45.40623098485459,16.0],[11.87279022660971,45.40623103627119,16.0],[11.87270531772134,45.40622984385952,15.0],[11.872657291046162,45.40623024258341,15.0],[11.872660752867679,45.40630099536766,16.0],[11.872715356410096,45.406301780980286,16.0],[11.872715698246864,45.40629340113937,16.0],[11.872691695127163,45.40627114253613,15.0],[11.872685044464564,45.4062483566172,15.0],[11.872793486481562,45.40624742652453,16.0]]]}},{"type":"Feature","id":"UN_VOL:35384","properties":{"OBJECTID":35384,"UN_VOL_POR":"01","UN_VOL_STA":"","UN_VOL_QGR":32.0,"UN_VOL_QCO":0.0,"UN_VOL_AV":16.48,"UN_VOL_INH":0.0,"Shape_Leng":23.4134452086,"Shape_Area":30.478212028},"geometry":{"type":"Polygon","coordinates":[[[11.871516514922359,45.406262107888956,15.0],[11.871467905151865,45.406258560675425,15.0],[11.8714549112511,45.40632738718044,16.0],[11.87150538998631,45.40633250781743,16.0],[11.871516514922359,45.406262107888956,15.0]]]}},{"type":"Feature","id":"UN_VOL:35386","properties":{"OBJECTID":35386,"UN_VOL_POR":"01","UN_VOL_STA":"","UN_VOL_QGR":26.48,"UN_VOL_QCO":0.0,"UN_VOL_AV":10.7,"UN_VOL_INH":0.0,"Shape_Leng":109.802553539,"Shape_Area":368.42787963},"geometry":{"type":"Polygon","coordinates":[[[11.874492482127668,45.406244423241304,16.0],[11.874643742665548,45.406203437222416,16.0],[11.874688422531916,45.40618241862194,16.0],[11.874623093121244,45.40610125303311,16.0],[11.87437535635661,45.406003799585015,16.0],[11.874373060316008,45.40602402011467,16.0],[11.874366045211636,45.406087205822686,17.0],[11.874392795842905,45.40609058248303,17.0],[11.874396205758956,45.40609985794172,17.0],[11.874425987876903,45.40611260963289,17.0],[11.87443191824844,45.406123711798884,17.0],[11.874381102925959,45.40613714356334,17.0],[11.874432733811059,45.40626060021319,16.0],[11.874492482127668,45.406244423241304,16.0]],[[11.874468936364687,45.40618083720837,16.0],[11.874450812302957,45.40614600908694,16.0],[11.874465319893643,45.406142313047404,16.0],[11.874460227986342,45.406132629729775,16.0],[11.874503613959526,45.40612136534452,16.0],[11.874526829964612,45.40616587677162,16.0],[11.874468936364687,45.40618083720837,16.0]]]}},{"type":"Feature","id":"UN_VOL:35390","properties":{"OBJECTID":35390,"UN_VOL_POR":"01","UN_VOL_STA":"","UN_VOL_QGR":29.56,"UN_VOL_QCO":0.0,"UN_VOL_AV":14.04,"UN_VOL_INH":0.0,"Shape_Leng":34.3828441961,"Shape_Area":74.1209783208},"geometry":{"type":"Polygon","coordinates":[[[11.8714549112511,45.40632738718044,16.0],[11.871467905151865,45.406258560675425,15.0],[11.871374144167792,45.406251648902035,16.0],[11.87136657793525,45.40625111932183,16.0],[11.871353994011555,45.406285190684464,16.0],[11.87134590414893,45.40632977057852,16.0],[11.871446798318152,45.40633875286443,16.0],[11.871448876497249,45.40632681906485,16.0],[11.8714549112511,45.40632738718044,16.0]]]}},{"type":"Feature","id":"UN_VOL:35392","properties":{"OBJECTID":35392,"UN_VOL_POR":"01","UN_VOL_STA":"","UN_VOL_QGR":29.03,"UN_VOL_QCO":0.0,"UN_VOL_AV":13.74,"UN_VOL_INH":0.0,"Shape_Leng":29.8868992196,"Shape_Area":55.4069231749},"geometry":{"type":"Polygon","coordinates":[[[11.872881717399887,45.40623098311667,16.0],[11.872792268773846,45.40623098485459,16.0],[11.872793486481562,45.40624742652453,16.0],[11.872797709121683,45.406302948085774,16.0],[11.872883767167453,45.40630411188455,16.0],[11.872881717399887,45.40623098311667,16.0]]]}},{"type":"Feature","id":"UN_VOL:35394","properties":{"OBJECTID":35394,"UN_VOL_POR":"01","UN_VOL_STA":"","UN_VOL_QGR":30.6,"UN_VOL_QCO":0.0,"UN_VOL_AV":15.3,"UN_VOL_INH":0.0,"Shape_Leng":49.9845570368,"Shape_Area":111.704952868},"geometry":{"type":"Polygon","coordinates":[[[11.876990774524923,45.4061685857853,16.0],[11.877005079934811,45.406193608537166,17.0],[11.877035206485395,45.406182947657186,16.0],[11.877029110845266,45.40617112980936,16.0],[11.877017418086394,45.4061522516846,15.0],[11.877012230985311,45.40615328255337,16.0],[11.876986524738683,45.406110094688074,15.0],[11.876966925940005,45.40611418955959,15.0],[11.876952643396102,45.40608961607035,15.0],[11.876901469148626,45.406103508242786,16.0],[11.876907148993538,45.4061121861124,15.0],[11.876835688075706,45.406131720472864,16.0],[11.876862888377879,45.40620430470362,17.0],[11.876990774524923,45.4061685857853,16.0]]]}},{"type":"Feature","id":"UN_VOL:35485","properties":{"OBJECTID":35485,"UN_VOL_POR":"01","UN_VOL_STA":"","UN_VOL_QGR":26.33,"UN_VOL_QCO":0.0,"UN_VOL_AV":10.15,"UN_VOL_INH":0.0,"Shape_Leng":17.0869962431,"Shape_Area":16.0293238868},"geometry":{"type":"Polygon","coordinates":[[[11.870576146616358,45.40757267948882,16.0],[11.870592792793104,45.40757082073313,16.0],[11.87058630186988,45.407546140473784,16.0],[11.87051590803362,45.407554032273346,16.0],[11.870518205039469,45.40757917784278,16.0],[11.870576146616358,45.40757267948882,16.0]]]}},{"type":"Feature","id":"UN_VOL:35495","properties":{"OBJECTID":35495,"UN_VOL_POR":"01","UN_VOL_STA":"","UN_VOL_QGR":34.34,"UN_VOL_QCO":0.0,"UN_VOL_AV":17.64,"UN_VOL_INH":0.0,"Shape_Leng":50.9880839577,"Shape_Area":143.908793998},"geometry":{"type":"Polygon","coordinates":[[[11.872684750201692,45.407471634993286,17.0],[11.872671349522662,45.40746945223477,17.0],[11.872470577658433,45.40744894323547,17.0],[11.872457394025197,45.407534156899494,17.0],[11.872493808031845,45.40753657074874,17.0],[11.872611122439213,45.40753415720255,17.0],[11.872680285461858,45.40753475637616,17.0],[11.872684750201692,45.407471634993286,17.0]]]}},{"type":"Feature","id":"UN_VOL:35500","properties":{"OBJECTID":35500,"UN_VOL_POR":"01","UN_VOL_STA":"","UN_VOL_QGR":48.88,"UN_VOL_QCO":0.0,"UN_VOL_AV":32.45,"UN_VOL_INH":0.0,"Shape_Leng":29.7192305899,"Shape_Area":55.1844880071},"geometry":{"type":"Polygon","coordinates":[[[11.876163329525376,45.40739786536864,17.0],[11.876163793012088,45.40738435173403,17.0],[11.876068991063601,45.40738215054902,17.0],[11.876064689929152,45.407448418409345,17.0],[11.876161643588857,45.40745020517241,17.0],[11.876163329525376,45.40739786536864,17.0]]]}},{"type":"Feature","id":"UN_VOL:35957","properties":{"OBJECTID":35957,"UN_VOL_POR":"03","UN_VOL_STA":"","UN_VOL_QGR":26.62,"UN_VOL_QCO":0.0,"UN_VOL_AV":9.08,"UN_VOL_INH":5.0,"Shape_Leng":59.6506723792,"Shape_Area":101.648073109},"geometry":{"type":"Polygon","coordinates":[[[11.876935111337344,45.40751756770804,18.0],[11.876905906910029,45.40750363189104,18.0],[11.87686409289553,45.407558423829784,18.0],[11.876816181632933,45.40754099914869,18.0],[11.876764775423252,45.4076157453475,18.0],[11.876812860083184,45.40763406575632,18.0],[11.876780842056123,45.40769554155308,18.0],[11.876802935523399,45.40770281586121,18.0],[11.876935111337344,45.40751756770804,18.0]]]}},{"type":"Feature","id":"UN_VOL:35959","properties":{"OBJECTID":35959,"UN_VOL_POR":"03","UN_VOL_STA":"","UN_VOL_QGR":27.7,"UN_VOL_QCO":0.0,"UN_VOL_AV":10.15,"UN_VOL_INH":4.7,"Shape_Leng":45.7465075313,"Shape_Area":78.3622895782},"geometry":{"type":"Polygon","coordinates":[[[11.876078809780669,45.40758299118603,17.0],[11.876069810176304,45.40755675441135,17.0],[11.876027156784751,45.40756485045726,17.0],[11.876024371937753,45.40756537088575,17.0],[11.876017539756802,45.40756671331508,17.0],[11.876031996777089,45.40760730461066,17.0],[11.876071790008176,45.40771899727985,17.0],[11.876075364507203,45.40772898852224,17.0],[11.876127192879018,45.407720391046794,17.0],[11.876078809780669,45.40758299118603,17.0]]]}},{"type":"Feature","id":"UN_VOL:35964","properties":{"OBJECTID":35964,"UN_VOL_POR":"03","UN_VOL_STA":"","UN_VOL_QGR":27.94,"UN_VOL_QCO":0.0,"UN_VOL_AV":11.22,"UN_VOL_INH":3.56,"Shape_Leng":29.6143104479,"Shape_Area":34.1814311515},"geometry":{"type":"Polygon","coordinates":[[[11.874593558322955,45.407764619654536,17.0],[11.874589919537334,45.4077407678473,16.0],[11.874438967593079,45.407752671814556,17.0],[11.87444202338258,45.40778013862571,17.0],[11.874593558322955,45.407764619654536,17.0]]]}},{"type":"Feature","id":"UN_VOL:35968","properties":{"OBJECTID":35968,"UN_VOL_POR":"03","UN_VOL_STA":"","UN_VOL_QGR":23.95,"UN_VOL_QCO":0.0,"UN_VOL_AV":8.47,"UN_VOL_INH":2.88,"Shape_Leng":26.2839276126,"Shape_Area":25.9283540565},"geometry":{"type":"Polygon","coordinates":[[[11.87092438056375,45.40787536184842,15.0],[11.870905815579727,45.407814170301066,15.0],[11.870895683029984,45.407780670563035,15.0],[11.87086587769736,45.40778511084604,15.0],[11.87089352299853,45.40787919867624,15.0],[11.87092438056375,45.40787536184842,15.0]]]}},{"type":"Feature","id":"UN_VOL:41367","properties":{"OBJECTID":41367,"UN_VOL_POR":"01","UN_VOL_STA":"","UN_VOL_QGR":26.25,"UN_VOL_QCO":0.0,"UN_VOL_AV":9.51,"UN_VOL_INH":0.0,"Shape_Leng":23.1402041267,"Shape_Area":27.8279854311},"geometry":{"type":"Polygon","coordinates":[[[11.874349257048346,45.40811003146334,17.0],[11.874358670986433,45.40806388760612,17.0],[11.874300596992025,45.4080652608909,17.0],[11.874290722039962,45.40810232474978,17.0],[11.874285581696196,45.408121896937395,17.0],[11.874321886823795,45.40812719327262,17.0],[11.8743274785171,45.40810643949503,17.0],[11.874349257048346,45.40811003146334,17.0]]]}},{"type":"Feature","id":"UN_VOL:41368","properties":{"OBJECTID":41368,"UN_VOL_POR":"01","UN_VOL_STA":"","UN_VOL_QGR":29.55,"UN_VOL_QCO":0.0,"UN_VOL_AV":12.81,"UN_VOL_INH":0.0,"Shape_Leng":27.123797581,"Shape_Area":44.0021004536},"geometry":{"type":"Polygon","coordinates":[[[11.874454291048737,45.408082181741456,16.0],[11.874456774468856,45.40807068752507,16.0],[11.874387386651991,45.40806568474935,17.0],[11.874373730408589,45.408063508239444,17.0],[11.87435929956481,45.40806117153732,17.0],[11.874358670986433,45.40806388760612,17.0],[11.874349257048346,45.40811003146334,17.0],[11.874363304882738,45.40811237781523,17.0],[11.874448751142952,45.40812408741888,16.0],[11.874454291048737,45.408082181741456,16.0]]]}},{"type":"Feature","id":"UN_VOL:41369","properties":{"OBJECTID":41369,"UN_VOL_POR":"01","UN_VOL_STA":"","UN_VOL_QGR":25.32,"UN_VOL_QCO":0.0,"UN_VOL_AV":9.03,"UN_VOL_INH":0.0,"Shape_Leng":52.8686336606,"Shape_Area":164.50391169},"geometry":{"type":"Polygon","coordinates":[[[11.875917138549342,45.408085735969465,17.0],[11.875916540904111,45.408081520393424,17.0],[11.876056604567777,45.408071599030635,17.0],[11.876044946558752,45.40799304191489,17.0],[11.876042752677265,45.40797752496714,17.0],[11.876040440842331,45.40796975228738,17.0],[11.876033448961946,45.40797046841547,17.0],[11.875929458378126,45.40798110098468,17.0],[11.875850386435594,45.407989214811025,17.0],[11.875860760662903,45.40804503104289,17.0],[11.875868299774098,45.40804502111718,17.0],[11.875876654271114,45.408088736615255,17.0],[11.875917138549342,45.408085735969465,17.0]]]}},{"type":"Feature","id":"UN_VOL:44563","properties":{"OBJECTID":44563,"UN_VOL_POR":"01","UN_VOL_STA":"","UN_VOL_QGR":29.38,"UN_VOL_QCO":0.0,"UN_VOL_AV":13.33,"UN_VOL_INH":0.0,"Shape_Leng":73.3894961545,"Shape_Area":298.504260759},"geometry":{"type":"Polygon","coordinates":[[[11.871188934476073,45.40791632150062,16.0],[11.871126346260947,45.40771527827873,16.0],[11.87098376682847,45.40773605820929,15.0],[11.870974887711164,45.40773736179371,15.0],[11.871029248051205,45.407917279226005,15.0],[11.871034817902807,45.407916238999015,15.0],[11.871048273578744,45.407947225013125,15.0],[11.871183360386992,45.407942475540004,15.0],[11.871182963383545,45.407917012034375,16.0],[11.871188934476073,45.40791632150062,16.0]]]}},{"type":"Feature","id":"UN_VOL:44575","properties":{"OBJECTID":44575,"UN_VOL_POR":"01","UN_VOL_STA":"","UN_VOL_QGR":31.96,"UN_VOL_QCO":0.0,"UN_VOL_AV":15.86,"UN_VOL_INH":0.0,"Shape_Leng":20.5390522567,"Shape_Area":24.5079297363},"geometry":{"type":"Polygon","coordinates":[[[11.874129125838477,45.40781394443545,17.0],[11.874123882754047,45.407871774666354,17.0],[11.874174249511153,45.40787464655038,17.0],[11.87417445812378,45.407861139344895,17.0],[11.87417483351879,45.40781567341249,17.0],[11.874149865055086,45.407814682293754,17.0],[11.874129125838477,45.40781394443545,17.0]]]}},{"type":"Feature","id":"UN_VOL:44595","properties":{"OBJECTID":44595,"UN_VOL_POR":"01","UN_VOL_STA":"","UN_VOL_QGR":32.42,"UN_VOL_QCO":0.0,"UN_VOL_AV":15.65,"UN_VOL_INH":0.0,"Shape_Leng":59.7300698421,"Shape_Area":84.7072030563},"geometry":{"type":"Polygon","coordinates":[[[11.876282238218819,45.4078066753277,18.0],[11.87626823610728,45.40776247228531,18.0],[11.876311126529625,45.40775905065818,18.0],[11.876305434676048,45.407722469083765,18.0],[11.876209794994336,45.407736491318964,18.0],[11.876199928797059,45.40770829615,18.0],[11.876127192879018,45.407720391046794,17.0],[11.876150224367702,45.40776373656615,17.0],[11.876222417475399,45.40774850486947,18.0],[11.876242850476093,45.4077910157935,18.0],[11.876197768103136,45.40780412414636,17.0],[11.876207397196202,45.40782512427759,17.0],[11.87621084331277,45.407832598611144,17.0],[11.876283045817617,45.40782006687354,18.0],[11.876282238218819,45.4078066753277,18.0]]]}},{"type":"Feature","id":"UN_VOL:44602","properties":{"OBJECTID":44602,"UN_VOL_POR":"01","UN_VOL_STA":"","UN_VOL_QGR":24.23,"UN_VOL_QCO":0.0,"UN_VOL_AV":9.23,"UN_VOL_INH":0.0,"Shape_Leng":47.0312941708,"Shape_Area":127.323298003},"geometry":{"type":"Polygon","coordinates":[[[11.87079156879453,45.40797033600946,15.0],[11.870916108379031,45.4079566713461,15.0],[11.87089352299853,45.40787919867624,15.0],[11.870887045751061,45.40787999158674,15.0],[11.870712308730319,45.4079016703296,15.0],[11.870723311733936,45.40795738155379,15.0],[11.870721151482899,45.407957615608034,15.0],[11.870724852576434,45.407977685564866,15.0],[11.87079156879453,45.40797033600946,15.0]]]}},{"type":"Feature","id":"UN_VOL:44603","properties":{"OBJECTID":44603,"UN_VOL_POR":"01","UN_VOL_STA":"","UN_VOL_QGR":26.9,"UN_VOL_QCO":0.0,"UN_VOL_AV":10.8,"UN_VOL_INH":0.0,"Shape_Leng":52.1876873939,"Shape_Area":125.50480161},"geometry":{"type":"Polygon","coordinates":[[[11.874356811935142,45.40786869741177,17.0],[11.87438425119444,45.40786800617964,17.0],[11.874381675305083,45.407852498822926,17.0],[11.874418791046041,45.40785111397332,17.0],[11.87444965810467,45.40784997618587,16.0],[11.87444202338258,45.40778013862571,17.0],[11.87443312154214,45.407780993207886,17.0],[11.874252346829362,45.407799498918706,17.0],[11.874257033687254,45.40788930329305,17.0],[11.874274645426304,45.40788885964566,17.0],[11.87427338671404,45.40787160899682,17.0],[11.874356265163671,45.40786547067067,17.0],[11.874356811935142,45.40786869741177,17.0]]]}},{"type":"Feature","id":"UN_VOL:35828","properties":{"OBJECTID":35828,"UN_VOL_POR":"01","UN_VOL_STA":"","UN_VOL_QGR":32.87,"UN_VOL_QCO":0.0,"UN_VOL_AV":16.71,"UN_VOL_INH":0.0,"Shape_Leng":38.6126611083,"Shape_Area":77.3964476036},"geometry":{"type":"Polygon","coordinates":[[[11.875818622043877,45.40578137674686,16.0],[11.875793732240977,45.40578443416291,16.0],[11.875732011176249,45.405802012240024,15.0],[11.875726878870811,45.405804121841214,15.0],[11.875728456157635,45.40580750230806,15.0],[11.875753265228655,45.40586574543116,16.0],[11.87577449505744,45.40585854923814,15.0],[11.875776669787616,45.40586362514611,16.0],[11.875800652610316,45.40585779992172,16.0],[11.875803885749518,45.40587113034128,16.0],[11.875875447201237,45.4058535747334,16.0],[11.875870196791587,45.40580555034435,16.0],[11.87583334671833,45.40581214973711,16.0],[11.875818622043877,45.40578137674686,16.0]]]}},{"type":"Feature","id":"UN_VOL:35829","properties":{"OBJECTID":35829,"UN_VOL_POR":"01","UN_VOL_STA":"","UN_VOL_QGR":29.0,"UN_VOL_QCO":0.0,"UN_VOL_AV":13.44,"UN_VOL_INH":0.0,"Shape_Leng":84.1986620841,"Shape_Area":273.349597781},"geometry":{"type":"Polygon","coordinates":[[[11.875514943369273,45.40581279328296,16.0],[11.875455394484767,45.40575236555431,16.0],[11.875432088062999,45.40572873926721,16.0],[11.87538335368366,45.405649766480245,16.0],[11.875366558087261,45.40565622052986,16.0],[11.875367320152309,45.405666192623976,16.0],[11.875324996994546,45.405675720446226,16.0],[11.875302991478343,45.405617316533295,16.0],[11.87523671238508,45.40563320865616,16.0],[11.875220550410875,45.40563703652946,16.0],[11.875239901249568,45.40567084388193,16.0],[11.87525364030733,45.40569480095497,16.0],[11.875291287535381,45.405741648808856,16.0],[11.875296470535488,45.40574808927851,16.0],[11.875311886735254,45.405767323595946,16.0],[11.875348507690468,45.40580654643162,16.0],[11.875417550907944,45.40586772507883,16.0],[11.875434566653214,45.40588070817881,16.0],[11.875459651845755,45.405866393963926,16.0],[11.875444249588435,45.40585247012822,16.0],[11.875514943369273,45.40581279328296,16.0]]]}},{"type":"Feature","id":"UN_VOL:35835","properties":{"OBJECTID":35835,"UN_VOL_POR":"01","UN_VOL_STA":"","UN_VOL_QGR":29.19,"UN_VOL_QCO":0.0,"UN_VOL_AV":13.61,"UN_VOL_INH":0.0,"Shape_Leng":20.9731052909,"Shape_Area":27.2038675783},"geometry":{"type":"Polygon","coordinates":[[[11.875187912784163,45.40582724533416,16.0],[11.875135193419457,45.405845946180456,16.0],[11.875163706621791,45.40589410479675,16.0],[11.875214069582153,45.40587177256602,16.0],[11.875209907535213,45.405867826897094,16.0],[11.875217122242313,45.405861434204326,16.0],[11.875187912784163,45.40582724533416,16.0]]]}},{"type":"Feature","id":"UN_VOL:35840","properties":{"OBJECTID":35840,"UN_VOL_POR":"01","UN_VOL_STA":"","UN_VOL_QGR":29.14,"UN_VOL_QCO":0.0,"UN_VOL_AV":13.93,"UN_VOL_INH":0.0,"Shape_Leng":70.2042150087,"Shape_Area":244.25134701},"geometry":{"type":"Polygon","coordinates":[[[11.874289768204749,45.4058633756737,15.0],[11.874285034372573,45.405815428245454,14.0],[11.874284569232147,45.40581381989963,14.0],[11.874150927800988,45.40580917489205,15.0],[11.873985025663544,45.40580336245371,16.0],[11.873987336349163,45.40588161535297,16.0],[11.874082081121786,45.40588525968016,16.0],[11.874079228585007,45.40590207400213,16.0],[11.874147870427645,45.40590502546079,16.0],[11.874295132149298,45.40591868833831,16.0],[11.874289768204749,45.4058633756737,15.0]]]}},{"type":"Feature","id":"UN_VOL:35841","properties":{"OBJECTID":35841,"UN_VOL_POR":"01","UN_VOL_STA":"","UN_VOL_QGR":31.66,"UN_VOL_QCO":0.0,"UN_VOL_AV":16.78,"UN_VOL_INH":0.0,"Shape_Leng":74.0758780106,"Shape_Area":238.66929216},"geometry":{"type":"Polygon","coordinates":[[[11.87104487391776,45.40587675105266,15.0],[11.87091608636176,45.405861988818884,15.0],[11.870906009277874,45.4059429839532,15.0],[11.870905785838596,45.40594361951301,15.0],[11.870909997269623,45.40594351354932,15.0],[11.87105002452428,45.4059632133508,15.0],[11.871046419395695,45.405972755470614,15.0],[11.871194432469249,45.40599117398168,15.0],[11.871237874160519,45.40599611201633,15.0],[11.871253406386035,45.40591939031474,15.0],[11.871042335129486,45.40588968656062,15.0],[11.87104487391776,45.40587675105266,15.0]]]}},{"type":"Feature","id":"UN_VOL:35849","properties":{"OBJECTID":35849,"UN_VOL_POR":"01","UN_VOL_STA":"","UN_VOL_QGR":26.11,"UN_VOL_QCO":0.0,"UN_VOL_AV":10.5,"UN_VOL_INH":0.0,"Shape_Leng":72.7193786097,"Shape_Area":188.712039513},"geometry":{"type":"Polygon","coordinates":[[[11.874864209312417,45.405904711654216,16.0],[11.874899878590707,45.4058975119986,16.0],[11.874904232466145,45.405907753783424,16.0],[11.874926884495201,45.40590088210177,16.0],[11.874994567797044,45.40588495477805,16.0],[11.874973829952761,45.40583389997172,16.0],[11.87487685841405,45.40585182549316,16.0],[11.874893115435086,45.40577940572037,16.0],[11.874899624320436,45.40577924172266,16.0],[11.874907843002786,45.40573474837437,16.0],[11.874809543930418,45.405736595144845,15.0],[11.874783229605638,45.40590288112168,15.0],[11.874781985812712,45.405911103600324,15.0],[11.874823289405928,45.405909162871765,16.0],[11.874864209312417,45.405904711654216,16.0]]]}},{"type":"Feature","id":"UN_VOL:35940","properties":{"OBJECTID":35940,"UN_VOL_POR":"03","UN_VOL_STA":"","UN_VOL_QGR":25.35,"UN_VOL_QCO":0.0,"UN_VOL_AV":9.87,"UN_VOL_INH":2.68,"Shape_Leng":26.6103516926,"Shape_Area":25.7405389529},"geometry":{"type":"Polygon","coordinates":[[[11.870895683029984,45.407780670563035,15.0],[11.870866515404781,45.40768428059779,16.0],[11.870858908465156,45.40768546211762,15.0],[11.870837599292534,45.40768860884315,15.0],[11.87086587769736,45.40778511084604,15.0],[11.870895683029984,45.407780670563035,15.0]]]}},{"type":"Feature","id":"UN_VOL:35945","properties":{"OBJECTID":35945,"UN_VOL_POR":"03","UN_VOL_STA":"","UN_VOL_QGR":31.58,"UN_VOL_QCO":0.0,"UN_VOL_AV":15.35,"UN_VOL_INH":12.49,"Shape_Leng":144.237486353,"Shape_Area":338.163185338},"geometry":{"type":"Polygon","coordinates":[[[11.871895719127856,45.40774227259649,16.0],[11.871903690714921,45.40770543655419,16.0],[11.871934786560626,45.407562704271164,16.0],[11.871951777286629,45.40748450581087,17.0],[11.871884906743187,45.40747871777628,17.0],[11.871831086568415,45.407735257982836,16.0],[11.871404705285627,45.4077084537165,17.0],[11.87140302812771,45.40775350216593,16.0],[11.871887793677708,45.40778252769554,16.0],[11.871895719127856,45.40774227259649,16.0]]]}},{"type":"Feature","id":"UN_VOL:36019","properties":{"OBJECTID":36019,"UN_VOL_POR":"01","UN_VOL_STA":"","UN_VOL_QGR":38.61,"UN_VOL_QCO":0.0,"UN_VOL_AV":22.8,"UN_VOL_INH":0.0,"Shape_Leng":55.0172401169,"Shape_Area":185.931663518},"geometry":{"type":"Polygon","coordinates":[[[11.871172737814444,45.40668976780507,17.0],[11.871281075774636,45.40670189348894,17.0],[11.871373602357773,45.40671216696447,17.0],[11.871390027917668,45.406605178739234,16.0],[11.871199168899375,45.40658351795961,17.0],[11.871172737814444,45.40668976780507,17.0]]]}},{"type":"Feature","id":"UN_VOL:36032","properties":{"OBJECTID":36032,"UN_VOL_POR":"01","UN_VOL_STA":"","UN_VOL_QGR":30.68,"UN_VOL_QCO":0.0,"UN_VOL_AV":15.18,"UN_VOL_INH":0.0,"Shape_Leng":38.8202448754,"Shape_Area":89.8404998768},"geometry":{"type":"Polygon","coordinates":[[[11.8731819332636,45.406644952774116,16.0],[11.873181522768292,45.406639382547866,16.0],[11.873178266022105,45.40659283785331,16.0],[11.87317441784259,45.406554769332246,16.0],[11.873133008841576,45.40655716235121,16.0],[11.873062671574303,45.406573695675235,16.0],[11.873098989132428,45.40667494533776,16.0],[11.873154960059914,45.406662374449425,16.0],[11.873152101489012,45.406653895102444,16.0],[11.8731819332636,45.406644952774116,16.0]]]}},{"type":"Feature","id":"UN_VOL:36034","properties":{"OBJECTID":36034,"UN_VOL_POR":"01","UN_VOL_STA":"","UN_VOL_QGR":27.22,"UN_VOL_QCO":0.0,"UN_VOL_AV":11.72,"UN_VOL_INH":0.0,"Shape_Leng":12.2463452181,"Shape_Area":9.37039921905},"geometry":{"type":"Polygon","coordinates":[[[11.873431780793283,45.40663542059259,16.0],[11.873394091408457,45.406640600363104,16.0],[11.873401754233731,45.40666822132857,16.0],[11.873439429943925,45.40666277175952,16.0],[11.873431780793283,45.40663542059259,16.0]]]}},{"type":"Feature","id":"UN_VOL:36058","properties":{"OBJECTID":36058,"UN_VOL_POR":"01","UN_VOL_STA":"","UN_VOL_QGR":32.06,"UN_VOL_QCO":0.0,"UN_VOL_AV":15.81,"UN_VOL_INH":0.0,"Shape_Leng":64.750851301,"Shape_Area":225.453747853},"geometry":{"type":"Polygon","coordinates":[[[11.87181584973949,45.407321493671546,17.0],[11.871714465315755,45.40729785149247,17.0],[11.871720896893088,45.40728355773259,17.0],[11.871612028839138,45.40726100427874,17.0],[11.871559727675518,45.40738374727627,17.0],[11.871566501194426,45.40739887930665,17.0],[11.87159387642405,45.407407011435346,17.0],[11.871606516131427,45.40740930351888,17.0],[11.871612938074882,45.407397350444775,17.0],[11.871660518874654,45.4074083046009,17.0],[11.871667506207814,45.40739489693534,17.0],[11.871771825591194,45.40741594475662,17.0],[11.87181584973949,45.407321493671546,17.0]]]}},{"type":"Feature","id":"UN_VOL:36072","properties":{"OBJECTID":36072,"UN_VOL_POR":"01","UN_VOL_STA":"","UN_VOL_QGR":29.37,"UN_VOL_QCO":0.0,"UN_VOL_AV":12.89,"UN_VOL_INH":0.0,"Shape_Leng":24.4300079773,"Shape_Area":32.8669895885},"geometry":{"type":"Polygon","coordinates":[[[11.872087398126032,45.40737946789789,17.0],[11.871984715105505,45.40736296961492,17.0],[11.871974916242301,45.40739904123656,17.0],[11.8720771387748,45.407414020713645,17.0],[11.872087398126032,45.40737946789789,17.0]]]}},{"type":"Feature","id":"UN_VOL:36949","properties":{"OBJECTID":36949,"UN_VOL_POR":"01","UN_VOL_STA":"","UN_VOL_QGR":77.0,"UN_VOL_QCO":0.0,"UN_VOL_AV":61.18,"UN_VOL_INH":0.0,"Shape_Leng":18.8676170779,"Shape_Area":28.2618311891},"geometry":{"type":"Polygon","coordinates":[[[11.871102070398841,45.40652088197764,16.0],[11.871108433498705,45.40652036206747,16.0],[11.87111449966171,45.40651903920744,16.0],[11.871120279113631,45.406517093233944,16.0],[11.871125388881918,45.406514534563286,16.0],[11.871129956044959,45.40651135921832,16.0],[11.871133729821816,45.40650766355627,16.0],[11.871136464564461,45.40650363424189,16.0],[11.871138291931578,45.40649935761932,16.0],[11.871139085377886,45.40649483726266,16.0],[11.871138734329568,45.40649043536191,16.0],[11.871137485579746,45.406485966003196,16.0],[11.871135101476199,45.40648179535375,16.0],[11.871131842473226,45.40647800690652,16.0],[11.871127580900389,45.40647460387397,16.0],[11.871122703757246,45.40647166617499,16.0],[11.87111722527736,45.40646946359174,16.0],[11.871111263477571,45.40646781345072,16.0],[11.87110495968937,45.40646698194616,16.0],[11.871098565245942,45.40646687270703,16.0],[11.871092334402466,45.40646747972536,16.0],[11.871086267671913,45.40646880220868,16.0],[11.871080492783822,45.40647083811244,16.0],[11.871075388130171,45.4064734866992,16.0],[11.871070953197691,45.40647674876157,16.0],[11.871067307069413,45.40648044081979,16.0],[11.871064699460426,45.406484467323345,16.0],[11.871063004299181,45.406488830275144,16.0],[11.871062333976951,45.4064932578762,16.0],[11.871062689579606,45.406497749709395,16.0],[11.871064189085118,45.406502122322706,16.0],[11.871066573184455,45.406506292973724,16.0],[11.871069959875243,45.406510078599695,16.0],[11.871074221447497,45.40651348163439,16.0],[11.871079217142066,45.40651623625878,16.0],[11.871084823295812,45.40651843563125,16.0],[11.871090780540026,45.406519995841464,16.0],[11.871097079773707,45.40652073741459,16.0],[11.871102070398841,45.40652088197764,16.0]]]}},{"type":"Feature","id":"UN_VOL:36953","properties":{"OBJECTID":36953,"UN_VOL_POR":"01","UN_VOL_STA":"","UN_VOL_QGR":40.45,"UN_VOL_QCO":0.0,"UN_VOL_AV":24.66,"UN_VOL_INH":0.0,"Shape_Leng":44.2414782294,"Shape_Area":116.593230412},"geometry":{"type":"Polygon","coordinates":[[[11.870780936604545,45.40637954132561,16.0],[11.870774254378828,45.40637880937099,16.0],[11.870770070253721,45.40637945453368,16.0],[11.870764231545952,45.40638023176165,16.0],[11.870750102120272,45.40638130723765,16.0],[11.870734290694683,45.40638449532699,16.0],[11.870722248425563,45.406388938896995,16.0],[11.870719240690494,45.40639009474144,16.0],[11.870691291132985,45.406403399804766,16.0],[11.870678073468133,45.406412373333175,16.0],[11.870668943622597,45.40642133445182,16.0],[11.870661035722318,45.406431704796304,16.0],[11.870655255992277,45.40644625223874,16.0],[11.870655415759012,45.40646452070404,16.0],[11.870659600030834,45.40648403822997,16.0],[11.870666377774322,45.40649673933548,16.0],[11.870675242844197,45.406505247721725,16.0],[11.870687366933153,45.40651502403602,16.0],[11.8707066606201,45.406525070201866,16.0],[11.870728246818683,45.40652992796747,16.0],[11.87075170654853,45.40653140802939,16.0],[11.870780936604545,45.40637954132561,16.0]]]}},{"type":"Feature","id":"UN_VOL:36962","properties":{"OBJECTID":36962,"UN_VOL_POR":"01","UN_VOL_STA":"","UN_VOL_QGR":31.2,"UN_VOL_QCO":0.0,"UN_VOL_AV":14.26,"UN_VOL_INH":0.0,"Shape_Leng":48.8283330988,"Shape_Area":119.455329362},"geometry":{"type":"Polygon","coordinates":[[[11.873374418801134,45.40721231563493,17.0],[11.873321993048087,45.40721921679267,17.0],[11.873216872997952,45.407232755267806,17.0],[11.873219845793734,45.407248522797936,17.0],[11.87320923006446,45.40724833988087,17.0],[11.87321271425569,45.407291818421584,17.0],[11.873216788978516,45.407291535721534,17.0],[11.873302437983302,45.40728712855173,17.0],[11.873305607245808,45.407316842927884,17.0],[11.873393344182581,45.4073158037202,17.0],[11.873377122320516,45.4072177384587,17.0],[11.873374418801134,45.40721231563493,17.0]]]}},{"type":"Feature","id":"UN_VOL:36965","properties":{"OBJECTID":36965,"UN_VOL_POR":"01","UN_VOL_STA":"","UN_VOL_QGR":28.6,"UN_VOL_QCO":0.0,"UN_VOL_AV":11.65,"UN_VOL_INH":0.0,"Shape_Leng":139.750322914,"Shape_Area":522.615828953},"geometry":{"type":"Polygon","coordinates":[[[11.8734454279909,45.40730720103152,17.0],[11.873500050426735,45.40729826424661,17.0],[11.873543519694188,45.407291138724226,17.0],[11.873617713738792,45.40728008892519,17.0],[11.873674192067375,45.40727497615931,17.0],[11.87367768791248,45.40728091891194,17.0],[11.873677505486347,45.40727984333466,17.0],[11.873707515528682,45.40727692717612,17.0],[11.87370164349593,45.407254391849754,17.0],[11.873751443170868,45.40724107601703,17.0],[11.873736691892605,45.40721228329361,17.0],[11.873692065278462,45.40722429900571,17.0],[11.873658377924638,45.40714467599992,17.0],[11.873621772871783,45.40706044598057,17.0],[11.873330962424307,45.40710386473044,17.0],[11.873354056733312,45.40717619339047,17.0],[11.873356026145597,45.407182264639125,17.0],[11.873374418801134,45.40721231563493,17.0],[11.873377122320516,45.4072177384587,17.0],[11.873393344182581,45.4073158037202,17.0],[11.8734454279909,45.40730720103152,17.0]],[[11.873569514568645,45.407131071999125,17.0],[11.873587690213562,45.40718201109665,17.0],[11.873458650157449,45.407207674297204,17.0],[11.873436249717757,45.40714900984058,17.0],[11.873569514568645,45.407131071999125,17.0]]]}},{"type":"Feature","id":"UN_VOL:36968","properties":{"OBJECTID":36968,"UN_VOL_POR":"01","UN_VOL_STA":"","UN_VOL_QGR":31.66,"UN_VOL_QCO":0.0,"UN_VOL_AV":14.72,"UN_VOL_INH":0.0,"Shape_Leng":25.834618493,"Shape_Area":32.9072182448},"geometry":{"type":"Polygon","coordinates":[[[11.87328355568804,45.407320458649885,17.0],[11.873305607245808,45.407316842927884,17.0],[11.873302437983302,45.40728712855173,17.0],[11.873216788978516,45.407291535721534,17.0],[11.87321271425569,45.407291818421584,17.0],[11.873180402616661,45.40729470235933,17.0],[11.873182868940699,45.40729797042718,17.0],[11.87318289293426,45.407323623414165,17.0],[11.87328355568804,45.407320458649885,17.0]]]}},{"type":"Feature","id":"UN_VOL:36971","properties":{"OBJECTID":36971,"UN_VOL_POR":"01","UN_VOL_STA":"","UN_VOL_QGR":35.63,"UN_VOL_QCO":0.0,"UN_VOL_AV":18.61,"UN_VOL_INH":0.0,"Shape_Leng":147.373761432,"Shape_Area":421.221975807},"geometry":{"type":"Polygon","coordinates":[[[11.876120364281832,45.40723881595319,17.0],[11.87630680559215,45.40720864273028,18.0],[11.87630334349008,45.407185776647104,18.0],[11.8762953829288,45.4071598734937,18.0],[11.876303751147457,45.407158582763316,18.0],[11.876264977328795,45.407029221924034,18.0],[11.876259877259807,45.407029440533165,18.0],[11.876253525525303,45.40700754736773,17.0],[11.876251646955147,45.40700075389455,17.0],[11.875946819288842,45.4070474129922,17.0],[11.876008572121023,45.40725684587246,17.0],[11.876120364281832,45.40723881595319,17.0]],[[11.876068830907572,45.407185297090166,17.0],[11.876036144596974,45.40707513577471,17.0],[11.876196464254885,45.407051471853386,17.0],[11.876229155427152,45.407161723047416,18.0],[11.876068830907572,45.407185297090166,17.0]]]}},{"type":"Feature","id":"UN_VOL:36988","properties":{"OBJECTID":36988,"UN_VOL_POR":"01","UN_VOL_STA":"","UN_VOL_QGR":32.6,"UN_VOL_QCO":0.0,"UN_VOL_AV":15.68,"UN_VOL_INH":0.0,"Shape_Leng":25.6862776999,"Shape_Area":28.0649240035},"geometry":{"type":"Polygon","coordinates":[[[11.873980132766388,45.40727033097875,17.0],[11.873965632250856,45.40724396245274,17.0],[11.87396422374052,45.407241387352556,17.0],[11.873945404037654,45.4072457322205,17.0],[11.873893594059464,45.40725720856877,17.0],[11.87391902672495,45.407317686374014,17.0],[11.87394258637042,45.407313582309975,17.0],[11.873931846376946,45.4072832486083,17.0],[11.873980132766388,45.40727033097875,17.0]]]}},{"type":"Feature","id":"UN_VOL:36990","properties":{"OBJECTID":36990,"UN_VOL_POR":"01","UN_VOL_STA":"","UN_VOL_QGR":32.09,"UN_VOL_QCO":0.0,"UN_VOL_AV":15.65,"UN_VOL_INH":0.0,"Shape_Leng":122.740609407,"Shape_Area":354.512668292},"geometry":{"type":"Polygon","coordinates":[[[11.876005910392395,45.40725727315042,17.0],[11.876008572121023,45.40725684587246,17.0],[11.875946819288842,45.4070474129922,17.0],[11.876251646955147,45.40700075389455,17.0],[11.87625105004123,45.40699905844212,17.0],[11.876248852190066,45.406991012751895,17.0],[11.87624448369338,45.40697294043557,17.0],[11.875978805747845,45.40698278775164,17.0],[11.875833024766484,45.406988262293034,17.0],[11.875890239746957,45.40717629661379,17.0],[11.875918471416608,45.407269198233934,17.0],[11.876005910392395,45.40725727315042,17.0]]]}},{"type":"Feature","id":"UN_VOL:37010","properties":{"OBJECTID":37010,"UN_VOL_POR":"01","UN_VOL_STA":"","UN_VOL_QGR":30.55,"UN_VOL_QCO":0.0,"UN_VOL_AV":14.45,"UN_VOL_INH":0.0,"Shape_Leng":27.3345485096,"Shape_Area":33.3477280627},"geometry":{"type":"Polygon","coordinates":[[[11.874593178111944,45.408061670585795,16.0],[11.874460169073592,45.40805448987014,16.0],[11.874456774468856,45.40807068752507,16.0],[11.874454291048737,45.408082181741456,16.0],[11.874588011005113,45.40809078491234,16.0],[11.874593178111944,45.408061670585795,16.0]]]}},{"type":"Feature","id":"UN_VOL:37011","properties":{"OBJECTID":37011,"UN_VOL_POR":"01","UN_VOL_STA":"","UN_VOL_QGR":30.04,"UN_VOL_QCO":0.0,"UN_VOL_AV":15.42,"UN_VOL_INH":0.0,"Shape_Leng":28.5660365877,"Shape_Area":13.6090242471},"geometry":{"type":"Polygon","coordinates":[[[11.870625095199193,45.40818272343823,15.0],[11.870623690978736,45.408172677424524,15.0],[11.870455584871982,45.40818653809088,15.0],[11.870456647122655,45.40819488260031,15.0],[11.870625095199193,45.40818272343823,15.0]]]}},{"type":"Feature","id":"UN_VOL:37015","properties":{"OBJECTID":37015,"UN_VOL_POR":"01","UN_VOL_STA":"","UN_VOL_QGR":32.37,"UN_VOL_QCO":0.0,"UN_VOL_AV":16.17,"UN_VOL_INH":0.0,"Shape_Leng":35.6885482789,"Shape_Area":70.0906263497},"geometry":{"type":"Polygon","coordinates":[[[11.875446701159444,45.408019371308086,16.0],[11.87544247134142,45.408019118105486,16.0],[11.875287091250764,45.40801178213598,16.0],[11.875291708364134,45.40806243268395,16.0],[11.87530338616433,45.4080633986745,16.0],[11.875352408070674,45.408067474145675,16.0],[11.875435565644214,45.40807437971702,16.0],[11.875446701159444,45.408019371308086,16.0]]]}},{"type":"Feature","id":"UN_VOL:37017","properties":{"OBJECTID":37017,"UN_VOL_POR":"01","UN_VOL_STA":"","UN_VOL_QGR":19.45,"UN_VOL_QCO":0.0,"UN_VOL_AV":2.69,"UN_VOL_INH":0.0,"Shape_Leng":14.5706087155,"Shape_Area":12.8959474323},"geometry":{"type":"Polygon","coordinates":[[[11.877855849448643,45.40801093067851,17.0],[11.877848173476545,45.407973048913796,18.0],[11.877809904444431,45.40797689445184,18.0],[11.8778174527185,45.408014779439874,17.0],[11.877855849448643,45.40801093067851,17.0]]]}},{"type":"Feature","id":"UN_VOL:37019","properties":{"OBJECTID":37019,"UN_VOL_POR":"01","UN_VOL_STA":"","UN_VOL_QGR":29.17,"UN_VOL_QCO":0.0,"UN_VOL_AV":12.88,"UN_VOL_INH":0.0,"Shape_Leng":47.326617395,"Shape_Area":113.01338312},"geometry":{"type":"Polygon","coordinates":[[[11.875692010159131,45.408066296394395,17.0],[11.875747754222601,45.40805931090395,17.0],[11.875782800774624,45.40805491694966,17.0],[11.875860760662903,45.40804503104289,17.0],[11.875850386435594,45.407989214811025,17.0],[11.875843644775948,45.40798983457404,17.0],[11.87578031148171,45.40799584156,17.0],[11.875630927239731,45.40800842757851,17.0],[11.875653827649826,45.408071849526756,16.0],[11.875692010159131,45.408066296394395,17.0]]]}},{"type":"Feature","id":"UN_VOL:37020","properties":{"OBJECTID":37020,"UN_VOL_POR":"01","UN_VOL_STA":"","UN_VOL_QGR":28.34,"UN_VOL_QCO":0.0,"UN_VOL_AV":12.24,"UN_VOL_INH":0.0,"Shape_Leng":31.7862625585,"Shape_Area":62.8665985519},"geometry":{"type":"Polygon","coordinates":[[[11.874703202268753,45.40802640424446,16.0],[11.87459892719715,45.408021380083404,16.0],[11.874593178111944,45.408061670585795,16.0],[11.874588011005113,45.40809078491234,16.0],[11.874688143081176,45.408097263384775,16.0],[11.874703202268753,45.40802640424446,16.0]]]}},{"type":"Feature","id":"UN_VOL:37021","properties":{"OBJECTID":37021,"UN_VOL_POR":"01","UN_VOL_STA":"","UN_VOL_QGR":35.9,"UN_VOL_QCO":0.0,"UN_VOL_AV":19.82,"UN_VOL_INH":0.0,"Shape_Leng":18.0937993025,"Shape_Area":20.0370181701},"geometry":{"type":"Polygon","coordinates":[[[11.876664489361302,45.40803629238244,18.0],[11.876655447293366,45.40800420563417,18.0],[11.876596398517137,45.408009024883285,18.0],[11.876603048485,45.40804936308234,18.0],[11.876636198679828,45.40804537686164,18.0],[11.876636294160837,45.40804222398638,18.0],[11.876664489361302,45.40803629238244,18.0]]]}},{"type":"Feature","id":"UN_VOL:37024","properties":{"OBJECTID":37024,"UN_VOL_POR":"01","UN_VOL_STA":"","UN_VOL_QGR":30.25,"UN_VOL_QCO":0.0,"UN_VOL_AV":14.05,"UN_VOL_INH":0.0,"Shape_Leng":36.5374993087,"Shape_Area":53.5859578418},"geometry":{"type":"Polygon","coordinates":[[[11.875291708364134,45.40806243268395,16.0],[11.875287091250764,45.40801178213598,16.0],[11.875283710719867,45.407975412018274,16.0],[11.875248777977252,45.40797701228048,16.0],[11.875252263489616,45.40801545005023,16.0],[11.875210835671059,45.40801496358061,16.0],[11.875209786228453,45.408059726515795,16.0],[11.87520923181155,45.40808152323257,16.0],[11.875248522447011,45.40808521402584,16.0],[11.875248744744646,45.40806693594335,16.0],[11.875292128217833,45.408068182759244,16.0],[11.875291708364134,45.40806243268395,16.0]]]}},{"type":"Feature","id":"UN_VOL:37026","properties":{"OBJECTID":37026,"UN_VOL_POR":"03","UN_VOL_STA":"","UN_VOL_QGR":29.68,"UN_VOL_QCO":0.0,"UN_VOL_AV":13.6,"UN_VOL_INH":3.77,"Shape_Leng":18.7733738931,"Shape_Area":16.3508407635},"geometry":{"type":"Polygon","coordinates":[[[11.87549551318617,45.40802183194434,16.0],[11.875463228888421,45.40802021506011,16.0],[11.875466333540405,45.408028508052496,16.0],[11.875487021928658,45.40807857348595,16.0],[11.875520004539133,45.40808134298332,16.0],[11.87549551318617,45.40802183194434,16.0]]]}},{"type":"Feature","id":"UN_VOL:37031","properties":{"OBJECTID":37031,"UN_VOL_POR":"01","UN_VOL_STA":"","UN_VOL_QGR":28.18,"UN_VOL_QCO":0.0,"UN_VOL_AV":11.98,"UN_VOL_INH":0.0,"Shape_Leng":51.3606683858,"Shape_Area":121.434636272},"geometry":{"type":"Polygon","coordinates":[[[11.875306896991287,45.40813252967365,17.0],[11.87530338616433,45.4080633986745,16.0],[11.875291708364134,45.40806243268395,16.0],[11.875292128217833,45.408068182759244,16.0],[11.875248744744646,45.40806693594335,16.0],[11.875248522447011,45.40808521402584,16.0],[11.87520923181155,45.40808152323257,16.0],[11.875209786228453,45.408059726515795,16.0],[11.875137982962222,45.40805748529749,16.0],[11.875137557244027,45.40814471822539,16.0],[11.875305904992272,45.40815577816609,17.0],[11.875306896991287,45.40813252967365,17.0]]]}},{"type":"Feature","id":"UN_VOL:37032","properties":{"OBJECTID":37032,"UN_VOL_POR":"01","UN_VOL_STA":"","UN_VOL_QGR":29.31,"UN_VOL_QCO":0.0,"UN_VOL_AV":12.57,"UN_VOL_INH":0.0,"Shape_Leng":50.0800363326,"Shape_Area":70.1640648941},"geometry":{"type":"Polygon","coordinates":[[[11.87414117443699,45.40813687615966,17.0],[11.87415635427255,45.408085996642995,17.0],[11.874072325787795,45.40807704177878,17.0],[11.874044530473263,45.408070720983694,17.0],[11.874042447362712,45.408075003703956,16.0],[11.87401355389676,45.40814522148325,16.0],[11.873989450310667,45.40813862759309,16.0],[11.873961533996562,45.40817272523931,16.0],[11.874002598889367,45.40818870350425,16.0],[11.874018143936302,45.40814501582144,16.0],[11.874034238563759,45.4081474007055,16.0],[11.874046078965604,45.40812387935928,16.0],[11.87414117443699,45.40813687615966,17.0]]]}},{"type":"Feature","id":"UN_VOL:37042","properties":{"OBJECTID":37042,"UN_VOL_POR":"01","UN_VOL_STA":"","UN_VOL_QGR":28.1,"UN_VOL_QCO":0.0,"UN_VOL_AV":11.68,"UN_VOL_INH":0.0,"Shape_Leng":32.3006045924,"Shape_Area":52.1029215012},"geometry":{"type":"Polygon","coordinates":[[[11.873961533996562,45.40817272523931,16.0],[11.873989450310667,45.40813862759309,16.0],[11.87387183778281,45.408125117633304,16.0],[11.873843015572541,45.40817156979907,16.0],[11.873877211428896,45.408198252303336,16.0],[11.873892844522262,45.408173915462065,16.0],[11.8739175264989,45.40817680405577,16.0],[11.873954428937754,45.40818127543207,16.0],[11.873961533996562,45.40817272523931,16.0]]]}},{"type":"Feature","id":"UN_VOL:37043","properties":{"OBJECTID":37043,"UN_VOL_POR":"01","UN_VOL_STA":"","UN_VOL_QGR":36.69,"UN_VOL_QCO":0.0,"UN_VOL_AV":19.73,"UN_VOL_INH":0.0,"Shape_Leng":22.3986464134,"Shape_Area":21.5356266306},"geometry":{"type":"Polygon","coordinates":[[[11.877323568325789,45.408108156191574,17.0],[11.877312607526763,45.408083589425225,17.0],[11.87729402944757,45.40808765822252,17.0],[11.8772806206326,45.408057662279795,17.0],[11.877236395209058,45.4080675085289,17.0],[11.877252685309273,45.408103912850095,17.0],[11.877298439019572,45.40810149921029,17.0],[11.877301165729312,45.408112411870455,17.0],[11.877323568325789,45.408108156191574,17.0]]]}},{"type":"Feature","id":"UN_VOL:37048","properties":{"OBJECTID":37048,"UN_VOL_POR":"01","UN_VOL_STA":"","UN_VOL_QGR":26.73,"UN_VOL_QCO":0.0,"UN_VOL_AV":9.99,"UN_VOL_INH":0.0,"Shape_Leng":47.9408658663,"Shape_Area":93.3059095969},"geometry":{"type":"Polygon","coordinates":[[[11.87430961946885,45.40817250853852,17.0],[11.874321886823795,45.40812719327262,17.0],[11.874285581696196,45.408121896937395,17.0],[11.874290722039962,45.40810232474978,17.0],[11.87422501724769,45.40809434837985,17.0],[11.8741594395932,45.40808636876946,17.0],[11.87415635427255,45.408085996642995,17.0],[11.87414117443699,45.40813687615966,17.0],[11.874140809870081,45.40814228581105,17.0],[11.874198319399678,45.40814740824594,17.0],[11.874196510146072,45.40815708531836,17.0],[11.874231038070343,45.40816260615369,17.0],[11.874222101097148,45.40818290430331,17.0],[11.87424686991786,45.408190021277676,17.0],[11.874248684194951,45.40819051585624,17.0],[11.874267082857296,45.40815773767584,17.0],[11.87430961946885,45.40817250853852,17.0]]]}},{"type":"Feature","id":"UN_VOL:37061","properties":{"OBJECTID":37061,"UN_VOL_POR":"01","UN_VOL_STA":"","UN_VOL_QGR":28.02,"UN_VOL_QCO":0.0,"UN_VOL_AV":11.28,"UN_VOL_INH":0.0,"Shape_Leng":29.9473047768,"Shape_Area":55.6839364946},"geometry":{"type":"Polygon","coordinates":[[[11.874448751142952,45.40812408741888,16.0],[11.874363304882738,45.40811237781523,17.0],[11.874343627941565,45.40818542353274,17.0],[11.874385494344507,45.408189499581155,17.0],[11.874431982201923,45.40819399947179,17.0],[11.874448751142952,45.40812408741888,16.0]]]}},{"type":"Feature","id":"UN_VOL:38141","properties":{"OBJECTID":38141,"UN_VOL_POR":"01","UN_VOL_STA":"","UN_VOL_QGR":32.53,"UN_VOL_QCO":0.0,"UN_VOL_AV":16.46,"UN_VOL_INH":0.0,"Shape_Leng":76.2224724208,"Shape_Area":282.176160568},"geometry":{"type":"Polygon","coordinates":[[[11.874260171062094,45.40904858630901,16.0],[11.874127789191267,45.40904624998464,16.0],[11.874067279643786,45.409044983876484,16.0],[11.874067571825037,45.409053257701515,16.0],[11.874022072958857,45.409053143484435,16.0],[11.874022014156228,45.4090645766179,16.0],[11.873917696884764,45.40906378353633,16.0],[11.873913795084254,45.409145523440486,16.0],[11.874256617722962,45.40914975975382,16.0],[11.874260171062094,45.40904858630901,16.0]]]}},{"type":"Feature","id":"UN_VOL:38142","properties":{"OBJECTID":38142,"UN_VOL_POR":"01","UN_VOL_STA":"","UN_VOL_QGR":33.51,"UN_VOL_QCO":0.0,"UN_VOL_AV":17.7,"UN_VOL_INH":0.0,"Shape_Leng":65.617526674,"Shape_Area":243.680159403},"geometry":{"type":"Polygon","coordinates":[[[11.872690714825417,45.40917587278604,16.0],[11.87267085648159,45.40908419993761,16.0],[11.872661852794453,45.409042750944025,16.0],[11.87259312522418,45.40904826163843,16.0],[11.87259666739978,45.40906518467489,16.0],[11.872441312808524,45.40907854714573,16.0],[11.872461650437678,45.40919226124165,16.0],[11.872462174856729,45.40919503832012,16.0],[11.872690714825417,45.40917587278604,16.0]]]}},{"type":"Feature","id":"UN_VOL:38154","properties":{"OBJECTID":38154,"UN_VOL_POR":"01","UN_VOL_STA":"","UN_VOL_QGR":34.17,"UN_VOL_QCO":0.0,"UN_VOL_AV":18.32,"UN_VOL_INH":0.0,"Shape_Leng":25.4854350402,"Shape_Area":20.6851649173},"geometry":{"type":"Polygon","coordinates":[[[11.875932268397506,45.40873830566181,16.0],[11.875819768736193,45.40872484893724,16.0],[11.875816040428493,45.40872440301486,16.0],[11.875785684536002,45.40873812977033,16.0],[11.875927848964745,45.40875695967326,15.0],[11.875932268397506,45.40873830566181,16.0]]]}},{"type":"Feature","id":"UN_VOL:38155","properties":{"OBJECTID":38155,"UN_VOL_POR":"01","UN_VOL_STA":"","UN_VOL_QGR":34.17,"UN_VOL_QCO":0.0,"UN_VOL_AV":18.32,"UN_VOL_INH":0.0,"Shape_Leng":88.3109148461,"Shape_Area":95.8913707023},"geometry":{"type":"Polygon","coordinates":[[[11.875785684536002,45.40873812977033,16.0],[11.87575495072389,45.40875195608935,16.0],[11.87574881242477,45.409119181991215,16.0],[11.875777200231182,45.4091195466885,16.0],[11.875785684536002,45.40873812977033,16.0]]]}},{"type":"Feature","id":"UN_VOL:38156","properties":{"OBJECTID":38156,"UN_VOL_POR":"01","UN_VOL_STA":"","UN_VOL_QGR":47.66,"UN_VOL_QCO":0.0,"UN_VOL_AV":31.74,"UN_VOL_INH":0.0,"Shape_Leng":78.5409659921,"Shape_Area":146.747495215},"geometry":{"type":"Polygon","coordinates":[[[11.877507607193236,45.40899868999871,16.0],[11.877508133809147,45.40898139436422,16.0],[11.87717852618059,45.40893290854065,16.0],[11.877176769074625,45.40899389112535,16.0],[11.877176701832713,45.40900010370947,16.0],[11.877284607637195,45.40901367493676,16.0],[11.877379946615726,45.40902387261133,16.0],[11.877379200954753,45.40907960931805,16.0],[11.877392296319018,45.40907828895689,16.0],[11.877397914227238,45.40898264391083,16.0],[11.877507607193236,45.40899868999871,16.0]]]}},{"type":"Feature","id":"UN_VOL:38158","properties":{"OBJECTID":38158,"UN_VOL_POR":"01","UN_VOL_STA":"","UN_VOL_QGR":38.57,"UN_VOL_QCO":0.0,"UN_VOL_AV":22.72,"UN_VOL_INH":0.0,"Shape_Leng":106.393733457,"Shape_Area":91.7996636962},"geometry":{"type":"Polygon","coordinates":[[[11.875925014753872,45.40876909269992,15.0],[11.875927848964745,45.40875695967326,15.0],[11.875785684536002,45.40873812977033,16.0],[11.875777200231182,45.4091195466885,16.0],[11.87579855090361,45.409119728554955,15.0],[11.875811571629928,45.408754669622574,16.0],[11.875925014753872,45.40876909269992,15.0]]]}},{"type":"Feature","id":"UN_VOL:38163","properties":{"OBJECTID":38163,"UN_VOL_POR":"01","UN_VOL_STA":"","UN_VOL_QGR":35.29,"UN_VOL_QCO":0.0,"UN_VOL_AV":19.32,"UN_VOL_INH":0.0,"Shape_Leng":74.1779662542,"Shape_Area":246.304690425},"geometry":{"type":"Polygon","coordinates":[[[11.874626089945842,45.40906979219924,16.0],[11.87452992238576,45.409068434560055,16.0],[11.8745300040326,45.40905997122493,16.0],[11.874440171862831,45.409057553436156,16.0],[11.874442334731091,45.40901708354025,16.0],[11.874373378856824,45.40901053946988,16.0],[11.874369944979653,45.40905365195977,16.0],[11.874348854241264,45.40905355332434,16.0],[11.874345574440452,45.409150039397986,16.0],[11.874347620719895,45.40915007789663,16.0],[11.874626857424808,45.409152854460366,16.0],[11.87462957260225,45.40907042444292,16.0],[11.87462967290033,45.40906988202523,16.0],[11.874627881423084,45.40906983711224,16.0],[11.874626089945842,45.40906979219924,16.0]]]}},{"type":"Feature","id":"UN_VOL:38166","properties":{"OBJECTID":38166,"UN_VOL_POR":"01","UN_VOL_STA":"","UN_VOL_QGR":42.64,"UN_VOL_QCO":0.0,"UN_VOL_AV":26.79,"UN_VOL_INH":0.0,"Shape_Leng":109.207577192,"Shape_Area":322.59812482},"geometry":{"type":"Polygon","coordinates":[[[11.875966527563648,45.409075619248895,13.0],[11.87596662709649,45.40907255631929,13.0],[11.875961517705594,45.409072595056436,13.0],[11.875907435381354,45.40907206800304,13.0],[11.87589081219648,45.40907185704897,13.0],[11.875897365883777,45.40882352724161,14.0],[11.875911656169203,45.40882559754094,14.0],[11.875925014753872,45.40876909269992,15.0],[11.875811571629928,45.408754669622574,16.0],[11.87579855090361,45.409119728554955,15.0],[11.875965168766587,45.40912182995083,14.0],[11.875966527563648,45.409075619248895,13.0]]]}},{"type":"Feature","id":"UN_VOL:38180","properties":{"OBJECTID":38180,"UN_VOL_POR":"01","UN_VOL_STA":"","UN_VOL_QGR":37.65,"UN_VOL_QCO":0.0,"UN_VOL_AV":24.07,"UN_VOL_INH":0.0,"Shape_Leng":39.6277107132,"Shape_Area":87.0098448234},"geometry":{"type":"Polygon","coordinates":[[[11.870590964013969,45.409183081875085,15.0],[11.870456471010666,45.409184484756054,15.0],[11.870458909392259,45.40926534505652,15.0],[11.870460874065548,45.40926880589602,15.0],[11.87056934939424,45.40926589683257,15.0],[11.870566600737382,45.409216729109936,15.0],[11.870592764524249,45.4092160708792,15.0],[11.870590964013969,45.409183081875085,15.0]]]}},{"type":"Feature","id":"UN_VOL:39160","properties":{"OBJECTID":39160,"UN_VOL_POR":"03","UN_VOL_STA":"","UN_VOL_QGR":28.43,"UN_VOL_QCO":0.0,"UN_VOL_AV":13.76,"UN_VOL_INH":3.45,"Shape_Leng":24.3538789547,"Shape_Area":19.54021941},"geometry":{"type":"Polygon","coordinates":[[[11.87091836536303,45.40584392913096,15.0],[11.87091762206437,45.40584943873965,15.0],[11.87091608636176,45.405861988818884,15.0],[11.87104487391776,45.40587675105266,15.0],[11.871048023163537,45.40586073937219,15.0],[11.87091836536303,45.40584392913096,15.0]]]}},{"type":"Feature","id":"UN_VOL:39166","properties":{"OBJECTID":39166,"UN_VOL_POR":"03","UN_VOL_STA":"","UN_VOL_QGR":26.0,"UN_VOL_QCO":0.0,"UN_VOL_AV":9.84,"UN_VOL_INH":3.1,"Shape_Leng":18.2204252213,"Shape_Area":17.0232701424},"geometry":{"type":"Polygon","coordinates":[[[11.875896856975674,45.40577193372474,16.0],[11.875892087621764,45.40574847063577,16.0],[11.875807754234618,45.40575860725116,16.0],[11.875818622043877,45.40578137674686,16.0],[11.875896856975674,45.40577193372474,16.0]]]}},{"type":"Feature","id":"UN_VOL:39170","properties":{"OBJECTID":39170,"UN_VOL_POR":"03","UN_VOL_STA":"","UN_VOL_QGR":29.15,"UN_VOL_QCO":0.0,"UN_VOL_AV":12.99,"UN_VOL_INH":3.1,"Shape_Leng":20.6150843371,"Shape_Area":20.1579310564},"geometry":{"type":"Polygon","coordinates":[[[11.875818622043877,45.40578137674686,16.0],[11.875807754234618,45.40575860725116,16.0],[11.875801145626951,45.405759313705204,16.0],[11.875784509341967,45.40576135345629,16.0],[11.875716867699655,45.40578061076215,16.0],[11.875726878870811,45.405804121841214,15.0],[11.875732011176249,45.405802012240024,15.0],[11.875793732240977,45.40578443416291,16.0],[11.875818622043877,45.40578137674686,16.0]]]}},{"type":"Feature","id":"UN_VOL:39171","properties":{"OBJECTID":39171,"UN_VOL_POR":"03","UN_VOL_STA":"","UN_VOL_QGR":24.28,"UN_VOL_QCO":0.0,"UN_VOL_AV":8.83,"UN_VOL_INH":5.54,"Shape_Leng":27.3522273888,"Shape_Area":40.9924378637},"geometry":{"type":"Polygon","coordinates":[[[11.873354743899851,45.4057821509785,15.0],[11.873298016684885,45.40578231961854,15.0],[11.873295773105758,45.40586401739007,15.0],[11.873352381937515,45.40586655235706,15.0],[11.873354743899851,45.4057821509785,15.0]]]}},{"type":"Feature","id":"UN_VOL:39172","properties":{"OBJECTID":39172,"UN_VOL_POR":"03","UN_VOL_STA":"","UN_VOL_QGR":29.93,"UN_VOL_QCO":0.0,"UN_VOL_AV":13.77,"UN_VOL_INH":3.1,"Shape_Leng":18.823893084,"Shape_Area":18.0272429724},"geometry":{"type":"Polygon","coordinates":[[[11.875690732100448,45.4058195245416,16.0],[11.875728456157635,45.40580750230806,15.0],[11.875726878870811,45.405804121841214,15.0],[11.875716867699655,45.40578061076215,16.0],[11.875641164223312,45.40581222284845,16.0],[11.875639300521728,45.40581325994352,16.0],[11.875655017114138,45.405830866190904,16.0],[11.87566419664173,45.405827934607366,16.0],[11.875690732100448,45.4058195245416,16.0]]]}},{"type":"Feature","id":"UN_VOL:39174","properties":{"OBJECTID":39174,"UN_VOL_POR":"03","UN_VOL_STA":"","UN_VOL_QGR":27.45,"UN_VOL_QCO":0.0,"UN_VOL_AV":12.51,"UN_VOL_INH":3.86,"Shape_Leng":73.0310799634,"Shape_Area":55.5987286098},"geometry":{"type":"Polygon","coordinates":[[[11.871776801720873,45.40590918876674,15.0],[11.871527312189702,45.40588792399522,15.0],[11.871526929182187,45.405887933634155,15.0],[11.871433884675042,45.40588001375325,15.0],[11.871433241768514,45.40587993988555,15.0],[11.871432088738008,45.405879878855416,15.0],[11.871424632287795,45.40591427142567,15.0],[11.87142565820243,45.40591433565481,15.0],[11.871442471976637,45.40591580272972,15.0],[11.871446847130207,45.40589624992111,15.0],[11.87152691598533,45.405902786232836,15.0],[11.87184424545584,45.40592882419096,15.0],[11.871846619921278,45.40591517281642,15.0],[11.871776801720873,45.40590918876674,15.0]]]}},{"type":"Feature","id":"UN_VOL:39178","properties":{"OBJECTID":39178,"UN_VOL_POR":"03","UN_VOL_STA":"","UN_VOL_QGR":25.68,"UN_VOL_QCO":0.0,"UN_VOL_AV":10.74,"UN_VOL_INH":3.86,"Shape_Leng":67.2789052929,"Shape_Area":71.2286364209},"geometry":{"type":"Polygon","coordinates":[[[11.87152691598533,45.405902786232836,15.0],[11.871446847130207,45.40589624992111,15.0],[11.871442471976637,45.40591580272972,15.0],[11.871526405745714,45.40592296176328,15.0],[11.87184070430174,45.40594970633604,15.0],[11.87184188469327,45.40594274575079,15.0],[11.87184424545584,45.40592882419096,15.0],[11.87152691598533,45.405902786232836,15.0]]]}},{"type":"Feature","id":"UN_VOL:39179","properties":{"OBJECTID":39179,"UN_VOL_POR":"03","UN_VOL_STA":"","UN_VOL_QGR":29.7,"UN_VOL_QCO":0.0,"UN_VOL_AV":14.75,"UN_VOL_INH":4.4,"Shape_Leng":34.4769316767,"Shape_Area":43.7405913518},"geometry":{"type":"Polygon","coordinates":[[[11.872023251863967,45.4059461017468,15.0],[11.8720266744202,45.40593044334728,15.0],[11.871846619921278,45.40591517281642,15.0],[11.87184424545584,45.40592882419096,15.0],[11.87184188469327,45.40594274575079,15.0],[11.872020531480617,45.405957962065195,15.0],[11.872023251863967,45.4059461017468,15.0]]]}},{"type":"Feature","id":"UN_VOL:39185","properties":{"OBJECTID":39185,"UN_VOL_POR":"03","UN_VOL_STA":"","UN_VOL_QGR":25.93,"UN_VOL_QCO":0.0,"UN_VOL_AV":10.1,"UN_VOL_INH":5.07,"Shape_Leng":36.7103536148,"Shape_Area":48.4151863417},"geometry":{"type":"Polygon","coordinates":[[[11.876499378553161,45.4058553996076,16.0],[11.87653378512199,45.405848501024046,16.0],[11.876483006868229,45.40571926316797,16.0],[11.876442177836921,45.40572299269134,16.0],[11.876494442789427,45.405856334069796,16.0],[11.876499378553161,45.4058553996076,16.0]]]}},{"type":"Feature","id":"UN_VOL:39186","properties":{"OBJECTID":39186,"UN_VOL_POR":"03","UN_VOL_STA":"","UN_VOL_QGR":26.23,"UN_VOL_QCO":0.0,"UN_VOL_AV":10.99,"UN_VOL_INH":4.52,"Shape_Leng":38.6458868683,"Shape_Area":47.0663196833},"geometry":{"type":"Polygon","coordinates":[[[11.872796232339818,45.4059237622917,15.0],[11.872585776386284,45.40592636062607,15.0],[11.872587719106653,45.405952054969575,15.0],[11.872797663945587,45.40594946989004,15.0],[11.872796232339818,45.4059237622917,15.0]]]}},{"type":"Feature","id":"UN_VOL:39187","properties":{"OBJECTID":39187,"UN_VOL_POR":"03","UN_VOL_STA":"","UN_VOL_QGR":26.93,"UN_VOL_QCO":0.0,"UN_VOL_AV":10.77,"UN_VOL_INH":3.1,"Shape_Leng":29.1449540656,"Shape_Area":25.0285433662},"geometry":{"type":"Polygon","coordinates":[[[11.875638413978782,45.405843616367896,16.0],[11.875667505963715,45.405830191640916,16.0],[11.875690732100448,45.4058195245416,16.0],[11.87566419664173,45.405827934607366,16.0],[11.875655017114138,45.405830866190904,16.0],[11.875639300521728,45.40581325994352,16.0],[11.875627354656048,45.40581959180603,16.0],[11.875607820635958,45.40582998535953,16.0],[11.875547103524385,45.40586229986446,16.0],[11.875567305293592,45.40588267380808,16.0],[11.875630579623936,45.405847864360105,16.0],[11.875638413978782,45.405843616367896,16.0]]]}},{"type":"Feature","id":"UN_VOL:39188","properties":{"OBJECTID":39188,"UN_VOL_POR":"03","UN_VOL_STA":"","UN_VOL_QGR":22.34,"UN_VOL_QCO":0.0,"UN_VOL_AV":6.65,"UN_VOL_INH":5.71,"Shape_Leng":24.9743808373,"Shape_Area":23.6194763335},"geometry":{"type":"Polygon","coordinates":[[[11.875535688286392,45.405833783482095,16.0],[11.875532724904584,45.4058307977418,16.0],[11.875514943369273,45.40581279328296,16.0],[11.875444249588435,45.40585247012822,16.0],[11.875459651845755,45.405866393963926,16.0],[11.875434566653214,45.40588070817881,16.0],[11.875444936388883,45.405888637995105,16.0],[11.875535688286392,45.405833783482095,16.0]]]}},{"type":"Feature","id":"UN_VOL:39189","properties":{"OBJECTID":39189,"UN_VOL_POR":"03","UN_VOL_STA":"","UN_VOL_QGR":26.72,"UN_VOL_QCO":0.0,"UN_VOL_AV":11.5,"UN_VOL_INH":6.5,"Shape_Leng":39.9791363245,"Shape_Area":54.7531309587},"geometry":{"type":"Polygon","coordinates":[[[11.873987733619272,45.40589699750411,16.0],[11.873776169987645,45.40588531356189,16.0],[11.87377584728846,45.405899093784015,15.0],[11.873775733388374,45.405901886934444,15.0],[11.87377531944023,45.40591386929817,15.0],[11.873988651817651,45.40592766864479,16.0],[11.873987733619272,45.40589699750411,16.0]]]}},{"type":"Feature","id":"UN_VOL:39190","properties":{"OBJECTID":39190,"UN_VOL_POR":"03","UN_VOL_STA":"","UN_VOL_QGR":26.36,"UN_VOL_QCO":0.0,"UN_VOL_AV":10.75,"UN_VOL_INH":3.97,"Shape_Leng":26.2670294619,"Shape_Area":25.6180604617},"geometry":{"type":"Polygon","coordinates":[[[11.87345395305643,45.40593168397952,16.0],[11.873453903015585,45.405935735786954,16.0],[11.873589295184273,45.40594465781839,16.0],[11.87359187870297,45.40592253986089,16.0],[11.873453869945676,45.40591494360265,16.0],[11.87345395305643,45.40593168397952,16.0]]]}},{"type":"Feature","id":"UN_VOL:39192","properties":{"OBJECTID":39192,"UN_VOL_POR":"03","UN_VOL_STA":"","UN_VOL_QGR":26.79,"UN_VOL_QCO":0.0,"UN_VOL_AV":11.57,"UN_VOL_INH":6.53,"Shape_Leng":31.7073625295,"Shape_Area":41.4543184141},"geometry":{"type":"Polygon","coordinates":[[[11.874147870427645,45.40590502546079,16.0],[11.874079228585007,45.40590207400213,16.0],[11.873987733619272,45.40589699750411,16.0],[11.873988651817651,45.40592766864479,16.0],[11.874143359818135,45.405934483036134,16.0],[11.874147074808329,45.405934659598266,16.0],[11.874147870427645,45.40590502546079,16.0]]]}},{"type":"Feature","id":"UN_VOL:39193","properties":{"OBJECTID":39193,"UN_VOL_POR":"03","UN_VOL_STA":"","UN_VOL_QGR":29.48,"UN_VOL_QCO":0.0,"UN_VOL_AV":13.32,"UN_VOL_INH":3.1,"Shape_Leng":15.2496609042,"Shape_Area":13.1779483703},"geometry":{"type":"Polygon","coordinates":[[[11.875537607590692,45.40589926424339,16.0],[11.875543555437336,45.4058956040816,16.0],[11.875567305293592,45.40588267380808,16.0],[11.875547103524385,45.40586229986446,16.0],[11.875543247340326,45.40586437729697,16.0],[11.87549812674105,45.405891798325236,16.0],[11.875519878605576,45.40590997247917,16.0],[11.875537607590692,45.40589926424339,16.0]]]}},{"type":"Feature","id":"UN_VOL:39194","properties":{"OBJECTID":39194,"UN_VOL_POR":"03","UN_VOL_STA":"","UN_VOL_QGR":25.6,"UN_VOL_QCO":0.0,"UN_VOL_AV":10.38,"UN_VOL_INH":4.97,"Shape_Leng":29.2969813649,"Shape_Area":33.8160729611},"geometry":{"type":"Polygon","coordinates":[[[11.874295132149298,45.40591868833831,16.0],[11.874147870427645,45.40590502546079,16.0],[11.874147074808329,45.405934659598266,16.0],[11.874298068417911,45.40594129759213,16.0],[11.874295132149298,45.40591868833831,16.0]]]}},{"type":"Feature","id":"UN_VOL:39199","properties":{"OBJECTID":39199,"UN_VOL_POR":"03","UN_VOL_STA":"","UN_VOL_QGR":28.27,"UN_VOL_QCO":0.0,"UN_VOL_AV":12.1,"UN_VOL_INH":2.9,"Shape_Leng":5.49082590874,"Shape_Area":1.858498608},"geometry":{"type":"Polygon","coordinates":[[[11.8755314881491,45.40591967158902,16.0],[11.875519878605576,45.40590997247917,16.0],[11.875515918137118,45.4059125027729,16.0],[11.875508356816997,45.40591710406308,16.0],[11.875516840198884,45.40592814183356,16.0],[11.875525280947077,45.40592324823951,16.0],[11.8755314881491,45.40591967158902,16.0]]]}},{"type":"Feature","id":"UN_VOL:39200","properties":{"OBJECTID":39200,"UN_VOL_POR":"03","UN_VOL_STA":"","UN_VOL_QGR":23.15,"UN_VOL_QCO":0.0,"UN_VOL_AV":8.49,"UN_VOL_INH":3.45,"Shape_Leng":103.979168794,"Shape_Area":153.793415616},"geometry":{"type":"Polygon","coordinates":[[[11.871006706077653,45.40583972610029,15.0],[11.870918533748398,45.40582961290837,15.0],[11.87091836536303,45.40584392913096,15.0],[11.871048023163537,45.40586073937219,15.0],[11.87104487391776,45.40587675105266,15.0],[11.871304768913886,45.40590666615927,15.0],[11.871284424086033,45.40603211554042,15.0],[11.871329943899918,45.40603520069907,16.0],[11.871355160896066,45.40587983451221,15.0],[11.871343593041164,45.40587850555248,15.0],[11.871136783401049,45.405854725527924,15.0],[11.871006706077653,45.40583972610029,15.0]]]}},{"type":"Feature","id":"UN_VOL:39201","properties":{"OBJECTID":39201,"UN_VOL_POR":"03","UN_VOL_STA":"","UN_VOL_QGR":28.83,"UN_VOL_QCO":0.0,"UN_VOL_AV":13.54,"UN_VOL_INH":3.74,"Shape_Leng":35.1858789529,"Shape_Area":45.6774316221},"geometry":{"type":"Polygon","coordinates":[[[11.877517157500222,45.40583747771946,15.0],[11.87750886110529,45.40582508506984,15.0],[11.877500559610885,45.405812602891196,15.0],[11.877329699886708,45.40586011774266,14.0],[11.877335644246923,45.405868969014435,14.0],[11.87734666726659,45.405887233668686,14.0],[11.877517157500222,45.40583747771946,15.0]]]}},{"type":"Feature","id":"UN_VOL:39207","properties":{"OBJECTID":39207,"UN_VOL_POR":"03","UN_VOL_STA":"","UN_VOL_QGR":33.92,"UN_VOL_QCO":0.0,"UN_VOL_AV":18.63,"UN_VOL_INH":4.73,"Shape_Leng":28.6905563684,"Shape_Area":14.4727865119},"geometry":{"type":"Polygon","coordinates":[[[11.877335644246923,45.405868969014435,14.0],[11.877329699886708,45.40586011774266,14.0],[11.877316733161118,45.405863954994494,14.0],[11.877173128404149,45.40590466146898,13.0],[11.877178708571494,45.40591388211962,13.0],[11.877335644246923,45.405868969014435,14.0]]]}},{"type":"Feature","id":"UN_VOL:39210","properties":{"OBJECTID":39210,"UN_VOL_POR":"03","UN_VOL_STA":"","UN_VOL_QGR":26.33,"UN_VOL_QCO":0.0,"UN_VOL_AV":10.17,"UN_VOL_INH":2.9,"Shape_Leng":24.3918382299,"Shape_Area":25.0775485548},"geometry":{"type":"Polygon","coordinates":[[[11.875492113642185,45.40592687477179,16.0],[11.875508356816997,45.40591710406308,16.0],[11.875515918137118,45.4059125027729,16.0],[11.875519878605576,45.40590997247917,16.0],[11.87549812674105,45.405891798325236,16.0],[11.875411107788793,45.405944668142716,16.0],[11.875423940178782,45.40596837829221,16.0],[11.875433237554114,45.40596274313279,16.0],[11.875492113642185,45.40592687477179,16.0]]]}},{"type":"Feature","id":"UN_VOL:39215","properties":{"OBJECTID":39215,"UN_VOL_POR":"03","UN_VOL_STA":"","UN_VOL_QGR":24.87,"UN_VOL_QCO":0.0,"UN_VOL_AV":9.51,"UN_VOL_INH":3.29,"Shape_Leng":33.8415231285,"Shape_Area":33.7796220449},"geometry":{"type":"Polygon","coordinates":[[[11.873095625597259,45.4059161338652,15.0],[11.873065397336386,45.40591725520118,15.0],[11.873075708358128,45.40604742350267,15.0],[11.873077754525811,45.40604746202695,15.0],[11.873104632699699,45.40604831563699,15.0],[11.873095625597259,45.4059161338652,15.0]]]}},{"type":"Feature","id":"UN_VOL:39216","properties":{"OBJECTID":39216,"UN_VOL_POR":"03","UN_VOL_STA":"","UN_VOL_QGR":32.48,"UN_VOL_QCO":0.0,"UN_VOL_AV":17.19,"UN_VOL_INH":4.54,"Shape_Leng":43.117184029,"Shape_Area":46.7264749455},"geometry":{"type":"Polygon","coordinates":[[[11.87734666726659,45.405887233668686,14.0],[11.877335644246923,45.405868969014435,14.0],[11.877178708571494,45.40591388211962,13.0],[11.877173128404149,45.40590466146898,13.0],[11.877116065799564,45.40592086256235,14.0],[11.877131351354196,45.40595009122522,14.0],[11.87734666726659,45.405887233668686,14.0]]]}},{"type":"Feature","id":"UN_VOL:39220","properties":{"OBJECTID":39220,"UN_VOL_POR":"03","UN_VOL_STA":"","UN_VOL_QGR":26.72,"UN_VOL_QCO":0.0,"UN_VOL_AV":10.55,"UN_VOL_INH":2.96,"Shape_Leng":29.4070177842,"Shape_Area":32.4856081927},"geometry":{"type":"Polygon","coordinates":[[[11.875592092503334,45.406000865693386,16.0],[11.875610942919778,45.40599462996519,16.0],[11.875537607590692,45.40589926424339,16.0],[11.875519878605576,45.40590997247917,16.0],[11.8755314881491,45.40591967158902,16.0],[11.875525280947077,45.40592324823951,16.0],[11.875516840198884,45.40592814183356,16.0],[11.875575401507005,45.406004346762074,16.0],[11.875592092503334,45.406000865693386,16.0]]]}},{"type":"Feature","id":"UN_VOL:39221","properties":{"OBJECTID":39221,"UN_VOL_POR":"03","UN_VOL_STA":"","UN_VOL_QGR":26.7,"UN_VOL_QCO":0.0,"UN_VOL_AV":11.41,"UN_VOL_INH":4.54,"Shape_Leng":17.8580911656,"Shape_Area":19.2551928397},"geometry":{"type":"Polygon","coordinates":[[[11.877131351354196,45.40595009122522,14.0],[11.877116065799564,45.40592086256235,14.0],[11.877050515818233,45.405936016980256,15.0],[11.877070911799185,45.40596772737015,14.0],[11.877131351354196,45.40595009122522,14.0]]]}},{"type":"Feature","id":"UN_VOL:39225","properties":{"OBJECTID":39225,"UN_VOL_POR":"03","UN_VOL_STA":"","UN_VOL_QGR":23.76,"UN_VOL_QCO":0.0,"UN_VOL_AV":7.94,"UN_VOL_INH":3.2,"Shape_Leng":26.1366224535,"Shape_Area":23.8899753634},"geometry":{"type":"Polygon","coordinates":[[[11.87463458721735,45.406025622732045,16.0],[11.874511804111199,45.40598316987932,16.0],[11.874503432307451,45.4060020134596,16.0],[11.874628079863802,45.40604594975495,16.0],[11.87463458721735,45.406025622732045,16.0]]]}},{"type":"Feature","id":"UN_VOL:39226","properties":{"OBJECTID":39226,"UN_VOL_POR":"03","UN_VOL_STA":"","UN_VOL_QGR":19.81,"UN_VOL_QCO":0.0,"UN_VOL_AV":4.57,"UN_VOL_INH":4.52,"Shape_Leng":17.4129340484,"Shape_Area":18.6913405834},"geometry":{"type":"Polygon","coordinates":[[[11.872528570999622,45.406090903247375,15.0],[11.872512097657442,45.406058373697256,15.0],[11.872453684334081,45.40607316610079,15.0],[11.872470162210284,45.40610578559194,15.0],[11.872528570999622,45.406090903247375,15.0]]]}},{"type":"Feature","id":"UN_VOL:39231","properties":{"OBJECTID":39231,"UN_VOL_POR":"03","UN_VOL_STA":"","UN_VOL_QGR":26.57,"UN_VOL_QCO":0.0,"UN_VOL_AV":9.85,"UN_VOL_INH":3.56,"Shape_Leng":41.598688145,"Shape_Area":53.6243250508},"geometry":{"type":"Polygon","coordinates":[[[11.87444202338258,45.40778013862571,17.0],[11.874438967593079,45.407752671814556,17.0],[11.874242454311632,45.407773284493125,17.0],[11.874221988817268,45.407775420084405,17.0],[11.874215379418668,45.407776126856035,17.0],[11.874216753076313,45.40780318581211,17.0],[11.874252346829362,45.407799498918706,17.0],[11.87443312154214,45.407780993207886,17.0],[11.87444202338258,45.40778013862571,17.0]]]}},{"type":"Feature","id":"UN_VOL:39234","properties":{"OBJECTID":39234,"UN_VOL_POR":"03","UN_VOL_STA":"","UN_VOL_QGR":26.77,"UN_VOL_QCO":0.0,"UN_VOL_AV":10.05,"UN_VOL_INH":4.17,"Shape_Leng":19.5892574355,"Shape_Area":20.2570497238},"geometry":{"type":"Polygon","coordinates":[[[11.874216753076313,45.40780318581211,17.0],[11.874215379418668,45.407776126856035,17.0],[11.874131867926641,45.40778489121309,17.0],[11.87412929448399,45.40781223007804,17.0],[11.874147603780376,45.407810418567315,17.0],[11.874186378584332,45.407806471472135,17.0],[11.874216753076313,45.40780318581211,17.0]]]}},{"type":"Feature","id":"UN_VOL:39240","properties":{"OBJECTID":39240,"UN_VOL_POR":"03","UN_VOL_STA":"","UN_VOL_QGR":28.42,"UN_VOL_QCO":0.0,"UN_VOL_AV":11.7,"UN_VOL_INH":3.85,"Shape_Leng":37.7113365375,"Shape_Area":47.6433710039},"geometry":{"type":"Polygon","coordinates":[[[11.87412929448399,45.40781223007804,17.0],[11.874131867926641,45.40778489121309,17.0],[11.87406765005019,45.4077910996228,17.0],[11.873982707285085,45.40779936003147,17.0],[11.873932478236336,45.407804225499554,17.0],[11.873929812971,45.40783228665722,17.0],[11.873934899983894,45.40783179834088,17.0],[11.874072843599146,45.40781788226882,17.0],[11.87412929448399,45.40781223007804,17.0]]]}},{"type":"Feature","id":"UN_VOL:39247","properties":{"OBJECTID":39247,"UN_VOL_POR":"03","UN_VOL_STA":"","UN_VOL_QGR":29.11,"UN_VOL_QCO":0.0,"UN_VOL_AV":12.39,"UN_VOL_INH":3.55,"Shape_Leng":31.1799569604,"Shape_Area":37.7013892452},"geometry":{"type":"Polygon","coordinates":[[[11.873929812971,45.40783228665722,17.0],[11.873932478236336,45.407804225499554,17.0],[11.87393044514761,45.407804456801564,17.0],[11.87377160799479,45.40782213944481,16.0],[11.873774471808074,45.40784583031312,16.0],[11.873774900002475,45.40784924013709,16.0],[11.873778200164436,45.4078487972214,16.0],[11.873889511165496,45.407836362172674,17.0],[11.873928162901088,45.407832508311905,17.0],[11.873929812971,45.40783228665722,17.0]]]}},{"type":"Feature","id":"UN_VOL:39248","properties":{"OBJECTID":39248,"UN_VOL_POR":"03","UN_VOL_STA":"","UN_VOL_QGR":30.4,"UN_VOL_QCO":0.0,"UN_VOL_AV":13.68,"UN_VOL_INH":3.6,"Shape_Leng":13.9899644827,"Shape_Area":11.2101454622},"geometry":{"type":"Polygon","coordinates":[[[11.873774471808074,45.40784583031312,16.0],[11.87377160799479,45.40782213944481,16.0],[11.873714632765592,45.407830055054404,17.0],[11.873718257420876,45.40785111696424,17.0],[11.873774471808074,45.40784583031312,16.0]]]}},{"type":"Feature","id":"UN_VOL:39250","properties":{"OBJECTID":39250,"UN_VOL_POR":"03","UN_VOL_STA":"","UN_VOL_QGR":26.17,"UN_VOL_QCO":0.0,"UN_VOL_AV":9.45,"UN_VOL_INH":3.55,"Shape_Leng":9.90367077766,"Shape_Area":2.31131265634},"geometry":{"type":"Polygon","coordinates":[[[11.873774900002475,45.40784924013709,16.0],[11.873774471808074,45.40784583031312,16.0],[11.873718257420876,45.40785111696424,17.0],[11.873719579955484,45.40785702440451,17.0],[11.873774900002475,45.40784924013709,16.0]]]}},{"type":"Feature","id":"UN_VOL:39881","properties":{"OBJECTID":39881,"UN_VOL_POR":"01","UN_VOL_STA":"","UN_VOL_QGR":30.4,"UN_VOL_QCO":0.0,"UN_VOL_AV":15.04,"UN_VOL_INH":0.0,"Shape_Leng":55.8898013823,"Shape_Area":184.764799622},"geometry":{"type":"Polygon","coordinates":[[[11.876141166559483,45.40566100097001,16.0],[11.876127071003213,45.40558475567128,15.0],[11.87612178540378,45.405556174884836,15.0],[11.876122181336182,45.40554635331013,15.0],[11.875983267791883,45.40555615572011,15.0],[11.8759860960345,45.405581647982935,16.0],[11.876002701873572,45.40569473518619,16.0],[11.876003203604556,45.40569706297725,16.0],[11.876149880454806,45.40570425755827,16.0],[11.876141166559483,45.40566100097001,16.0]]]}},{"type":"Feature","id":"UN_VOL:39884","properties":{"OBJECTID":39884,"UN_VOL_POR":"01","UN_VOL_STA":"","UN_VOL_QGR":31.3,"UN_VOL_QCO":0.0,"UN_VOL_AV":15.95,"UN_VOL_INH":0.0,"Shape_Leng":25.6988240478,"Shape_Area":39.4204491692},"geometry":{"type":"Polygon","coordinates":[[[11.876241962673884,45.40565548979259,16.0],[11.876141166559483,45.40566100097001,16.0],[11.876149880454806,45.40570425755827,16.0],[11.876246575588773,45.40570353023527,16.0],[11.876241962673884,45.40565548979259,16.0]]]}},{"type":"Feature","id":"UN_VOL:39885","properties":{"OBJECTID":39885,"UN_VOL_POR":"01","UN_VOL_STA":"","UN_VOL_QGR":31.07,"UN_VOL_QCO":0.0,"UN_VOL_AV":15.68,"UN_VOL_INH":0.0,"Shape_Leng":43.9463216594,"Shape_Area":96.2172279665},"geometry":{"type":"Polygon","coordinates":[[[11.876458477348327,45.4056866667519,16.0],[11.876436225237915,45.405630969899356,15.0],[11.876394325451288,45.405636256804854,16.0],[11.876245645670865,45.40565503676508,16.0],[11.876243612670201,45.4056552681062,16.0],[11.876241962673884,45.40565548979259,16.0],[11.876246575588773,45.40570353023527,16.0],[11.87624848950685,45.405703481989555,16.0],[11.876361232390282,45.40569667942863,16.0],[11.876410297154067,45.40569157209906,16.0],[11.876458477348327,45.4056866667519,16.0]]]}},{"type":"Feature","id":"UN_VOL:39898","properties":{"OBJECTID":39898,"UN_VOL_POR":"01","UN_VOL_STA":"","UN_VOL_QGR":28.62,"UN_VOL_QCO":0.0,"UN_VOL_AV":13.32,"UN_VOL_INH":0.0,"Shape_Leng":94.0367938947,"Shape_Area":311.050094919},"geometry":{"type":"Polygon","coordinates":[[[11.8757370997039,45.405726093032136,15.0],[11.875756543252166,45.405718942252385,15.0],[11.87582442259736,45.40570940047928,16.0],[11.87590457134786,45.405699909215656,16.0],[11.875915656346454,45.40569926963245,16.0],[11.875958094484742,45.405697029755935,16.0],[11.876002701873572,45.40569473518619,16.0],[11.8759860960345,45.405581647982935,16.0],[11.87595991596588,45.405584468206584,16.0],[11.87593413260174,45.405587548565656,16.0],[11.875936211982808,45.405598297484524,16.0],[11.875883350837208,45.405604130624184,16.0],[11.875887618278098,45.40562274578561,16.0],[11.875836489092846,45.40562745468825,16.0],[11.87580125700922,45.40563068311771,16.0],[11.875782225613547,45.405555372209875,16.0],[11.87577567848325,45.405529613484376,16.0],[11.875679969280304,45.40554219706137,15.0],[11.875688389230465,45.405559537356496,15.0],[11.875677355029518,45.40556116576253,15.0],[11.87568198222746,45.40557428095821,15.0],[11.875693393412355,45.405610268196156,15.0],[11.875695531264919,45.40560958437802,15.0],[11.87571315314649,45.405677279963335,15.0],[11.875731074852125,45.40572822551852,15.0],[11.8757370997039,45.405726093032136,15.0]]]}},{"type":"Feature","id":"UN_VOL:39902","properties":{"OBJECTID":39902,"UN_VOL_POR":"01","UN_VOL_STA":"","UN_VOL_QGR":27.14,"UN_VOL_QCO":0.0,"UN_VOL_AV":12.44,"UN_VOL_INH":0.0,"Shape_Leng":96.5491894095,"Shape_Area":249.610452766},"geometry":{"type":"Polygon","coordinates":[[[11.873689001019894,45.405718735524,15.0],[11.873685879773854,45.405642123484064,15.0],[11.873679856264287,45.405598979042324,15.0],[11.87367424753933,45.40555141341884,15.0],[11.87359773501525,45.40554694978486,14.0],[11.873598858148462,45.40550110482165,15.0],[11.873477997723072,45.4055015383892,15.0],[11.873477245644393,45.405592469919725,14.0],[11.873477218342405,45.40559445085758,14.0],[11.873590462709075,45.405595019519176,13.0],[11.873605218866693,45.405727146516426,13.0],[11.873668053732002,45.405728984245165,15.0],[11.873668783982577,45.40575092909006,15.0],[11.873651906426518,45.40575072421556,14.0],[11.873652450006837,45.405781584887954,15.0],[11.87370438732789,45.40578270692624,15.0],[11.873689001019894,45.405718735524,15.0]]]}},{"type":"Feature","id":"UN_VOL:39909","properties":{"OBJECTID":39909,"UN_VOL_POR":"01","UN_VOL_STA":"","UN_VOL_QGR":26.27,"UN_VOL_QCO":0.0,"UN_VOL_AV":11.53,"UN_VOL_INH":0.0,"Shape_Leng":90.548002079,"Shape_Area":269.282056863},"geometry":{"type":"Polygon","coordinates":[[[11.871807645275355,45.405690942013855,15.0],[11.871748083135833,45.40569064095317,15.0],[11.871749593317457,45.40577836506388,15.0],[11.871695355051811,45.405777209997666,15.0],[11.871694286662304,45.40569064459621,15.0],[11.871660422127222,45.405690596811105,15.0],[11.87154697177803,45.405688501399034,15.0],[11.871557201706034,45.40582722321177,15.0],[11.871804175205265,45.40583414960084,15.0],[11.871807645275355,45.405690942013855,15.0]]]}},{"type":"Feature","id":"UN_VOL:39913","properties":{"OBJECTID":39913,"UN_VOL_POR":"01","UN_VOL_STA":"","UN_VOL_QGR":32.05,"UN_VOL_QCO":0.0,"UN_VOL_AV":16.49,"UN_VOL_INH":0.0,"Shape_Leng":21.865532608,"Shape_Area":15.9577712222},"geometry":{"type":"Polygon","coordinates":[[[11.875291287535381,45.405741648808856,16.0],[11.87525364030733,45.40569480095497,16.0],[11.875239901249568,45.40567084388193,16.0],[11.875217905387638,45.40567805888883,16.0],[11.875271479892813,45.40575168940249,16.0],[11.875291287535381,45.405741648808856,16.0]]]}},{"type":"Feature","id":"UN_VOL:40052","properties":{"OBJECTID":40052,"UN_VOL_POR":"01","UN_VOL_STA":"","UN_VOL_QGR":30.12,"UN_VOL_QCO":0.0,"UN_VOL_AV":15.19,"UN_VOL_INH":0.0,"Shape_Leng":12.1802000719,"Shape_Area":9.14012311662},"geometry":{"type":"Polygon","coordinates":[[[11.870836984126893,45.40567540273745,15.0],[11.870832722601723,45.405704764258736,15.0],[11.870866013128332,45.40570860713918,15.0],[11.870871965730489,45.40567731286458,15.0],[11.870836984126893,45.40567540273745,15.0]]]}},{"type":"Feature","id":"UN_VOL:40114","properties":{"OBJECTID":40114,"UN_VOL_POR":"01","UN_VOL_STA":"","UN_VOL_QGR":22.62,"UN_VOL_QCO":0.0,"UN_VOL_AV":8.19,"UN_VOL_INH":0.0,"Shape_Leng":31.9112283573,"Shape_Area":60.7368907574},"geometry":{"type":"Polygon","coordinates":[[[11.870832722601723,45.405704764258736,15.0],[11.870836984126893,45.40567540273745,15.0],[11.870839622803702,45.405656883767016,15.0],[11.870757590251765,45.40565192678405,15.0],[11.870749354411739,45.40573647589503,15.0],[11.870826860983206,45.405745417212515,15.0],[11.870832722601723,45.405704764258736,15.0]]]}},{"type":"Feature","id":"UN_VOL:40115","properties":{"OBJECTID":40115,"UN_VOL_POR":"01","UN_VOL_STA":"","UN_VOL_QGR":30.59,"UN_VOL_QCO":0.0,"UN_VOL_AV":15.67,"UN_VOL_INH":0.0,"Shape_Leng":64.1401502971,"Shape_Area":145.989984235},"geometry":{"type":"Polygon","coordinates":[[[11.871412774596902,45.405665324928805,15.0],[11.871152187431784,45.40564946933037,15.0],[11.871148783271005,45.4056780889151,15.0],[11.871124043193888,45.405676551105145,15.0],[11.871123227376986,45.40573606996845,15.0],[11.871161422441212,45.40573834938085,15.0],[11.87116357379649,45.40571021116486,15.0],[11.871391918254853,45.40572525807337,15.0],[11.871398212211725,45.40566542125569,15.0],[11.871412774596902,45.405665324928805,15.0]]]}},{"type":"Feature","id":"UN_VOL:40123","properties":{"OBJECTID":40123,"UN_VOL_POR":"01","UN_VOL_STA":"","UN_VOL_QGR":28.36,"UN_VOL_QCO":0.0,"UN_VOL_AV":14.19,"UN_VOL_INH":0.0,"Shape_Leng":32.6925181841,"Shape_Area":60.5545013109},"geometry":{"type":"Polygon","coordinates":[[[11.872283043806187,45.40565656269906,15.0],[11.8721494529996,45.405657945257,14.0],[11.87214974561343,45.40570402431872,14.0],[11.87216984114403,45.40570468869366,14.0],[11.872277867336791,45.40571574149722,15.0],[11.872287510547977,45.4056564502575,15.0],[11.872283043806187,45.40565656269906,15.0]]]}},{"type":"Feature","id":"UN_VOL:40141","properties":{"OBJECTID":40141,"UN_VOL_POR":"01","UN_VOL_STA":"","UN_VOL_QGR":30.45,"UN_VOL_QCO":0.0,"UN_VOL_AV":15.52,"UN_VOL_INH":0.0,"Shape_Leng":57.1414494719,"Shape_Area":156.115750661},"geometry":{"type":"Polygon","coordinates":[[[11.870994640692599,45.40576306889772,15.0],[11.870995296826255,45.40564495579648,15.0],[11.870843137011741,45.40563294190791,15.0],[11.870839622803702,45.405656883767016,15.0],[11.870836984126893,45.40567540273745,15.0],[11.870871965730489,45.40567731286458,15.0],[11.870866013128332,45.40570860713918,15.0],[11.870832722601723,45.405704764258736,15.0],[11.870826860983206,45.405745417212515,15.0],[11.870826400961407,45.405748939443086,15.0],[11.870994709072814,45.40576441748955,15.0],[11.870994640692599,45.40576306889772,15.0]]]}},{"type":"Feature","id":"UN_VOL:40145","properties":{"OBJECTID":40145,"UN_VOL_POR":"01","UN_VOL_STA":"","UN_VOL_QGR":31.16,"UN_VOL_QCO":0.0,"UN_VOL_AV":16.25,"UN_VOL_INH":0.0,"Shape_Leng":65.4850234072,"Shape_Area":103.488580484},"geometry":{"type":"Polygon","coordinates":[[[11.87145630212174,45.40566945029905,15.0],[11.871412774596902,45.405665324928805,15.0],[11.871398212211725,45.40566542125569,15.0],[11.871391918254853,45.40572525807337,15.0],[11.87116357379649,45.40571021116486,15.0],[11.871161422441212,45.40573834938085,15.0],[11.87146106176429,45.40575574271601,15.0],[11.87145630212174,45.40566945029905,15.0]]]}},{"type":"Feature","id":"UN_VOL:40161","properties":{"OBJECTID":40161,"UN_VOL_POR":"01","UN_VOL_STA":"","UN_VOL_QGR":29.28,"UN_VOL_QCO":0.0,"UN_VOL_AV":14.29,"UN_VOL_INH":0.0,"Shape_Leng":28.3939171913,"Shape_Area":45.8890218127},"geometry":{"type":"Polygon","coordinates":[[[11.87279052035265,45.40564999773354,15.0],[11.872724472158845,45.40564779018853,15.0],[11.872724073853508,45.40573061171078,15.0],[11.872785140160511,45.405732854640476,15.0],[11.87279052035265,45.40564999773354,15.0]]]}},{"type":"Feature","id":"UN_VOL:40162","properties":{"OBJECTID":40162,"UN_VOL_POR":"01","UN_VOL_STA":"","UN_VOL_QGR":28.79,"UN_VOL_QCO":0.0,"UN_VOL_AV":13.86,"UN_VOL_INH":0.0,"Shape_Leng":53.3139031813,"Shape_Area":153.693209695},"geometry":{"type":"Polygon","coordinates":[[[11.871123227376986,45.40573606996845,15.0],[11.871124043193888,45.405676551105145,15.0],[11.87112452123629,45.40564566471318,15.0],[11.871059102288017,45.40564326027553,15.0],[11.871059247982672,45.40561841304409,15.0],[11.8709961624279,45.405619190372654,15.0],[11.870995296826255,45.40564495579648,15.0],[11.870994640692599,45.40576306889772,15.0],[11.871122644359684,45.4057749700494,15.0],[11.871123227376986,45.40573606996845,15.0]]]}},{"type":"Feature","id":"UN_VOL:40163","properties":{"OBJECTID":40163,"UN_VOL_POR":"01","UN_VOL_STA":"","UN_VOL_QGR":24.47,"UN_VOL_QCO":0.0,"UN_VOL_AV":9.49,"UN_VOL_INH":0.0,"Shape_Leng":62.7561810307,"Shape_Area":156.225275721},"geometry":{"type":"Polygon","coordinates":[[[11.87271913480366,45.405512365517794,15.0],[11.872624801046777,45.405509249600385,15.0],[11.872630736661467,45.405689215624975,15.0],[11.872635040979096,45.40573375332692,15.0],[11.872705788009586,45.405735392778155,15.0],[11.872702846028304,45.4056673271371,15.0],[11.87271913480366,45.405512365517794,15.0]]]}},{"type":"Feature","id":"UN_VOL:40167","properties":{"OBJECTID":40167,"UN_VOL_POR":"01","UN_VOL_STA":"","UN_VOL_QGR":22.59,"UN_VOL_QCO":0.0,"UN_VOL_AV":7.38,"UN_VOL_INH":0.0,"Shape_Leng":63.0232479964,"Shape_Area":172.099089595},"geometry":{"type":"Polygon","coordinates":[[[11.873985290408866,45.405657535300946,16.0],[11.873936532110353,45.4055226644741,15.0],[11.87388607721332,45.40553059642368,16.0],[11.873876667766105,45.40549626830651,15.0],[11.873834995762538,45.405501008642716,16.0],[11.873880310678189,45.40568385282617,16.0],[11.8739156035557,45.4057019567581,16.0],[11.873915407538917,45.405703131914,16.0],[11.874001113583487,45.405704933672936,16.0],[11.873985290408866,45.405657535300946,16.0]]]}},{"type":"Feature","id":"UN_VOL:40179","properties":{"OBJECTID":40179,"UN_VOL_POR":"01","UN_VOL_STA":"","UN_VOL_QGR":27.63,"UN_VOL_QCO":0.0,"UN_VOL_AV":12.23,"UN_VOL_INH":0.0,"Shape_Leng":23.3749442154,"Shape_Area":26.8245152987},"geometry":{"type":"Polygon","coordinates":[[[11.87372741675716,45.405669971465684,16.0],[11.873727237427978,45.40564126196319,16.0],[11.873685879773854,45.405642123484064,15.0],[11.873689001019894,45.405718735524,15.0],[11.873727829266036,45.405718387551225,16.0],[11.87372741675716,45.405669971465684,16.0]]]}},{"type":"Feature","id":"UN_VOL:40185","properties":{"OBJECTID":40185,"UN_VOL_POR":"01","UN_VOL_STA":"","UN_VOL_QGR":32.57,"UN_VOL_QCO":0.0,"UN_VOL_AV":17.58,"UN_VOL_INH":0.0,"Shape_Leng":52.7507582137,"Shape_Area":158.421966554},"geometry":{"type":"Polygon","coordinates":[[[11.873009270610948,45.4056572719105,15.0],[11.872813304924755,45.40565077438529,15.0],[11.87279052035265,45.40564999773354,15.0],[11.872785140160511,45.405732854640476,15.0],[11.872939274151646,45.40573842524325,16.0],[11.873003029533068,45.405740780442095,15.0],[11.873009270610948,45.4056572719105,15.0]]]}},{"type":"Feature","id":"UN_VOL:40195","properties":{"OBJECTID":40195,"UN_VOL_POR":"01","UN_VOL_STA":"","UN_VOL_QGR":28.24,"UN_VOL_QCO":0.0,"UN_VOL_AV":13.5,"UN_VOL_INH":0.0,"Shape_Leng":27.8381173177,"Shape_Area":40.9776825348},"geometry":{"type":"Polygon","coordinates":[[[11.871748083135833,45.40569064095317,15.0],[11.871745526305945,45.40569061525751,15.0],[11.871694286662304,45.40569064459621,15.0],[11.871695355051811,45.405777209997666,15.0],[11.871749593317457,45.40577836506388,15.0],[11.871748083135833,45.40569064095317,15.0]]]}},{"type":"Feature","id":"UN_VOL:40205","properties":{"OBJECTID":40205,"UN_VOL_POR":"01","UN_VOL_STA":"","UN_VOL_QGR":24.79,"UN_VOL_QCO":0.0,"UN_VOL_AV":9.74,"UN_VOL_INH":0.0,"Shape_Leng":15.21840962,"Shape_Area":13.4114060982},"geometry":{"type":"Polygon","coordinates":[[[11.873263473591376,45.40570091787318,14.0],[11.873263753368633,45.40574420697316,15.0],[11.873298680315807,45.40574503755963,15.0],[11.873299403053078,45.40570136302722,14.0],[11.873263473591376,45.40570091787318,14.0]]]}},{"type":"Feature","id":"UN_VOL:40212","properties":{"OBJECTID":40212,"UN_VOL_POR":"01","UN_VOL_STA":"","UN_VOL_QGR":24.93,"UN_VOL_QCO":0.0,"UN_VOL_AV":10.01,"UN_VOL_INH":0.0,"Shape_Leng":100.781854084,"Shape_Area":175.367920585},"geometry":{"type":"Polygon","coordinates":[[[11.871489172470481,45.40560957459499,15.0],[11.87145288742006,45.40560715756849,15.0],[11.87145630212174,45.40566945029905,15.0],[11.87146106176429,45.40575574271601,15.0],[11.871161422441212,45.40573834938085,15.0],[11.871123227376986,45.40573606996845,15.0],[11.871122644359684,45.4057749700494,15.0],[11.871402484121775,45.405792501563006,15.0],[11.87149811324021,45.40579846622153,15.0],[11.87149354966067,45.40570343783982,15.0],[11.871489172470481,45.40560957459499,15.0]]]}},{"type":"Feature","id":"UN_VOL:40242","properties":{"OBJECTID":40242,"UN_VOL_POR":"01","UN_VOL_STA":"","UN_VOL_QGR":30.98,"UN_VOL_QCO":0.0,"UN_VOL_AV":15.41,"UN_VOL_INH":0.0,"Shape_Leng":74.3370953541,"Shape_Area":257.029593607},"geometry":{"type":"Polygon","coordinates":[[[11.875417550907944,45.40586772507883,16.0],[11.875348507690468,45.40580654643162,16.0],[11.875311886735254,45.405767323595946,16.0],[11.875296470535488,45.40574808927851,16.0],[11.875291287535381,45.405741648808856,16.0],[11.875271479892813,45.40575168940249,16.0],[11.875253440621407,45.40575880471293,16.0],[11.875271824654364,45.40578867592155,16.0],[11.875190046084684,45.40582647159341,16.0],[11.875187912784163,45.40582724533416,16.0],[11.875217122242313,45.405861434204326,16.0],[11.875209907535213,45.405867826897094,16.0],[11.875214069582153,45.40587177256602,16.0],[11.875163706621791,45.40589410479675,16.0],[11.875218632051222,45.405986783809475,16.0],[11.875417550907944,45.40586772507883,16.0]]]}},{"type":"Feature","id":"UN_VOL:40269","properties":{"OBJECTID":40269,"UN_VOL_POR":"01","UN_VOL_STA":"","UN_VOL_QGR":28.44,"UN_VOL_QCO":0.0,"UN_VOL_AV":12.66,"UN_VOL_INH":0.0,"Shape_Leng":48.7517449266,"Shape_Area":50.101641839},"geometry":{"type":"Polygon","coordinates":[[[11.87437535635661,45.406003799585015,16.0],[11.874303577421921,45.40598940558549,16.0],[11.874096015694304,45.40597852189429,16.0],[11.874094895393846,45.40599925269378,16.0],[11.87430513771632,45.40601006925055,16.0],[11.874372545093747,45.40602394343682,16.0],[11.874373060316008,45.40602402011467,16.0],[11.87437535635661,45.406003799585015,16.0]]]}},{"type":"Feature","id":"UN_VOL:40277","properties":{"OBJECTID":40277,"UN_VOL_POR":"01","UN_VOL_STA":"","UN_VOL_QGR":29.64,"UN_VOL_QCO":0.0,"UN_VOL_AV":14.35,"UN_VOL_INH":0.0,"Shape_Leng":50.6154981354,"Shape_Area":118.051923338},"geometry":{"type":"Polygon","coordinates":[[[11.872779154131258,45.406065692069625,16.0],[11.872776865211558,45.406033165227484,16.0],[11.872745780227852,45.406035028033344,15.0],[11.872740786696763,45.40595423246847,15.0],[11.872609911655966,45.40595626717591,15.0],[11.872611789955664,45.40597818273395,15.0],[11.872629506556102,45.40597728685656,15.0],[11.872632850530739,45.40606334472144,15.0],[11.87277056249842,45.40606257782169,16.0],[11.87277064007853,45.40606662641562,16.0],[11.872779154131258,45.406065692069625,16.0]]]}},{"type":"Feature","id":"UN_VOL:40287","properties":{"OBJECTID":40287,"UN_VOL_POR":"01","UN_VOL_STA":"","UN_VOL_QGR":25.96,"UN_VOL_QCO":0.0,"UN_VOL_AV":10.71,"UN_VOL_INH":0.0,"Shape_Leng":45.960691911,"Shape_Area":121.738973359},"geometry":{"type":"Polygon","coordinates":[[[11.87700486780385,45.40567640176785,15.0],[11.876971190484456,45.40560209028549,15.0],[11.876908193864884,45.40561970077234,16.0],[11.876796311132104,45.40565096595557,16.0],[11.8768281233564,45.40571875343521,16.0],[11.87700486780385,45.40567640176785,15.0]]]}},{"type":"Feature","id":"UN_VOL:40291","properties":{"OBJECTID":40291,"UN_VOL_POR":"01","UN_VOL_STA":"","UN_VOL_QGR":30.2,"UN_VOL_QCO":0.0,"UN_VOL_AV":14.83,"UN_VOL_INH":0.0,"Shape_Leng":75.919541812,"Shape_Area":326.979902615},"geometry":{"type":"Polygon","coordinates":[[[11.873263753368633,45.40574420697316,15.0],[11.873263473591376,45.40570091787318,14.0],[11.87326836982368,45.40562113316276,14.0],[11.873270733881657,45.405592179908716,15.0],[11.873249006613754,45.40559209670864,15.0],[11.873095256697638,45.40559155791604,16.0],[11.873092726802378,45.405811161988616,15.0],[11.873264326080015,45.405810891512125,15.0],[11.873263753368633,45.40574420697316,15.0]]]}},{"type":"Feature","id":"UN_VOL:40302","properties":{"OBJECTID":40302,"UN_VOL_POR":"01","UN_VOL_STA":"","UN_VOL_QGR":32.13,"UN_VOL_QCO":0.0,"UN_VOL_AV":16.84,"UN_VOL_INH":0.0,"Shape_Leng":71.3384787623,"Shape_Area":203.685188761},"geometry":{"type":"Polygon","coordinates":[[[11.876835688075706,45.406131720472864,16.0],[11.876907148993538,45.4061121861124,15.0],[11.876901469148626,45.406103508242786,16.0],[11.876952643396102,45.40608961607035,15.0],[11.876966925940005,45.40611418955959,15.0],[11.876986524738683,45.406110094688074,15.0],[11.877033933737994,45.406095037541526,14.0],[11.877120795377225,45.40606926401717,13.0],[11.877113729161636,45.40605846038251,13.0],[11.87712732058124,45.406054337261445,13.0],[11.877087696606823,45.40599376776603,14.0],[11.876909306500542,45.40604399239696,16.0],[11.87690260507686,45.406032819753996,16.0],[11.876793665937033,45.40606419041826,16.0],[11.876832283218585,45.40613261635091,16.0],[11.876835688075706,45.406131720472864,16.0]]]}},{"type":"Feature","id":"UN_VOL:40303","properties":{"OBJECTID":40303,"UN_VOL_POR":"01","UN_VOL_STA":"","UN_VOL_QGR":26.42,"UN_VOL_QCO":0.0,"UN_VOL_AV":11.13,"UN_VOL_INH":0.0,"Shape_Leng":46.132174764,"Shape_Area":132.290312836},"geometry":{"type":"Polygon","coordinates":[[[11.872921048336677,45.40611963753687,16.0],[11.872884534976324,45.40612028674725,15.0],[11.872785724406397,45.40612214465038,15.0],[11.872786527159285,45.40613796644047,15.0],[11.87279022660971,45.40623103627119,16.0],[11.872792268773846,45.40623098485459,16.0],[11.872881717399887,45.40623098311667,16.0],[11.872930915893445,45.40623100463752,16.0],[11.872921048336677,45.40611963753687,16.0]]]}},{"type":"Feature","id":"UN_VOL:40304","properties":{"OBJECTID":40304,"UN_VOL_POR":"01","UN_VOL_STA":"","UN_VOL_QGR":25.22,"UN_VOL_QCO":0.0,"UN_VOL_AV":9.91,"UN_VOL_INH":0.0,"Shape_Leng":28.5479999491,"Shape_Area":22.234459875},"geometry":{"type":"Polygon","coordinates":[[[11.877226544154722,45.40612096507265,13.0],[11.877247227443945,45.40611558254381,13.0],[11.877238429703652,45.40611094381402,13.0],[11.877179650188799,45.40601791272744,12.0],[11.877168018713629,45.406020366370065,12.0],[11.877177925233553,45.40603928952151,12.0],[11.877167351091103,45.406042436487,12.0],[11.87721771570504,45.4061232579912,13.0],[11.877226544154722,45.40612096507265,13.0]]]}},{"type":"Feature","id":"UN_VOL:40305","properties":{"OBJECTID":40305,"UN_VOL_POR":"01","UN_VOL_STA":"","UN_VOL_QGR":32.21,"UN_VOL_QCO":0.0,"UN_VOL_AV":16.04,"UN_VOL_INH":0.0,"Shape_Leng":80.5607672108,"Shape_Area":350.068492759},"geometry":{"type":"Polygon","coordinates":[[[11.875852886274421,45.406116349935395,16.0],[11.875978271236049,45.40608672599109,16.0],[11.875924622450174,45.40590850305258,16.0],[11.875785440722076,45.405935684388254,16.0],[11.875707370627905,45.405950883836276,16.0],[11.875782343722753,45.406111197018404,16.0],[11.875805729658516,45.40615903446445,16.0],[11.875839279558498,45.40614783738457,16.0],[11.875828033036562,45.40612264695289,16.0],[11.875852886274421,45.406116349935395,16.0]]]}},{"type":"Feature","id":"UN_VOL:40306","properties":{"OBJECTID":40306,"UN_VOL_POR":"01","UN_VOL_STA":"","UN_VOL_QGR":26.5,"UN_VOL_QCO":0.0,"UN_VOL_AV":11.21,"UN_VOL_INH":0.0,"Shape_Leng":59.5974521855,"Shape_Area":134.38945325},"geometry":{"type":"Polygon","coordinates":[[[11.873008573140071,45.4062303095662,16.0],[11.873024001966037,45.40622965093606,16.0],[11.873013299406905,45.4060993120083,15.0],[11.873011488760477,45.406076224535056,15.0],[11.872939537639724,45.40607857609165,16.0],[11.872935647877243,45.40602961723085,15.0],[11.872913063811058,45.406030275914326,15.0],[11.872921048336677,45.40611963753687,16.0],[11.872930915893445,45.40623100463752,16.0],[11.872987018907908,45.406231122037504,16.0],[11.873008573140071,45.4062303095662,16.0]]]}},{"type":"Feature","id":"UN_VOL:40308","properties":{"OBJECTID":40308,"UN_VOL_POR":"01","UN_VOL_STA":"","UN_VOL_QGR":25.58,"UN_VOL_QCO":0.0,"UN_VOL_AV":9.94,"UN_VOL_INH":0.0,"Shape_Leng":34.7195217246,"Shape_Area":68.7179198323},"geometry":{"type":"Polygon","coordinates":[[[11.870843229088688,45.406216941501356,16.0],[11.87084048557207,45.40620062824721,16.0],[11.870796752376144,45.406202538614004,15.0],[11.87075548487587,45.406202676818324,15.0],[11.870757458434696,45.406244123150294,16.0],[11.870739864817622,45.40624492559558,16.0],[11.870742782195881,45.40628733830662,16.0],[11.870742818653593,45.406288057374006,16.0],[11.870853047320143,45.406277002832525,16.0],[11.870843229088688,45.406216941501356,16.0]]]}},{"type":"Feature","id":"UN_VOL:40309","properties":{"OBJECTID":40309,"UN_VOL_POR":"01","UN_VOL_STA":"","UN_VOL_QGR":32.98,"UN_VOL_QCO":0.0,"UN_VOL_AV":16.92,"UN_VOL_INH":0.0,"Shape_Leng":17.2742186245,"Shape_Area":18.4130194637},"geometry":{"type":"Polygon","coordinates":[[[11.87411993213992,45.406160194863986,16.0],[11.874059604485245,45.406169995638734,16.0],[11.874074260092183,45.40620446134421,16.0],[11.874132167617047,45.40619229103887,16.0],[11.87411993213992,45.406160194863986,16.0]]]}},{"type":"Feature","id":"UN_VOL:40310","properties":{"OBJECTID":40310,"UN_VOL_POR":"01","UN_VOL_STA":"","UN_VOL_QGR":39.62,"UN_VOL_QCO":0.0,"UN_VOL_AV":23.8,"UN_VOL_INH":0.0,"Shape_Leng":43.7965316535,"Shape_Area":112.735283002},"geometry":{"type":"Polygon","coordinates":[[[11.871131530383945,45.40618709418724,15.0],[11.871127460286386,45.40618746674316,15.0],[11.871108030213984,45.406192366002955,16.0],[11.871088736352364,45.406199962456625,16.0],[11.87108315752481,45.40620334334971,16.0],[11.871073244112864,45.40620944388906,16.0],[11.871059310651994,45.40622194612914,16.0],[11.871049652459591,45.406235601057865,16.0],[11.871042136739723,45.40624866179571,16.0],[11.871256768799316,45.40627548566297,16.0],[11.871258418989957,45.406260142027435,16.0],[11.87125819055855,45.40624808579141,16.0],[11.87124676361809,45.40622686033787,16.0],[11.871233217494812,45.406211719007146,16.0],[11.871218034969957,45.406202109758944,16.0],[11.871204097208105,45.40619435938938,15.0],[11.871183048591366,45.40619002846717,15.0],[11.871169921847807,45.40618567790493,15.0],[11.871146922769796,45.40618571674355,15.0],[11.871131530383945,45.40618709418724,15.0]]]}},{"type":"Feature","id":"UN_VOL:40320","properties":{"OBJECTID":40320,"UN_VOL_POR":"01","UN_VOL_STA":"","UN_VOL_QGR":23.89,"UN_VOL_QCO":0.0,"UN_VOL_AV":8.25,"UN_VOL_INH":0.0,"Shape_Leng":32.9978624524,"Shape_Area":57.7838443893},"geometry":{"type":"Polygon","coordinates":[[[11.870720598702132,45.40620013392698,15.0],[11.870673889241537,45.40619878895474,16.0],[11.870677731699333,45.40629221544293,16.0],[11.870677790934385,45.40629338378152,16.0],[11.87067785474876,45.4062946424415,16.0],[11.870742818653593,45.406288057374006,16.0],[11.870742782195881,45.40628733830662,16.0],[11.870739864817622,45.40624492559558,16.0],[11.870757458434696,45.406244123150294,16.0],[11.87075548487587,45.406202676818324,15.0],[11.870720598702132,45.40620013392698,15.0]]]}},{"type":"Feature","id":"UN_VOL:40326","properties":{"OBJECTID":40326,"UN_VOL_POR":"01","UN_VOL_STA":"","UN_VOL_QGR":27.36,"UN_VOL_QCO":0.0,"UN_VOL_AV":11.81,"UN_VOL_INH":0.0,"Shape_Leng":41.7286637758,"Shape_Area":106.441835055},"geometry":{"type":"Polygon","coordinates":[[[11.873589295184273,45.40594465781839,16.0],[11.873453903015585,45.405935735786954,16.0],[11.873466358922206,45.40601751361151,16.0],[11.87347054867944,45.406037120943964,15.0],[11.873489058721148,45.4060392649836,16.0],[11.873571725379493,45.40604915504548,16.0],[11.873589295184273,45.40594465781839,16.0]]]}},{"type":"Feature","id":"UN_VOL:40331","properties":{"OBJECTID":40331,"UN_VOL_POR":"01","UN_VOL_STA":"","UN_VOL_QGR":28.02,"UN_VOL_QCO":0.0,"UN_VOL_AV":12.82,"UN_VOL_INH":0.0,"Shape_Leng":50.4459909538,"Shape_Area":153.401014135},"geometry":{"type":"Polygon","coordinates":[[[11.874668757320608,45.40588569254848,16.0],[11.874645858675459,45.40588518928216,16.0],[11.874514495649652,45.40587760736069,16.0],[11.874518552006059,45.40594996517667,16.0],[11.874511804111199,45.40598316987932,16.0],[11.87463458721735,45.406025622732045,16.0],[11.874667916585034,45.40591946842036,16.0],[11.874668757320608,45.40588569254848,16.0]]]}},{"type":"Feature","id":"UN_VOL:40332","properties":{"OBJECTID":40332,"UN_VOL_POR":"01","UN_VOL_STA":"","UN_VOL_QGR":30.03,"UN_VOL_QCO":0.0,"UN_VOL_AV":15.33,"UN_VOL_INH":0.0,"Shape_Leng":87.7628707774,"Shape_Area":400.266583603},"geometry":{"type":"Polygon","coordinates":[[[11.876731102811444,45.40595955269695,16.0],[11.876845561317712,45.40592867325968,16.0],[11.876848090739246,45.405928159251076,16.0],[11.87682382907862,45.40588574495673,16.0],[11.876818354365929,45.40587607178561,16.0],[11.876794915813916,45.40581464387124,16.0],[11.876764369461759,45.40573404249789,16.0],[11.876751243838466,45.40569953856209,16.0],[11.876733454788539,45.405704037610086,16.0],[11.876723616357113,45.40567890220105,16.0],[11.876668485806475,45.405692894015864,16.0],[11.876639995322186,45.405698023035505,16.0],[11.876590479481099,45.40570683219612,16.0],[11.87657908510168,45.405708919614085,16.0],[11.876674755235843,45.405974745416735,16.0],[11.876731102811444,45.40595955269695,16.0]]]}},{"type":"Feature","id":"UN_VOL:40335","properties":{"OBJECTID":40335,"UN_VOL_POR":"01","UN_VOL_STA":"","UN_VOL_QGR":24.56,"UN_VOL_QCO":0.0,"UN_VOL_AV":8.78,"UN_VOL_INH":0.0,"Shape_Leng":33.0403179043,"Shape_Area":56.6907459644},"geometry":{"type":"Polygon","coordinates":[[[11.873650002170203,45.405949879709134,16.0],[11.873589295184273,45.40594465781839,16.0],[11.873571725379493,45.40604915504548,16.0],[11.873634446714584,45.406053786323284,16.0],[11.873650002170203,45.405949879709134,16.0]]]}},{"type":"Feature","id":"UN_VOL:40346","properties":{"OBJECTID":40346,"UN_VOL_POR":"01","UN_VOL_STA":"","UN_VOL_QGR":24.15,"UN_VOL_QCO":0.0,"UN_VOL_AV":8.72,"UN_VOL_INH":0.0,"Shape_Leng":60.0385928571,"Shape_Area":219.436988215},"geometry":{"type":"Polygon","coordinates":[[[11.873171858241617,45.40607119628483,16.0],[11.873265645629127,45.40606856446075,16.0],[11.873258439225172,45.40595929071854,16.0],[11.873257001721985,45.40591081000718,16.0],[11.873253779176183,45.405910261218075,16.0],[11.873250593119414,45.40591043149471,15.0],[11.873095625597259,45.4059161338652,15.0],[11.873104632699699,45.40604831563699,15.0],[11.873107929314607,45.406072986144494,16.0],[11.873171858241617,45.40607119628483,16.0]]]}},{"type":"Feature","id":"UN_VOL:40349","properties":{"OBJECTID":40349,"UN_VOL_POR":"01","UN_VOL_STA":"","UN_VOL_QGR":28.62,"UN_VOL_QCO":0.0,"UN_VOL_AV":13.33,"UN_VOL_INH":0.0,"Shape_Leng":22.1328496248,"Shape_Area":30.6027985741},"geometry":{"type":"Polygon","coordinates":[[[11.873011488760477,45.406076224535056,15.0],[11.873007489500111,45.40602762823122,15.0],[11.872935647877243,45.40602961723085,15.0],[11.872939537639724,45.40607857609165,16.0],[11.873011488760477,45.406076224535056,15.0]]]}},{"type":"Feature","id":"UN_VOL:40355","properties":{"OBJECTID":40355,"UN_VOL_POR":"01","UN_VOL_STA":"","UN_VOL_QGR":28.91,"UN_VOL_QCO":0.0,"UN_VOL_AV":14.17,"UN_VOL_INH":0.0,"Shape_Leng":73.418730481,"Shape_Area":337.001514454},"geometry":{"type":"Polygon","coordinates":[[[11.872034700498723,45.40570322980105,14.0],[11.872034617764617,45.40567136739549,15.0],[11.871808196460888,45.40566905534113,15.0],[11.871807645275355,45.405690942013855,15.0],[11.871804175205265,45.40583414960084,15.0],[11.872027529704472,45.40584905068621,15.0],[11.872034700498723,45.40570322980105,14.0]]]}},{"type":"Feature","id":"UN_VOL:40362","properties":{"OBJECTID":40362,"UN_VOL_POR":"01","UN_VOL_STA":"","UN_VOL_QGR":27.75,"UN_VOL_QCO":0.0,"UN_VOL_AV":12.14,"UN_VOL_INH":0.0,"Shape_Leng":31.0352319232,"Shape_Area":43.2019116505},"geometry":{"type":"Polygon","coordinates":[[[11.875045835565906,45.40577474765849,16.0],[11.875033687385912,45.40575192069378,16.0],[11.875003582637826,45.40575798966761,16.0],[11.87499069571684,45.40573320106198,16.0],[11.874907843002786,45.40573474837437,16.0],[11.874899624320436,45.40577924172266,16.0],[11.875045835565906,45.40577474765849,16.0]]]}},{"type":"Feature","id":"UN_VOL:40368","properties":{"OBJECTID":40368,"UN_VOL_POR":"01","UN_VOL_STA":"","UN_VOL_QGR":27.85,"UN_VOL_QCO":0.0,"UN_VOL_AV":12.6,"UN_VOL_INH":0.0,"Shape_Leng":28.9166016647,"Shape_Area":45.0798691965},"geometry":{"type":"Polygon","coordinates":[[[11.8768281233564,45.40571875343521,16.0],[11.876796311132104,45.40565096595557,16.0],[11.876718446912031,45.405672731594954,16.0],[11.876723616357113,45.40567890220105,16.0],[11.876733454788539,45.405704037610086,16.0],[11.876751243838466,45.40569953856209,16.0],[11.876764369461759,45.40573404249789,16.0],[11.8768281233564,45.40571875343521,16.0]]]}},{"type":"Feature","id":"UN_VOL:40374","properties":{"OBJECTID":40374,"UN_VOL_POR":"01","UN_VOL_STA":"","UN_VOL_QGR":30.74,"UN_VOL_QCO":0.0,"UN_VOL_AV":16.58,"UN_VOL_INH":0.0,"Shape_Leng":67.978642502,"Shape_Area":292.01507921},"geometry":{"type":"Polygon","coordinates":[[[11.872277867336791,45.40571574149722,15.0],[11.87216984114403,45.40570468869366,14.0],[11.87214974561343,45.40570402431872,14.0],[11.872034700498723,45.40570322980105,14.0],[11.872027529704472,45.40584905068621,15.0],[11.872251216493696,45.40585035096796,15.0],[11.872277867336791,45.40571574149722,15.0]]]}},{"type":"Feature","id":"UN_VOL:40378","properties":{"OBJECTID":40378,"UN_VOL_POR":"01","UN_VOL_STA":"","UN_VOL_QGR":24.82,"UN_VOL_QCO":0.0,"UN_VOL_AV":9.61,"UN_VOL_INH":0.0,"Shape_Leng":52.9914887693,"Shape_Area":173.246795949},"geometry":{"type":"Polygon","coordinates":[[[11.87444930285234,45.40579157725861,15.0],[11.8744384025151,45.40568005620737,14.0],[11.874242985416512,45.40569695091677,15.0],[11.87427965960364,45.405800171481296,14.0],[11.87444930285234,45.40579157725861,15.0]]]}},{"type":"Feature","id":"UN_VOL:40388","properties":{"OBJECTID":40388,"UN_VOL_POR":"01","UN_VOL_STA":"","UN_VOL_QGR":33.14,"UN_VOL_QCO":0.0,"UN_VOL_AV":17.84,"UN_VOL_INH":0.0,"Shape_Leng":50.1175027667,"Shape_Area":129.444016455},"geometry":{"type":"Polygon","coordinates":[[[11.875731074852125,45.40572822551852,15.0],[11.87571315314649,45.405677279963335,15.0],[11.875668045425034,45.4056898480783,15.0],[11.875632557042932,45.40562764382921,15.0],[11.875539305557124,45.40565339716155,15.0],[11.875605272558658,45.405772261742506,16.0],[11.875731074852125,45.40572822551852,15.0]]]}},{"type":"Feature","id":"UN_VOL:40390","properties":{"OBJECTID":40390,"UN_VOL_POR":"01","UN_VOL_STA":"","UN_VOL_QGR":25.17,"UN_VOL_QCO":0.0,"UN_VOL_AV":9.95,"UN_VOL_INH":0.0,"Shape_Leng":77.4855747599,"Shape_Area":257.92223364},"geometry":{"type":"Polygon","coordinates":[[[11.87408292365628,45.40564004410422,16.0],[11.873985290408866,45.405657535300946,16.0],[11.874001113583487,45.405704933672936,16.0],[11.873915407538917,45.405703131914,16.0],[11.873907102098185,45.40576607956642,16.0],[11.873861308737082,45.40576012199842,16.0],[11.873855490196044,45.405796543771366,16.0],[11.873985025663544,45.40580336245371,16.0],[11.874150927800988,45.40580917489205,15.0],[11.87408292365628,45.40564004410422,16.0]]]}},{"type":"Feature","id":"UN_VOL:40402","properties":{"OBJECTID":40402,"UN_VOL_POR":"01","UN_VOL_STA":"","UN_VOL_QGR":27.65,"UN_VOL_QCO":0.0,"UN_VOL_AV":12.52,"UN_VOL_INH":0.0,"Shape_Leng":142.557027131,"Shape_Area":536.150517031},"geometry":{"type":"Polygon","coordinates":[[[11.87427965960364,45.405800171481296,14.0],[11.874242985416512,45.40569695091677,15.0],[11.8744384025151,45.40568005620737,14.0],[11.874524914576874,45.40567256595365,15.0],[11.874531052040828,45.40563991690817,15.0],[11.874528692293515,45.4055883990225,16.0],[11.87444917129701,45.405592652737866,15.0],[11.874342176393595,45.40560191918711,15.0],[11.87430763311764,45.405467680550224,15.0],[11.874226937178413,45.40547646410003,15.0],[11.874232007453081,45.40550334028896,15.0],[11.874248122047698,45.405551450881596,15.0],[11.874270263354504,45.40561255181324,15.0],[11.87420670909132,45.40561919343042,15.0],[11.874207351236993,45.40561422662907,15.0],[11.874087864011127,45.405639199677616,16.0],[11.87408292365628,45.40564004410422,16.0],[11.874150927800988,45.40580917489205,15.0],[11.874284569232147,45.40581381989963,14.0],[11.87427965960364,45.405800171481296,14.0]]]}},{"type":"Feature","id":"UN_VOL:40405","properties":{"OBJECTID":40405,"UN_VOL_POR":"01","UN_VOL_STA":"","UN_VOL_QGR":27.42,"UN_VOL_QCO":0.0,"UN_VOL_AV":12.47,"UN_VOL_INH":0.0,"Shape_Leng":106.673226268,"Shape_Area":344.715188557},"geometry":{"type":"Polygon","coordinates":[[[11.877825837114427,45.40571087614402,15.0],[11.87775665782454,45.40559677474065,15.0],[11.877887759191719,45.405558993471224,15.0],[11.87787149205809,45.405520517962316,15.0],[11.877875922220248,45.4055196862396,15.0],[11.877861105413835,45.405489635820686,15.0],[11.877664136333994,45.40554888117287,15.0],[11.877618981503417,45.40546747823585,15.0],[11.877613916818527,45.40546085518391,15.0],[11.877541914816508,45.40548481397982,15.0],[11.877692819668022,45.40570342927085,15.0],[11.87772189814963,45.40569729542291,15.0],[11.877745183409399,45.405728032355086,15.0],[11.877825837114427,45.40571087614402,15.0]]]}},{"type":"Feature","id":"UN_VOL:40414","properties":{"OBJECTID":40414,"UN_VOL_POR":"01","UN_VOL_STA":"","UN_VOL_QGR":33.08,"UN_VOL_QCO":0.0,"UN_VOL_AV":17.25,"UN_VOL_INH":0.0,"Shape_Leng":42.1155902178,"Shape_Area":36.8066396919},"geometry":{"type":"Polygon","coordinates":[[[11.876247295351188,45.40579820547601,16.0],[11.876236065628998,45.405755732298715,15.0],[11.876301652201967,45.40574885822508,16.0],[11.87637858266784,45.40572882651953,16.0],[11.876183466570499,45.40574661665734,16.0],[11.87619980304076,45.40580408312933,16.0],[11.876247295351188,45.40579820547601,16.0]]]}},{"type":"Feature","id":"UN_VOL:40420","properties":{"OBJECTID":40420,"UN_VOL_POR":"01","UN_VOL_STA":"","UN_VOL_QGR":26.87,"UN_VOL_QCO":0.0,"UN_VOL_AV":11.66,"UN_VOL_INH":0.0,"Shape_Leng":48.2683146766,"Shape_Area":87.3255141462},"geometry":{"type":"Polygon","coordinates":[[[11.874645627622805,45.40584540961517,16.0],[11.874683517302117,45.405846705415556,16.0],[11.874683581068695,45.405845443543456,16.0],[11.874683653831406,45.40584184100722,16.0],[11.874741990160585,45.40584316193214,15.0],[11.874742443833979,45.405809305764436,15.0],[11.874569745119649,45.40579547388322,16.0],[11.874512114877346,45.405790445111684,15.0],[11.874513832615085,45.40584944993712,16.0],[11.874542119069105,45.40585035777662,16.0],[11.874541525755115,45.40583867092628,16.0],[11.874645627622805,45.40584540961517,16.0]]]}},{"type":"Feature","id":"UN_VOL:40422","properties":{"OBJECTID":40422,"UN_VOL_POR":"01","UN_VOL_STA":"","UN_VOL_QGR":34.68,"UN_VOL_QCO":0.0,"UN_VOL_AV":18.85,"UN_VOL_INH":0.0,"Shape_Leng":41.9187429284,"Shape_Area":84.509451675},"geometry":{"type":"Polygon","coordinates":[[[11.876453961039783,45.405778863413126,16.0],[11.87637858266784,45.40572882651953,16.0],[11.876301652201967,45.40574885822508,16.0],[11.876236065628998,45.405755732298715,15.0],[11.876247295351188,45.40579820547601,16.0],[11.876249958343209,45.40580785950531,16.0],[11.876453961039783,45.405778863413126,16.0]]]}},{"type":"Feature","id":"UN_VOL:40424","properties":{"OBJECTID":40424,"UN_VOL_POR":"01","UN_VOL_STA":"","UN_VOL_QGR":26.85,"UN_VOL_QCO":0.0,"UN_VOL_AV":11.97,"UN_VOL_INH":0.0,"Shape_Leng":54.1961008884,"Shape_Area":179.974982315},"geometry":{"type":"Polygon","coordinates":[[[11.870905785838596,45.40594361951301,15.0],[11.870906009277874,45.4059429839532,15.0],[11.87091608636176,45.405861988818884,15.0],[11.87091762206437,45.40584943873965,15.0],[11.870714218006631,45.40583232304218,15.0],[11.870714309117622,45.40583664143766,15.0],[11.870714099421043,45.405945921833286,15.0],[11.870843009952546,45.40594546913716,15.0],[11.870905785838596,45.40594361951301,15.0]]]}},{"type":"Feature","id":"UN_VOL:40437","properties":{"OBJECTID":40437,"UN_VOL_POR":"01","UN_VOL_STA":"","UN_VOL_QGR":30.23,"UN_VOL_QCO":0.0,"UN_VOL_AV":15.19,"UN_VOL_INH":0.0,"Shape_Leng":83.7043226215,"Shape_Area":379.117002645},"geometry":{"type":"Polygon","coordinates":[[[11.87370438732789,45.40578270692624,15.0],[11.873652450006837,45.405781584887954,15.0],[11.873651906426518,45.40575072421556,14.0],[11.873668783982577,45.40575092909006,15.0],[11.873668053732002,45.405728984245165,15.0],[11.873605218866693,45.405727146516426,13.0],[11.873406582172484,45.405723417514956,13.0],[11.873400153559272,45.405868679904444,15.0],[11.873403863427521,45.40586876657298,15.0],[11.873404342294204,45.40587316485847,15.0],[11.873707601186428,45.40588380039886,15.0],[11.873704879284757,45.40578485487994,15.0],[11.87370438732789,45.40578270692624,15.0]]]}},{"type":"Feature","id":"UN_VOL:40438","properties":{"OBJECTID":40438,"UN_VOL_POR":"01","UN_VOL_STA":"","UN_VOL_QGR":30.37,"UN_VOL_QCO":0.0,"UN_VOL_AV":15.22,"UN_VOL_INH":0.0,"Shape_Leng":117.592421535,"Shape_Area":368.429886551},"geometry":{"type":"Polygon","coordinates":[[[11.875135193419457,45.405845946180456,16.0],[11.875187912784163,45.40582724533416,16.0],[11.875190046084684,45.40582647159341,16.0],[11.875094535201692,45.40569953013552,16.0],[11.875066141571978,45.40566631080151,16.0],[11.874915682576978,45.405667671792706,15.0],[11.874922276739579,45.40553581705096,15.0],[11.874907062949685,45.405535660488574,15.0],[11.8748245660051,45.405534138354156,15.0],[11.87481035933299,45.40573252405325,15.0],[11.874809543930418,45.405736595144845,15.0],[11.874907843002786,45.40573474837437,16.0],[11.87499069571684,45.40573320106198,16.0],[11.875003582637826,45.40575798966761,16.0],[11.875033687385912,45.40575192069378,16.0],[11.875045835565906,45.40577474765849,16.0],[11.875058900420411,45.40580052228921,16.0],[11.875091351464757,45.40579034324245,16.0],[11.875125448823235,45.405845291646756,16.0],[11.875127536217708,45.40584865965803,16.0],[11.875135193419457,45.405845946180456,16.0]]]}},{"type":"Feature","id":"UN_VOL:40439","properties":{"OBJECTID":40439,"UN_VOL_POR":"01","UN_VOL_STA":"","UN_VOL_QGR":25.73,"UN_VOL_QCO":0.0,"UN_VOL_AV":10.51,"UN_VOL_INH":0.0,"Shape_Leng":40.7563365459,"Shape_Area":92.7116201926},"geometry":{"type":"Polygon","coordinates":[[[11.87444930285234,45.40579157725861,15.0],[11.87427965960364,45.405800171481296,14.0],[11.874284569232147,45.40581381989963,14.0],[11.874285034372573,45.405815428245454,14.0],[11.874289768204749,45.4058633756737,15.0],[11.874438934179448,45.40586672895768,16.0],[11.874439030594917,45.40580569817894,15.0],[11.874449695219528,45.405796788140144,15.0],[11.87444930285234,45.40579157725861,15.0]]]}},{"type":"Feature","id":"UN_VOL:40440","properties":{"OBJECTID":40440,"UN_VOL_POR":"01","UN_VOL_STA":"","UN_VOL_QGR":27.02,"UN_VOL_QCO":0.0,"UN_VOL_AV":12.14,"UN_VOL_INH":0.0,"Shape_Leng":75.9824040902,"Shape_Area":331.265904112},"geometry":{"type":"Polygon","coordinates":[[[11.870714099421043,45.405945921833286,15.0],[11.870714309117622,45.40583664143766,15.0],[11.870577431149107,45.405823612775606,15.0],[11.8704232882107,45.40580525762323,15.0],[11.870398985357914,45.40593080641897,15.0],[11.8706421983455,45.405954301867446,15.0],[11.870714140154691,45.40596185324686,15.0],[11.870714099421043,45.405945921833286,15.0]]]}},{"type":"Feature","id":"UN_VOL:40445","properties":{"OBJECTID":40445,"UN_VOL_POR":"01","UN_VOL_STA":"","UN_VOL_QGR":32.69,"UN_VOL_QCO":0.0,"UN_VOL_AV":17.55,"UN_VOL_INH":0.0,"Shape_Leng":21.9019947377,"Shape_Area":26.1509306033},"geometry":{"type":"Polygon","coordinates":[[[11.877325437162856,45.405771202463974,15.0],[11.877305525195117,45.40574146055346,15.0],[11.877297047520818,45.405745634836165,15.0],[11.87722225625516,45.40577002395343,15.0],[11.877241028868195,45.40579997470262,15.0],[11.877325437162856,45.405771202463974,15.0]]]}},{"type":"Feature","id":"UN_VOL:40446","properties":{"OBJECTID":40446,"UN_VOL_POR":"01","UN_VOL_STA":"","UN_VOL_QGR":29.26,"UN_VOL_QCO":0.0,"UN_VOL_AV":13.69,"UN_VOL_INH":0.0,"Shape_Leng":18.6567268248,"Shape_Area":17.4860671838},"geometry":{"type":"Polygon","coordinates":[[[11.875125448823235,45.405845291646756,16.0],[11.875091351464757,45.40579034324245,16.0],[11.875058900420411,45.40580052228921,16.0],[11.875059329070766,45.40580141156665,16.0],[11.875098220827464,45.4058551590006,16.0],[11.875125448823235,45.405845291646756,16.0]]]}},{"type":"Feature","id":"UN_VOL:40449","properties":{"OBJECTID":40449,"UN_VOL_POR":"01","UN_VOL_STA":"","UN_VOL_QGR":26.15,"UN_VOL_QCO":0.0,"UN_VOL_AV":10.9,"UN_VOL_INH":0.0,"Shape_Leng":58.9676893692,"Shape_Area":188.306614812},"geometry":{"type":"Polygon","coordinates":[[[11.877041576309312,45.40575756768472,15.0],[11.87700486780385,45.40567640176785,15.0],[11.8768281233564,45.40571875343521,16.0],[11.876764369461759,45.40573404249789,16.0],[11.876794915813916,45.40581464387124,16.0],[11.877041576309312,45.40575756768472,15.0]]]}},{"type":"Feature","id":"UN_VOL:40466","properties":{"OBJECTID":40466,"UN_VOL_POR":"01","UN_VOL_STA":"","UN_VOL_QGR":25.34,"UN_VOL_QCO":0.0,"UN_VOL_AV":10.85,"UN_VOL_INH":0.0,"Shape_Leng":68.1041220726,"Shape_Area":200.306604158},"geometry":{"type":"Polygon","coordinates":[[[11.877158274973644,45.40579089992357,15.0],[11.877055543120143,45.40556467827372,15.0],[11.876965286862225,45.40558900732616,15.0],[11.876971190484456,45.40560209028549,15.0],[11.87700486780385,45.40567640176785,15.0],[11.877041576309312,45.40575756768472,15.0],[11.87706820546237,45.40581639456662,15.0],[11.877158274973644,45.40579089992357,15.0]]]}},{"type":"Feature","id":"UN_VOL:40471","properties":{"OBJECTID":40471,"UN_VOL_POR":"01","UN_VOL_STA":"","UN_VOL_QGR":32.25,"UN_VOL_QCO":0.0,"UN_VOL_AV":17.0,"UN_VOL_INH":0.0,"Shape_Leng":83.5138880815,"Shape_Area":327.909038774},"geometry":{"type":"Polygon","coordinates":[[[11.873987336349163,45.40588161535297,16.0],[11.873985025663544,45.40580336245371,16.0],[11.873855490196044,45.405796543771366,16.0],[11.873861308737082,45.40576012199842,16.0],[11.873867195720107,45.405725048813544,16.0],[11.873832642662192,45.40572402889069,16.0],[11.873772875285946,45.40572220365163,16.0],[11.873727811747099,45.4057230688675,16.0],[11.873727829266036,45.405718387551225,16.0],[11.873689001019894,45.405718735524,15.0],[11.87370438732789,45.40578270692624,15.0],[11.873704879284757,45.40578485487994,15.0],[11.873707601186428,45.40588380039886,15.0],[11.873776169987645,45.40588531356189,16.0],[11.873987733619272,45.40589699750411,16.0],[11.873987336349163,45.40588161535297,16.0]]]}},{"type":"Feature","id":"UN_VOL:40481","properties":{"OBJECTID":40481,"UN_VOL_POR":"01","UN_VOL_STA":"","UN_VOL_QGR":26.8,"UN_VOL_QCO":0.0,"UN_VOL_AV":11.6,"UN_VOL_INH":0.0,"Shape_Leng":17.3211158212,"Shape_Area":14.1924869758},"geometry":{"type":"Polygon","coordinates":[[[11.874683517302117,45.405846705415556,16.0],[11.874645627622805,45.40584540961517,16.0],[11.874645858675459,45.40588518928216,16.0],[11.874668757320608,45.40588569254848,16.0],[11.87466889843669,45.40588091846126,16.0],[11.874699659694077,45.40588275364678,16.0],[11.874698049446152,45.40586866232372,16.0],[11.874682967228276,45.40586859207357,16.0],[11.874683517302117,45.405846705415556,16.0]]]}},{"type":"Feature","id":"UN_VOL:40507","properties":{"OBJECTID":40507,"UN_VOL_POR":"01","UN_VOL_STA":"","UN_VOL_QGR":30.68,"UN_VOL_QCO":0.0,"UN_VOL_AV":14.85,"UN_VOL_INH":0.0,"Shape_Leng":66.3452692385,"Shape_Area":247.62296799},"geometry":{"type":"Polygon","coordinates":[[[11.876150749565912,45.40587732979251,15.0],[11.876143211137842,45.405837103997584,15.0],[11.87620775493745,45.40583232656018,16.0],[11.87619980304076,45.40580408312933,16.0],[11.876183466570499,45.40574661665734,16.0],[11.875944959868887,45.40576045985447,16.0],[11.875985364052557,45.40589428012182,16.0],[11.876150749565912,45.40587732979251,15.0]]]}},{"type":"Feature","id":"UN_VOL:40508","properties":{"OBJECTID":40508,"UN_VOL_POR":"01","UN_VOL_STA":"","UN_VOL_QGR":34.7,"UN_VOL_QCO":0.0,"UN_VOL_AV":18.87,"UN_VOL_INH":0.0,"Shape_Leng":30.3549164685,"Shape_Area":42.004374},"geometry":{"type":"Polygon","coordinates":[[[11.876348251621645,45.40588387289447,16.0],[11.876391199591168,45.40587657933212,16.0],[11.876481917829816,45.40586133030846,16.0],[11.87648052751902,45.40585911496737,16.0],[11.87647086666235,45.4058299245131,16.0],[11.876328043662117,45.40585332785381,16.0],[11.876333519847744,45.405875602887235,16.0],[11.876337859719323,45.40588557482985,16.0],[11.876348251621645,45.40588387289447,16.0]]]}},{"type":"Feature","id":"UN_VOL:40509","properties":{"OBJECTID":40509,"UN_VOL_POR":"01","UN_VOL_STA":"","UN_VOL_QGR":23.26,"UN_VOL_QCO":0.0,"UN_VOL_AV":7.82,"UN_VOL_INH":0.0,"Shape_Leng":19.0376354981,"Shape_Area":22.2145443488},"geometry":{"type":"Polygon","coordinates":[[[11.873314344340052,45.40592025778073,16.0],[11.873257001721985,45.40591081000718,16.0],[11.873258439225172,45.40595929071854,16.0],[11.873314542591288,45.405961928479535,16.0],[11.873314344340052,45.40592025778073,16.0]]]}},{"type":"Feature","id":"UN_VOL:40513","properties":{"OBJECTID":40513,"UN_VOL_POR":"01","UN_VOL_STA":"","UN_VOL_QGR":27.16,"UN_VOL_QCO":0.0,"UN_VOL_AV":12.27,"UN_VOL_INH":0.0,"Shape_Leng":27.2561571,"Shape_Area":42.0147415153},"geometry":{"type":"Polygon","coordinates":[[[11.870864094815078,45.40602108899768,15.0],[11.870899828553831,45.40601514923799,15.0],[11.870905785838596,45.40594361951301,15.0],[11.870843009952546,45.40594546913716,15.0],[11.870834756015032,45.40602713798803,15.0],[11.870864094815078,45.40602108899768,15.0]]]}},{"type":"Feature","id":"UN_VOL:40518","properties":{"OBJECTID":40518,"UN_VOL_POR":"01","UN_VOL_STA":"","UN_VOL_QGR":36.01,"UN_VOL_QCO":0.0,"UN_VOL_AV":20.18,"UN_VOL_INH":0.0,"Shape_Leng":58.6629824038,"Shape_Area":137.959544276},"geometry":{"type":"Polygon","coordinates":[[[11.876261087108018,45.40588607016656,16.0],[11.876333519847744,45.405875602887235,16.0],[11.876328043662117,45.40585332785381,16.0],[11.87647086666235,45.4058299245131,16.0],[11.876453961039783,45.405778863413126,16.0],[11.876249958343209,45.40580785950531,16.0],[11.87625660598437,45.40583307538803,16.0],[11.876200481570221,45.40584511177912,16.0],[11.87621342157838,45.405893572254996,16.0],[11.876261087108018,45.40588607016656,16.0]]]}},{"type":"Feature","id":"UN_VOL:40523","properties":{"OBJECTID":40523,"UN_VOL_POR":"01","UN_VOL_STA":"","UN_VOL_QGR":29.4,"UN_VOL_QCO":0.0,"UN_VOL_AV":14.7,"UN_VOL_INH":0.0,"Shape_Leng":57.1137945814,"Shape_Area":166.037381764},"geometry":{"type":"Polygon","coordinates":[[[11.87706820546237,45.40581639456662,15.0],[11.877041576309312,45.40575756768472,15.0],[11.876794915813916,45.40581464387124,16.0],[11.876818354365929,45.40587607178561,16.0],[11.87682382907862,45.40588574495673,16.0],[11.877072523161198,45.405825916806364,15.0],[11.87706820546237,45.40581639456662,15.0]]]}},{"type":"Feature","id":"UN_VOL:40532","properties":{"OBJECTID":40532,"UN_VOL_POR":"01","UN_VOL_STA":"","UN_VOL_QGR":34.96,"UN_VOL_QCO":0.0,"UN_VOL_AV":19.13,"UN_VOL_INH":0.0,"Shape_Leng":39.7797579167,"Shape_Area":52.0213113671},"geometry":{"type":"Polygon","coordinates":[[[11.876216498817303,45.405901326029245,16.0],[11.87621342157838,45.405893572254996,16.0],[11.876200481570221,45.40584511177912,16.0],[11.87625660598437,45.40583307538803,16.0],[11.876249958343209,45.40580785950531,16.0],[11.876247295351188,45.40579820547601,16.0],[11.87619980304076,45.40580408312933,16.0],[11.87620775493745,45.40583232656018,16.0],[11.876143211137842,45.405837103997584,15.0],[11.876150749565912,45.40587732979251,15.0],[11.876157352094541,45.405909207943104,15.0],[11.876216498817303,45.405901326029245,16.0]]]}},{"type":"Feature","id":"UN_VOL:40535","properties":{"OBJECTID":40535,"UN_VOL_POR":"01","UN_VOL_STA":"","UN_VOL_QGR":24.09,"UN_VOL_QCO":0.0,"UN_VOL_AV":9.21,"UN_VOL_INH":0.0,"Shape_Leng":31.777497166,"Shape_Area":58.5067534406},"geometry":{"type":"Polygon","coordinates":[[[11.870657667845322,45.406050226119895,15.0],[11.870714431977952,45.40604573756771,15.0],[11.870714140154691,45.40596185324686,15.0],[11.8706421983455,45.405954301867446,15.0],[11.870638023025347,45.40605090045139,15.0],[11.870657667845322,45.406050226119895,15.0]]]}},{"type":"Feature","id":"UN_VOL:40558","properties":{"OBJECTID":40558,"UN_VOL_POR":"01","UN_VOL_STA":"","UN_VOL_QGR":29.64,"UN_VOL_QCO":0.0,"UN_VOL_AV":13.48,"UN_VOL_INH":0.0,"Shape_Leng":63.7901908488,"Shape_Area":112.888058463},"geometry":{"type":"Polygon","coordinates":[[[11.875924622450174,45.40590850305258,16.0],[11.875896856975674,45.40577193372474,16.0],[11.875818622043877,45.40578137674686,16.0],[11.87583334671833,45.40581214973711,16.0],[11.875870196791587,45.40580555034435,16.0],[11.875875447201237,45.4058535747334,16.0],[11.875803885749518,45.40587113034128,16.0],[11.875800652610316,45.40585779992172,16.0],[11.875776669787616,45.40586362514611,16.0],[11.87579014573439,45.40589496989503,16.0],[11.875768222759543,45.40590110338881,16.0],[11.875785440722076,45.405935684388254,16.0],[11.875924622450174,45.40590850305258,16.0]]]}},{"type":"Feature","id":"UN_VOL:40566","properties":{"OBJECTID":40566,"UN_VOL_POR":"01","UN_VOL_STA":"","UN_VOL_QGR":26.81,"UN_VOL_QCO":0.0,"UN_VOL_AV":11.52,"UN_VOL_INH":0.0,"Shape_Leng":124.444899408,"Shape_Area":382.518175811},"geometry":{"type":"Polygon","coordinates":[[[11.872658746821653,45.406155675631524,15.0],[11.872659307743012,45.40616169230689,15.0],[11.87262653682234,45.406170618448265,15.0],[11.87261935364667,45.40617259983842,15.0],[11.872606225867875,45.40614052557558,15.0],[11.872650587446959,45.40612833725587,15.0],[11.872638908431961,45.40608956578695,15.0],[11.872634277295639,45.40607384037963,15.0],[11.872632850530739,45.40606334472144,15.0],[11.872629506556102,45.40597728685656,15.0],[11.872611789955664,45.40597818273395,15.0],[11.87258970235943,45.40597855910364,15.0],[11.872587719106653,45.405952054969575,15.0],[11.872526675398328,45.40595278174057,15.0],[11.872409214640916,45.40598499307407,15.0],[11.872453684334081,45.40607316610079,15.0],[11.872512097657442,45.406058373697256,15.0],[11.872528570999622,45.406090903247375,15.0],[11.872470162210284,45.40610578559194,15.0],[11.872526410081859,45.406217065670575,15.0],[11.87253351652302,45.40623119874952,16.0],[11.872657291046162,45.40623024258341,15.0],[11.87270531772134,45.40622984385952,15.0],[11.872672571287971,45.406161178284975,15.0],[11.872658746821653,45.406155675631524,15.0]],[[11.872627113124864,45.406091303106024,15.0],[11.872586543473158,45.4061001554366,15.0],[11.872570553462388,45.40607211411822,15.0],[11.872612262400127,45.40606053248605,15.0],[11.872627113124864,45.406091303106024,15.0]]]}},{"type":"Feature","id":"UN_VOL:40568","properties":{"OBJECTID":40568,"UN_VOL_POR":"01","UN_VOL_STA":"","UN_VOL_QGR":24.08,"UN_VOL_QCO":0.0,"UN_VOL_AV":8.44,"UN_VOL_INH":0.0,"Shape_Leng":20.1520415002,"Shape_Area":22.5754890174},"geometry":{"type":"Polygon","coordinates":[[[11.870900554347859,45.40627139678831,16.0],[11.87088085005725,45.40621293451443,16.0],[11.870843229088688,45.406216941501356,16.0],[11.870853047320143,45.406277002832525,16.0],[11.870900554347859,45.40627139678831,16.0]]]}},{"type":"Feature","id":"UN_VOL:40572","properties":{"OBJECTID":40572,"UN_VOL_POR":"01","UN_VOL_STA":"","UN_VOL_QGR":30.31,"UN_VOL_QCO":0.0,"UN_VOL_AV":14.8,"UN_VOL_INH":0.0,"Shape_Leng":36.0859690758,"Shape_Area":76.4708641044},"geometry":{"type":"Polygon","coordinates":[[[11.87151796438533,45.40625289014525,15.0],[11.871530375025733,45.40620280103046,15.0],[11.871389375787018,45.406189157077456,15.0],[11.871374144167792,45.406251648902035,16.0],[11.871467905151865,45.406258560675425,15.0],[11.871516514922359,45.406262107888956,15.0],[11.87151796438533,45.40625289014525,15.0]]]}},{"type":"Feature","id":"UN_VOL:40573","properties":{"OBJECTID":40573,"UN_VOL_POR":"01","UN_VOL_STA":"","UN_VOL_QGR":28.41,"UN_VOL_QCO":0.0,"UN_VOL_AV":13.12,"UN_VOL_INH":0.0,"Shape_Leng":36.756889922,"Shape_Area":70.0967461429},"geometry":{"type":"Polygon","coordinates":[[[11.872786527159285,45.40613796644047,15.0],[11.872740734514295,45.4061546916243,15.0],[11.872658746821653,45.406155675631524,15.0],[11.872672571287971,45.406161178284975,15.0],[11.87270531772134,45.40622984385952,15.0],[11.87279022660971,45.40623103627119,16.0],[11.872786527159285,45.40613796644047,15.0]]]}},{"type":"Feature","id":"UN_VOL:40577","properties":{"OBJECTID":40577,"UN_VOL_POR":"01","UN_VOL_STA":"","UN_VOL_QGR":27.87,"UN_VOL_QCO":0.0,"UN_VOL_AV":12.17,"UN_VOL_INH":0.0,"Shape_Leng":64.7545542346,"Shape_Area":229.820912687},"geometry":{"type":"Polygon","coordinates":[[[11.87242118213356,45.409006683992345,16.0],[11.872395889722988,45.40888850418178,16.0],[11.872328360966259,45.40889245413223,15.0],[11.872159255232816,45.4089067927088,16.0],[11.872157477428035,45.40890701716334,16.0],[11.87217275437575,45.408991514756515,16.0],[11.872178812402401,45.40901269516283,16.0],[11.872238724522477,45.40900722653329,16.0],[11.872363503065719,45.4089957142276,16.0],[11.872364825058332,45.40901170303697,16.0],[11.87242118213356,45.409006683992345,16.0]]]}},{"type":"Feature","id":"UN_VOL:40578","properties":{"OBJECTID":40578,"UN_VOL_POR":"01","UN_VOL_STA":"","UN_VOL_QGR":26.71,"UN_VOL_QCO":0.0,"UN_VOL_AV":10.74,"UN_VOL_INH":0.0,"Shape_Leng":24.4528925354,"Shape_Area":25.9879830921},"geometry":{"type":"Polygon","coordinates":[[[11.874447351559237,45.408929644918906,16.0],[11.874346352459128,45.40892876863821,16.0],[11.874347703317275,45.40895285817859,16.0],[11.87446570030911,45.40895879675965,16.0],[11.874464235555571,45.408937500760366,16.0],[11.87444791284376,45.40893818210415,16.0],[11.874447351559237,45.408929644918906,16.0]]]}},{"type":"Feature","id":"UN_VOL:40580","properties":{"OBJECTID":40580,"UN_VOL_POR":"01","UN_VOL_STA":"","UN_VOL_QGR":29.62,"UN_VOL_QCO":0.0,"UN_VOL_AV":13.42,"UN_VOL_INH":0.0,"Shape_Leng":69.1273547446,"Shape_Area":287.264835067},"geometry":{"type":"Polygon","coordinates":[[[11.874947888160301,45.408816040396644,16.0],[11.874784138111426,45.408812514946746,16.0],[11.874699452787542,45.40881077810845,16.0],[11.874699607984056,45.40881383461935,16.0],[11.874699153426427,45.40889548731248,16.0],[11.874697776023421,45.40894385881223,16.0],[11.874754173565096,45.40894468829567,14.0],[11.874889887330893,45.40894720969276,16.0],[11.874949361684905,45.40894823169678,16.0],[11.874951463845415,45.40889903190157,16.0],[11.87494492263557,45.40889856638921,16.0],[11.874947888160301,45.408816040396644,16.0]]]}},{"type":"Feature","id":"UN_VOL:40592","properties":{"OBJECTID":40592,"UN_VOL_POR":"01","UN_VOL_STA":"","UN_VOL_QGR":28.02,"UN_VOL_QCO":0.0,"UN_VOL_AV":12.21,"UN_VOL_INH":0.0,"Shape_Leng":37.0240177596,"Shape_Area":73.3802848718},"geometry":{"type":"Polygon","coordinates":[[[11.872884134766407,45.408943091070235,16.0],[11.872723443323816,45.4089620792029,16.0],[11.872729949125002,45.40899206938204,16.0],[11.872733956484078,45.40901060115458,16.0],[11.872734143462848,45.40901176666527,16.0],[11.872895495748976,45.40899573264257,16.0],[11.872884134766407,45.408943091070235,16.0]]]}},{"type":"Feature","id":"UN_VOL:40595","properties":{"OBJECTID":40595,"UN_VOL_POR":"01","UN_VOL_STA":"","UN_VOL_QGR":28.8,"UN_VOL_QCO":0.0,"UN_VOL_AV":13.3,"UN_VOL_INH":0.0,"Shape_Leng":24.4173862201,"Shape_Area":28.9928829106},"geometry":{"type":"Polygon","coordinates":[[[11.873560569845564,45.40654945577249,16.0],[11.873560105271164,45.406547847409605,16.0],[11.87355161193503,45.40651898710462,16.0],[11.873541616524385,45.406520948939985,16.0],[11.873532831617203,45.40648129464785,16.0],[11.873492111291908,45.40648718071985,16.0],[11.873509635781446,45.406558029559676,16.0],[11.8735102827745,45.406560713500596,16.0],[11.873560569845564,45.40654945577249,16.0]]]}},{"type":"Feature","id":"UN_VOL:40596","properties":{"OBJECTID":40596,"UN_VOL_POR":"01","UN_VOL_STA":"","UN_VOL_QGR":26.43,"UN_VOL_QCO":0.0,"UN_VOL_AV":9.76,"UN_VOL_INH":0.0,"Shape_Leng":34.443719443,"Shape_Area":35.871577377},"geometry":{"type":"Polygon","coordinates":[[[11.87420359311715,45.40654208097835,17.0],[11.874179412493389,45.40644835689497,16.0],[11.874169498625143,45.40644941704295,17.0],[11.874100218708517,45.40645656262422,17.0],[11.874102995480062,45.40646846461722,17.0],[11.874107382009576,45.40649949823494,17.0],[11.874178074812917,45.40648997662192,17.0],[11.874189878704842,45.40654377675434,17.0],[11.87420359311715,45.40654208097835,17.0]]]}},{"type":"Feature","id":"UN_VOL:40598","properties":{"OBJECTID":40598,"UN_VOL_POR":"01","UN_VOL_STA":"","UN_VOL_QGR":54.87,"UN_VOL_QCO":0.0,"UN_VOL_AV":39.05,"UN_VOL_INH":0.0,"Shape_Leng":51.5063764028,"Shape_Area":199.81961553},"geometry":{"type":"Polygon","coordinates":[[[11.871492415684761,45.406462182474314,16.0],[11.871428919713603,45.40649771518412,16.0],[11.87141747094675,45.406559211736116,16.0],[11.87146201172405,45.40660345727642,16.0],[11.871544642440455,45.406612629338234,16.0],[11.871606698166861,45.40657641282666,16.0],[11.871619268379833,45.40651686789241,16.0],[11.871572826753805,45.406470420250706,16.0],[11.871492415684761,45.406462182474314,16.0]]]}},{"type":"Feature","id":"UN_VOL:40615","properties":{"OBJECTID":40615,"UN_VOL_POR":"01","UN_VOL_STA":"","UN_VOL_QGR":28.12,"UN_VOL_QCO":0.0,"UN_VOL_AV":12.62,"UN_VOL_INH":0.0,"Shape_Leng":35.272644024,"Shape_Area":76.5296948187},"geometry":{"type":"Polygon","coordinates":[[[11.873440646930208,45.406565887784126,16.0],[11.873509635781446,45.406558029559676,16.0],[11.873492111291908,45.40648718071985,16.0],[11.873373505709662,45.40650438990693,16.0],[11.87338118441038,45.40657260599047,16.0],[11.873440646930208,45.406565887784126,16.0]]]}},{"type":"Feature","id":"UN_VOL:40619","properties":{"OBJECTID":40619,"UN_VOL_POR":"01","UN_VOL_STA":"","UN_VOL_QGR":34.9,"UN_VOL_QCO":0.0,"UN_VOL_AV":18.87,"UN_VOL_INH":0.0,"Shape_Leng":29.5609638117,"Shape_Area":47.0908483982},"geometry":{"type":"Polygon","coordinates":[[[11.874189878704842,45.40654377675434,17.0],[11.874178074812917,45.40648997662192,17.0],[11.874107382009576,45.40649949823494,17.0],[11.874110586965879,45.40651480966142,17.0],[11.874068969002124,45.40652062889324,17.0],[11.874080133733708,45.40655680258978,17.0],[11.874189878704842,45.40654377675434,17.0]]]}},{"type":"Feature","id":"UN_VOL:40632","properties":{"OBJECTID":40632,"UN_VOL_POR":"01","UN_VOL_STA":"","UN_VOL_QGR":28.77,"UN_VOL_QCO":0.0,"UN_VOL_AV":13.44,"UN_VOL_INH":0.0,"Shape_Leng":87.6702148827,"Shape_Area":206.000822219},"geometry":{"type":"Polygon","coordinates":[[[11.872914232404497,45.40655447989989,16.0],[11.872910016120366,45.40654189413825,16.0],[11.872896140122212,45.40650011759274,16.0],[11.872822051392204,45.40651827563006,16.0],[11.872813021763744,45.40650401089748,16.0],[11.872783983379815,45.40651347304486,16.0],[11.872770557975823,45.406450352232405,16.0],[11.87267058460704,45.40644944864047,16.0],[11.87265431600001,45.406400801427,16.0],[11.872667980309735,45.406400637503076,16.0],[11.872665709708924,45.4063709905273,16.0],[11.872619916077475,45.406372593670724,16.0],[11.872608817784258,45.40637548326868,16.0],[11.872727012753886,45.406596998904796,16.0],[11.872914232404497,45.40655447989989,16.0]]]}},{"type":"Feature","id":"UN_VOL:40641","properties":{"OBJECTID":40641,"UN_VOL_POR":"01","UN_VOL_STA":"","UN_VOL_QGR":35.63,"UN_VOL_QCO":0.0,"UN_VOL_AV":19.7,"UN_VOL_INH":0.0,"Shape_Leng":27.6305494511,"Shape_Area":37.2430430401},"geometry":{"type":"Polygon","coordinates":[[[11.874958135692438,45.40666736208521,17.0],[11.874943931037134,45.40663675558651,17.0],[11.874867723747945,45.40665595806881,17.0],[11.87487849108146,45.406679270074044,17.0],[11.874867566042663,45.406680535463785,17.0],[11.87488256878392,45.406714272331996,17.0],[11.874940079790004,45.40669932132607,17.0],[11.874928687625262,45.4066737746797,17.0],[11.874958135692438,45.40666736208521,17.0]]]}},{"type":"Feature","id":"UN_VOL:40642","properties":{"OBJECTID":40642,"UN_VOL_POR":"01","UN_VOL_STA":"","UN_VOL_QGR":25.64,"UN_VOL_QCO":0.0,"UN_VOL_AV":10.14,"UN_VOL_INH":0.0,"Shape_Leng":35.2474482068,"Shape_Area":61.6049895885},"geometry":{"type":"Polygon","coordinates":[[[11.873362322727127,45.406747345317925,16.0],[11.873351664447403,45.40670854822061,16.0],[11.873342960301406,45.406637747381765,16.0],[11.873289117479954,45.40664189353868,16.0],[11.87327176546475,45.4066424205403,16.0],[11.87330217181405,45.40674552949073,16.0],[11.873305344511458,45.40675517114211,16.0],[11.873362322727127,45.406747345317925,16.0]]]}},{"type":"Feature","id":"UN_VOL:40645","properties":{"OBJECTID":40645,"UN_VOL_POR":"01","UN_VOL_STA":"","UN_VOL_QGR":26.09,"UN_VOL_QCO":0.0,"UN_VOL_AV":9.85,"UN_VOL_INH":0.0,"Shape_Leng":57.7916268835,"Shape_Area":188.959481173},"geometry":{"type":"Polygon","coordinates":[[[11.874737785226056,45.4067091887637,17.0],[11.874805355690729,45.40669605467828,17.0],[11.874774785041163,45.40661995417382,17.0],[11.8747654662895,45.4065899449271,17.0],[11.87475341240302,45.406551363215875,16.0],[11.874748393044106,45.406535557240026,16.0],[11.874728306601376,45.40654011385654,16.0],[11.8746275411664,45.40655633459304,16.0],[11.874623611886841,45.406556973866564,16.0],[11.87462930618754,45.40657600296928,16.0],[11.87465643181199,45.40666479218135,17.0],[11.874678164055988,45.40672284251891,17.0],[11.874737785226056,45.4067091887637,17.0]]]}},{"type":"Feature","id":"UN_VOL:40649","properties":{"OBJECTID":40649,"UN_VOL_POR":"01","UN_VOL_STA":"","UN_VOL_QGR":25.81,"UN_VOL_QCO":0.0,"UN_VOL_AV":10.31,"UN_VOL_INH":0.0,"Shape_Leng":50.47418148,"Shape_Area":158.821894324},"geometry":{"type":"Polygon","coordinates":[[[11.873140273820658,45.40676328833413,16.0],[11.873246811079605,45.40674998399204,16.0],[11.87330217181405,45.40674552949073,16.0],[11.87327176546475,45.4066424205403,16.0],[11.873184868584044,45.40664487885999,16.0],[11.8731819332636,45.406644952774116,16.0],[11.873152101489012,45.406653895102444,16.0],[11.873154960059914,45.406662374449425,16.0],[11.873098989132428,45.40667494533776,16.0],[11.87312881961481,45.40675664588186,16.0],[11.873134307974071,45.40676406849512,16.0],[11.873140273820658,45.40676328833413,16.0]]]}},{"type":"Feature","id":"UN_VOL:40659","properties":{"OBJECTID":40659,"UN_VOL_POR":"01","UN_VOL_STA":"","UN_VOL_QGR":31.11,"UN_VOL_QCO":0.0,"UN_VOL_AV":14.19,"UN_VOL_INH":0.0,"Shape_Leng":28.7168150301,"Shape_Area":11.7186919144},"geometry":{"type":"Polygon","coordinates":[[[11.871905111136277,45.40679123325904,17.0],[11.871910096579558,45.40675096210603,17.0],[11.871842661505134,45.406744108083316,17.0],[11.87178715472967,45.40673812441013,17.0],[11.871784579611143,45.40675034086292,17.0],[11.871798116875587,45.40674513917925,17.0],[11.871815769903572,45.406745505293905,17.0],[11.871843340905512,45.40674742154559,17.0],[11.871860720350432,45.40675247502375,17.0],[11.871876153919393,45.40675946767915,17.0],[11.871891906111582,45.40677275286024,17.0],[11.871900808445428,45.40678450072829,17.0],[11.871904377582055,45.406796922332,17.0],[11.871905111136277,45.40679123325904,17.0]]]}},{"type":"Feature","id":"UN_VOL:40669","properties":{"OBJECTID":40669,"UN_VOL_POR":"01","UN_VOL_STA":"","UN_VOL_QGR":32.32,"UN_VOL_QCO":0.0,"UN_VOL_AV":15.73,"UN_VOL_INH":0.0,"Shape_Leng":53.1159775111,"Shape_Area":156.019269192},"geometry":{"type":"Polygon","coordinates":[[[11.875830210802526,45.40656806452753,17.0],[11.875772277486222,45.4064463874236,16.0],[11.875676485988237,45.40646995488246,16.0],[11.875667186618957,45.40645542703383,16.0],[11.875650249843066,45.406459094401214,16.0],[11.875634434137497,45.40646219323153,16.0],[11.875698511548853,45.40659415708679,16.0],[11.875699514823236,45.4065962921449,16.0],[11.875830210802526,45.40656806452753,17.0]]]}},{"type":"Feature","id":"UN_VOL:40671","properties":{"OBJECTID":40671,"UN_VOL_POR":"01","UN_VOL_STA":"","UN_VOL_QGR":26.37,"UN_VOL_QCO":0.0,"UN_VOL_AV":10.44,"UN_VOL_INH":0.0,"Shape_Leng":19.2448415048,"Shape_Area":21.3735379087},"geometry":{"type":"Polygon","coordinates":[[[11.874844479040117,45.40660586648458,17.0],[11.874851685036221,45.40660433500313,17.0],[11.874840520875459,45.40657824232212,17.0],[11.874838628935557,45.40657369955255,17.0],[11.8747654662895,45.4065899449271,17.0],[11.874774785041163,45.40661995417382,17.0],[11.874844479040117,45.40660586648458,17.0]]]}},{"type":"Feature","id":"UN_VOL:40684","properties":{"OBJECTID":40684,"UN_VOL_POR":"01","UN_VOL_STA":"","UN_VOL_QGR":28.65,"UN_VOL_QCO":0.0,"UN_VOL_AV":12.4,"UN_VOL_INH":0.0,"Shape_Leng":72.7450174657,"Shape_Area":243.195304859},"geometry":{"type":"Polygon","coordinates":[[[11.871588523110377,45.40698651730611,17.0],[11.871498029141474,45.40697349261796,17.0],[11.871496096376008,45.406973181071,17.0],[11.87146545772198,45.406968731747774,17.0],[11.871360674684352,45.40695363606237,17.0],[11.87133582863585,45.40695003066871,17.0],[11.871259692290195,45.40693790475004,17.0],[11.871244455322048,45.406934777517186,17.0],[11.87124218105799,45.40694284579322,17.0],[11.87122677984911,45.407007052358786,17.0],[11.87122478372641,45.40701556386928,17.0],[11.871566012411012,45.40706422469957,17.0],[11.871588523110377,45.40698651730611,17.0]]]}},{"type":"Feature","id":"UN_VOL:40689","properties":{"OBJECTID":40689,"UN_VOL_POR":"01","UN_VOL_STA":"","UN_VOL_QGR":28.35,"UN_VOL_QCO":0.0,"UN_VOL_AV":12.1,"UN_VOL_INH":0.0,"Shape_Leng":35.9080605784,"Shape_Area":67.834052897},"geometry":{"type":"Polygon","coordinates":[[[11.871707085767571,45.40703141996063,17.0],[11.871707331475351,45.40700603032483,17.0],[11.871708151690553,45.40699952904085,17.0],[11.871588372652289,45.40698355071777,17.0],[11.871588523110377,45.40698651730611,17.0],[11.871566012411012,45.40706422469957,17.0],[11.871599937647447,45.407050319188656,17.0],[11.871611409955023,45.407067402869224,17.0],[11.871707085767571,45.40703141996063,17.0]]]}},{"type":"Feature","id":"UN_VOL:40691","properties":{"OBJECTID":40691,"UN_VOL_POR":"01","UN_VOL_STA":"","UN_VOL_QGR":22.59,"UN_VOL_QCO":0.0,"UN_VOL_AV":7.7,"UN_VOL_INH":0.0,"Shape_Leng":54.7371758835,"Shape_Area":139.376152416},"geometry":{"type":"Polygon","coordinates":[[[11.870830977657878,45.406126516872035,16.0],[11.870822595251003,45.40606452920873,15.0],[11.87087128761091,45.406059613727834,15.0],[11.870864094815078,45.40602108899768,15.0],[11.870834756015032,45.40602713798803,15.0],[11.870833907781254,45.40603562061155,15.0],[11.870714431977952,45.40604573756771,15.0],[11.870657667845322,45.406050226119895,15.0],[11.870669486428405,45.40613715100265,15.0],[11.870830977657878,45.406126516872035,16.0]]]}},{"type":"Feature","id":"UN_VOL:40695","properties":{"OBJECTID":40695,"UN_VOL_POR":"01","UN_VOL_STA":"","UN_VOL_QGR":22.65,"UN_VOL_QCO":0.0,"UN_VOL_AV":6.87,"UN_VOL_INH":0.0,"Shape_Leng":49.7366855992,"Shape_Area":102.467913153},"geometry":{"type":"Polygon","coordinates":[[[11.873808291544915,45.40601466272151,16.0],[11.873710688757058,45.406010100022414,16.0],[11.87371238147114,45.405955329979555,16.0],[11.873650002170203,45.405949879709134,16.0],[11.873634446714584,45.406053786323284,16.0],[11.873706261101228,45.40605629796044,16.0],[11.87381506707863,45.406060038603854,16.0],[11.873817373702412,45.406060160601704,16.0],[11.873808291544915,45.40601466272151,16.0]]]}},{"type":"Feature","id":"UN_VOL:40703","properties":{"OBJECTID":40703,"UN_VOL_POR":"01","UN_VOL_STA":"","UN_VOL_QGR":33.24,"UN_VOL_QCO":0.0,"UN_VOL_AV":17.75,"UN_VOL_INH":0.0,"Shape_Leng":60.0824392109,"Shape_Area":237.920632884},"geometry":{"type":"Polygon","coordinates":[[[11.87199907504087,45.406053915504,15.0],[11.872020531480617,45.405957962065195,15.0],[11.87184188469327,45.40594274575079,15.0],[11.87184070430174,45.40594970633604,15.0],[11.87182280752194,45.406052861211,15.0],[11.87181934386886,45.406072751279346,15.0],[11.87186159158826,45.406107062692676,15.0],[11.871959153453279,45.40611333850523,15.0],[11.871991874267753,45.40609586248852,15.0],[11.87199907504087,45.406053915504,15.0]]]}},{"type":"Feature","id":"UN_VOL:40707","properties":{"OBJECTID":40707,"UN_VOL_POR":"01","UN_VOL_STA":"","UN_VOL_QGR":33.13,"UN_VOL_QCO":0.0,"UN_VOL_AV":17.84,"UN_VOL_INH":0.0,"Shape_Leng":13.8087884794,"Shape_Area":11.9024252804},"geometry":{"type":"Polygon","coordinates":[[[11.872627113124864,45.406091303106024,15.0],[11.872612262400127,45.40606053248605,15.0],[11.872570553462388,45.40607211411822,15.0],[11.872586543473158,45.4061001554366,15.0],[11.872627113124864,45.406091303106024,15.0]]]}},{"type":"Feature","id":"UN_VOL:40715","properties":{"OBJECTID":40715,"UN_VOL_POR":"01","UN_VOL_STA":"","UN_VOL_QGR":29.0,"UN_VOL_QCO":0.0,"UN_VOL_AV":13.79,"UN_VOL_INH":0.0,"Shape_Leng":58.8852165675,"Shape_Area":123.323197568},"geometry":{"type":"Polygon","coordinates":[[[11.874741981147094,45.405845502206894,15.0],[11.874741990160585,45.40584316193214,15.0],[11.874683653831406,45.40584184100722,16.0],[11.874683581068695,45.405845443543456,16.0],[11.874683517302117,45.405846705415556,16.0],[11.874682967228276,45.40586859207357,16.0],[11.874698049446152,45.40586866232372,16.0],[11.874699659694077,45.40588275364678,16.0],[11.87466889843669,45.40588091846126,16.0],[11.874668757320608,45.40588569254848,16.0],[11.874667916585034,45.40591946842036,16.0],[11.87463458721735,45.406025622732045,16.0],[11.874708463173167,45.406051125596235,16.0],[11.874740041595953,45.40593565401767,15.0],[11.874741981147094,45.405845502206894,15.0]]]}},{"type":"Feature","id":"UN_VOL:40737","properties":{"OBJECTID":40737,"UN_VOL_POR":"01","UN_VOL_STA":"","UN_VOL_QGR":29.8,"UN_VOL_QCO":0.0,"UN_VOL_AV":14.02,"UN_VOL_INH":0.0,"Shape_Leng":67.9905470799,"Shape_Area":255.496135865},"geometry":{"type":"Polygon","coordinates":[[[11.874094895393846,45.40599925269378,16.0],[11.874096015694304,45.40597852189429,16.0],[11.874005272371539,45.40597315633689,16.0],[11.87380879927667,45.40596172267931,16.0],[11.873808291544915,45.40601466272151,16.0],[11.873817373702412,45.406060160601704,16.0],[11.87381819472592,45.40606878090838,16.0],[11.873850432260495,45.40606949935876,16.0],[11.87393998152768,45.40607147450543,16.0],[11.87402134000771,45.40607572619098,16.0],[11.874021855443399,45.40608084392709,16.0],[11.874091185400165,45.40608224807127,16.0],[11.874094895393846,45.40599925269378,16.0]]]}},{"type":"Feature","id":"UN_VOL:40743","properties":{"OBJECTID":40743,"UN_VOL_POR":"01","UN_VOL_STA":"","UN_VOL_QGR":31.44,"UN_VOL_QCO":0.0,"UN_VOL_AV":15.49,"UN_VOL_INH":0.0,"Shape_Leng":51.5561215571,"Shape_Area":125.72887233},"geometry":{"type":"Polygon","coordinates":[[[11.876348251621645,45.40588387289447,16.0],[11.876337859719323,45.40588557482985,16.0],[11.876333519847744,45.405875602887235,16.0],[11.876261087108018,45.40588607016656,16.0],[11.876325005126589,45.406055122559884,16.0],[11.87640530872446,45.40603860611852,16.0],[11.876348251621645,45.40588387289447,16.0]]]}},{"type":"Feature","id":"UN_VOL:40745","properties":{"OBJECTID":40745,"UN_VOL_POR":"01","UN_VOL_STA":"","UN_VOL_QGR":25.85,"UN_VOL_QCO":0.0,"UN_VOL_AV":10.39,"UN_VOL_INH":0.0,"Shape_Leng":24.9174261413,"Shape_Area":39.0694300411},"geometry":{"type":"Polygon","coordinates":[[[11.873190511605955,45.40613157521997,16.0],[11.873182556280636,45.406090639743546,16.0],[11.873171858241617,45.40607119628483,16.0],[11.873107929314607,45.406072986144494,16.0],[11.873116423141903,45.406137131177566,16.0],[11.873190511605955,45.40613157521997,16.0]]]}},{"type":"Feature","id":"UN_VOL:40751","properties":{"OBJECTID":40751,"UN_VOL_POR":"01","UN_VOL_STA":"","UN_VOL_QGR":27.19,"UN_VOL_QCO":0.0,"UN_VOL_AV":12.41,"UN_VOL_INH":0.0,"Shape_Leng":56.0966482417,"Shape_Area":173.995050558},"geometry":{"type":"Polygon","coordinates":[[[11.870981997330022,45.408381583043656,15.0],[11.871095370661063,45.40836441835004,15.0],[11.87105888711045,45.40827496369901,15.0],[11.87103672556611,45.408278941550606,15.0],[11.87101509720421,45.408220347635634,15.0],[11.870957510667441,45.40822881752861,15.0],[11.870903474559137,45.40823674821637,15.0],[11.870954730955104,45.40838568932491,15.0],[11.870981997330022,45.408381583043656,15.0]]]}},{"type":"Feature","id":"UN_VOL:40755","properties":{"OBJECTID":40755,"UN_VOL_POR":"01","UN_VOL_STA":"","UN_VOL_QGR":28.85,"UN_VOL_QCO":0.0,"UN_VOL_AV":12.69,"UN_VOL_INH":0.0,"Shape_Leng":56.0610400502,"Shape_Area":165.567647229},"geometry":{"type":"Polygon","coordinates":[[[11.874123079688333,45.40822851465207,16.0],[11.874138058647572,45.408171159168774,16.0],[11.874140809870081,45.40814228581105,17.0],[11.87414117443699,45.40813687615966,17.0],[11.874046078965604,45.40812387935928,16.0],[11.874034238563759,45.4081474007055,16.0],[11.874018143936302,45.40814501582144,16.0],[11.874002598889367,45.40818870350425,16.0],[11.873996437488772,45.40820578086679,16.0],[11.8739659782069,45.40824768386091,16.0],[11.874063839162392,45.40831011808871,16.0],[11.874097533488394,45.408251391116735,16.0],[11.87410373550993,45.40822504141524,16.0],[11.874123079688333,45.40822851465207,16.0]]]}},{"type":"Feature","id":"UN_VOL:40757","properties":{"OBJECTID":40757,"UN_VOL_POR":"01","UN_VOL_STA":"","UN_VOL_QGR":25.14,"UN_VOL_QCO":0.0,"UN_VOL_AV":9.04,"UN_VOL_INH":0.0,"Shape_Leng":36.3805349683,"Shape_Area":42.0365766699},"geometry":{"type":"Polygon","coordinates":[[[11.874491950712342,45.408234974445456,16.0],[11.874494866999974,45.408216898636994,16.0],[11.874423496766957,45.40821563618415,17.0],[11.87438241008429,45.40821181064777,17.0],[11.874375539373954,45.408257709955244,17.0],[11.874364160173073,45.40829283146405,17.0],[11.87440487326,45.40830188718281,16.0],[11.87442130099204,45.408235314292085,17.0],[11.874491950712342,45.408234974445456,16.0]]]}},{"type":"Feature","id":"UN_VOL:40760","properties":{"OBJECTID":40760,"UN_VOL_POR":"01","UN_VOL_STA":"","UN_VOL_QGR":26.95,"UN_VOL_QCO":0.0,"UN_VOL_AV":10.93,"UN_VOL_INH":0.0,"Shape_Leng":27.410930792,"Shape_Area":35.3045234334},"geometry":{"type":"Polygon","coordinates":[[[11.873425227016225,45.40870695495537,16.0],[11.873479354425879,45.40870082131869,16.0],[11.873474794777971,45.40867141210794,16.0],[11.87347358228415,45.408667661847495,16.0],[11.873423411046891,45.40866865557238,16.0],[11.87342155957416,45.40864475872066,16.0],[11.873387245841366,45.408643462496045,16.0],[11.873393644230461,45.40871162114413,16.0],[11.873425227016225,45.40870695495537,16.0]]]}},{"type":"Feature","id":"UN_VOL:40761","properties":{"OBJECTID":40761,"UN_VOL_POR":"01","UN_VOL_STA":"","UN_VOL_QGR":28.46,"UN_VOL_QCO":0.0,"UN_VOL_AV":12.52,"UN_VOL_INH":0.0,"Shape_Leng":37.8414159591,"Shape_Area":80.9825658315},"geometry":{"type":"Polygon","coordinates":[[[11.874094857168886,45.40868450909177,16.0],[11.874101020977951,45.40862971609733,16.0],[11.874008532155617,45.40862529497994,16.0],[11.873955302227362,45.408621414968245,16.0],[11.873945490861406,45.408659737457995,16.0],[11.873943509174829,45.40867859974219,16.0],[11.873995586067307,45.40868241875534,16.0],[11.873994656705703,45.40868928338042,16.0],[11.874086051319885,45.4086948122424,16.0],[11.874087167464646,45.40868407245951,16.0],[11.874094857168886,45.40868450909177,16.0]]]}},{"type":"Feature","id":"UN_VOL:40763","properties":{"OBJECTID":40763,"UN_VOL_POR":"01","UN_VOL_STA":"","UN_VOL_QGR":28.79,"UN_VOL_QCO":0.0,"UN_VOL_AV":12.16,"UN_VOL_INH":0.0,"Shape_Leng":19.5730651919,"Shape_Area":21.0795276489},"geometry":{"type":"Polygon","coordinates":[[[11.876850494418395,45.40861866451669,17.0],[11.876848159412381,45.40857020688663,17.0],[11.876800810371584,45.4085714006928,17.0],[11.876804038743547,45.40862235632982,17.0],[11.876835311916132,45.408626698561385,17.0],[11.876835320126142,45.40861679671706,17.0],[11.876850494418395,45.40861866451669,17.0]]]}},{"type":"Feature","id":"UN_VOL:40779","properties":{"OBJECTID":40779,"UN_VOL_POR":"01","UN_VOL_STA":"","UN_VOL_QGR":32.54,"UN_VOL_QCO":0.0,"UN_VOL_AV":16.52,"UN_VOL_INH":0.0,"Shape_Leng":14.3392966068,"Shape_Area":12.1327141593},"geometry":{"type":"Polygon","coordinates":[[[11.873207501584277,45.40833987600797,17.0],[11.873224193423148,45.408336395265934,17.0],[11.873214177268137,45.40829767204121,17.0],[11.873178601983108,45.408304238472674,17.0],[11.873191949686017,45.408343147949154,17.0],[11.873207501584277,45.40833987600797,17.0]]]}},{"type":"Feature","id":"UN_VOL:40781","properties":{"OBJECTID":40781,"UN_VOL_POR":"01","UN_VOL_STA":"","UN_VOL_QGR":23.64,"UN_VOL_QCO":0.0,"UN_VOL_AV":8.25,"UN_VOL_INH":0.0,"Shape_Leng":25.8378074463,"Shape_Area":37.6449209706},"geometry":{"type":"Polygon","coordinates":[[[11.872164946948386,45.408359012993174,16.0],[11.872158255140295,45.40833289752397,16.0],[11.872156827823998,45.40831988173635,16.0],[11.87204877000544,45.408333493081344,16.0],[11.872050050789223,45.40833859156029,16.0],[11.872058265554472,45.40837204941904,16.0],[11.872067467949925,45.40837208792496,16.0],[11.872164946948386,45.408359012993174,16.0]]]}},{"type":"Feature","id":"UN_VOL:40782","properties":{"OBJECTID":40782,"UN_VOL_POR":"01","UN_VOL_STA":"","UN_VOL_QGR":27.43,"UN_VOL_QCO":0.0,"UN_VOL_AV":11.28,"UN_VOL_INH":0.0,"Shape_Leng":28.2860501657,"Shape_Area":40.6193473673},"geometry":{"type":"Polygon","coordinates":[[[11.876581330248358,45.408233086047225,17.0],[11.876561246877083,45.408184895373765,17.0],[11.876484909838192,45.4081965413936,17.0],[11.876500666183055,45.40823502957404,17.0],[11.87649902123519,45.408235341183584,17.0],[11.876488765722856,45.40823721978742,17.0],[11.876495710056092,45.40826071805921,17.0],[11.876541357888724,45.40825119603563,17.0],[11.876537965531766,45.40823975985798,17.0],[11.876581330248358,45.408233086047225,17.0]]]}},{"type":"Feature","id":"UN_VOL:40783","properties":{"OBJECTID":40783,"UN_VOL_POR":"01","UN_VOL_STA":"","UN_VOL_QGR":28.69,"UN_VOL_QCO":0.0,"UN_VOL_AV":12.59,"UN_VOL_INH":0.0,"Shape_Leng":28.0474505948,"Shape_Area":36.1233174049},"geometry":{"type":"Polygon","coordinates":[[[11.874491950712342,45.408234974445456,16.0],[11.87442130099204,45.408235314292085,17.0],[11.87440487326,45.40830188718281,16.0],[11.874451184237149,45.40831296220789,16.0],[11.874458346082353,45.40826525540585,16.0],[11.8744866884943,45.40826724163081,16.0],[11.874491950712342,45.408234974445456,16.0]]]}},{"type":"Feature","id":"UN_VOL:40785","properties":{"OBJECTID":40785,"UN_VOL_POR":"01","UN_VOL_STA":"","UN_VOL_QGR":25.78,"UN_VOL_QCO":0.0,"UN_VOL_AV":9.76,"UN_VOL_INH":0.0,"Shape_Leng":92.7196687602,"Shape_Area":378.55231693},"geometry":{"type":"Polygon","coordinates":[[[11.87350484761478,45.40833445840218,16.0],[11.873610305342641,45.40828724613609,16.0],[11.873653755852683,45.40825959817461,16.0],[11.873700984352766,45.40830386518571,16.0],[11.873807868439037,45.408254546516694,16.0],[11.873792361048602,45.40824107534395,16.0],[11.873672008403313,45.40812573982308,16.0],[11.873525583435674,45.4081840652128,15.0],[11.873509006284099,45.408189793500775,15.0],[11.873491415357943,45.40816548299548,16.0],[11.873456934192758,45.408178502989635,16.0],[11.873479484640196,45.40820736908573,16.0],[11.873413968336704,45.40823332227511,17.0],[11.873441213395417,45.40826909146452,16.0],[11.873493365968613,45.40833735773984,16.0],[11.87350484761478,45.40833445840218,16.0]]]}},{"type":"Feature","id":"UN_VOL:40790","properties":{"OBJECTID":40790,"UN_VOL_POR":"01","UN_VOL_STA":"","UN_VOL_QGR":26.01,"UN_VOL_QCO":0.0,"UN_VOL_AV":9.98,"UN_VOL_INH":0.0,"Shape_Leng":65.186467255,"Shape_Area":207.414725456},"geometry":{"type":"Polygon","coordinates":[[[11.875043424000165,45.40808777155221,16.0],[11.874935589446055,45.40808562805915,16.0],[11.874931212924682,45.40813281486841,16.0],[11.874925698413653,45.40826581258057,16.0],[11.874919515874899,45.40829756269365,16.0],[11.875036594444447,45.40830307398075,16.0],[11.875043424000165,45.40808777155221,16.0]]]}},{"type":"Feature","id":"UN_VOL:40795","properties":{"OBJECTID":40795,"UN_VOL_POR":"01","UN_VOL_STA":"","UN_VOL_QGR":19.65,"UN_VOL_QCO":0.0,"UN_VOL_AV":4.87,"UN_VOL_INH":0.0,"Shape_Leng":30.8363759871,"Shape_Area":54.0288836131},"geometry":{"type":"Polygon","coordinates":[[[11.870829885476066,45.408400892131674,15.0],[11.870816347544425,45.40831284072226,15.0],[11.870746658982576,45.40832206484097,15.0],[11.870755784305373,45.40839366529717,15.0],[11.870790512509478,45.408413224366356,15.0],[11.870790024725363,45.40840612567188,15.0],[11.870829885476066,45.408400892131674,15.0]]]}},{"type":"Feature","id":"UN_VOL:40804","properties":{"OBJECTID":40804,"UN_VOL_POR":"01","UN_VOL_STA":"","UN_VOL_QGR":30.02,"UN_VOL_QCO":0.0,"UN_VOL_AV":14.89,"UN_VOL_INH":0.0,"Shape_Leng":33.761980211,"Shape_Area":71.098249511},"geometry":{"type":"Polygon","coordinates":[[[11.872061611936488,45.40876802055061,15.0],[11.872048163829094,45.408696889198566,15.0],[11.871938318341764,45.40870550476504,15.0],[11.871948557302145,45.408778877247585,15.0],[11.872061611936488,45.40876802055061,15.0]]]}},{"type":"Feature","id":"UN_VOL:40812","properties":{"OBJECTID":40812,"UN_VOL_POR":"01","UN_VOL_STA":"","UN_VOL_QGR":30.27,"UN_VOL_QCO":0.0,"UN_VOL_AV":14.15,"UN_VOL_INH":0.0,"Shape_Leng":61.9091673608,"Shape_Area":111.293252712},"geometry":{"type":"Polygon","coordinates":[[[11.87276281778501,45.40875585918187,16.0],[11.872750258282492,45.40870225764517,16.0],[11.872818976288555,45.40869656700303,16.0],[11.872817434920549,45.40868886490674,16.0],[11.872744109132318,45.40869440141823,16.0],[11.872707293490436,45.40858083247883,16.0],[11.872643457578238,45.40858955060911,16.0],[11.872645714428128,45.408606326300934,16.0],[11.872680515677606,45.40872300639626,16.0],[11.872689162367262,45.40872215876473,16.0],[11.872696839580637,45.408760130499225,16.0],[11.872721758241052,45.408757612925044,16.0],[11.872722624699907,45.408762091889926,16.0],[11.87276281778501,45.40875585918187,16.0]]]}},{"type":"Feature","id":"UN_VOL:40816","properties":{"OBJECTID":40816,"UN_VOL_POR":"01","UN_VOL_STA":"","UN_VOL_QGR":28.21,"UN_VOL_QCO":0.0,"UN_VOL_AV":12.19,"UN_VOL_INH":0.0,"Shape_Leng":20.5624887503,"Shape_Area":20.1580519178},"geometry":{"type":"Polygon","coordinates":[[[11.87368212352804,45.408732889982026,16.0],[11.873689735656397,45.40873179818997,16.0],[11.873686747684083,45.40869559823509,16.0],[11.873636335477752,45.40870190854365,16.0],[11.873639149030126,45.40872209041332,16.0],[11.873609179836897,45.40872581555578,16.0],[11.87361514247066,45.408742587945866,16.0],[11.87368212352804,45.408732889982026,16.0]]]}},{"type":"Feature","id":"UN_VOL:40818","properties":{"OBJECTID":40818,"UN_VOL_POR":"01","UN_VOL_STA":"","UN_VOL_QGR":31.66,"UN_VOL_QCO":0.0,"UN_VOL_AV":15.67,"UN_VOL_INH":0.0,"Shape_Leng":66.5874282181,"Shape_Area":211.879568528},"geometry":{"type":"Polygon","coordinates":[[[11.877944508141058,45.4086137589794,16.0],[11.877931806593756,45.40852478685515,16.0],[11.877929549580056,45.40851557247292,16.0],[11.877923528258627,45.408515274501994,16.0],[11.877813688031624,45.40852146511649,16.0],[11.877803982398545,45.40847382334169,16.0],[11.877801875658312,45.40846253487042,16.0],[11.877718682083366,45.40846751343169,16.0],[11.877720310127584,45.40847440363441,16.0],[11.877771217373551,45.408638742628085,16.0],[11.87787276438743,45.40862024940263,16.0],[11.877944508141058,45.4086137589794,16.0]]]}},{"type":"Feature","id":"UN_VOL:40826","properties":{"OBJECTID":40826,"UN_VOL_POR":"01","UN_VOL_STA":"","UN_VOL_QGR":31.63,"UN_VOL_QCO":0.0,"UN_VOL_AV":14.6,"UN_VOL_INH":0.0,"Shape_Leng":69.9826464803,"Shape_Area":175.559371758},"geometry":{"type":"Polygon","coordinates":[[[11.877337692242062,45.40867271922623,17.0],[11.877356908569242,45.40867115446739,17.0],[11.877353058884983,45.40864820814769,17.0],[11.87738258587394,45.408643322953615,17.0],[11.877379147393727,45.40862846774641,17.0],[11.877368162341481,45.40859084949355,17.0],[11.877337829008393,45.408597465126995,17.0],[11.877316027538127,45.408520514250036,17.0],[11.877314588169085,45.40844944048766,17.0],[11.877314441716473,45.40844404332302,17.0],[11.877261627552198,45.40844834550994,17.0],[11.877208818501682,45.4084527375902,17.0],[11.877215558808267,45.40848479228784,17.0],[11.877254156279957,45.4085603295218,17.0],[11.877284298374976,45.40867316520013,17.0],[11.877308105837335,45.408676435688655,17.0],[11.877337692242062,45.40867271922623,17.0]]]}},{"type":"Feature","id":"UN_VOL:40840","properties":{"OBJECTID":40840,"UN_VOL_POR":"01","UN_VOL_STA":"","UN_VOL_QGR":25.15,"UN_VOL_QCO":0.0,"UN_VOL_AV":9.12,"UN_VOL_INH":0.0,"Shape_Leng":34.197722574,"Shape_Area":63.6898004282},"geometry":{"type":"Polygon","coordinates":[[[11.873549160478918,45.40876693287704,16.0],[11.873571071205921,45.408763050510686,16.0],[11.873560257202723,45.40872119694409,16.0],[11.873553875157073,45.4087062356594,16.0],[11.873553432812287,45.4087050765812,16.0],[11.87354592815557,45.40866295957611,16.0],[11.873474794777971,45.40867141210794,16.0],[11.873479354425879,45.40870082131869,16.0],[11.873481305900459,45.40871409402922,16.0],[11.873504034859168,45.408756547618694,16.0],[11.873508379920919,45.40877669092231,17.0],[11.873511566137118,45.40877652063449,17.0],[11.873549160478918,45.40876693287704,16.0]]]}},{"type":"Feature","id":"UN_VOL:40842","properties":{"OBJECTID":40842,"UN_VOL_POR":"01","UN_VOL_STA":"","UN_VOL_QGR":32.0,"UN_VOL_QCO":0.0,"UN_VOL_AV":15.98,"UN_VOL_INH":0.0,"Shape_Leng":13.4210087185,"Shape_Area":9.78911204211},"geometry":{"type":"Polygon","coordinates":[[[11.873508379920919,45.40877669092231,17.0],[11.873504034859168,45.408756547618694,16.0],[11.8734479112551,45.4087611114754,16.0],[11.873448586677902,45.408779456991994,16.0],[11.873508379920919,45.40877669092231,17.0]]]}},{"type":"Feature","id":"UN_VOL:40855","properties":{"OBJECTID":40855,"UN_VOL_POR":"01","UN_VOL_STA":"","UN_VOL_QGR":28.42,"UN_VOL_QCO":0.0,"UN_VOL_AV":12.21,"UN_VOL_INH":0.0,"Shape_Leng":16.9426031557,"Shape_Area":17.4962055708},"geometry":{"type":"Polygon","coordinates":[[[11.873936456403287,45.40872846449485,16.0],[11.873889562497238,45.408728565456,16.0],[11.873884852056898,45.408771710085865,16.0],[11.873930250948026,45.40877236676673,16.0],[11.873936456403287,45.40872846449485,16.0]]]}},{"type":"Feature","id":"UN_VOL:40856","properties":{"OBJECTID":40856,"UN_VOL_POR":"01","UN_VOL_STA":"","UN_VOL_QGR":26.61,"UN_VOL_QCO":0.0,"UN_VOL_AV":10.49,"UN_VOL_INH":0.0,"Shape_Leng":33.6679982892,"Shape_Area":60.29774266},"geometry":{"type":"Polygon","coordinates":[[[11.87284562687927,45.40879869043711,16.0],[11.872828700679383,45.40874717949317,16.0],[11.872818976288555,45.40869656700303,16.0],[11.872750258282492,45.40870225764517,16.0],[11.87276281778501,45.40875585918187,16.0],[11.87277678104028,45.40880186417344,16.0],[11.872780094936678,45.40880169069143,16.0],[11.872841492741559,45.4087978044015,16.0],[11.87284562687927,45.40879869043711,16.0]]]}},{"type":"Feature","id":"UN_VOL:40857","properties":{"OBJECTID":40857,"UN_VOL_POR":"01","UN_VOL_STA":"","UN_VOL_QGR":30.76,"UN_VOL_QCO":0.0,"UN_VOL_AV":15.37,"UN_VOL_INH":0.0,"Shape_Leng":89.3672550204,"Shape_Area":319.538831331},"geometry":{"type":"Polygon","coordinates":[[[11.872722624699907,45.408762091889926,16.0],[11.872721758241052,45.408757612925044,16.0],[11.872696839580637,45.408760130499225,16.0],[11.872689162367262,45.40872215876473,16.0],[11.872680515677606,45.40872300639626,16.0],[11.872645714428128,45.408606326300934,16.0],[11.87254033623479,45.408617350118575,16.0],[11.872553597782492,45.40867471441021,16.0],[11.872465531068212,45.408684402645555,16.0],[11.872414699201244,45.40869000299403,16.0],[11.872415396894885,45.40869367578882,16.0],[11.872402565951091,45.40869516901507,16.0],[11.872411723756715,45.40872707309095,16.0],[11.872424819183752,45.40872575329905,16.0],[11.872438924249542,45.40878714652416,16.0],[11.872592582303877,45.408770586643,16.0],[11.872601047747395,45.408806468632996,16.0],[11.872729080351991,45.4087936137379,16.0],[11.872722624699907,45.408762091889926,16.0]]]}},{"type":"Feature","id":"UN_VOL:40858","properties":{"OBJECTID":40858,"UN_VOL_POR":"01","UN_VOL_STA":"","UN_VOL_QGR":25.61,"UN_VOL_QCO":0.0,"UN_VOL_AV":9.49,"UN_VOL_INH":0.0,"Shape_Leng":47.6006217028,"Shape_Area":91.2742412459},"geometry":{"type":"Polygon","coordinates":[[[11.873125124831375,45.408781481515426,16.0],[11.873134915484469,45.40878051499781,16.0],[11.873123500410898,45.40873687636916,16.0],[11.872974191006096,45.40875098703476,16.0],[11.872968455883841,45.40872862832128,16.0],[11.87291231395371,45.40873031204818,16.0],[11.872914146642152,45.40873872718231,16.0],[11.87293038056547,45.40879925671366,16.0],[11.872936624796932,45.40879891978802,16.0],[11.873125124831375,45.408781481515426,16.0]]]}},{"type":"Feature","id":"UN_VOL:40955","properties":{"OBJECTID":40955,"UN_VOL_POR":"02","UN_VOL_STA":"","UN_VOL_QGR":23.61,"UN_VOL_QCO":0.0,"UN_VOL_AV":7.16,"UN_VOL_INH":3.12,"Shape_Leng":18.9765495484,"Shape_Area":5.32628710656},"geometry":{"type":"Polygon","coordinates":[[[11.87362004403839,45.40807880178975,16.0],[11.87356553522948,45.408009424691784,16.0],[11.873558210492895,45.408011139565396,16.0],[11.873609177297944,45.408076195137866,16.0],[11.873611862074014,45.40808125824032,16.0],[11.87362004403839,45.40807880178975,16.0]]]}},{"type":"Feature","id":"UN_VOL:41031","properties":{"OBJECTID":41031,"UN_VOL_POR":"01","UN_VOL_STA":"","UN_VOL_QGR":34.21,"UN_VOL_QCO":0.0,"UN_VOL_AV":18.04,"UN_VOL_INH":0.0,"Shape_Leng":26.0429972427,"Shape_Area":39.5577708983},"geometry":{"type":"Polygon","coordinates":[[[11.875611007238222,45.406053766489045,16.0],[11.875575401507005,45.406004346762074,16.0],[11.87551854831993,45.4060246823715,16.0],[11.875524109413579,45.4060335433965,16.0],[11.875499219826136,45.40604164180479,16.0],[11.87552634649962,45.40607759319322,16.0],[11.875611007238222,45.406053766489045,16.0]]]}},{"type":"Feature","id":"UN_VOL:41034","properties":{"OBJECTID":41034,"UN_VOL_POR":"01","UN_VOL_STA":"","UN_VOL_QGR":23.43,"UN_VOL_QCO":0.0,"UN_VOL_AV":7.79,"UN_VOL_INH":0.0,"Shape_Leng":8.77477211305,"Shape_Area":4.55898929921},"geometry":{"type":"Polygon","coordinates":[[[11.870720598702132,45.40620013392698,15.0],[11.87075548487587,45.406202676818324,15.0],[11.870755033778938,45.406186215838815,15.0],[11.870721542272891,45.40618597829584,15.0],[11.870720598702132,45.40620013392698,15.0]]]}},{"type":"Feature","id":"UN_VOL:41039","properties":{"OBJECTID":41039,"UN_VOL_POR":"01","UN_VOL_STA":"","UN_VOL_QGR":38.02,"UN_VOL_QCO":0.0,"UN_VOL_AV":22.7,"UN_VOL_INH":0.0,"Shape_Leng":33.6772678668,"Shape_Area":38.5303876795},"geometry":{"type":"Polygon","coordinates":[[[11.877510034133888,45.406031724612056,14.0],[11.877457422520319,45.40595195002708,14.0],[11.877469235647586,45.405948051414754,14.0],[11.877450686467178,45.40591998527256,14.0],[11.87740606652171,45.40593461246106,14.0],[11.8774804273134,45.40604003207347,14.0],[11.877510034133888,45.406031724612056,14.0]]]}},{"type":"Feature","id":"UN_VOL:41050","properties":{"OBJECTID":41050,"UN_VOL_POR":"01","UN_VOL_STA":"","UN_VOL_QGR":29.22,"UN_VOL_QCO":0.0,"UN_VOL_AV":13.91,"UN_VOL_INH":0.0,"Shape_Leng":30.5826037816,"Shape_Area":49.8682674936},"geometry":{"type":"Polygon","coordinates":[[[11.877167351091103,45.406042436487,12.0],[11.877177925233553,45.40603928952151,12.0],[11.877168018713629,45.406020366370065,12.0],[11.877131351354196,45.40595009122522,14.0],[11.877070911799185,45.40596772737015,14.0],[11.877087696606823,45.40599376776603,14.0],[11.87712732058124,45.406054337261445,13.0],[11.877167351091103,45.406042436487,12.0]]]}},{"type":"Feature","id":"UN_VOL:41052","properties":{"OBJECTID":41052,"UN_VOL_POR":"01","UN_VOL_STA":"","UN_VOL_QGR":37.71,"UN_VOL_QCO":0.0,"UN_VOL_AV":22.39,"UN_VOL_INH":0.0,"Shape_Leng":30.1003327978,"Shape_Area":26.5882200705},"geometry":{"type":"Polygon","coordinates":[[[11.8774804273134,45.40604003207347,14.0],[11.87740606652171,45.40593461246106,14.0],[11.877384827746633,45.40594162908997,14.0],[11.87745345019142,45.40604728347511,14.0],[11.8774804273134,45.40604003207347,14.0]]]}},{"type":"Feature","id":"UN_VOL:41058","properties":{"OBJECTID":41058,"UN_VOL_POR":"01","UN_VOL_STA":"","UN_VOL_QGR":22.94,"UN_VOL_QCO":0.0,"UN_VOL_AV":7.3,"UN_VOL_INH":0.0,"Shape_Leng":22.4333107356,"Shape_Area":25.3744274942},"geometry":{"type":"Polygon","coordinates":[[[11.87088085005725,45.40621293451443,16.0],[11.870867039452028,45.40617241634003,16.0],[11.870865635722431,45.4061674109865,16.0],[11.870793456845588,45.40617282734046,16.0],[11.870796752376144,45.406202538614004,15.0],[11.87084048557207,45.40620062824721,16.0],[11.870843229088688,45.406216941501356,16.0],[11.87088085005725,45.40621293451443,16.0]]]}},{"type":"Feature","id":"UN_VOL:41059","properties":{"OBJECTID":41059,"UN_VOL_POR":"01","UN_VOL_STA":"","UN_VOL_QGR":29.57,"UN_VOL_QCO":0.0,"UN_VOL_AV":14.28,"UN_VOL_INH":0.0,"Shape_Leng":14.5708048171,"Shape_Area":13.2474423335},"geometry":{"type":"Polygon","coordinates":[[[11.872658746821653,45.406155675631524,15.0],[11.872650587446959,45.40612833725587,15.0],[11.872606225867875,45.40614052557558,15.0],[11.87261935364667,45.40617259983842,15.0],[11.87262653682234,45.406170618448265,15.0],[11.872659307743012,45.40616169230689,15.0],[11.872658746821653,45.406155675631524,15.0]]]}},{"type":"Feature","id":"UN_VOL:41061","properties":{"OBJECTID":41061,"UN_VOL_POR":"01","UN_VOL_STA":"","UN_VOL_QGR":27.04,"UN_VOL_QCO":0.0,"UN_VOL_AV":11.09,"UN_VOL_INH":0.0,"Shape_Leng":66.4289335279,"Shape_Area":201.704494424},"geometry":{"type":"Polygon","coordinates":[[[11.876569303324475,45.40605715504527,16.0],[11.876499378553161,45.4058553996076,16.0],[11.876494442789427,45.405856334069796,16.0],[11.87648052751902,45.40585911496737,16.0],[11.876481917829816,45.40586133030846,16.0],[11.876391199591168,45.40587657933212,16.0],[11.876427709164293,45.405973952648424,16.0],[11.876409482191276,45.40597738251354,16.0],[11.876420716170033,45.406007343346545,16.0],[11.876438436492267,45.40600401629886,16.0],[11.876465481159984,45.4060760646582,16.0],[11.876569303324475,45.40605715504527,16.0]]]}},{"type":"Feature","id":"UN_VOL:41067","properties":{"OBJECTID":41067,"UN_VOL_POR":"01","UN_VOL_STA":"","UN_VOL_QGR":25.59,"UN_VOL_QCO":0.0,"UN_VOL_AV":10.07,"UN_VOL_INH":0.0,"Shape_Leng":124.614817714,"Shape_Area":591.496962139},"geometry":{"type":"Polygon","coordinates":[[[11.871533797727091,45.406189663173606,15.0],[11.871569771049572,45.406032225696876,15.0],[11.8717403138296,45.406043865995116,15.0],[11.87182280752194,45.406052861211,15.0],[11.87184070430174,45.40594970633604,15.0],[11.871526405745714,45.40592296176328,15.0],[11.871442471976637,45.40591580272972,15.0],[11.871381030414224,45.406188376965,15.0],[11.871389375787018,45.406189157077456,15.0],[11.871530375025733,45.40620280103046,15.0],[11.871533797727091,45.406189663173606,15.0]]]}},{"type":"Feature","id":"UN_VOL:41097","properties":{"OBJECTID":41097,"UN_VOL_POR":"01","UN_VOL_STA":"","UN_VOL_QGR":32.76,"UN_VOL_QCO":0.0,"UN_VOL_AV":16.99,"UN_VOL_INH":0.0,"Shape_Leng":68.8852790022,"Shape_Area":141.489278882},"geometry":{"type":"Polygon","coordinates":[[[11.874210870365513,45.40614422212299,16.0],[11.874251339371254,45.40613339149928,16.0],[11.874233438171645,45.406095406870385,16.0],[11.874225643340012,45.40608030111277,16.0],[11.874198678449353,45.40607773984182,16.0],[11.87419015913842,45.406060942221494,16.0],[11.874207637332345,45.406042769353725,16.0],[11.874230290386198,45.40604345898819,16.0],[11.874232016358324,45.406019562071805,16.0],[11.874303994467255,45.40602531011358,16.0],[11.87430513771632,45.40601006925055,16.0],[11.874094895393846,45.40599925269378,16.0],[11.874091185400165,45.40608224807127,16.0],[11.874139795568635,45.4060832736247,16.0],[11.874169485310752,45.406152105821775,16.0],[11.874210870365513,45.40614422212299,16.0]]]}},{"type":"Feature","id":"UN_VOL:41102","properties":{"OBJECTID":41102,"UN_VOL_POR":"01","UN_VOL_STA":"","UN_VOL_QGR":30.69,"UN_VOL_QCO":0.0,"UN_VOL_AV":14.74,"UN_VOL_INH":0.0,"Shape_Leng":68.6191245262,"Shape_Area":108.32880963},"geometry":{"type":"Polygon","coordinates":[[[11.876397743092918,45.40608839392272,16.0],[11.876450668707722,45.406078778512786,16.0],[11.876465481159984,45.4060760646582,16.0],[11.876438436492267,45.40600401629886,16.0],[11.876420716170033,45.406007343346545,16.0],[11.876409482191276,45.40597738251354,16.0],[11.876427709164293,45.405973952648424,16.0],[11.876391199591168,45.40587657933212,16.0],[11.876348251621645,45.40588387289447,16.0],[11.87640530872446,45.40603860611852,16.0],[11.876325005126589,45.406055122559884,16.0],[11.876341905550477,45.406098532558126,16.0],[11.876397743092918,45.40608839392272,16.0]]]}},{"type":"Feature","id":"UN_VOL:41111","properties":{"OBJECTID":41111,"UN_VOL_POR":"01","UN_VOL_STA":"","UN_VOL_QGR":27.12,"UN_VOL_QCO":0.0,"UN_VOL_AV":10.8,"UN_VOL_INH":0.0,"Shape_Leng":48.4597261542,"Shape_Area":143.294069846},"geometry":{"type":"Polygon","coordinates":[[[11.87535657400777,45.406126427607106,16.0],[11.875471908525704,45.40609516728754,16.0],[11.875489952972949,45.40608814146938,16.0],[11.875469735400534,45.40605237614349,16.0],[11.875423940178782,45.40596837829221,16.0],[11.875304570816215,45.40604096608647,16.0],[11.87535392146001,45.40612703473218,16.0],[11.87535657400777,45.406126427607106,16.0]]]}},{"type":"Feature","id":"UN_VOL:41119","properties":{"OBJECTID":41119,"UN_VOL_POR":"01","UN_VOL_STA":"","UN_VOL_QGR":32.07,"UN_VOL_QCO":0.0,"UN_VOL_AV":15.91,"UN_VOL_INH":0.0,"Shape_Leng":35.3957242164,"Shape_Area":63.1907642137},"geometry":{"type":"Polygon","coordinates":[[[11.875682443200182,45.40610669391987,16.0],[11.875650040109594,45.40604234123462,16.0],[11.875611007238222,45.406053766489045,16.0],[11.87552634649962,45.40607759319322,16.0],[11.875550292425068,45.40611632497019,16.0],[11.875604452947435,45.40610082812783,16.0],[11.875615908320643,45.40612259270886,16.0],[11.875682443200182,45.40610669391987,16.0]]]}},{"type":"Feature","id":"UN_VOL:41132","properties":{"OBJECTID":41132,"UN_VOL_POR":"01","UN_VOL_STA":"","UN_VOL_QGR":25.0,"UN_VOL_QCO":0.0,"UN_VOL_AV":9.19,"UN_VOL_INH":0.0,"Shape_Leng":20.036187633,"Shape_Area":21.7255675619},"geometry":{"type":"Polygon","coordinates":[[[11.873287665551567,45.40618520646683,14.0],[11.8732740209099,45.406125331747475,16.0],[11.873234431526175,45.406128308920124,16.0],[11.87324689522735,45.4061901035854,14.0],[11.873287665551567,45.40618520646683,14.0]]]}},{"type":"Feature","id":"UN_VOL:41134","properties":{"OBJECTID":41134,"UN_VOL_POR":"01","UN_VOL_STA":"","UN_VOL_QGR":25.31,"UN_VOL_QCO":0.0,"UN_VOL_AV":9.54,"UN_VOL_INH":0.0,"Shape_Leng":38.1113182246,"Shape_Area":87.791145633},"geometry":{"type":"Polygon","coordinates":[[[11.873952949309565,45.40616584086796,16.0],[11.873962074332088,45.40616435115364,16.0],[11.87393998152768,45.40607147450543,16.0],[11.873850432260495,45.40606949935876,16.0],[11.8738503162529,45.40611000775224,16.0],[11.873846337356127,45.4061096581236,16.0],[11.873854512899053,45.4061750713833,16.0],[11.873952949309565,45.40616584086796,16.0]]]}},{"type":"Feature","id":"UN_VOL:41155","properties":{"OBJECTID":41155,"UN_VOL_POR":"01","UN_VOL_STA":"","UN_VOL_QGR":25.27,"UN_VOL_QCO":0.0,"UN_VOL_AV":9.49,"UN_VOL_INH":0.0,"Shape_Leng":33.5852971365,"Shape_Area":69.0901074586},"geometry":{"type":"Polygon","coordinates":[[[11.87324689522735,45.4061901035854,14.0],[11.873234431526175,45.406128308920124,16.0],[11.873190511605955,45.40613157521997,16.0],[11.873116423141903,45.406137131177566,16.0],[11.873123700219658,45.40620499759739,15.0],[11.87324689522735,45.4061901035854,14.0]]]}},{"type":"Feature","id":"UN_VOL:41158","properties":{"OBJECTID":41158,"UN_VOL_POR":"01","UN_VOL_STA":"","UN_VOL_QGR":32.36,"UN_VOL_QCO":0.0,"UN_VOL_AV":17.04,"UN_VOL_INH":0.0,"Shape_Leng":79.821327749,"Shape_Area":324.9927478},"geometry":{"type":"Polygon","coordinates":[[[11.87745345019142,45.40604728347511,14.0],[11.877384827746633,45.40594162908997,14.0],[11.877383861516376,45.40594021309703,14.0],[11.877360749153052,45.40591037181012,14.0],[11.87734666726659,45.405887233668686,14.0],[11.877131351354196,45.40595009122522,14.0],[11.877168018713629,45.406020366370065,12.0],[11.877179650188799,45.40601791272744,12.0],[11.877232026863565,45.405997509467355,12.0],[11.877292179060847,45.406092396115575,12.0],[11.877299099365283,45.40610284323134,13.0],[11.877461491271564,45.40605968256705,14.0],[11.87745345019142,45.40604728347511,14.0]]]}},{"type":"Feature","id":"UN_VOL:41173","properties":{"OBJECTID":41173,"UN_VOL_POR":"01","UN_VOL_STA":"","UN_VOL_QGR":22.43,"UN_VOL_QCO":0.0,"UN_VOL_AV":6.79,"UN_VOL_INH":0.0,"Shape_Leng":37.0440429619,"Shape_Area":82.186940435},"geometry":{"type":"Polygon","coordinates":[[[11.870972195215934,45.40619740435351,16.0],[11.870957987860816,45.40615662603247,16.0],[11.870867039452028,45.40617241634003,16.0],[11.87088085005725,45.40621293451443,16.0],[11.870900554347859,45.40627139678831,16.0],[11.870902081296226,45.406271268711905,16.0],[11.870991471049903,45.40625245717298,16.0],[11.870972195215934,45.40619740435351,16.0]]]}},{"type":"Feature","id":"UN_VOL:41175","properties":{"OBJECTID":41175,"UN_VOL_POR":"01","UN_VOL_STA":"","UN_VOL_QGR":25.02,"UN_VOL_QCO":0.0,"UN_VOL_AV":9.25,"UN_VOL_INH":0.0,"Shape_Leng":49.7158287183,"Shape_Area":64.6949381096},"geometry":{"type":"Polygon","coordinates":[[[11.873729208397473,45.40619875021348,16.0],[11.873729034780538,45.40610217100305,16.0],[11.873821810673263,45.40610478496228,16.0],[11.87381819472592,45.40606878090838,16.0],[11.873817373702412,45.406060160601704,16.0],[11.87381506707863,45.406060038603854,16.0],[11.873706261101228,45.40605629796044,16.0],[11.8737047919082,45.406201075267674,16.0],[11.873729208397473,45.40619875021348,16.0]]]}},{"type":"Feature","id":"UN_VOL:41179","properties":{"OBJECTID":41179,"UN_VOL_POR":"01","UN_VOL_STA":"","UN_VOL_QGR":29.14,"UN_VOL_QCO":0.0,"UN_VOL_AV":13.24,"UN_VOL_INH":0.0,"Shape_Leng":31.6570966669,"Shape_Area":42.6307426573},"geometry":{"type":"Polygon","coordinates":[[[11.876407627340564,45.40611694881283,16.0],[11.876397743092918,45.40608839392272,16.0],[11.876341905550477,45.406098532558126,16.0],[11.876261259543531,45.40611082694537,16.0],[11.876276145193208,45.40615482802222,16.0],[11.876322119804467,45.40614673820563,16.0],[11.876318896214947,45.40613358765415,16.0],[11.876407627340564,45.40611694881283,16.0]]]}},{"type":"Feature","id":"UN_VOL:41183","properties":{"OBJECTID":41183,"UN_VOL_POR":"01","UN_VOL_STA":"","UN_VOL_QGR":34.09,"UN_VOL_QCO":0.0,"UN_VOL_AV":18.57,"UN_VOL_INH":0.0,"Shape_Leng":43.6917603906,"Shape_Area":107.342734358},"geometry":{"type":"Polygon","coordinates":[[[11.871716519891594,45.406204597307564,15.0],[11.871533797727091,45.406189663173606,15.0],[11.871530375025733,45.40620280103046,15.0],[11.87151796438533,45.40625289014525,15.0],[11.871639163915102,45.40626667245025,15.0],[11.871700181173395,45.40627296774271,15.0],[11.871716519891594,45.406204597307564,15.0]]]}},{"type":"Feature","id":"UN_VOL:41198","properties":{"OBJECTID":41198,"UN_VOL_POR":"01","UN_VOL_STA":"","UN_VOL_QGR":31.7,"UN_VOL_QCO":0.0,"UN_VOL_AV":14.91,"UN_VOL_INH":0.0,"Shape_Leng":25.8797370558,"Shape_Area":41.2910576629},"geometry":{"type":"Polygon","coordinates":[[[11.875805729658516,45.40615903446445,16.0],[11.875782343722753,45.406111197018404,16.0],[11.875694947504755,45.40613149208906,16.0],[11.87571828386891,45.4061808608184,17.0],[11.875803966212247,45.40615952875447,16.0],[11.875805729658516,45.40615903446445,16.0]]]}},{"type":"Feature","id":"UN_VOL:41204","properties":{"OBJECTID":41204,"UN_VOL_POR":"01","UN_VOL_STA":"","UN_VOL_QGR":28.47,"UN_VOL_QCO":0.0,"UN_VOL_AV":12.57,"UN_VOL_INH":0.0,"Shape_Leng":14.945571374,"Shape_Area":15.8676334495},"geometry":{"type":"Polygon","coordinates":[[[11.876495170914916,45.40615992821853,17.0],[11.876504072877692,45.40616411414418,17.0],[11.876540029404309,45.40615753706149,17.0],[11.876542836384909,45.40614990509317,17.0],[11.876533854550528,45.406124028089394,16.0],[11.876522983500006,45.40612133177656,16.0],[11.876490062555499,45.40612729243602,16.0],[11.876485682972572,45.40613415362697,16.0],[11.876495170914916,45.40615992821853,17.0]]]}},{"type":"Feature","id":"UN_VOL:41206","properties":{"OBJECTID":41206,"UN_VOL_POR":"01","UN_VOL_STA":"","UN_VOL_QGR":29.51,"UN_VOL_QCO":0.0,"UN_VOL_AV":13.6,"UN_VOL_INH":0.0,"Shape_Leng":31.46193599,"Shape_Area":57.2024229807},"geometry":{"type":"Polygon","coordinates":[[[11.876182149224375,45.40617096953561,16.0],[11.876206556436397,45.406168464090776,16.0],[11.876277367133053,45.40616127825075,16.0],[11.876276145193208,45.40615482802222,16.0],[11.876261259543531,45.40611082694537,16.0],[11.876135577115013,45.4061245266511,16.0],[11.876149606448907,45.406174309986255,16.0],[11.876182149224375,45.40617096953561,16.0]]]}},{"type":"Feature","id":"UN_VOL:41215","properties":{"OBJECTID":41215,"UN_VOL_POR":"01","UN_VOL_STA":"","UN_VOL_QGR":35.54,"UN_VOL_QCO":0.0,"UN_VOL_AV":20.22,"UN_VOL_INH":0.0,"Shape_Leng":100.925948399,"Shape_Area":363.458104861},"geometry":{"type":"Polygon","coordinates":[[[11.877618861258636,45.406131414345566,16.0],[11.87770023050724,45.40611072952226,16.0],[11.877597768891588,45.405957771982706,15.0],[11.877517157500222,45.40583747771946,15.0],[11.87734666726659,45.405887233668686,14.0],[11.877360749153052,45.40591037181012,14.0],[11.877383861516376,45.40594021309703,14.0],[11.877384827746633,45.40594162908997,14.0],[11.87740606652171,45.40593461246106,14.0],[11.877450686467178,45.40591998527256,14.0],[11.877469235647586,45.405948051414754,14.0],[11.877457422520319,45.40595195002708,14.0],[11.877510034133888,45.406031724612056,14.0],[11.877530803717923,45.40606324540372,15.0],[11.877514719450199,45.40606860165867,14.0],[11.877541574830579,45.4061092398938,15.0],[11.877548238566739,45.40610709158942,15.0],[11.877567987113238,45.4061411586548,15.0],[11.877570084336107,45.40614470607711,16.0],[11.877618861258636,45.406131414345566,16.0]]]}},{"type":"Feature","id":"UN_VOL:41225","properties":{"OBJECTID":41225,"UN_VOL_POR":"01","UN_VOL_STA":"","UN_VOL_QGR":32.44,"UN_VOL_QCO":0.0,"UN_VOL_AV":15.85,"UN_VOL_INH":0.0,"Shape_Leng":15.5293538499,"Shape_Area":14.3425204494},"geometry":{"type":"Polygon","coordinates":[[[11.875582345122636,45.40618383698262,17.0],[11.875568168003513,45.40615881081889,16.0],[11.875511559967089,45.406173919090556,16.0],[11.875526147477405,45.406199475199664,16.0],[11.875582345122636,45.40618383698262,17.0]]]}},{"type":"Feature","id":"UN_VOL:41226","properties":{"OBJECTID":41226,"UN_VOL_POR":"01","UN_VOL_STA":"","UN_VOL_QGR":27.11,"UN_VOL_QCO":0.0,"UN_VOL_AV":11.82,"UN_VOL_INH":0.0,"Shape_Leng":43.1912343742,"Shape_Area":104.934853436},"geometry":{"type":"Polygon","coordinates":[[[11.87721771570504,45.4061232579912,13.0],[11.877167351091103,45.406042436487,12.0],[11.87712732058124,45.406054337261445,13.0],[11.877113729161636,45.40605846038251,13.0],[11.877120795377225,45.40606926401717,13.0],[11.877033933737994,45.406095037541526,14.0],[11.877043771683581,45.4061126117314,14.0],[11.87707179933251,45.4061612319557,15.0],[11.87721771570504,45.4061232579912,13.0]]]}},{"type":"Feature","id":"UN_VOL:41240","properties":{"OBJECTID":41240,"UN_VOL_POR":"01","UN_VOL_STA":"","UN_VOL_QGR":30.05,"UN_VOL_QCO":0.0,"UN_VOL_AV":14.15,"UN_VOL_INH":0.0,"Shape_Leng":16.487560266,"Shape_Area":16.110664066},"geometry":{"type":"Polygon","coordinates":[[[11.876430081540427,45.406181641745256,17.0],[11.876414808207858,45.40613756080489,16.0],[11.876372197367784,45.406143945409156,16.0],[11.876392132870544,45.406186738997285,17.0],[11.876430081540427,45.406181641745256,17.0]]]}},{"type":"Feature","id":"UN_VOL:41257","properties":{"OBJECTID":41257,"UN_VOL_POR":"01","UN_VOL_STA":"","UN_VOL_QGR":32.64,"UN_VOL_QCO":0.0,"UN_VOL_AV":15.79,"UN_VOL_INH":0.0,"Shape_Leng":41.5311372976,"Shape_Area":107.393752669},"geometry":{"type":"Polygon","coordinates":[[[11.876012770059624,45.40618478005739,17.0],[11.875978271236049,45.40608672599109,16.0],[11.875852886274421,45.406116349935395,16.0],[11.875896153723293,45.40620590223066,16.0],[11.876012770059624,45.40618478005739,17.0]]]}},{"type":"Feature","id":"UN_VOL:41265","properties":{"OBJECTID":41265,"UN_VOL_POR":"01","UN_VOL_STA":"","UN_VOL_QGR":26.72,"UN_VOL_QCO":0.0,"UN_VOL_AV":9.89,"UN_VOL_INH":0.0,"Shape_Leng":37.4704870833,"Shape_Area":45.1403055501},"geometry":{"type":"Polygon","coordinates":[[[11.87622408025197,45.406292059691275,17.0],[11.876193583382788,45.40629291809784,17.0],[11.87619239287434,45.406287097403855,17.0],[11.876183547039268,45.40629407155515,17.0],[11.876182817071246,45.406385362723455,17.0],[11.87621520628371,45.406436843588736,17.0],[11.876225092345118,45.40643776421377,17.0],[11.87622408025197,45.406292059691275,17.0]]]}},{"type":"Feature","id":"UN_VOL:41266","properties":{"OBJECTID":41266,"UN_VOL_POR":"01","UN_VOL_STA":"","UN_VOL_QGR":30.21,"UN_VOL_QCO":0.0,"UN_VOL_AV":13.38,"UN_VOL_INH":0.0,"Shape_Leng":51.9815435686,"Shape_Area":154.767958223},"geometry":{"type":"Polygon","coordinates":[[[11.876349187943216,45.40640790222391,17.0],[11.876347351518108,45.40632144667178,17.0],[11.876352451523047,45.40632122806035,17.0],[11.876353652369307,45.40629203353804,17.0],[11.87622471804706,45.40629204361398,17.0],[11.87622408025197,45.406292059691275,17.0],[11.876225092345118,45.40643776421377,17.0],[11.876227535241053,45.406438062821344,17.0],[11.876350835231056,45.40643027416622,17.0],[11.876349187943216,45.40640790222391,17.0]]]}},{"type":"Feature","id":"UN_VOL:41276","properties":{"OBJECTID":41276,"UN_VOL_POR":"01","UN_VOL_STA":"","UN_VOL_QGR":68.12,"UN_VOL_QCO":0.0,"UN_VOL_AV":52.3,"UN_VOL_INH":0.0,"Shape_Leng":72.9557539931,"Shape_Area":204.463760157},"geometry":{"type":"Polygon","coordinates":[[[11.871107280374687,45.40657070775608,16.0],[11.871113657160995,45.40657045764164,16.0],[11.871120015133503,45.406569847423214,16.0],[11.871126364557622,45.40656905771573,16.0],[11.871132572610033,45.40656800103502,16.0],[11.87113863934988,45.40656667854902,16.0],[11.871144564165181,45.40656508910373,16.0],[11.871150480431822,45.40656332016944,16.0],[11.871156127655746,45.406561287474574,16.0],[11.871161634119547,45.406558988960626,16.0],[11.871167003218954,45.40655651341953,16.0],[11.87117210329526,45.406553774507266,16.0],[11.871176939481275,45.40655086253135,16.0],[11.871181510651883,45.406547777130285,16.0],[11.871185945583143,45.40654451506367,16.0],[11.871189983820575,45.40654099283866,17.0],[11.871193762728163,45.406537387482146,17.0],[11.871197276600647,45.406533608311314,17.0],[11.871200403472706,45.40652974922166,17.0],[11.871203265882166,45.40652571669316,17.0],[11.871205740718883,45.406521603870466,17.0],[11.871207951093098,45.40651731760896,17.0],[11.871209779007845,45.406513040971454,17.0],[11.871211219350064,45.40650868403987,17.0],[11.871212272139587,45.406504247203486,17.0],[11.871212937337015,45.406499729683716,17.0],[11.871213347745897,45.40649521857536,17.0],[11.871213247492229,45.40649072070692,17.0],[11.871212891877747,45.406486228874485,17.0],[11.871212157831911,45.40648183700137,17.0],[11.871211036747107,45.406477364430955,16.0],[11.871209537211374,45.40647299143051,16.0],[11.871207659224803,45.40646871800004,16.0],[11.871205398246762,45.40646445459678,16.0],[11.8712028915819,45.40646037707964,16.0],[11.871200001905956,45.40645630920034,16.0],[11.871196866010338,45.40645242761032,16.0],[11.871193356204845,45.4064487351329,16.0],[11.871189467968595,45.40644514261461,16.0],[11.871185329485279,45.406441646050226,16.0],[11.871180949362522,45.40643842609639,16.0],[11.871176318440032,45.40643530211033,16.0],[11.87117144585833,45.406432454345435,16.0],[11.871166327589945,45.406429792466405,16.0],[11.87116096256898,45.40642731727965,16.0],[11.871155351861292,45.40642502797869,16.0],[11.871149631725022,45.406423101618245,16.0],[11.87114378847905,45.40642126840211,16.0],[11.871137831244017,45.40641970819443,16.0],[11.871131636890015,45.406418513750424,16.0],[11.871125447116306,45.40641740962746,16.0],[11.871119148426814,45.406416667652394,16.0],[11.8711128583251,45.406416105944295,16.0],[11.871106458774458,45.406415906787316,16.0],[11.871100068916805,45.40641588786948,16.0],[11.871093692167483,45.406416138372045,16.0],[11.871087329631775,45.40641665826722,16.0],[11.87108110791411,45.40641744514893,16.0],[11.871074899857206,45.406418501437166,16.0],[11.871068705480704,45.406419827521255,16.0],[11.871062776098105,45.40642132664094,16.0],[11.871056859862833,45.406423095959724,16.0],[11.871051212628876,45.40642512826013,16.0],[11.871045706745496,45.406427427143996,16.0],[11.871040337080025,45.40642990230385,16.0],[11.87103523244774,45.406432551278094,16.0],[11.871030268593483,45.40643546646046,16.0],[11.871025697423102,45.40643855185548,16.0],[11.871021262490302,45.40644181391595,16.0],[11.871017219688714,45.40644524620305,16.0],[11.871013440795206,45.40644885194321,16.0],[11.871009926895422,45.40645263071931,16.0],[11.871006672343636,45.40645649301641,16.0],[11.871003809923208,45.406460525540304,16.0],[11.871001207423296,45.40646464196069,16.0],[11.870999120125795,45.40646883468476,16.0],[11.870997296756375,45.406473201251345,16.0],[11.870995729280487,45.40647756137917,16.0],[11.870994676494059,45.406481998603304,16.0],[11.870993878476213,45.406486429027176,16.0],[11.870993468602558,45.40649094012129,16.0],[11.870993568858548,45.40649543837968,16.0],[11.870993924436053,45.4064999298239,16.0],[11.87099466249253,45.40650441203411,16.0],[11.870995651882966,45.40650879787351,16.0],[11.870997151383687,45.406513170487806,16.0],[11.870999033916334,45.40651753385414,16.0],[11.871001162117652,45.40652171094537,16.0],[11.87100367388398,45.406525878385374,16.0],[11.871006563549882,45.40652994626985,16.0],[11.871009699437284,45.40653382786527,16.0],[11.871013213777045,45.40653760989123,16.0],[11.871016973785673,45.40654120564194,16.0],[11.871021108259004,45.40654461226649,16.0],[11.8710254929614,45.40654792254781,16.0],[11.871030123885387,45.4065510465399,16.0],[11.871034995918086,45.40655389432462,16.0],[11.87104011928522,45.4065566457382,16.0],[11.871045356090281,45.406559124156786,16.0],[11.871050962799805,45.40656132351691,16.0],[11.87105655983662,45.406563343026555,16.0],[11.871062403094854,45.40656517624681,16.0],[11.871068488014231,45.40656673324558,16.0],[11.87107455927291,45.40656802083716,16.0],[11.871080748529396,45.40656912536568,16.0],[11.871087047768464,45.406569866939236,16.0],[11.87109333788712,45.40657042864831,16.0],[11.871099741462814,45.406570717751556,16.0],[11.871107280374687,45.40657070775608,16.0]],[[11.871102070398841,45.40652088197764,16.0],[11.871097079773707,45.40652073741459,16.0],[11.871090780540026,45.406519995841464,16.0],[11.871084823295812,45.40651843563125,16.0],[11.871079217142066,45.40651623625878,16.0],[11.871074221447497,45.40651348163439,16.0],[11.871069959875243,45.406510078599695,16.0],[11.871066573184455,45.406506292973724,16.0],[11.871064189085118,45.406502122322706,16.0],[11.871062689579606,45.406497749709395,16.0],[11.871062333976951,45.4064932578762,16.0],[11.871063004299181,45.406488830275144,16.0],[11.871064699460426,45.406484467323345,16.0],[11.871067307069413,45.40648044081979,16.0],[11.871070953197691,45.40647674876157,16.0],[11.871075388130171,45.4064734866992,16.0],[11.871080492783822,45.40647083811244,16.0],[11.871086267671913,45.40646880220868,16.0],[11.871092334402466,45.40646747972536,16.0],[11.871098565245942,45.40646687270703,16.0],[11.87110495968937,45.40646698194616,16.0],[11.871111263477571,45.40646781345072,16.0],[11.87111722527736,45.40646946359174,16.0],[11.871122703757246,45.40647166617499,16.0],[11.871127580900389,45.40647460387397,16.0],[11.871131842473226,45.40647800690652,16.0],[11.871135101476199,45.40648179535375,16.0],[11.871137485579746,45.406485966003196,16.0],[11.871138734329568,45.40649043536191,16.0],[11.871139085377886,45.40649483726266,16.0],[11.871138291931578,45.40649935761932,16.0],[11.871136464564461,45.40650363424189,16.0],[11.871133729821816,45.40650766355627,16.0],[11.871129956044959,45.40651135921832,16.0],[11.871125388881918,45.406514534563286,16.0],[11.871120279113631,45.406517093233944,16.0],[11.87111449966171,45.40651903920744,16.0],[11.871108433498705,45.40652036206747,16.0],[11.871102070398841,45.40652088197764,16.0]]]}},{"type":"Feature","id":"UN_VOL:41307","properties":{"OBJECTID":41307,"UN_VOL_POR":"01","UN_VOL_STA":"","UN_VOL_QGR":31.15,"UN_VOL_QCO":0.0,"UN_VOL_AV":14.93,"UN_VOL_INH":0.0,"Shape_Leng":35.3809727597,"Shape_Area":77.0854611844},"geometry":{"type":"Polygon","coordinates":[[[11.871529667920298,45.40679105094173,17.0],[11.871539922447782,45.40674632690333,17.0],[11.871415202939193,45.40673119271652,17.0],[11.871400504749431,45.40679160120917,17.0],[11.87139829379123,45.40680092816076,17.0],[11.871524193849044,45.40681414206278,17.0],[11.871529667920298,45.40679105094173,17.0]]]}},{"type":"Feature","id":"UN_VOL:41312","properties":{"OBJECTID":41312,"UN_VOL_POR":"01","UN_VOL_STA":"","UN_VOL_QGR":32.61,"UN_VOL_QCO":0.0,"UN_VOL_AV":16.79,"UN_VOL_INH":0.0,"Shape_Leng":47.9859043276,"Shape_Area":103.204840571},"geometry":{"type":"Polygon","coordinates":[[[11.871772651893135,45.40675451152023,17.0],[11.871583190950096,45.406737766821834,17.0],[11.871580898496125,45.40675051643706,17.0],[11.871539922447782,45.40674632690333,17.0],[11.871529667920298,45.40679105094173,17.0],[11.871732456033074,45.40681106101142,17.0],[11.871733563489077,45.40680266190475,17.0],[11.871738298808612,45.40678517031932,17.0],[11.871744693838709,45.40677771830517,17.0],[11.87175829440916,45.40676369395472,17.0],[11.871772651893135,45.40675451152023,17.0]]]}},{"type":"Feature","id":"UN_VOL:41335","properties":{"OBJECTID":41335,"UN_VOL_POR":"01","UN_VOL_STA":"","UN_VOL_QGR":30.43,"UN_VOL_QCO":0.0,"UN_VOL_AV":14.41,"UN_VOL_INH":0.0,"Shape_Leng":54.3476937296,"Shape_Area":99.2264573647},"geometry":{"type":"Polygon","coordinates":[[[11.873235313232154,45.40809722191611,17.0],[11.873452647103797,45.4080361210758,17.0],[11.873467383224769,45.408031879518155,17.0],[11.873449336273493,45.40800361999078,17.0],[11.873335208878702,45.40802854692141,17.0],[11.873288065028355,45.40803882531783,17.0],[11.873191130280278,45.408060079034996,17.0],[11.873173057458953,45.40806404439074,17.0],[11.87319228113032,45.40810793662411,17.0],[11.873235313232154,45.40809722191611,17.0]]]}},{"type":"Feature","id":"UN_VOL:41344","properties":{"OBJECTID":41344,"UN_VOL_POR":"01","UN_VOL_STA":"","UN_VOL_QGR":25.4,"UN_VOL_QCO":0.0,"UN_VOL_AV":9.2,"UN_VOL_INH":0.0,"Shape_Leng":20.8793105897,"Shape_Area":27.0512312052},"geometry":{"type":"Polygon","coordinates":[[[11.875210835671059,45.40801496358061,16.0],[11.875138312782937,45.408016161104484,16.0],[11.875137937293006,45.40805658598042,16.0],[11.875137982962222,45.40805748529749,16.0],[11.875209786228453,45.408059726515795,16.0],[11.875210835671059,45.40801496358061,16.0]]]}},{"type":"Feature","id":"UN_VOL:41345","properties":{"OBJECTID":41345,"UN_VOL_POR":"01","UN_VOL_STA":"","UN_VOL_QGR":28.54,"UN_VOL_QCO":0.0,"UN_VOL_AV":11.8,"UN_VOL_INH":0.0,"Shape_Leng":32.6272532925,"Shape_Area":65.3961708578},"geometry":{"type":"Polygon","coordinates":[[[11.87417781785215,45.408015426092625,17.0],[11.874119757459232,45.40801454816278,17.0],[11.874073484067859,45.40800923310106,17.0],[11.874073183181475,45.40801086074253,17.0],[11.874044530473263,45.408070720983694,17.0],[11.874072325787795,45.40807704177878,17.0],[11.87415635427255,45.408085996642995,17.0],[11.8741594395932,45.40808636876946,17.0],[11.87417781785215,45.408015426092625,17.0]]]}},{"type":"Feature","id":"UN_VOL:41349","properties":{"OBJECTID":41349,"UN_VOL_POR":"01","UN_VOL_STA":"","UN_VOL_QGR":32.35,"UN_VOL_QCO":0.0,"UN_VOL_AV":16.33,"UN_VOL_INH":0.0,"Shape_Leng":16.7795077792,"Shape_Area":17.0521791418},"geometry":{"type":"Polygon","coordinates":[[[11.873185448256564,45.40810927890098,17.0],[11.87318824228717,45.40810893840423,17.0],[11.87319228113032,45.40810793662411,17.0],[11.873173057458953,45.40806404439074,17.0],[11.873131853273039,45.40807300332797,17.0],[11.873148656154362,45.408114526041714,17.0],[11.873185448256564,45.40810927890098,17.0]]]}},{"type":"Feature","id":"UN_VOL:41350","properties":{"OBJECTID":41350,"UN_VOL_POR":"01","UN_VOL_STA":"","UN_VOL_QGR":23.55,"UN_VOL_QCO":0.0,"UN_VOL_AV":7.53,"UN_VOL_INH":0.0,"Shape_Leng":36.310310093,"Shape_Area":72.3029963102},"geometry":{"type":"Polygon","coordinates":[[[11.873611862074014,45.40808125824032,16.0],[11.873609177297944,45.408076195137866,16.0],[11.873558210492895,45.408011139565396,16.0],[11.873467383224769,45.408031879518155,17.0],[11.873452647103797,45.4080361210758,17.0],[11.873481506357125,45.40807598980881,17.0],[11.873503580304396,45.408067783047976,17.0],[11.873529572571664,45.40810655375167,17.0],[11.873611862074014,45.40808125824032,16.0]]]}},{"type":"Feature","id":"UN_VOL:41351","properties":{"OBJECTID":41351,"UN_VOL_POR":"01","UN_VOL_STA":"","UN_VOL_QGR":32.67,"UN_VOL_QCO":0.0,"UN_VOL_AV":16.58,"UN_VOL_INH":0.0,"Shape_Leng":24.726100166,"Shape_Area":31.0696122598},"geometry":{"type":"Polygon","coordinates":[[[11.876326463979009,45.40802825163206,17.0],[11.876320079507025,45.40799816815948,17.0],[11.876208759514636,45.40800790557484,16.0],[11.876213680889963,45.40803937585684,17.0],[11.876213863367138,45.40804045142865,17.0],[11.876326463979009,45.40802825163206,17.0]]]}},{"type":"Feature","id":"UN_VOL:41355","properties":{"OBJECTID":41355,"UN_VOL_POR":"01","UN_VOL_STA":"","UN_VOL_QGR":27.12,"UN_VOL_QCO":0.0,"UN_VOL_AV":10.83,"UN_VOL_INH":0.0,"Shape_Leng":46.2986129745,"Shape_Area":99.6365174394},"geometry":{"type":"Polygon","coordinates":[[[11.875598015246362,45.40808000691193,16.0],[11.875653827649826,45.408071849526756,16.0],[11.875630927239731,45.40800842757851,17.0],[11.875609831819009,45.40795036099351,17.0],[11.875598785414388,45.40792156557943,17.0],[11.875522658011652,45.407929785063246,16.0],[11.875586086840148,45.408081657844484,16.0],[11.875590403247868,45.40808109882827,16.0],[11.875598015246362,45.40808000691193,16.0]]]}},{"type":"Feature","id":"UN_VOL:41360","properties":{"OBJECTID":41360,"UN_VOL_POR":"01","UN_VOL_STA":"","UN_VOL_QGR":29.46,"UN_VOL_QCO":0.0,"UN_VOL_AV":13.26,"UN_VOL_INH":0.0,"Shape_Leng":101.73481066,"Shape_Area":332.175242947},"geometry":{"type":"Polygon","coordinates":[[[11.874935589446055,45.40808562805915,16.0],[11.875043424000165,45.40808777155221,16.0],[11.875044308811912,45.40791393518135,16.0],[11.874978358381137,45.40791370673005,16.0],[11.874987523593683,45.40796334261582,16.0],[11.874984536413589,45.40799510226772,16.0],[11.874939406647643,45.40799470936618,16.0],[11.874923292768624,45.40797432236453,16.0],[11.874923853957158,45.40798033902053,16.0],[11.874872297923137,45.407984248602745,16.0],[11.874867716577983,45.40791415404665,16.0],[11.874793233609116,45.40791450065844,16.0],[11.874792955555845,45.407916577570695,16.0],[11.874774117078395,45.40809671737374,16.0],[11.874857716330073,45.40810226231661,16.0],[11.87489977413456,45.40810507308846,16.0],[11.874900283154862,45.40808489757957,16.0],[11.874935589446055,45.40808562805915,16.0]]]}},{"type":"Feature","id":"UN_VOL:41409","properties":{"OBJECTID":41409,"UN_VOL_POR":"01","UN_VOL_STA":"","UN_VOL_QGR":28.57,"UN_VOL_QCO":0.0,"UN_VOL_AV":12.28,"UN_VOL_INH":0.0,"Shape_Leng":85.9451578386,"Shape_Area":121.260873655},"geometry":{"type":"Polygon","coordinates":[[[11.877537876969178,45.40865389882376,16.0],[11.877442368084974,45.40866548869975,16.0],[11.877450107609041,45.408702108620574,16.0],[11.877465700446987,45.40869964509712,16.0],[11.87750037792088,45.40869553006282,16.0],[11.877503500529727,45.40873685723935,16.0],[11.87756412262431,45.40873280787361,16.0],[11.877579608917618,45.40878606492656,16.0],[11.877491428032483,45.40879098900561,16.0],[11.877488838421842,45.4088230088337,16.0],[11.877420666857335,45.408816807015135,16.0],[11.877422724077972,45.40882962675729,16.0],[11.877487026211943,45.40883763665563,16.0],[11.877501489092287,45.40883808195077,16.0],[11.877620674850661,45.40884227717628,16.0],[11.877608984816865,45.408818448816454,16.0],[11.877537876969178,45.40865389882376,16.0]]]}},{"type":"Feature","id":"UN_VOL:41417","properties":{"OBJECTID":41417,"UN_VOL_POR":"01","UN_VOL_STA":"","UN_VOL_QGR":31.31,"UN_VOL_QCO":0.0,"UN_VOL_AV":15.51,"UN_VOL_INH":0.0,"Shape_Leng":19.0398318236,"Shape_Area":20.566738181},"geometry":{"type":"Polygon","coordinates":[[[11.872729949125002,45.40899206938204,16.0],[11.872723443323816,45.4089620792029,16.0],[11.872643307549112,45.408969407555624,16.0],[11.872653464081456,45.408998315702796,16.0],[11.872729949125002,45.40899206938204,16.0]]]}},{"type":"Feature","id":"UN_VOL:41420","properties":{"OBJECTID":41420,"UN_VOL_POR":"01","UN_VOL_STA":"","UN_VOL_QGR":35.26,"UN_VOL_QCO":0.0,"UN_VOL_AV":19.43,"UN_VOL_INH":0.0,"Shape_Leng":61.263676124,"Shape_Area":224.569913712},"geometry":{"type":"Polygon","coordinates":[[[11.876466704844571,45.40881412639485,16.0],[11.876455294536619,45.40880334257972,16.0],[11.876245208994126,45.40877569392276,16.0],[11.876241607802834,45.40877524480998,16.0],[11.876222123520694,45.40888474089969,16.0],[11.87622184152063,45.40888672825767,16.0],[11.876301371781901,45.40889264485039,16.0],[11.876418055665669,45.408900414666775,16.0],[11.876475743810845,45.408904001043446,16.0],[11.876477987481685,45.40882491342736,16.0],[11.876469663316113,45.40881702218667,16.0],[11.876466704844571,45.40881412639485,16.0]]]}},{"type":"Feature","id":"UN_VOL:41421","properties":{"OBJECTID":41421,"UN_VOL_POR":"01","UN_VOL_STA":"","UN_VOL_QGR":26.14,"UN_VOL_QCO":0.0,"UN_VOL_AV":10.42,"UN_VOL_INH":0.0,"Shape_Leng":47.5122523542,"Shape_Area":98.1228065988},"geometry":{"type":"Polygon","coordinates":[[[11.872468891908744,45.40900251255066,16.0],[11.872458693494098,45.40894759127888,16.0],[11.872545096866437,45.40894037540763,16.0],[11.872527865218297,45.40887780064418,16.0],[11.872524574111146,45.4088784233892,16.0],[11.872395889722988,45.40888850418178,16.0],[11.87242118213356,45.409006683992345,16.0],[11.872468891908744,45.40900251255066,16.0]]]}},{"type":"Feature","id":"UN_VOL:41429","properties":{"OBJECTID":41429,"UN_VOL_POR":"01","UN_VOL_STA":"","UN_VOL_QGR":21.97,"UN_VOL_QCO":0.0,"UN_VOL_AV":6.09,"UN_VOL_INH":0.0,"Shape_Leng":42.3537781597,"Shape_Area":110.110658263},"geometry":{"type":"Polygon","coordinates":[[[11.870543367810805,45.406555642027065,16.0],[11.870492861605669,45.40654998176411,16.0],[11.870469383295744,45.40663383413176,16.0],[11.870640629790953,45.40665175891891,16.0],[11.870644038740638,45.40662574942041,16.0],[11.870600428599682,45.40656203744405,16.0],[11.870543367810805,45.406555642027065,16.0]]]}},{"type":"Feature","id":"UN_VOL:41431","properties":{"OBJECTID":41431,"UN_VOL_POR":"01","UN_VOL_STA":"","UN_VOL_QGR":30.31,"UN_VOL_QCO":0.0,"UN_VOL_AV":14.38,"UN_VOL_INH":0.0,"Shape_Leng":21.3974854322,"Shape_Area":29.3930216547},"geometry":{"type":"Polygon","coordinates":[[[11.87525097188758,45.40652550439939,16.0],[11.875263701658055,45.40651951262056,16.0],[11.875260743229244,45.40651409665437,16.0],[11.87523998794391,45.40647528402793,16.0],[11.875239417914576,45.40647412817344,16.0],[11.875231820375099,45.40647548984211,16.0],[11.87518384455295,45.40648948073919,16.0],[11.875177709603879,45.406491975377996,16.0],[11.87520229886226,45.4065383422646,16.0],[11.87525097188758,45.40652550439939,16.0]]]}},{"type":"Feature","id":"UN_VOL:41432","properties":{"OBJECTID":41432,"UN_VOL_POR":"01","UN_VOL_STA":"","UN_VOL_QGR":28.46,"UN_VOL_QCO":0.0,"UN_VOL_AV":12.32,"UN_VOL_INH":0.0,"Shape_Leng":41.0092608112,"Shape_Area":43.2453025792},"geometry":{"type":"Polygon","coordinates":[[[11.874828384789309,45.40653804262698,16.0],[11.874822918370132,45.40651846751174,16.0],[11.87476360189298,45.40652302241626,16.0],[11.874745846997657,45.40643507730802,16.0],[11.874717838697705,45.40643965380711,16.0],[11.874731894144677,45.40648745640687,16.0],[11.87471427839982,45.406490330320175,16.0],[11.874728306601376,45.40654011385654,16.0],[11.874748393044106,45.406535557240026,16.0],[11.87475341240302,45.406551363215875,16.0],[11.874828384789309,45.40653804262698,16.0]]]}},{"type":"Feature","id":"UN_VOL:41435","properties":{"OBJECTID":41435,"UN_VOL_POR":"01","UN_VOL_STA":"","UN_VOL_QGR":26.96,"UN_VOL_QCO":0.0,"UN_VOL_AV":11.73,"UN_VOL_INH":0.0,"Shape_Leng":75.1059641248,"Shape_Area":274.364621623},"geometry":{"type":"Polygon","coordinates":[[[11.872201527964172,45.4092488563284,16.0],[11.872165926901538,45.409186923615714,15.0],[11.872094410225962,45.409207986414216,16.0],[11.872025921165347,45.40910232548791,15.0],[11.87199812161431,45.40910851612492,15.0],[11.871944153257186,45.40912283619219,15.0],[11.871895509166839,45.40913882276984,15.0],[11.871897191216881,45.409141750807315,15.0],[11.871999836049241,45.40930857093286,15.0],[11.872201527964172,45.4092488563284,16.0]]]}},{"type":"Feature","id":"UN_VOL:41462","properties":{"OBJECTID":41462,"UN_VOL_POR":"01","UN_VOL_STA":"","UN_VOL_QGR":28.93,"UN_VOL_QCO":0.0,"UN_VOL_AV":14.0,"UN_VOL_INH":0.0,"Shape_Leng":90.5650249496,"Shape_Area":518.424907041},"geometry":{"type":"Polygon","coordinates":[[[11.871300532493095,45.40931806954901,15.0],[11.871308908796038,45.40919598143292,15.0],[11.871311556681958,45.40915747964116,15.0],[11.871020437167548,45.409147162607546,15.0],[11.870993129363258,45.409155500968936,15.0],[11.870995733101179,45.40933789087442,15.0],[11.87129843183509,45.40934971674317,15.0],[11.871300532493095,45.40931806954901,15.0]]]}},{"type":"Feature","id":"UN_VOL:41475","properties":{"OBJECTID":41475,"UN_VOL_POR":"01","UN_VOL_STA":"","UN_VOL_QGR":31.57,"UN_VOL_QCO":0.0,"UN_VOL_AV":15.8,"UN_VOL_INH":0.0,"Shape_Leng":69.0761999505,"Shape_Area":193.540354953},"geometry":{"type":"Polygon","coordinates":[[[11.874432733811059,45.40626060021319,16.0],[11.874381102925959,45.40613714356334,17.0],[11.874359513461064,45.40608692013188,16.0],[11.874300092104717,45.40608184632693,16.0],[11.874271272605068,45.40608050201082,16.0],[11.874270703799512,45.40609446813734,16.0],[11.874233438171645,45.406095406870385,16.0],[11.874251339371254,45.40613339149928,16.0],[11.874210870365513,45.40614422212299,16.0],[11.874234866749038,45.40619654529533,16.0],[11.874240154829694,45.406210093744996,16.0],[11.874326712267774,45.40619090109188,16.0],[11.874362182708138,45.40627038855527,16.0],[11.874432733811059,45.40626060021319,16.0]]]}},{"type":"Feature","id":"UN_VOL:41476","properties":{"OBJECTID":41476,"UN_VOL_POR":"01","UN_VOL_STA":"","UN_VOL_QGR":34.32,"UN_VOL_QCO":0.0,"UN_VOL_AV":18.25,"UN_VOL_INH":0.0,"Shape_Leng":11.4816812657,"Shape_Area":8.21208771687},"geometry":{"type":"Polygon","coordinates":[[[11.874164547355898,45.406268796384055,16.0],[11.87415505599015,45.40624545216911,16.0],[11.874117740911103,45.4062529627982,16.0],[11.874127363945169,45.4062763937464,16.0],[11.874164547355898,45.406268796384055,16.0]]]}},{"type":"Feature","id":"UN_VOL:41479","properties":{"OBJECTID":41479,"UN_VOL_POR":"01","UN_VOL_STA":"","UN_VOL_QGR":25.3,"UN_VOL_QCO":0.0,"UN_VOL_AV":9.39,"UN_VOL_INH":0.0,"Shape_Leng":65.767526645,"Shape_Area":135.638124143},"geometry":{"type":"Polygon","coordinates":[[[11.876617371623066,45.4061959129743,16.0],[11.876576041858554,45.40607660796015,16.0],[11.876569303324475,45.40605715504527,16.0],[11.876465481159984,45.4060760646582,16.0],[11.876450668707722,45.406078778512786,16.0],[11.876499602459635,45.406216974392514,17.0],[11.876617371623066,45.4061959129743,16.0]],[[11.876495170914916,45.40615992821853,17.0],[11.876485682972572,45.40613415362697,16.0],[11.876490062555499,45.40612729243602,16.0],[11.876522983500006,45.40612133177656,16.0],[11.876533854550528,45.406124028089394,16.0],[11.876542836384909,45.40614990509317,17.0],[11.876540029404309,45.40615753706149,17.0],[11.876504072877692,45.40616411414418,17.0],[11.876495170914916,45.40615992821853,17.0]]]}},{"type":"Feature","id":"UN_VOL:41481","properties":{"OBJECTID":41481,"UN_VOL_POR":"01","UN_VOL_STA":"","UN_VOL_QGR":28.97,"UN_VOL_QCO":0.0,"UN_VOL_AV":13.3,"UN_VOL_INH":0.0,"Shape_Leng":33.4364303952,"Shape_Area":69.5049530841},"geometry":{"type":"Polygon","coordinates":[[[11.872987018907908,45.406231122037504,16.0],[11.872930915893445,45.40623100463752,16.0],[11.872881717399887,45.40623098311667,16.0],[11.872883767167453,45.40630411188455,16.0],[11.872883844700208,45.40630563994849,16.0],[11.872945275794342,45.40630499327904,16.0],[11.872993484933934,45.4063056700113,16.0],[11.872987018907908,45.406231122037504,16.0]]]}},{"type":"Feature","id":"UN_VOL:41489","properties":{"OBJECTID":41489,"UN_VOL_POR":"01","UN_VOL_STA":"","UN_VOL_QGR":33.62,"UN_VOL_QCO":0.0,"UN_VOL_AV":18.1,"UN_VOL_INH":0.0,"Shape_Leng":36.5346998486,"Shape_Area":83.2859824041},"geometry":{"type":"Polygon","coordinates":[[[11.871639163915102,45.40626667245025,15.0],[11.87151796438533,45.40625289014525,15.0],[11.871516514922359,45.406262107888956,15.0],[11.87150538998631,45.40633250781743,16.0],[11.871622660932722,45.4063444087572,15.0],[11.871639163915102,45.40626667245025,15.0]]]}},{"type":"Feature","id":"UN_VOL:41496","properties":{"OBJECTID":41496,"UN_VOL_POR":"01","UN_VOL_STA":"","UN_VOL_QGR":30.53,"UN_VOL_QCO":0.0,"UN_VOL_AV":14.63,"UN_VOL_INH":0.0,"Shape_Leng":40.2888470817,"Shape_Area":68.3398232316},"geometry":{"type":"Polygon","coordinates":[[[11.876499602459635,45.406216974392514,17.0],[11.876450668707722,45.406078778512786,16.0],[11.876397743092918,45.40608839392272,16.0],[11.876407627340564,45.40611694881283,16.0],[11.876414808207858,45.40613756080489,16.0],[11.876430081540427,45.406181641745256,17.0],[11.876445655924101,45.40622661556199,17.0],[11.876499602459635,45.406216974392514,17.0]]]}},{"type":"Feature","id":"UN_VOL:41499","properties":{"OBJECTID":41499,"UN_VOL_POR":"01","UN_VOL_STA":"","UN_VOL_QGR":22.18,"UN_VOL_QCO":0.0,"UN_VOL_AV":6.52,"UN_VOL_INH":0.0,"Shape_Leng":25.2923375349,"Shape_Area":39.0452527825},"geometry":{"type":"Polygon","coordinates":[[[11.870589203166594,45.406328017288594,16.0],[11.8704964857249,45.406321528383664,16.0],[11.870489589738446,45.406369498791186,16.0],[11.870582174456061,45.40637590060415,16.0],[11.870589203166594,45.406328017288594,16.0]]]}},{"type":"Feature","id":"UN_VOL:41500","properties":{"OBJECTID":41500,"UN_VOL_POR":"01","UN_VOL_STA":"","UN_VOL_QGR":26.78,"UN_VOL_QCO":0.0,"UN_VOL_AV":10.83,"UN_VOL_INH":0.0,"Shape_Leng":17.6894150912,"Shape_Area":12.4169497217},"geometry":{"type":"Polygon","coordinates":[[[11.876218536067071,45.406230720476785,16.0],[11.876206556436397,45.406168464090776,16.0],[11.876182149224375,45.40617096953561,16.0],[11.87619905168237,45.40623454219166,16.0],[11.876218536067071,45.406230720476785,16.0]]]}},{"type":"Feature","id":"UN_VOL:41501","properties":{"OBJECTID":41501,"UN_VOL_POR":"01","UN_VOL_STA":"","UN_VOL_QGR":38.12,"UN_VOL_QCO":0.0,"UN_VOL_AV":22.63,"UN_VOL_INH":0.0,"Shape_Leng":100.718052684,"Shape_Area":297.135837957},"geometry":{"type":"Polygon","coordinates":[[[11.87216526329339,45.40635001427051,16.0],[11.87216635704836,45.40634890656664,16.0],[11.87217600592278,45.40634515302863,16.0],[11.872180582110257,45.40633963697697,16.0],[11.872180955432574,45.40633440720375,16.0],[11.87217812039305,45.406328897614785,16.0],[11.872174424149915,45.40632404003169,16.0],[11.872170458333965,45.40632143923492,16.0],[11.872177664349573,45.406317387391056,16.0],[11.87219397285277,45.40615522434744,16.0],[11.872200691510123,45.40615163461417,16.0],[11.872204474310323,45.40614559864178,16.0],[11.872204934241944,45.4061395562669,16.0],[11.872201124025946,45.406134971693945,16.0],[11.872194660627157,45.40612847326752,16.0],[11.872202334818587,45.40607571263433,15.0],[11.872197330013462,45.40607529872578,15.0],[11.87199907504087,45.406053915504,15.0],[11.871991874267753,45.40609586248852,15.0],[11.871959153453279,45.40611333850523,15.0],[11.872102486004644,45.40612260233288,16.0],[11.872100417137172,45.40614227720716,16.0],[11.8721061783112,45.40614501251846,16.0],[11.872109948036414,45.406148788082334,16.0],[11.872107304596584,45.4061546156684,16.0],[11.872102787678125,45.406158779913035,16.0],[11.872068648865922,45.40634479495845,16.0],[11.872152241355831,45.40635277215237,16.0],[11.872161616693111,45.4063537063757,16.0],[11.87216526329339,45.40635001427051,16.0]]]}},{"type":"Feature","id":"UN_VOL:41514","properties":{"OBJECTID":41514,"UN_VOL_POR":"01","UN_VOL_STA":"","UN_VOL_QGR":31.75,"UN_VOL_QCO":0.0,"UN_VOL_AV":16.46,"UN_VOL_INH":0.0,"Shape_Leng":31.7079060629,"Shape_Area":53.0300487944},"geometry":{"type":"Polygon","coordinates":[[[11.877005079934811,45.406193608537166,17.0],[11.876990774524923,45.4061685857853,16.0],[11.876862888377879,45.40620430470362,17.0],[11.876878890790268,45.40624512707513,17.0],[11.877014201900154,45.406209670766316,17.0],[11.877005079934811,45.406193608537166,17.0]]]}},{"type":"Feature","id":"UN_VOL:41515","properties":{"OBJECTID":41515,"UN_VOL_POR":"01","UN_VOL_STA":"","UN_VOL_QGR":28.39,"UN_VOL_QCO":0.0,"UN_VOL_AV":11.65,"UN_VOL_INH":0.0,"Shape_Leng":18.5483520092,"Shape_Area":17.8934666522},"geometry":{"type":"Polygon","coordinates":[[[11.876427912157187,45.40622949335751,17.0],[11.876352680083205,45.406235170295815,17.0],[11.876353038049315,45.40625730421056,17.0],[11.87644132896903,45.40625714876896,17.0],[11.876427912157187,45.40622949335751,17.0]]]}},{"type":"Feature","id":"UN_VOL:41516","properties":{"OBJECTID":41516,"UN_VOL_POR":"01","UN_VOL_STA":"","UN_VOL_QGR":23.88,"UN_VOL_QCO":0.0,"UN_VOL_AV":8.06,"UN_VOL_INH":0.0,"Shape_Leng":71.3572230315,"Shape_Area":167.189664121},"geometry":{"type":"Polygon","coordinates":[[[11.873711147407993,45.406318741643084,16.0],[11.8737047919082,45.406201075267674,16.0],[11.873706261101228,45.40605629796044,16.0],[11.873634446714584,45.406053786323284,16.0],[11.873636001627446,45.40632864525496,16.0],[11.873711147407993,45.406318741643084,16.0]]]}},{"type":"Feature","id":"UN_VOL:41517","properties":{"OBJECTID":41517,"UN_VOL_POR":"01","UN_VOL_STA":"","UN_VOL_QGR":37.99,"UN_VOL_QCO":0.0,"UN_VOL_AV":22.47,"UN_VOL_INH":0.0,"Shape_Leng":92.4848970241,"Shape_Area":272.12326977},"geometry":{"type":"Polygon","coordinates":[[[11.871799526126248,45.40632447520727,15.0],[11.87179106216212,45.40632387781347,15.0],[11.87182248945944,45.4061045365944,15.0],[11.87186159158826,45.406107062692676,15.0],[11.87181934386886,45.406072751279346,15.0],[11.87182280752194,45.406052861211,15.0],[11.8717403138296,45.406043865995116,15.0],[11.871716519891594,45.406204597307564,15.0],[11.871700181173395,45.40627296774271,15.0],[11.871683632642755,45.406364927142775,15.0],[11.871791341388597,45.40637724827161,16.0],[11.871799526126248,45.40632447520727,15.0]]]}},{"type":"Feature","id":"UN_VOL:41522","properties":{"OBJECTID":41522,"UN_VOL_POR":"01","UN_VOL_STA":"","UN_VOL_QGR":34.54,"UN_VOL_QCO":0.0,"UN_VOL_AV":18.72,"UN_VOL_INH":0.0,"Shape_Leng":51.1369840114,"Shape_Area":142.772596674},"geometry":{"type":"Polygon","coordinates":[[[11.871020514562677,45.406333817888175,16.0],[11.870832085154461,45.406314705547004,16.0],[11.870817823516724,45.40631569431109,16.0],[11.870799619403114,45.40631957293762,16.0],[11.870786597361857,45.40632485119698,16.0],[11.870780239318822,45.4063305020707,16.0],[11.870775348395693,45.406334855766154,16.0],[11.870768949218565,45.40634473792502,16.0],[11.870768060507357,45.40635241153463,16.0],[11.870769299954205,45.40636426185117,16.0],[11.870774254378828,45.40637880937099,16.0],[11.870780936604545,45.40637954132561,16.0],[11.87100395555863,45.40640291413965,16.0],[11.871020514562677,45.406333817888175,16.0]]]}},{"type":"Feature","id":"UN_VOL:41527","properties":{"OBJECTID":41527,"UN_VOL_POR":"01","UN_VOL_STA":"","UN_VOL_QGR":28.35,"UN_VOL_QCO":0.0,"UN_VOL_AV":12.42,"UN_VOL_INH":0.0,"Shape_Leng":10.6765885743,"Shape_Area":6.63874135891},"geometry":{"type":"Polygon","coordinates":[[[11.875198479678986,45.406367504719526,16.0],[11.875188063088725,45.4063485946396,16.0],[11.875189827079534,45.40634809995557,16.0],[11.875179005959609,45.40634135170939,16.0],[11.875161134966005,45.406344232513526,16.0],[11.875171356148314,45.40637439908266,16.0],[11.875198479678986,45.406367504719526,16.0]]]}},{"type":"Feature","id":"UN_VOL:41547","properties":{"OBJECTID":41547,"UN_VOL_POR":"01","UN_VOL_STA":"","UN_VOL_QGR":23.6,"UN_VOL_QCO":0.0,"UN_VOL_AV":7.86,"UN_VOL_INH":0.0,"Shape_Leng":118.810783465,"Shape_Area":553.195778179},"geometry":{"type":"Polygon","coordinates":[[[11.873517372202073,45.406413364569296,16.0],[11.873510753615697,45.40631064673275,15.0],[11.873509339438172,45.4062878190341,15.0],[11.873413291549902,45.406301309703515,14.0],[11.873413612080778,45.40633028539874,14.0],[11.873335220776392,45.40633667023109,14.0],[11.873325492043984,45.406291008892474,14.0],[11.873287665551567,45.40618520646683,14.0],[11.87324689522735,45.4061901035854,14.0],[11.873123700219658,45.40620499759739,15.0],[11.873118627566404,45.40620575526664,15.0],[11.873121153550908,45.40622783460023,15.0],[11.873139939752342,45.40641422777917,16.0],[11.873227852904632,45.40640409304267,15.0],[11.873235064844184,45.40643541573388,16.0],[11.873348515156707,45.406422387449695,15.0],[11.873354081152977,45.406433859034415,16.0],[11.873517372202073,45.406413364569296,16.0]]]}},{"type":"Feature","id":"UN_VOL:41554","properties":{"OBJECTID":41554,"UN_VOL_POR":"01","UN_VOL_STA":"","UN_VOL_QGR":32.09,"UN_VOL_QCO":0.0,"UN_VOL_AV":16.8,"UN_VOL_INH":0.0,"Shape_Leng":68.8642494206,"Shape_Area":205.125641238},"geometry":{"type":"Polygon","coordinates":[[[11.87293550822812,45.40641721495188,16.0],[11.872935092092606,45.40638383092858,16.0],[11.872947594780438,45.40638342607891,16.0],[11.872946266497577,45.40633962349096,16.0],[11.8727139172319,45.406336382324135,16.0],[11.872711403514632,45.406400174191965,16.0],[11.872667980309735,45.406400637503076,16.0],[11.87265431600001,45.406400801427,16.0],[11.87267058460704,45.40644944864047,16.0],[11.872770557975823,45.406450352232405,16.0],[11.872794209184189,45.406450566787434,16.0],[11.872796241160051,45.406420091501516,16.0],[11.87293550822812,45.40641721495188,16.0]]]}},{"type":"Feature","id":"UN_VOL:41555","properties":{"OBJECTID":41555,"UN_VOL_POR":"01","UN_VOL_STA":"","UN_VOL_QGR":32.83,"UN_VOL_QCO":0.0,"UN_VOL_AV":16.71,"UN_VOL_INH":0.0,"Shape_Leng":58.8103935181,"Shape_Area":186.21884823},"geometry":{"type":"Polygon","coordinates":[[[11.877096887596077,45.406300389027535,16.0],[11.877035206485395,45.406182947657186,16.0],[11.877005079934811,45.406193608537166,17.0],[11.877014201900154,45.406209670766316,17.0],[11.876878890790268,45.40624512707513,17.0],[11.876862555422823,45.40624805947462,17.0],[11.876900711747197,45.40634764150505,17.0],[11.877096887596077,45.406300389027535,16.0]]]}},{"type":"Feature","id":"UN_VOL:41558","properties":{"OBJECTID":41558,"UN_VOL_POR":"01","UN_VOL_STA":"","UN_VOL_QGR":25.43,"UN_VOL_QCO":0.0,"UN_VOL_AV":9.51,"UN_VOL_INH":0.0,"Shape_Leng":56.8228333162,"Shape_Area":182.109962921},"geometry":{"type":"Polygon","coordinates":[[[11.874581532167303,45.40640771274683,16.0],[11.874688473508032,45.406392326579244,16.0],[11.874685682686916,45.406375114531734,16.0],[11.874709607337147,45.406373161846176,16.0],[11.874705557289689,45.40634121930565,16.0],[11.87474423130551,45.40633781445027,16.0],[11.874733586997321,45.40625401087654,16.0],[11.8746753600595,45.40625988859713,16.0],[11.874672566130144,45.40626022912786,16.0],[11.874551542641951,45.406292712131645,16.0],[11.874575319620266,45.40640867929209,16.0],[11.874581532167303,45.40640771274683,16.0]]]}},{"type":"Feature","id":"UN_VOL:41563","properties":{"OBJECTID":41563,"UN_VOL_POR":"01","UN_VOL_STA":"","UN_VOL_QGR":28.0,"UN_VOL_QCO":0.0,"UN_VOL_AV":11.74,"UN_VOL_INH":0.0,"Shape_Leng":32.3460198558,"Shape_Area":57.5148527023},"geometry":{"type":"Polygon","coordinates":[[[11.874452187865433,45.40641223153696,16.0],[11.874484803783067,45.40640780916691,16.0],[11.874502064432715,45.40640548412581,16.0],[11.874514626330098,45.406403727690105,16.0],[11.874487372484644,45.40630738046831,16.0],[11.87442394070779,45.40631644960453,16.0],[11.874439588172656,45.40638554504218,16.0],[11.874445838514198,45.40641302142794,16.0],[11.874452187865433,45.40641223153696,16.0]]]}},{"type":"Feature","id":"UN_VOL:41570","properties":{"OBJECTID":41570,"UN_VOL_POR":"01","UN_VOL_STA":"","UN_VOL_QGR":31.52,"UN_VOL_QCO":0.0,"UN_VOL_AV":15.4,"UN_VOL_INH":0.0,"Shape_Leng":11.0401313717,"Shape_Area":7.5146849821},"geometry":{"type":"Polygon","coordinates":[[[11.874445838514198,45.40641302142794,16.0],[11.874439588172656,45.40638554504218,16.0],[11.87440915522457,45.406390182157224,16.0],[11.87441487261679,45.406417222126365,16.0],[11.874445838514198,45.40641302142794,16.0]]]}},{"type":"Feature","id":"UN_VOL:41590","properties":{"OBJECTID":41590,"UN_VOL_POR":"01","UN_VOL_STA":"","UN_VOL_QGR":31.13,"UN_VOL_QCO":0.0,"UN_VOL_AV":15.01,"UN_VOL_INH":0.0,"Shape_Leng":64.8373607043,"Shape_Area":181.21077485},"geometry":{"type":"Polygon","coordinates":[[[11.876900711747197,45.40634764150505,17.0],[11.876862555422823,45.40624805947462,17.0],[11.876878890790268,45.40624512707513,17.0],[11.876862888377879,45.40620430470362,17.0],[11.876835688075706,45.406131720472864,16.0],[11.876832283218585,45.40613261635091,16.0],[11.876782448759498,45.406145214424264,17.0],[11.876776897476294,45.4061466146515,17.0],[11.876739427994595,45.40615611028224,16.0],[11.876816273523412,45.40636579255664,17.0],[11.876900711747197,45.40634764150505,17.0]]]}},{"type":"Feature","id":"UN_VOL:41597","properties":{"OBJECTID":41597,"UN_VOL_POR":"01","UN_VOL_STA":"","UN_VOL_QGR":26.0,"UN_VOL_QCO":0.0,"UN_VOL_AV":10.51,"UN_VOL_INH":0.0,"Shape_Leng":93.9793565456,"Shape_Area":336.657970371},"geometry":{"type":"Polygon","coordinates":[[[11.872460814276309,45.40642025504444,16.0],[11.872203391232196,45.40639379061837,16.0],[11.872145842581272,45.40638785812856,16.0],[11.872152241355831,45.40635277215237,16.0],[11.872068648865922,45.40634479495845,16.0],[11.872036241913735,45.40634327023695,16.0],[11.872010920510178,45.406453722989006,17.0],[11.87245134973214,45.40649817407708,16.0],[11.872460814276309,45.40642025504444,16.0]]]}},{"type":"Feature","id":"UN_VOL:41611","properties":{"OBJECTID":41611,"UN_VOL_POR":"01","UN_VOL_STA":"","UN_VOL_QGR":28.65,"UN_VOL_QCO":0.0,"UN_VOL_AV":12.72,"UN_VOL_INH":0.0,"Shape_Leng":14.1723605156,"Shape_Area":10.7263052473},"geometry":{"type":"Polygon","coordinates":[[[11.87523121672774,45.40639818408396,16.0],[11.87518648222087,45.40641056289876,16.0],[11.875193775967995,45.4064283818411,16.0],[11.875206305325156,45.40642599582148,16.0],[11.875216305773934,45.40642412375994,16.0],[11.875221360750205,45.40643308759959,16.0],[11.875245612894217,45.40642752545646,16.0],[11.87523121672774,45.40639818408396,16.0]]]}},{"type":"Feature","id":"UN_VOL:41616","properties":{"OBJECTID":41616,"UN_VOL_POR":"01","UN_VOL_STA":"","UN_VOL_QGR":31.34,"UN_VOL_QCO":0.0,"UN_VOL_AV":14.51,"UN_VOL_INH":0.0,"Shape_Leng":25.4887155054,"Shape_Area":31.0452667402},"geometry":{"type":"Polygon","coordinates":[[[11.876387309568106,45.40640370109433,17.0],[11.876393412663878,45.40640309700684,17.0],[11.876386882192254,45.40631981982011,17.0],[11.876352451523047,45.40632122806035,17.0],[11.876347351518108,45.40632144667178,17.0],[11.876349187943216,45.40640790222391,17.0],[11.876387309568106,45.40640370109433,17.0]]]}},{"type":"Feature","id":"UN_VOL:41620","properties":{"OBJECTID":41620,"UN_VOL_POR":"01","UN_VOL_STA":"","UN_VOL_QGR":27.22,"UN_VOL_QCO":0.0,"UN_VOL_AV":11.23,"UN_VOL_INH":0.0,"Shape_Leng":27.3114413532,"Shape_Area":43.2500912498},"geometry":{"type":"Polygon","coordinates":[[[11.874703029676397,45.40643489619182,16.0],[11.874694801062155,45.40641125006784,16.0],[11.874693470005951,45.40640768289996,16.0],[11.874688473508032,45.406392326579244,16.0],[11.874581532167303,45.40640771274683,16.0],[11.874594315795276,45.40645311731068,16.0],[11.874703029676397,45.40643489619182,16.0]]]}},{"type":"Feature","id":"UN_VOL:41622","properties":{"OBJECTID":41622,"UN_VOL_POR":"01","UN_VOL_STA":"","UN_VOL_QGR":32.22,"UN_VOL_QCO":0.0,"UN_VOL_AV":15.57,"UN_VOL_INH":0.0,"Shape_Leng":110.458917078,"Shape_Area":190.801205991},"geometry":{"type":"Polygon","coordinates":[[[11.876694001437784,45.406393808924946,17.0],[11.876617371623066,45.4061959129743,16.0],[11.876499602459635,45.406216974392514,17.0],[11.876445655924101,45.40622661556199,17.0],[11.87643007741547,45.40622934872577,17.0],[11.876427912157187,45.40622949335751,17.0],[11.87644132896903,45.40625714876896,17.0],[11.87647788734967,45.40634038894269,17.0],[11.876516163564245,45.40633168309174,17.0],[11.876530068916106,45.406366437145124,17.0],[11.876631097663285,45.406347868039894,17.0],[11.876653660223106,45.40640211705292,17.0],[11.876694001437784,45.406393808924946,17.0]],[[11.876511212252987,45.40631722578993,17.0],[11.876492428468628,45.40626693203234,17.0],[11.87663210248888,45.40623937762553,17.0],[11.876652468086792,45.40629062121582,17.0],[11.876511212252987,45.40631722578993,17.0]]]}},{"type":"Feature","id":"UN_VOL:41634","properties":{"OBJECTID":41634,"UN_VOL_POR":"01","UN_VOL_STA":"","UN_VOL_QGR":29.83,"UN_VOL_QCO":0.0,"UN_VOL_AV":13.04,"UN_VOL_INH":0.0,"Shape_Leng":78.2377559085,"Shape_Area":142.829593039},"geometry":{"type":"Polygon","coordinates":[[[11.875858474898061,45.40642513238459,17.0],[11.875946017420382,45.40640519329903,17.0],[11.87593637024572,45.40638131326914,17.0],[11.875849839790636,45.40639852621434,17.0],[11.875810565093596,45.4063045529729,17.0],[11.87578381021009,45.40625076964178,17.0],[11.875685972476937,45.40627681877634,17.0],[11.875642686908353,45.406287540800264,17.0],[11.875672415435618,45.40636213228289,16.0],[11.875722651613096,45.40634988436814,17.0],[11.875800220903027,45.40632983695418,17.0],[11.87584093230271,45.40642944498748,17.0],[11.875858474898061,45.40642513238459,17.0]]]}},{"type":"Feature","id":"UN_VOL:41643","properties":{"OBJECTID":41643,"UN_VOL_POR":"01","UN_VOL_STA":"","UN_VOL_QGR":25.79,"UN_VOL_QCO":0.0,"UN_VOL_AV":9.86,"UN_VOL_INH":0.0,"Shape_Leng":69.2959637752,"Shape_Area":173.907120752},"geometry":{"type":"Polygon","coordinates":[[[11.875106073897836,45.40644517390021,16.0],[11.875193775967995,45.4064283818411,16.0],[11.87518648222087,45.40641056289876,16.0],[11.875171356148314,45.40637439908266,16.0],[11.875161134966005,45.406344232513526,16.0],[11.875136043762838,45.406348375032515,16.0],[11.875124715658322,45.406326607586784,16.0],[11.875092942134676,45.40625953864635,16.0],[11.875100475736977,45.4062569183325,16.0],[11.875091735307091,45.40621564297564,16.0],[11.87503344594896,45.40623538420303,16.0],[11.875039474020044,45.40626853715712,16.0],[11.87504697581335,45.40626780785163,16.0],[11.875055219660748,45.406306845723485,16.0],[11.87502728432441,45.40631033989853,16.0],[11.875074597495091,45.40645190778262,16.0],[11.875106073897836,45.40644517390021,16.0]]]}},{"type":"Feature","id":"UN_VOL:41651","properties":{"OBJECTID":41651,"UN_VOL_POR":"01","UN_VOL_STA":"","UN_VOL_QGR":31.23,"UN_VOL_QCO":0.0,"UN_VOL_AV":14.57,"UN_VOL_INH":0.0,"Shape_Leng":54.7938899586,"Shape_Area":99.3657266541},"geometry":{"type":"Polygon","coordinates":[[[11.875948744642079,45.406325553588125,17.0],[11.875883553853255,45.40633772790527,17.0],[11.875860504758384,45.40629150243915,17.0],[11.875810565093596,45.4063045529729,17.0],[11.875849839790636,45.40639852621434,17.0],[11.87593637024572,45.40638131326914,17.0],[11.875946017420382,45.40640519329903,17.0],[11.875958586209954,45.40643629075041,17.0],[11.875999452141567,45.40643076031406,17.0],[11.875948744642079,45.406325553588125,17.0]]]}},{"type":"Feature","id":"UN_VOL:41712","properties":{"OBJECTID":41712,"UN_VOL_POR":"01","UN_VOL_STA":"","UN_VOL_QGR":32.3,"UN_VOL_QCO":0.0,"UN_VOL_AV":16.97,"UN_VOL_INH":0.0,"Shape_Leng":33.0404624996,"Shape_Area":38.816340047},"geometry":{"type":"Polygon","coordinates":[[[11.872896140122212,45.40650011759274,16.0],[11.872891618351206,45.4064865497868,16.0],[11.872893121683715,45.4064733701694,16.0],[11.87279255102576,45.40647581228561,16.0],[11.872794209184189,45.406450566787434,16.0],[11.872770557975823,45.406450352232405,16.0],[11.872783983379815,45.40651347304486,16.0],[11.872813021763744,45.40650401089748,16.0],[11.872822051392204,45.40651827563006,16.0],[11.872896140122212,45.40650011759274,16.0]]]}},{"type":"Feature","id":"UN_VOL:41715","properties":{"OBJECTID":41715,"UN_VOL_POR":"01","UN_VOL_STA":"","UN_VOL_QGR":31.36,"UN_VOL_QCO":0.0,"UN_VOL_AV":14.77,"UN_VOL_INH":0.0,"Shape_Leng":13.9244381062,"Shape_Area":12.0008245065},"geometry":{"type":"Polygon","coordinates":[[[11.875634434137497,45.40646219323153,16.0],[11.875650249843066,45.406459094401214,16.0],[11.875637220917136,45.406431518778625,16.0],[11.875590078843807,45.40644179808474,16.0],[11.875604698415943,45.40646798331267,16.0],[11.875634434137497,45.40646219323153,16.0]]]}},{"type":"Feature","id":"UN_VOL:41735","properties":{"OBJECTID":41735,"UN_VOL_POR":"01","UN_VOL_STA":"","UN_VOL_QGR":28.41,"UN_VOL_QCO":0.0,"UN_VOL_AV":12.26,"UN_VOL_INH":0.0,"Shape_Leng":28.112047118,"Shape_Area":47.46416088},"geometry":{"type":"Polygon","coordinates":[[[11.8746275411664,45.40655633459304,16.0],[11.874728306601376,45.40654011385654,16.0],[11.87471427839982,45.406490330320175,16.0],[11.874609579205789,45.40650710038345,16.0],[11.874623611886841,45.406556973866564,16.0],[11.8746275411664,45.40655633459304,16.0]]]}},{"type":"Feature","id":"UN_VOL:41736","properties":{"OBJECTID":41736,"UN_VOL_POR":"01","UN_VOL_STA":"","UN_VOL_QGR":34.16,"UN_VOL_QCO":0.0,"UN_VOL_AV":18.13,"UN_VOL_INH":0.0,"Shape_Leng":40.0381290114,"Shape_Area":92.7737789837},"geometry":{"type":"Polygon","coordinates":[[[11.874080133733708,45.40655680258978,17.0],[11.874068969002124,45.40652062889324,17.0],[11.874059819355326,45.40649142497047,17.0],[11.873975220578195,45.406501387209694,17.0],[11.873974741639895,45.40649698853899,17.0],[11.873904071713527,45.40650948021454,17.0],[11.873926564323277,45.40657498270119,17.0],[11.874080133733708,45.40655680258978,17.0]]]}},{"type":"Feature","id":"UN_VOL:41749","properties":{"OBJECTID":41749,"UN_VOL_POR":"01","UN_VOL_STA":"","UN_VOL_QGR":29.66,"UN_VOL_QCO":0.0,"UN_VOL_AV":14.16,"UN_VOL_INH":0.0,"Shape_Leng":52.7422666358,"Shape_Area":149.801974171},"geometry":{"type":"Polygon","coordinates":[[[11.873338732813675,45.40659221765218,16.0],[11.873383054325375,45.40658930097961,16.0],[11.87338118441038,45.40657260599047,16.0],[11.873373505709662,45.40650438990693,16.0],[11.873252921199578,45.406502745600925,16.0],[11.873170254419426,45.406513018389205,16.0],[11.87317441784259,45.406554769332246,16.0],[11.873178266022105,45.40659283785331,16.0],[11.87326641665619,45.406587377591975,16.0],[11.873265486343703,45.40658164036227,16.0],[11.873297455615464,45.406579575053016,16.0],[11.873299639548058,45.406594912213535,16.0],[11.873338732813675,45.40659221765218,16.0]]]}},{"type":"Feature","id":"UN_VOL:41751","properties":{"OBJECTID":41751,"UN_VOL_POR":"01","UN_VOL_STA":"","UN_VOL_QGR":28.51,"UN_VOL_QCO":0.0,"UN_VOL_AV":11.85,"UN_VOL_INH":0.0,"Shape_Leng":74.6955919284,"Shape_Area":285.194515418},"geometry":{"type":"Polygon","coordinates":[[[11.876182238927324,45.40648718125173,17.0],[11.876074521577968,45.4062960993627,16.0],[11.875948744642079,45.406325553588125,17.0],[11.875999452141567,45.40643076031406,17.0],[11.875958586209954,45.40643629075041,17.0],[11.875993831345625,45.406518844193634,17.0],[11.875998029838708,45.406528549571476,17.0],[11.876182238927324,45.40648718125173,17.0]]]}},{"type":"Feature","id":"UN_VOL:41754","properties":{"OBJECTID":41754,"UN_VOL_POR":"01","UN_VOL_STA":"","UN_VOL_QGR":29.13,"UN_VOL_QCO":0.0,"UN_VOL_AV":13.2,"UN_VOL_INH":0.0,"Shape_Leng":40.9845449974,"Shape_Area":62.2730925622},"geometry":{"type":"Polygon","coordinates":[[[11.87520229886226,45.4065383422646,16.0],[11.875177709603879,45.406491975377996,16.0],[11.87518384455295,45.40648948073919,16.0],[11.875167898487515,45.40645729769594,16.0],[11.875215842499884,45.40644519820016,16.0],[11.875206305325156,45.40642599582148,16.0],[11.875193775967995,45.4064283818411,16.0],[11.875106073897836,45.40644517390021,16.0],[11.875145931868001,45.40655065438833,16.0],[11.87520229886226,45.4065383422646,16.0]]]}},{"type":"Feature","id":"UN_VOL:41765","properties":{"OBJECTID":41765,"UN_VOL_POR":"01","UN_VOL_STA":"","UN_VOL_QGR":33.42,"UN_VOL_QCO":0.0,"UN_VOL_AV":17.17,"UN_VOL_INH":0.0,"Shape_Leng":19.5538065499,"Shape_Area":23.627463185},"geometry":{"type":"Polygon","coordinates":[[[11.874445503609918,45.406517174646716,16.0],[11.874390667696478,45.40652440676408,16.0],[11.874403574413472,45.40657223834209,16.0],[11.874458405805289,45.40656491628566,16.0],[11.874445503609918,45.406517174646716,16.0]]]}},{"type":"Feature","id":"UN_VOL:41772","properties":{"OBJECTID":41772,"UN_VOL_POR":"01","UN_VOL_STA":"","UN_VOL_QGR":27.7,"UN_VOL_QCO":0.0,"UN_VOL_AV":11.63,"UN_VOL_INH":0.0,"Shape_Leng":19.1162435814,"Shape_Area":18.2841786665},"geometry":{"type":"Polygon","coordinates":[[[11.873921466780896,45.40891651823906,16.0],[11.873886077352376,45.408916689227475,17.0],[11.873886205435957,45.40892676773196,16.0],[11.873846673262015,45.40892587283356,17.0],[11.873846387500578,45.408950453834905,17.0],[11.873917211439746,45.40895101003453,16.0],[11.873921466780896,45.40891651823906,16.0]]]}},{"type":"Feature","id":"UN_VOL:41777","properties":{"OBJECTID":41777,"UN_VOL_POR":"01","UN_VOL_STA":"","UN_VOL_QGR":27.68,"UN_VOL_QCO":0.0,"UN_VOL_AV":12.1,"UN_VOL_INH":0.0,"Shape_Leng":36.9857965035,"Shape_Area":80.3165602786},"geometry":{"type":"Polygon","coordinates":[[[11.87217275437575,45.408991514756515,16.0],[11.872157477428035,45.40890701716334,16.0],[11.872124910005512,45.40890990723982,15.0],[11.872044262949712,45.40891724804107,15.0],[11.872035547830638,45.40891926756434,15.0],[11.872061453646685,45.408984054937136,15.0],[11.872091915552472,45.408979957612495,15.0],[11.87210212190181,45.40899977333894,16.0],[11.87217275437575,45.408991514756515,16.0]]]}},{"type":"Feature","id":"UN_VOL:41778","properties":{"OBJECTID":41778,"UN_VOL_POR":"01","UN_VOL_STA":"","UN_VOL_QGR":26.51,"UN_VOL_QCO":0.0,"UN_VOL_AV":10.44,"UN_VOL_INH":0.0,"Shape_Leng":16.583718254,"Shape_Area":17.0773814689},"geometry":{"type":"Polygon","coordinates":[[[11.873977937215761,45.40891626609922,16.0],[11.873921466780896,45.40891651823906,16.0],[11.873917211439746,45.40895101003453,16.0],[11.873970974542488,45.40895280633811,16.0],[11.873977937215761,45.40891626609922,16.0]]]}},{"type":"Feature","id":"UN_VOL:41786","properties":{"OBJECTID":41786,"UN_VOL_POR":"01","UN_VOL_STA":"","UN_VOL_QGR":29.39,"UN_VOL_QCO":0.0,"UN_VOL_AV":13.45,"UN_VOL_INH":0.0,"Shape_Leng":27.6829256859,"Shape_Area":46.5180739026},"geometry":{"type":"Polygon","coordinates":[[[11.874265384896372,45.40889957412787,16.0],[11.874162954472853,45.408895673319314,16.0],[11.874159602915324,45.4089479649927,16.0],[11.874263633331372,45.408950655281494,16.0],[11.874265384896372,45.40889957412787,16.0]]]}},{"type":"Feature","id":"UN_VOL:41787","properties":{"OBJECTID":41787,"UN_VOL_POR":"01","UN_VOL_STA":"","UN_VOL_QGR":28.59,"UN_VOL_QCO":0.0,"UN_VOL_AV":12.52,"UN_VOL_INH":0.0,"Shape_Leng":23.6844841945,"Shape_Area":27.4156398311},"geometry":{"type":"Polygon","coordinates":[[[11.874063334201097,45.40892194604678,16.0],[11.873977937215761,45.40891626609922,16.0],[11.873970974542488,45.40895280633811,16.0],[11.874073254561997,45.40895626087382,16.0],[11.874073395723089,45.40895148678814,16.0],[11.874060231831296,45.40895145818221,16.0],[11.874063334201097,45.40892194604678,16.0]]]}},{"type":"Feature","id":"UN_VOL:41788","properties":{"OBJECTID":41788,"UN_VOL_POR":"01","UN_VOL_STA":"","UN_VOL_QGR":29.73,"UN_VOL_QCO":0.0,"UN_VOL_AV":13.79,"UN_VOL_INH":0.0,"Shape_Leng":29.0076617238,"Shape_Area":49.1265815306},"geometry":{"type":"Polygon","coordinates":[[[11.874159602915324,45.4089479649927,16.0],[11.874162954472853,45.408895673319314,16.0],[11.874066545429926,45.40889207098206,16.0],[11.874063334201097,45.40892194604678,16.0],[11.874060231831296,45.40895145818221,16.0],[11.874073395723089,45.40895148678814,16.0],[11.874073254561997,45.40895626087382,16.0],[11.874118621563486,45.408953768204974,16.0],[11.874119560043688,45.40894708344299,16.0],[11.874159602915324,45.4089479649927,16.0]]]}},{"type":"Feature","id":"UN_VOL:41789","properties":{"OBJECTID":41789,"UN_VOL_POR":"01","UN_VOL_STA":"","UN_VOL_QGR":40.05,"UN_VOL_QCO":0.0,"UN_VOL_AV":24.37,"UN_VOL_INH":0.0,"Shape_Leng":74.3901784592,"Shape_Area":264.251286996},"geometry":{"type":"Polygon","coordinates":[[[11.876222123520694,45.40888474089969,16.0],[11.876241607802834,45.40877524480998,16.0],[11.876128337923134,45.40876171736907,16.0],[11.87599488417716,45.408745818626336,16.0],[11.875990756089525,45.40876518528108,15.0],[11.875990009064974,45.40876808482748,15.0],[11.875988168125204,45.40877713239878,15.0],[11.87597563901903,45.40883487621498,14.0],[11.875973046460908,45.40884673301144,14.0],[11.875967128020028,45.40887361594534,14.0],[11.87603318498248,45.40888095249539,15.0],[11.876040079698027,45.40886070568282,16.0],[11.876121342401138,45.408870539232154,16.0],[11.876114708764005,45.40889843032611,16.0],[11.876168485918337,45.4089055356595,16.0],[11.87617568960428,45.40887880041139,16.0],[11.876222123520694,45.40888474089969,16.0]]]}},{"type":"Feature","id":"UN_VOL:41819","properties":{"OBJECTID":41819,"UN_VOL_POR":"01","UN_VOL_STA":"","UN_VOL_QGR":31.13,"UN_VOL_QCO":0.0,"UN_VOL_AV":16.37,"UN_VOL_INH":0.0,"Shape_Leng":27.3501101853,"Shape_Area":46.4286336315},"geometry":{"type":"Polygon","coordinates":[[[11.871815851017413,45.40827382653199,16.0],[11.871828929343522,45.40833011535057,16.0],[11.871923659330385,45.40832080017396,16.0],[11.871906907363144,45.4082651437217,15.0],[11.871815851017413,45.40827382653199,16.0]]]}},{"type":"Feature","id":"UN_VOL:41825","properties":{"OBJECTID":41825,"UN_VOL_POR":"01","UN_VOL_STA":"","UN_VOL_QGR":27.4,"UN_VOL_QCO":0.0,"UN_VOL_AV":11.1,"UN_VOL_INH":0.0,"Shape_Leng":54.8162757054,"Shape_Area":188.347611851},"geometry":{"type":"Polygon","coordinates":[[[11.875692567239724,45.40823325598962,16.0],[11.875827735717273,45.40822255820337,16.0],[11.875843898566636,45.40822125075344,16.0],[11.875822301458609,45.40811053936563,17.0],[11.875759733328554,45.408114006524436,16.0],[11.87568658639563,45.40811801040631,16.0],[11.875625664112997,45.40812620693169,16.0],[11.875661386022339,45.408235751953484,16.0],[11.875692567239724,45.40823325598962,16.0]]]}},{"type":"Feature","id":"UN_VOL:41837","properties":{"OBJECTID":41837,"UN_VOL_POR":"01","UN_VOL_STA":"","UN_VOL_QGR":28.41,"UN_VOL_QCO":0.0,"UN_VOL_AV":12.37,"UN_VOL_INH":0.0,"Shape_Leng":18.1740136852,"Shape_Area":19.6370098548},"geometry":{"type":"Polygon","coordinates":[[[11.87522793914372,45.40820328897595,17.0],[11.87518276411745,45.4082019972333,16.0],[11.875179800384524,45.40825184868529,16.0],[11.875224975470314,45.40825314081741,16.0],[11.87522793914372,45.40820328897595,17.0]]]}},{"type":"Feature","id":"UN_VOL:41839","properties":{"OBJECTID":41839,"UN_VOL_POR":"01","UN_VOL_STA":"","UN_VOL_QGR":35.48,"UN_VOL_QCO":0.0,"UN_VOL_AV":19.4,"UN_VOL_INH":0.0,"Shape_Leng":57.2438587096,"Shape_Area":96.3887000356},"geometry":{"type":"Polygon","coordinates":[[[11.876274814260299,45.408186265444286,17.0],[11.876239872503582,45.408190206674284,17.0],[11.876229488580115,45.40813925129975,17.0],[11.876213863367138,45.40804045142865,17.0],[11.876213680889963,45.40803937585684,17.0],[11.876160347713911,45.40804351052292,17.0],[11.876168882328829,45.40811341532839,17.0],[11.876164041525156,45.40811371744467,17.0],[11.876174063554595,45.40819528615983,17.0],[11.876222027833714,45.40819362687147,17.0],[11.876227948204278,45.4082296627965,16.0],[11.876280032562754,45.40822357932957,16.0],[11.876274814260299,45.408186265444286,17.0]]]}},{"type":"Feature","id":"UN_VOL:41842","properties":{"OBJECTID":41842,"UN_VOL_POR":"01","UN_VOL_STA":"","UN_VOL_QGR":24.17,"UN_VOL_QCO":0.0,"UN_VOL_AV":8.69,"UN_VOL_INH":0.0,"Shape_Leng":120.480275816,"Shape_Area":595.398662053},"geometry":{"type":"Polygon","coordinates":[[[11.87255752284959,45.40828864195818,17.0],[11.872500420526102,45.4080447051506,16.0],[11.872406415583258,45.40805571266399,16.0],[11.872416535527254,45.408099024175016,16.0],[11.872427430679036,45.408145016403694,16.0],[11.872148601419125,45.40818038921682,16.0],[11.872163827214838,45.40824373490906,15.0],[11.87217404275395,45.40828641370674,15.0],[11.872184723435177,45.40833070124692,15.0],[11.872522913593054,45.40829410369315,17.0],[11.872529769745523,45.40832345512858,17.0],[11.872559752500994,45.40832000006874,17.0],[11.872552567998603,45.40828921654274,17.0],[11.87255752284959,45.40828864195818,17.0]]]}},{"type":"Feature","id":"UN_VOL:41843","properties":{"OBJECTID":41843,"UN_VOL_POR":"01","UN_VOL_STA":"","UN_VOL_QGR":24.49,"UN_VOL_QCO":0.0,"UN_VOL_AV":9.1,"UN_VOL_INH":0.0,"Shape_Leng":31.0085278214,"Shape_Area":38.6391394},"geometry":{"type":"Polygon","coordinates":[[[11.872184723435177,45.40833070124692,15.0],[11.87217404275395,45.40828641370674,15.0],[11.872041526513273,45.4083040613199,16.0],[11.87204877000544,45.408333493081344,16.0],[11.872156827823998,45.40831988173635,16.0],[11.872158255140295,45.40833289752397,16.0],[11.872184723435177,45.40833070124692,15.0]]]}},{"type":"Feature","id":"UN_VOL:41844","properties":{"OBJECTID":41844,"UN_VOL_POR":"01","UN_VOL_STA":"","UN_VOL_QGR":31.76,"UN_VOL_QCO":0.0,"UN_VOL_AV":15.61,"UN_VOL_INH":0.0,"Shape_Leng":28.0353553479,"Shape_Area":48.5020973328},"geometry":{"type":"Polygon","coordinates":[[[11.876740034131698,45.40820271131927,17.0],[11.876718410853353,45.408164460745795,17.0],[11.876707464983966,45.40814520396638,17.0],[11.876618084746928,45.408171761039725,17.0],[11.876645455941738,45.408220037718365,17.0],[11.876645633858486,45.40822102335767,17.0],[11.876740034131698,45.40820271131927,17.0]]]}},{"type":"Feature","id":"UN_VOL:41852","properties":{"OBJECTID":41852,"UN_VOL_POR":"01","UN_VOL_STA":"","UN_VOL_QGR":27.38,"UN_VOL_QCO":0.0,"UN_VOL_AV":11.35,"UN_VOL_INH":0.0,"Shape_Leng":21.6297761428,"Shape_Area":29.160835821},"geometry":{"type":"Polygon","coordinates":[[[11.875294751435588,45.40820790629747,17.0],[11.87522793914372,45.40820328897595,17.0],[11.875224975470314,45.40825314081741,16.0],[11.875291177386668,45.40825831341263,16.0],[11.875294751435588,45.40820790629747,17.0]]]}},{"type":"Feature","id":"UN_VOL:41859","properties":{"OBJECTID":41859,"UN_VOL_POR":"01","UN_VOL_STA":"","UN_VOL_QGR":30.28,"UN_VOL_QCO":0.0,"UN_VOL_AV":14.17,"UN_VOL_INH":0.0,"Shape_Leng":85.1841085752,"Shape_Area":293.4651212},"geometry":{"type":"Polygon","coordinates":[[[11.873178601983108,45.408304238472674,17.0],[11.873214177268137,45.40829767204121,17.0],[11.873258440746955,45.408291066520135,17.0],[11.873278395773717,45.40828894395652,17.0],[11.873275819803524,45.40828099738898,17.0],[11.873272587720411,45.4082701874056,17.0],[11.873263273987348,45.40824026757314,17.0],[11.873262955335287,45.40823901572198,17.0],[11.873249891972277,45.40824096474055,17.0],[11.87324554718633,45.40822586208951,17.0],[11.873257288716774,45.40822304588947,17.0],[11.873240481233296,45.40818395379179,17.0],[11.87320960100007,45.408192382254406,17.0],[11.873203619762599,45.40817525051302,17.0],[11.873242636419072,45.408165986837815,17.0],[11.873226750122077,45.40812993196225,17.0],[11.873197423643493,45.4081362509996,17.0],[11.873185448256564,45.40810927890098,17.0],[11.873148656154362,45.408114526041714,17.0],[11.873131853273039,45.40807300332797,17.0],[11.873074381305505,45.408083721796025,17.0],[11.873040961796073,45.408089963761924,17.0],[11.873118973571815,45.40831528140443,17.0],[11.873178601983108,45.408304238472674,17.0]]]}},{"type":"Feature","id":"UN_VOL:41860","properties":{"OBJECTID":41860,"UN_VOL_POR":"01","UN_VOL_STA":"","UN_VOL_QGR":28.16,"UN_VOL_QCO":0.0,"UN_VOL_AV":12.02,"UN_VOL_INH":0.0,"Shape_Leng":38.287560109,"Shape_Area":86.3421814819},"geometry":{"type":"Polygon","coordinates":[[[11.876894782982612,45.40818755810295,18.0],[11.876859984740276,45.40812641663793,17.0],[11.876859706544767,45.4081259734182,17.0],[11.876718410853353,45.408164460745795,17.0],[11.876740034131698,45.40820271131927,17.0],[11.876752379526959,45.40822436290392,17.0],[11.876894782982612,45.40818755810295,18.0]]]}},{"type":"Feature","id":"UN_VOL:41993","properties":{"OBJECTID":41993,"UN_VOL_POR":"01","UN_VOL_STA":"","UN_VOL_QGR":27.65,"UN_VOL_QCO":0.0,"UN_VOL_AV":11.35,"UN_VOL_INH":0.0,"Shape_Leng":17.3273694231,"Shape_Area":16.9061521919},"geometry":{"type":"Polygon","coordinates":[[[11.873333298603418,45.40686536236732,16.0],[11.873325781783837,45.40684061843922,16.0],[11.87332504762678,45.406838746723714,16.0],[11.873254222061815,45.40685070163422,16.0],[11.87326215892836,45.406876155363975,16.0],[11.873333298603418,45.40686536236732,16.0]]]}},{"type":"Feature","id":"UN_VOL:41998","properties":{"OBJECTID":41998,"UN_VOL_POR":"01","UN_VOL_STA":"","UN_VOL_QGR":28.0,"UN_VOL_QCO":0.0,"UN_VOL_AV":11.97,"UN_VOL_INH":0.0,"Shape_Leng":78.0234908404,"Shape_Area":101.256095264},"geometry":{"type":"Polygon","coordinates":[[[11.873758481423673,45.40683341165352,17.0],[11.873748917677215,45.40680862926028,17.0],[11.873701638571873,45.406816210611524,17.0],[11.873484736149832,45.40684543658772,17.0],[11.873453440130476,45.40673739946724,16.0],[11.8734224694064,45.40674150997054,16.0],[11.87344341241577,45.40682685446388,16.0],[11.873457057146709,45.406876647811664,17.0],[11.873758481423673,45.40683341165352,17.0]]]}},{"type":"Feature","id":"UN_VOL:41999","properties":{"OBJECTID":41999,"UN_VOL_POR":"01","UN_VOL_STA":"","UN_VOL_QGR":37.41,"UN_VOL_QCO":0.0,"UN_VOL_AV":21.27,"UN_VOL_INH":0.0,"Shape_Leng":16.3510588245,"Shape_Area":16.451848896},"geometry":{"type":"Polygon","coordinates":[[[11.877366010526456,45.406778320352956,17.0],[11.877409318938671,45.406768046943164,17.0],[11.877390586013563,45.40672882391256,17.0],[11.877347282197404,45.40673918724617,17.0],[11.877366010526456,45.406778320352956,17.0]]]}},{"type":"Feature","id":"UN_VOL:42000","properties":{"OBJECTID":42000,"UN_VOL_POR":"01","UN_VOL_STA":"","UN_VOL_QGR":28.62,"UN_VOL_QCO":0.0,"UN_VOL_AV":12.03,"UN_VOL_INH":0.0,"Shape_Leng":13.6690364473,"Shape_Area":7.94368546461},"geometry":{"type":"Polygon","coordinates":[[[11.870572751835656,45.40694114665388,17.0],[11.870533804399473,45.406929074769494,17.0],[11.870535030475137,45.406925533268506,17.0],[11.87051186652512,45.40691981547048,17.0],[11.870506014287129,45.40693544490031,17.0],[11.870563189230179,45.40695164866677,17.0],[11.870572751835656,45.40694114665388,17.0]]]}},{"type":"Feature","id":"UN_VOL:42001","properties":{"OBJECTID":42001,"UN_VOL_POR":"01","UN_VOL_STA":"","UN_VOL_QGR":31.82,"UN_VOL_QCO":0.0,"UN_VOL_AV":15.34,"UN_VOL_INH":0.0,"Shape_Leng":35.5154051063,"Shape_Area":64.9920924637},"geometry":{"type":"Polygon","coordinates":[[[11.874160915168712,45.40680140245578,17.0],[11.874140601449792,45.406743585649195,17.0],[11.874073335740254,45.40675770178892,17.0],[11.874066002050352,45.406759236827384,17.0],[11.874082823321178,45.406798598603764,17.0],[11.874110083977245,45.406862360887246,17.0],[11.874167244392673,45.40685056957126,17.0],[11.874150833128231,45.40680417655802,17.0],[11.874160915168712,45.40680140245578,17.0]]]}},{"type":"Feature","id":"UN_VOL:42019","properties":{"OBJECTID":42019,"UN_VOL_POR":"01","UN_VOL_STA":"","UN_VOL_QGR":24.6,"UN_VOL_QCO":0.0,"UN_VOL_AV":8.34,"UN_VOL_INH":0.0,"Shape_Leng":53.4120072191,"Shape_Area":176.337374214},"geometry":{"type":"Polygon","coordinates":[[[11.871244455322048,45.406934777517186,17.0],[11.871259692290195,45.40693790475004,17.0],[11.87127757281943,45.40687219543034,17.0],[11.871291692563574,45.40682053293155,17.0],[11.871130317841798,45.406800740658326,17.0],[11.871097807047102,45.40692064502903,17.0],[11.87124218105799,45.40694284579322,17.0],[11.871244455322048,45.406934777517186,17.0]]]}},{"type":"Feature","id":"UN_VOL:42052","properties":{"OBJECTID":42052,"UN_VOL_POR":"01","UN_VOL_STA":"","UN_VOL_QGR":29.46,"UN_VOL_QCO":0.0,"UN_VOL_AV":12.54,"UN_VOL_INH":0.0,"Shape_Leng":37.0014804406,"Shape_Area":65.4319965413},"geometry":{"type":"Polygon","coordinates":[[[11.874305237101565,45.407217765501564,17.0],[11.874289782529075,45.40717008814545,17.0],[11.874258870399977,45.40717536722856,17.0],[11.874247482779472,45.40714486977646,17.0],[11.874199232987046,45.40715598683115,17.0],[11.874207023525726,45.40717352318042,17.0],[11.874164985556396,45.40717863265239,17.0],[11.874174104276982,45.40722736970145,17.0],[11.874178903952341,45.40722625867436,17.0],[11.87420894978652,45.40722154132587,17.0],[11.874212131562752,45.40722632175497,17.0],[11.874305237101565,45.407217765501564,17.0]]]}},{"type":"Feature","id":"UN_VOL:42055","properties":{"OBJECTID":42055,"UN_VOL_POR":"01","UN_VOL_STA":"","UN_VOL_QGR":29.2,"UN_VOL_QCO":0.0,"UN_VOL_AV":12.21,"UN_VOL_INH":0.0,"Shape_Leng":53.5144722312,"Shape_Area":174.123652034},"geometry":{"type":"Polygon","coordinates":[[[11.871910534506158,45.40719795352854,17.0],[11.871721545739822,45.407147712632195,17.0],[11.871710711692446,45.40716589760009,17.0],[11.871691400428633,45.40719833815314,17.0],[11.871667293949065,45.4072395403712,17.0],[11.871835694449695,45.407281928703426,17.0],[11.871857700515575,45.40728749567141,17.0],[11.87186834302263,45.40727561605777,17.0],[11.871910534506158,45.40719795352854,17.0]]]}},{"type":"Feature","id":"UN_VOL:42058","properties":{"OBJECTID":42058,"UN_VOL_POR":"01","UN_VOL_STA":"","UN_VOL_QGR":29.16,"UN_VOL_QCO":0.0,"UN_VOL_AV":12.6,"UN_VOL_INH":0.0,"Shape_Leng":40.1098681815,"Shape_Area":93.5339599034},"geometry":{"type":"Polygon","coordinates":[[[11.872354388077449,45.40723421770325,17.0],[11.872343895459412,45.40723394155962,17.0],[11.872347330051738,45.40716814588544,17.0],[11.872257433038188,45.40716185794411,17.0],[11.872235830795722,45.407265016097405,17.0],[11.872341877606175,45.40727728849266,17.0],[11.872354388077449,45.40723421770325,17.0]]]}},{"type":"Feature","id":"UN_VOL:42061","properties":{"OBJECTID":42061,"UN_VOL_POR":"01","UN_VOL_STA":"","UN_VOL_QGR":28.36,"UN_VOL_QCO":0.0,"UN_VOL_AV":11.44,"UN_VOL_INH":0.0,"Shape_Leng":24.6235625804,"Shape_Area":33.9276222238},"geometry":{"type":"Polygon","coordinates":[[[11.874011024957259,45.407234447867694,17.0],[11.874041253044295,45.40722576547303,17.0],[11.874060195286603,45.407221327455844,17.0],[11.874049574103728,45.407198371880824,17.0],[11.874046424478985,45.40719926124657,17.0],[11.87402920228831,45.40715702923738,17.0],[11.873978978124589,45.40716954585226,17.0],[11.874001179936524,45.40723685618908,17.0],[11.874011024957259,45.407234447867694,17.0]]]}},{"type":"Feature","id":"UN_VOL:42062","properties":{"OBJECTID":42062,"UN_VOL_POR":"01","UN_VOL_STA":"","UN_VOL_QGR":33.92,"UN_VOL_QCO":0.0,"UN_VOL_AV":16.89,"UN_VOL_INH":0.0,"Shape_Leng":50.6831700269,"Shape_Area":160.524951237},"geometry":{"type":"Polygon","coordinates":[[[11.876068830907572,45.407185297090166,17.0],[11.876229155427152,45.407161723047416,18.0],[11.876196464254885,45.407051471853386,17.0],[11.876036144596974,45.40707513577471,17.0],[11.876068830907572,45.407185297090166,17.0]]]}},{"type":"Feature","id":"UN_VOL:42065","properties":{"OBJECTID":42065,"UN_VOL_POR":"01","UN_VOL_STA":"","UN_VOL_QGR":30.88,"UN_VOL_QCO":0.0,"UN_VOL_AV":13.96,"UN_VOL_INH":0.0,"Shape_Leng":18.3800199108,"Shape_Area":20.1300287365},"geometry":{"type":"Polygon","coordinates":[[[11.874174104276982,45.40722736970145,17.0],[11.874164985556396,45.40717863265239,17.0],[11.874124456469278,45.40718829453885,17.0],[11.87411306169208,45.40719038171986,17.0],[11.874134696832922,45.40723646344677,17.0],[11.874174104276982,45.40722736970145,17.0]]]}},{"type":"Feature","id":"UN_VOL:42073","properties":{"OBJECTID":42073,"UN_VOL_POR":"01","UN_VOL_STA":"","UN_VOL_QGR":29.26,"UN_VOL_QCO":0.0,"UN_VOL_AV":12.32,"UN_VOL_INH":0.0,"Shape_Leng":41.9396013301,"Shape_Area":38.0902614382},"geometry":{"type":"Polygon","coordinates":[[[11.87377055510233,45.40724752553837,17.0],[11.873799721529927,45.40724310058698,17.0],[11.873791525186906,45.407222604055896,17.0],[11.873776472746902,45.40718787817304,17.0],[11.873771673618727,45.4071889891694,17.0],[11.873699890331098,45.407204749273696,17.0],[11.87367271718553,45.4071426948005,17.0],[11.873658377924638,45.40714467599992,17.0],[11.873692065278462,45.40722429900571,17.0],[11.873736691892605,45.40721228329361,17.0],[11.873751443170868,45.40724107601703,17.0],[11.87375583335589,45.407249516383345,17.0],[11.87377055510233,45.40724752553837,17.0]]]}},{"type":"Feature","id":"UN_VOL:42074","properties":{"OBJECTID":42074,"UN_VOL_POR":"01","UN_VOL_STA":"","UN_VOL_QGR":27.67,"UN_VOL_QCO":0.0,"UN_VOL_AV":10.75,"UN_VOL_INH":0.0,"Shape_Leng":26.1407081645,"Shape_Area":37.7926040332},"geometry":{"type":"Polygon","coordinates":[[[11.873965632250856,45.40724396245274,17.0],[11.874001179936524,45.40723685618908,17.0],[11.873978978124589,45.40716954585226,17.0],[11.873973047827967,45.40716096419301,17.0],[11.8739235125431,45.40716941249566,17.0],[11.873945404037654,45.4072457322205,17.0],[11.87396422374052,45.407241387352556,17.0],[11.873965632250856,45.40724396245274,17.0]]]}},{"type":"Feature","id":"UN_VOL:42078","properties":{"OBJECTID":42078,"UN_VOL_POR":"01","UN_VOL_STA":"","UN_VOL_QGR":42.59,"UN_VOL_QCO":0.0,"UN_VOL_AV":25.16,"UN_VOL_INH":0.0,"Shape_Leng":23.5841766806,"Shape_Area":34.7323533062},"geometry":{"type":"Polygon","coordinates":[[[11.877410889032422,45.407095653345245,17.0],[11.877340442815964,45.40711003132288,17.0],[11.877361862209497,45.40716187853393,17.0],[11.877434642297919,45.40714564114091,16.0],[11.877413761711654,45.40710188183874,17.0],[11.877410889032422,45.407095653345245,17.0]]]}},{"type":"Feature","id":"UN_VOL:42089","properties":{"OBJECTID":42089,"UN_VOL_POR":"01","UN_VOL_STA":"","UN_VOL_QGR":30.38,"UN_VOL_QCO":0.0,"UN_VOL_AV":13.46,"UN_VOL_INH":0.0,"Shape_Leng":31.822289124,"Shape_Area":59.1314631046},"geometry":{"type":"Polygon","coordinates":[[[11.873892304094333,45.407254450388315,17.0],[11.873893594059464,45.40725720856877,17.0],[11.873945404037654,45.4072457322205,17.0],[11.8739235125431,45.40716941249566,17.0],[11.873916816035136,45.40715580946085,17.0],[11.873874335895023,45.40716480041571,17.0],[11.873847042975463,45.40716836816729,17.0],[11.873858586553261,45.40721452402654,17.0],[11.873879692449794,45.407257738413925,17.0],[11.873892304094333,45.407254450388315,17.0]]]}},{"type":"Feature","id":"UN_VOL:42091","properties":{"OBJECTID":42091,"UN_VOL_POR":"01","UN_VOL_STA":"","UN_VOL_QGR":30.19,"UN_VOL_QCO":0.0,"UN_VOL_AV":13.27,"UN_VOL_INH":0.0,"Shape_Leng":22.1209041104,"Shape_Area":22.8992339081},"geometry":{"type":"Polygon","coordinates":[[[11.874134696832922,45.40723646344677,17.0],[11.87411306169208,45.40719038171986,17.0],[11.874124456469278,45.40718829453885,17.0],[11.874118220608267,45.407178730459165,17.0],[11.874073507482901,45.407191558141385,17.0],[11.87409975600098,45.40725300587125,17.0],[11.874134309574917,45.40724394435685,17.0],[11.874134696832922,45.40723646344677,17.0]]]}},{"type":"Feature","id":"UN_VOL:42110","properties":{"OBJECTID":42110,"UN_VOL_POR":"01","UN_VOL_STA":"","UN_VOL_QGR":36.06,"UN_VOL_QCO":0.0,"UN_VOL_AV":19.3,"UN_VOL_INH":0.0,"Shape_Leng":14.2171552269,"Shape_Area":12.6240784996},"geometry":{"type":"Polygon","coordinates":[[[11.876168876291707,45.40767559435705,18.0],[11.876157382689975,45.407645549613584,18.0],[11.876112322845469,45.407654066537965,17.0],[11.87612394407843,45.407684107678975,17.0],[11.876168876291707,45.40767559435705,18.0]]]}},{"type":"Feature","id":"UN_VOL:42111","properties":{"OBJECTID":42111,"UN_VOL_POR":"01","UN_VOL_STA":"","UN_VOL_QGR":20.83,"UN_VOL_QCO":0.0,"UN_VOL_AV":5.98,"UN_VOL_INH":0.0,"Shape_Leng":38.3348404881,"Shape_Area":73.2176040658},"geometry":{"type":"Polygon","coordinates":[[[11.870581046044219,45.40782054119156,15.0],[11.870650706608162,45.4078132977379,15.0],[11.870640528729725,45.40777385836833,15.0],[11.870611639931722,45.407776205229545,15.0],[11.87060770174525,45.40775902195102,15.0],[11.870598448713206,45.40776051500674,15.0],[11.870595509059562,45.40774537651315,16.0],[11.870590795824786,45.40772299196806,16.0],[11.870522152189556,45.4077301197549,16.0],[11.870530456463097,45.407770416691896,16.0],[11.870541519089382,45.40782477573284,15.0],[11.870581046044219,45.40782054119156,15.0]]]}},{"type":"Feature","id":"UN_VOL:42115","properties":{"OBJECTID":42115,"UN_VOL_POR":"01","UN_VOL_STA":"","UN_VOL_QGR":27.38,"UN_VOL_QCO":0.0,"UN_VOL_AV":10.78,"UN_VOL_INH":0.0,"Shape_Leng":25.1125165944,"Shape_Area":39.3172300551},"geometry":{"type":"Polygon","coordinates":[[[11.877819810611012,45.40762874630262,17.0],[11.877817425154486,45.407617014626084,16.0],[11.87780683194335,45.40757704648049,16.0],[11.877723275992796,45.407587434653834,15.0],[11.877719971331238,45.40758778814029,15.0],[11.877730658059676,45.407606961312815,15.0],[11.877734943234731,45.40761333426703,15.0],[11.87775678922329,45.407645908034645,16.0],[11.877819810611012,45.40762874630262,17.0]]]}},{"type":"Feature","id":"UN_VOL:42134","properties":{"OBJECTID":42134,"UN_VOL_POR":"01","UN_VOL_STA":"","UN_VOL_QGR":32.57,"UN_VOL_QCO":0.0,"UN_VOL_AV":15.08,"UN_VOL_INH":0.0,"Shape_Leng":36.9715138734,"Shape_Area":67.9208725154},"geometry":{"type":"Polygon","coordinates":[[[11.876640294459747,45.40768585321341,17.0],[11.876639312548216,45.407621248931534,17.0],[11.876602460772977,45.407620287802544,17.0],[11.876541137661942,45.40762561420547,17.0],[11.876543650306662,45.40763482217176,17.0],[11.876487596841415,45.40764325621073,17.0],[11.876490001761393,45.40767298976579,17.0],[11.876562291640479,45.40767224748982,17.0],[11.876566541564783,45.40768798273446,17.0],[11.876640294459747,45.40768585321341,17.0]]]}},{"type":"Feature","id":"UN_VOL:42143","properties":{"OBJECTID":42143,"UN_VOL_POR":"01","UN_VOL_STA":"","UN_VOL_QGR":48.21,"UN_VOL_QCO":0.0,"UN_VOL_AV":31.5,"UN_VOL_INH":0.0,"Shape_Leng":20.0309297786,"Shape_Area":31.8625294122},"geometry":{"type":"Polygon","coordinates":[[[11.872777955077645,45.40778991303496,17.0],[11.872784190626005,45.407789396242684,17.0],[11.872790389116245,45.4077881600088,17.0],[11.87279617321656,45.40778630427016,17.0],[11.872801542907059,45.407783828637555,17.0],[11.872806246318598,45.407780829889084,17.0],[11.87281015741623,45.40777731080832,17.0],[11.872813406798127,45.40777335854375,17.0],[11.872815622209325,45.40776916217174,17.0],[11.872816934228384,45.40776480845146,17.0],[11.872817216840367,45.40776030055572,17.0],[11.872816478086268,45.40775581876545,17.0],[11.872814850715933,45.40775144900548,17.0],[11.872812216202476,45.40774737474338,17.0],[11.872808701666566,45.40774359277848,17.0],[11.872804316767622,45.40774028257127,17.0],[11.872799449108157,45.407737524799366,17.0],[11.872793837653413,45.40773523559832,17.0],[11.872787880237473,45.40773367548172,17.0],[11.87278169995041,45.40773275091386,17.0],[11.872775300269515,45.40773255224373,17.0],[11.87276893249097,45.40773298231793,17.0],[11.87276285711625,45.407734125404176,17.0],[11.872756945366563,45.40773598474478,17.0],[11.872751575658684,45.40773845998593,17.0],[11.872746872267301,45.40774145912147,17.0],[11.872742834027733,45.40774498101133,17.0],[11.872739707199797,45.40774884014156,17.0],[11.872737364663097,45.407753039712745,17.0],[11.872736052085413,45.40775739344618,17.0],[11.872735769466974,45.40776190134189,17.0],[11.872736380541566,45.40776638634726,17.0],[11.872738007906397,45.40777075610849,17.0],[11.87274064241578,45.4077748303724,17.0],[11.872744029276005,45.40777861555389,17.0],[11.872748286501327,45.40778192897784,17.0],[11.872753286951433,45.40778477345542,17.0],[11.872758770183633,45.40778706588673,17.0],[11.872764732167651,45.407788715936626,17.0],[11.872770913013325,45.40778964049133,17.0],[11.872777955077645,45.40778991303496,17.0]]]}},{"type":"Feature","id":"UN_VOL:42153","properties":{"OBJECTID":42153,"UN_VOL_POR":"01","UN_VOL_STA":"","UN_VOL_QGR":27.52,"UN_VOL_QCO":0.0,"UN_VOL_AV":12.67,"UN_VOL_INH":0.0,"Shape_Leng":24.2518992134,"Shape_Area":30.1104307127},"geometry":{"type":"Polygon","coordinates":[[[11.870698064989778,45.40784001023191,15.0],[11.870692376026994,45.40781098911624,15.0],[11.870650706608162,45.4078132977379,15.0],[11.870581046044219,45.40782054119156,15.0],[11.87058785604214,45.40785151396948,15.0],[11.870698064989778,45.40784001023191,15.0]]]}},{"type":"Feature","id":"UN_VOL:42159","properties":{"OBJECTID":42159,"UN_VOL_POR":"01","UN_VOL_STA":"","UN_VOL_QGR":46.54,"UN_VOL_QCO":0.0,"UN_VOL_AV":29.84,"UN_VOL_INH":0.0,"Shape_Leng":51.0751679386,"Shape_Area":27.8868617701},"geometry":{"type":"Polygon","coordinates":[[[11.872832410174007,45.407792772625214,17.0],[11.87281617133567,45.40771955127593,17.0],[11.872725772601962,45.40772605791342,17.0],[11.872728393557866,45.40773742358015,17.0],[11.87273409666481,45.407766713988806,17.0],[11.872740000441292,45.407797439703614,17.0],[11.872740839504653,45.40780137907793,17.0],[11.872832410174007,45.407792772625214,17.0]],[[11.872777955077645,45.40778991303496,17.0],[11.872770913013325,45.40778964049133,17.0],[11.872764732167651,45.407788715936626,17.0],[11.872758770183633,45.40778706588673,17.0],[11.872753286951433,45.40778477345542,17.0],[11.872748286501327,45.40778192897784,17.0],[11.872744029276005,45.40777861555389,17.0],[11.87274064241578,45.4077748303724,17.0],[11.872738007906397,45.40777075610849,17.0],[11.872736380541566,45.40776638634726,17.0],[11.872735769466974,45.40776190134189,17.0],[11.872736052085413,45.40775739344618,17.0],[11.872737364663097,45.407753039712745,17.0],[11.872739707199797,45.40774884014156,17.0],[11.872742834027733,45.40774498101133,17.0],[11.872746872267301,45.40774145912147,17.0],[11.872751575658684,45.40773845998593,17.0],[11.872756945366563,45.40773598474478,17.0],[11.87276285711625,45.407734125404176,17.0],[11.87276893249097,45.40773298231793,17.0],[11.872775300269515,45.40773255224373,17.0],[11.87278169995041,45.40773275091386,17.0],[11.872787880237473,45.40773367548172,17.0],[11.872793837653413,45.40773523559832,17.0],[11.872799449108157,45.407737524799366,17.0],[11.872804316767622,45.40774028257127,17.0],[11.872808701666566,45.40774359277848,17.0],[11.872812216202476,45.40774737474338,17.0],[11.872814850715933,45.40775144900548,17.0],[11.872816478086268,45.40775581876545,17.0],[11.872817216840367,45.40776030055572,17.0],[11.872816934228384,45.40776480845146,17.0],[11.872815622209325,45.40776916217174,17.0],[11.872813406798127,45.40777335854375,17.0],[11.87281015741623,45.40777731080832,17.0],[11.872806246318598,45.407780829889084,17.0],[11.872801542907059,45.407783828637555,17.0],[11.87279617321656,45.40778630427016,17.0],[11.872790389116245,45.4077881600088,17.0],[11.872784190626005,45.407789396242684,17.0],[11.872777955077645,45.40778991303496,17.0]]]}},{"type":"Feature","id":"UN_VOL:42180","properties":{"OBJECTID":42180,"UN_VOL_POR":"01","UN_VOL_STA":"","UN_VOL_QGR":26.08,"UN_VOL_QCO":0.0,"UN_VOL_AV":9.96,"UN_VOL_INH":0.0,"Shape_Leng":27.3769242622,"Shape_Area":44.8187720554},"geometry":{"type":"Polygon","coordinates":[[[11.87293038056547,45.40879925671366,16.0],[11.872914146642152,45.40873872718231,16.0],[11.872828700679383,45.40874717949317,16.0],[11.87284562687927,45.40879869043711,16.0],[11.87290024728096,45.408809827017414,16.0],[11.872899280406797,45.40880085019243,16.0],[11.87293038056547,45.40879925671366,16.0]]]}},{"type":"Feature","id":"UN_VOL:42181","properties":{"OBJECTID":42181,"UN_VOL_POR":"01","UN_VOL_STA":"","UN_VOL_QGR":25.22,"UN_VOL_QCO":0.0,"UN_VOL_AV":9.83,"UN_VOL_INH":0.0,"Shape_Leng":32.3247403201,"Shape_Area":48.4965875001},"geometry":{"type":"Polygon","coordinates":[[[11.872601047747395,45.408806468632996,16.0],[11.872592582303877,45.408770586643,16.0],[11.872438924249542,45.40878714652416,16.0],[11.872446951838773,45.408821959376745,15.0],[11.872601047747395,45.408806468632996,16.0]]]}},{"type":"Feature","id":"UN_VOL:42186","properties":{"OBJECTID":42186,"UN_VOL_POR":"01","UN_VOL_STA":"","UN_VOL_QGR":26.95,"UN_VOL_QCO":0.0,"UN_VOL_AV":11.55,"UN_VOL_INH":0.0,"Shape_Leng":25.7316984848,"Shape_Area":21.9901768489},"geometry":{"type":"Polygon","coordinates":[[[11.872446951838773,45.408821959376745,15.0],[11.872438924249542,45.40878714652416,16.0],[11.872424819183752,45.40872575329905,16.0],[11.872411723756715,45.40872707309095,16.0],[11.872400150756405,45.408728174462155,16.0],[11.87242025079111,45.40882461180785,15.0],[11.872446951838773,45.408821959376745,15.0]]]}},{"type":"Feature","id":"UN_VOL:42187","properties":{"OBJECTID":42187,"UN_VOL_POR":"01","UN_VOL_STA":"","UN_VOL_QGR":29.78,"UN_VOL_QCO":0.0,"UN_VOL_AV":13.89,"UN_VOL_INH":0.0,"Shape_Leng":41.7523827335,"Shape_Area":94.9894089228},"geometry":{"type":"Polygon","coordinates":[[[11.874423351939045,45.40870863855117,16.0],[11.874422038991787,45.40870291097178,16.0],[11.874437823560111,45.408701703297716,16.0],[11.874446888202954,45.40868140191632,16.0],[11.874449390020137,45.408672787565024,16.0],[11.874332095543082,45.408660530334124,16.0],[11.874327202892774,45.40870007926083,16.0],[11.874332303728739,45.40877538111913,16.0],[11.874422257876954,45.4087751853433,16.0],[11.874423351939045,45.40870863855117,16.0]]]}},{"type":"Feature","id":"UN_VOL:42192","properties":{"OBJECTID":42192,"UN_VOL_POR":"01","UN_VOL_STA":"","UN_VOL_QGR":28.8,"UN_VOL_QCO":0.0,"UN_VOL_AV":12.9,"UN_VOL_INH":0.0,"Shape_Leng":34.4149292704,"Shape_Area":72.0114797387},"geometry":{"type":"Polygon","coordinates":[[[11.874550796417735,45.40871190895102,16.0],[11.874423351939045,45.40870863855117,16.0],[11.874422257876954,45.4087751853433,16.0],[11.874515658149464,45.40877490267959,16.0],[11.874550413647727,45.408774837123154,16.0],[11.874550796417735,45.40871190895102,16.0]]]}},{"type":"Feature","id":"UN_VOL:42210","properties":{"OBJECTID":42210,"UN_VOL_POR":"01","UN_VOL_STA":"","UN_VOL_QGR":29.09,"UN_VOL_QCO":0.0,"UN_VOL_AV":13.16,"UN_VOL_INH":0.0,"Shape_Leng":34.5910353361,"Shape_Area":53.9231270327},"geometry":{"type":"Polygon","coordinates":[[[11.873985489309009,45.4087528830521,16.0],[11.873994656705703,45.40868928338042,16.0],[11.873995586067307,45.40868241875534,16.0],[11.873943509174829,45.40867859974219,16.0],[11.873936456403287,45.40872846449485,16.0],[11.873930250948026,45.40877236676673,16.0],[11.873926665004944,45.40879739068933,16.0],[11.873976444400803,45.408801267579214,16.0],[11.873985489309009,45.4087528830521,16.0]]]}},{"type":"Feature","id":"UN_VOL:42222","properties":{"OBJECTID":42222,"UN_VOL_POR":"01","UN_VOL_STA":"","UN_VOL_QGR":44.74,"UN_VOL_QCO":0.0,"UN_VOL_AV":28.82,"UN_VOL_INH":0.0,"Shape_Leng":63.0312913283,"Shape_Area":167.005527007},"geometry":{"type":"Polygon","coordinates":[[[11.877173440454161,45.40913709524519,16.0],[11.877174102207382,45.409107374428096,16.0],[11.877174537304393,45.40908576041727,16.0],[11.877035414193676,45.40908404769158,16.0],[11.87703559975885,45.40907513189039,16.0],[11.877019231908664,45.409074914272914,16.0],[11.877019635794202,45.40906023192245,16.0],[11.876993038949038,45.409059912423515,16.0],[11.876992916314117,45.40906504623269,16.0],[11.876887933356583,45.40906373276444,16.0],[11.876887394799283,45.409095880957125,16.0],[11.876885398685934,45.40913958720878,16.0],[11.877173358948832,45.40914303804853,16.0],[11.87717344982847,45.409139795242545,16.0],[11.877173440454161,45.40913709524519,16.0]]]}},{"type":"Feature","id":"UN_VOL:42226","properties":{"OBJECTID":42226,"UN_VOL_POR":"01","UN_VOL_STA":"","UN_VOL_QGR":47.08,"UN_VOL_QCO":0.0,"UN_VOL_AV":31.16,"UN_VOL_INH":0.0,"Shape_Leng":87.1443349105,"Shape_Area":214.135026418},"geometry":{"type":"Polygon","coordinates":[[[11.8774584560053,45.40910020381995,16.0],[11.877504739166323,45.4091006566831,16.0],[11.877507607193236,45.40899868999871,16.0],[11.877397914227238,45.40898264391083,16.0],[11.877392296319018,45.40907828895689,16.0],[11.877379200954753,45.40907960931805,16.0],[11.877283990865426,45.409076969593,16.0],[11.87723027353728,45.40907859391654,16.0],[11.877190867337703,45.409107851755955,16.0],[11.877174102207382,45.409107374428096,16.0],[11.877173440454161,45.40913709524519,16.0],[11.877220621397292,45.40913761563209,16.0],[11.87741803462779,45.40913965833639,16.0],[11.877421003949603,45.409079905054554,16.0],[11.87746045479106,45.40908170084184,16.0],[11.8774584560053,45.40910020381995,16.0]]]}},{"type":"Feature","id":"UN_VOL:42227","properties":{"OBJECTID":42227,"UN_VOL_POR":"01","UN_VOL_STA":"","UN_VOL_QGR":45.5,"UN_VOL_QCO":0.0,"UN_VOL_AV":29.58,"UN_VOL_INH":0.0,"Shape_Leng":49.3608946503,"Shape_Area":60.5468840734},"geometry":{"type":"Polygon","coordinates":[[[11.877508133809147,45.40898139436422,16.0],[11.877507607193236,45.40899868999871,16.0],[11.877504739166323,45.4091006566831,16.0],[11.8774584560053,45.40910020381995,16.0],[11.877456523238408,45.409140128078874,16.0],[11.877475827077289,45.40914027120219,16.0],[11.877475332848565,45.409123001312466,16.0],[11.877508032559705,45.40912271694743,16.0],[11.877508709416645,45.40910334683837,16.0],[11.877551168556671,45.409103986556765,16.0],[11.877554094340844,45.40898806662205,16.0],[11.877508133809147,45.40898139436422,16.0]]]}},{"type":"Feature","id":"UN_VOL:42237","properties":{"OBJECTID":42237,"UN_VOL_POR":"01","UN_VOL_STA":"","UN_VOL_QGR":32.53,"UN_VOL_QCO":0.0,"UN_VOL_AV":16.4,"UN_VOL_INH":0.0,"Shape_Leng":27.6129528279,"Shape_Area":17.8059717997},"geometry":{"type":"Polygon","coordinates":[[[11.875163999392784,45.40866792500402,16.0],[11.875147813418417,45.40866626256593,16.0],[11.875145453979357,45.40869026510694,16.0],[11.875139173282259,45.40868988347788,16.0],[11.875133361835653,45.40874907799213,16.0],[11.875141046433559,45.408749424635666,16.0],[11.875138610084997,45.408774419238995,16.0],[11.875150780483109,45.40877501303526,16.0],[11.87515236624593,45.40877605285858,16.0],[11.875163999392784,45.40866792500402,16.0]]]}},{"type":"Feature","id":"UN_VOL:42243","properties":{"OBJECTID":42243,"UN_VOL_POR":"01","UN_VOL_STA":"","UN_VOL_QGR":32.4,"UN_VOL_QCO":0.0,"UN_VOL_AV":16.2,"UN_VOL_INH":0.0,"Shape_Leng":43.6181220424,"Shape_Area":88.8698712063},"geometry":{"type":"Polygon","coordinates":[[[11.874785937355224,45.408734698825214,16.0],[11.874784105921687,45.40869108865307,16.0],[11.874787916823406,45.408690632840106,16.0],[11.874790128807897,45.40864611076258,16.0],[11.874713438298553,45.40864327242672,16.0],[11.874718111820998,45.40878816468574,16.0],[11.874786766183897,45.40878877539588,16.0],[11.874785937355224,45.408734698825214,16.0]]]}},{"type":"Feature","id":"UN_VOL:42257","properties":{"OBJECTID":42257,"UN_VOL_POR":"01","UN_VOL_STA":"","UN_VOL_QGR":26.15,"UN_VOL_QCO":0.0,"UN_VOL_AV":9.93,"UN_VOL_INH":0.0,"Shape_Leng":34.5311596625,"Shape_Area":67.7212830197},"geometry":{"type":"Polygon","coordinates":[[[11.873788501045963,45.40882211345771,16.0],[11.873762427356896,45.4087213260266,16.0],[11.873689735656397,45.40873179818997,16.0],[11.87368212352804,45.408732889982026,16.0],[11.873709659354033,45.40882472909424,16.0],[11.873711478113295,45.408822793085086,16.0],[11.873788501045963,45.40882211345771,16.0]]]}},{"type":"Feature","id":"UN_VOL:42264","properties":{"OBJECTID":42264,"UN_VOL_POR":"01","UN_VOL_STA":"","UN_VOL_QGR":28.45,"UN_VOL_QCO":0.0,"UN_VOL_AV":12.24,"UN_VOL_INH":0.0,"Shape_Leng":36.8879470908,"Shape_Area":38.4574002117},"geometry":{"type":"Polygon","coordinates":[[[11.873976444400803,45.408801267579214,16.0],[11.873926665004944,45.40879739068933,16.0],[11.873930250948026,45.40877236676673,16.0],[11.873884852056898,45.408771710085865,16.0],[11.873889562497238,45.408728565456,16.0],[11.87387257918557,45.4087288131221,16.0],[11.873864917340418,45.40881703832479,17.0],[11.873925253338315,45.4088174088338,16.0],[11.873972830884467,45.408820711246584,16.0],[11.873976444400803,45.408801267579214,16.0]]]}},{"type":"Feature","id":"UN_VOL:42268","properties":{"OBJECTID":42268,"UN_VOL_POR":"01","UN_VOL_STA":"","UN_VOL_QGR":24.51,"UN_VOL_QCO":0.0,"UN_VOL_AV":8.49,"UN_VOL_INH":0.0,"Shape_Leng":31.4169637684,"Shape_Area":56.0874602841},"geometry":{"type":"Polygon","coordinates":[[[11.873709659354033,45.40882472909424,16.0],[11.87368212352804,45.408732889982026,16.0],[11.87361514247066,45.408742587945866,16.0],[11.873641210354297,45.408830683638875,16.0],[11.873705160612511,45.40882925313025,16.0],[11.873709659354033,45.40882472909424,16.0]]]}},{"type":"Feature","id":"UN_VOL:42389","properties":{"OBJECTID":42389,"UN_VOL_POR":"03","UN_VOL_STA":"","UN_VOL_QGR":25.81,"UN_VOL_QCO":0.0,"UN_VOL_AV":9.98,"UN_VOL_INH":5.4,"Shape_Leng":51.9003030437,"Shape_Area":64.9296685646},"geometry":{"type":"Polygon","coordinates":[[[11.876604266370029,45.40605114287957,16.0],[11.876604124994287,45.40605087630336,16.0],[11.876593055461798,45.40601911118622,16.0],[11.87653378512199,45.405848501024046,16.0],[11.876499378553161,45.4058553996076,16.0],[11.876569303324475,45.40605715504527,16.0],[11.876575511225093,45.40605609846159,16.0],[11.876604266370029,45.40605114287957,16.0]]]}},{"type":"Feature","id":"UN_VOL:42390","properties":{"OBJECTID":42390,"UN_VOL_POR":"03","UN_VOL_STA":"","UN_VOL_QGR":26.15,"UN_VOL_QCO":0.0,"UN_VOL_AV":10.47,"UN_VOL_INH":3.46,"Shape_Leng":26.2033151879,"Shape_Area":32.7284623833},"geometry":{"type":"Polygon","coordinates":[[[11.874748901632735,45.4060598279267,15.0],[11.874748518625143,45.40605983757646,15.0],[11.874744933967133,45.40608990217359,15.0],[11.874744819995826,45.40609017518548,15.0],[11.87474584536326,45.40609023939852,15.0],[11.874746232937047,45.40609031968056,15.0],[11.874846789702332,45.4061002075352,16.0],[11.874869137378214,45.406102435142735,16.0],[11.874869882803386,45.40607937295397,16.0],[11.874870023757856,45.40607207833966,16.0],[11.874748901632735,45.4060598279267,15.0]]]}},{"type":"Feature","id":"UN_VOL:42391","properties":{"OBJECTID":42391,"UN_VOL_POR":"03","UN_VOL_STA":"","UN_VOL_QGR":22.39,"UN_VOL_QCO":0.0,"UN_VOL_AV":6.71,"UN_VOL_INH":6.18,"Shape_Leng":65.2264031169,"Shape_Area":75.658325638},"geometry":{"type":"Polygon","coordinates":[[[11.874955590537528,45.40609125568655,15.0],[11.875216655864264,45.40601329723402,16.0],[11.875235411160244,45.406007693902716,16.0],[11.875218632051222,45.405986783809475,16.0],[11.87518962175934,45.40599678614349,16.0],[11.874946304692305,45.40606943637473,16.0],[11.874869882803386,45.40607937295397,16.0],[11.874869137378214,45.406102435142735,16.0],[11.874955590537528,45.40609125568655,15.0]]]}},{"type":"Feature","id":"UN_VOL:42398","properties":{"OBJECTID":42398,"UN_VOL_POR":"03","UN_VOL_STA":"","UN_VOL_QGR":25.78,"UN_VOL_QCO":0.0,"UN_VOL_AV":9.62,"UN_VOL_INH":3.24,"Shape_Leng":25.3052781893,"Shape_Area":26.4019988016},"geometry":{"type":"Polygon","coordinates":[[[11.875323416014826,45.40613527462137,16.0],[11.875345352832065,45.40612941100496,16.0],[11.87535392146001,45.40612703473218,16.0],[11.875304570816215,45.40604096608647,16.0],[11.875276426568272,45.40605544739981,16.0],[11.875322281224738,45.406135572968374,16.0],[11.875323416014826,45.40613527462137,16.0]]]}},{"type":"Feature","id":"UN_VOL:42401","properties":{"OBJECTID":42401,"UN_VOL_POR":"03","UN_VOL_STA":"","UN_VOL_QGR":25.47,"UN_VOL_QCO":0.0,"UN_VOL_AV":9.83,"UN_VOL_INH":5.64,"Shape_Leng":65.0933643282,"Shape_Area":55.3845344135},"geometry":{"type":"Polygon","coordinates":[[[11.875280450038053,45.406152289391954,16.0],[11.87522296659059,45.40604446280661,16.0],[11.87521806218146,45.406046026361246,16.0],[11.87515683775641,45.406065841612296,16.0],[11.874994790421507,45.40611835166981,16.0],[11.874995428918039,45.40612085611274,16.0],[11.874998766171881,45.40613373369729,16.0],[11.875209800721022,45.406067027556524,16.0],[11.875258941861185,45.406159042272776,16.0],[11.875280450038053,45.406152289391954,16.0]]]}},{"type":"Feature","id":"UN_VOL:42403","properties":{"OBJECTID":42403,"UN_VOL_POR":"03","UN_VOL_STA":"","UN_VOL_QGR":25.41,"UN_VOL_QCO":0.0,"UN_VOL_AV":10.18,"UN_VOL_INH":4.52,"Shape_Leng":98.769946205,"Shape_Area":132.597412325},"geometry":{"type":"Polygon","coordinates":[[[11.872409214640916,45.40598499307407,15.0],[11.872526675398328,45.40595278174057,15.0],[11.872587719106653,45.405952054969575,15.0],[11.872585776386284,45.40592636062607,15.0],[11.872519495898969,45.405927128796016,15.0],[11.872371539022941,45.40596775869038,15.0],[11.872362842613484,45.40597013795569,15.0],[11.872495198005558,45.40623153309314,15.0],[11.87253351652302,45.40623119874952,16.0],[11.872526410081859,45.406217065670575,15.0],[11.872470162210284,45.40610578559194,15.0],[11.872453684334081,45.40607316610079,15.0],[11.872409214640916,45.40598499307407,15.0]]]}},{"type":"Feature","id":"UN_VOL:42405","properties":{"OBJECTID":42405,"UN_VOL_POR":"03","UN_VOL_STA":"","UN_VOL_QGR":26.21,"UN_VOL_QCO":0.0,"UN_VOL_AV":10.23,"UN_VOL_INH":3.97,"Shape_Leng":68.4288474702,"Shape_Area":43.462535624},"geometry":{"type":"Polygon","coordinates":[[[11.874491940130241,45.4060374075884,16.0],[11.874380975251944,45.405996186880486,16.0],[11.87437535635661,45.406003799585015,16.0],[11.874623093121244,45.40610125303311,16.0],[11.874688422531916,45.40618241862194,16.0],[11.874704643229345,45.40617471889138,16.0],[11.874647792483572,45.406104501218735,16.0],[11.87463702129533,45.40609118058472,16.0],[11.874491940130241,45.4060374075884,16.0]]]}},{"type":"Feature","id":"UN_VOL:42410","properties":{"OBJECTID":42410,"UN_VOL_POR":"03","UN_VOL_STA":"","UN_VOL_QGR":25.77,"UN_VOL_QCO":0.0,"UN_VOL_AV":10.48,"UN_VOL_INH":4.57,"Shape_Leng":82.272506619,"Shape_Area":119.166925851},"geometry":{"type":"Polygon","coordinates":[[[11.877070911799185,45.40596772737015,14.0],[11.877050515818233,45.405936016980256,15.0],[11.876871291661578,45.40598239212892,16.0],[11.876767794477017,45.406012725480544,16.0],[11.876738962147007,45.40602119331619,16.0],[11.87675117536024,45.40604275858285,16.0],[11.876740041035285,45.406047449648305,16.0],[11.876745511638958,45.406062073941804,16.0],[11.876776897476294,45.4061466146515,17.0],[11.876782448759498,45.406145214424264,17.0],[11.876751327391103,45.40606084714184,16.0],[11.877070911799185,45.40596772737015,14.0]]]}},{"type":"Feature","id":"UN_VOL:42413","properties":{"OBJECTID":42413,"UN_VOL_POR":"03","UN_VOL_STA":"","UN_VOL_QGR":28.7,"UN_VOL_QCO":0.0,"UN_VOL_AV":12.95,"UN_VOL_INH":4.1,"Shape_Leng":35.7683765485,"Shape_Area":44.8066215391},"geometry":{"type":"Polygon","coordinates":[[[11.87675117536024,45.40604275858285,16.0],[11.876738962147007,45.40602119331619,16.0],[11.876696028258305,45.40603379746717,16.0],[11.876702438961548,45.406051818280694,16.0],[11.876708849116445,45.40606983910761,16.0],[11.876739427994595,45.40615611028224,16.0],[11.876776897476294,45.4061466146515,17.0],[11.876745511638958,45.406062073941804,16.0],[11.876740041035285,45.406047449648305,16.0],[11.87675117536024,45.40604275858285,16.0]]]}},{"type":"Feature","id":"UN_VOL:42419","properties":{"OBJECTID":42419,"UN_VOL_POR":"03","UN_VOL_STA":"","UN_VOL_QGR":25.39,"UN_VOL_QCO":0.0,"UN_VOL_AV":9.56,"UN_VOL_INH":4.03,"Shape_Leng":37.3809260633,"Shape_Area":44.8056102524},"geometry":{"type":"Polygon","coordinates":[[[11.876610708476491,45.40606979323415,16.0],[11.876604266370029,45.40605114287957,16.0],[11.876575511225093,45.40605609846159,16.0],[11.876569303324475,45.40605715504527,16.0],[11.876576041858554,45.40607660796015,16.0],[11.876617371623066,45.4061959129743,16.0],[11.8766524487098,45.40618962777836,16.0],[11.876610708476491,45.40606979323415,16.0]]]}},{"type":"Feature","id":"UN_VOL:42420","properties":{"OBJECTID":42420,"UN_VOL_POR":"03","UN_VOL_STA":"","UN_VOL_QGR":28.23,"UN_VOL_QCO":0.0,"UN_VOL_AV":12.99,"UN_VOL_INH":4.52,"Shape_Leng":22.2235393939,"Shape_Area":22.647229043},"geometry":{"type":"Polygon","coordinates":[[[11.87253351652302,45.40623119874952,16.0],[11.872495198005558,45.40623153309314,15.0],[11.872499177555955,45.40623944395567,15.0],[11.872531786380877,45.40630037174696,16.0],[11.872568468580045,45.40630052843047,16.0],[11.87253351652302,45.40623119874952,16.0]]]}},{"type":"Feature","id":"UN_VOL:42422","properties":{"OBJECTID":42422,"UN_VOL_POR":"03","UN_VOL_STA":"","UN_VOL_QGR":28.19,"UN_VOL_QCO":0.0,"UN_VOL_AV":12.02,"UN_VOL_INH":3.57,"Shape_Leng":30.8160010074,"Shape_Area":36.4490517288},"geometry":{"type":"Polygon","coordinates":[[[11.875417280080383,45.406229762567506,16.0],[11.87535657400777,45.406126427607106,16.0],[11.87535392146001,45.40612703473218,16.0],[11.875345352832065,45.40612941100496,16.0],[11.875323416014826,45.40613527462137,16.0],[11.875322281224738,45.406135572968374,16.0],[11.87538241281726,45.40624018268944,16.0],[11.875417280080383,45.406229762567506,16.0]]]}},{"type":"Feature","id":"UN_VOL:42423","properties":{"OBJECTID":42423,"UN_VOL_POR":"03","UN_VOL_STA":"","UN_VOL_QGR":28.87,"UN_VOL_QCO":0.0,"UN_VOL_AV":13.58,"UN_VOL_INH":5.3,"Shape_Leng":14.0317492682,"Shape_Area":1.91535047368},"geometry":{"type":"Polygon","coordinates":[[[11.872883767167453,45.40630411188455,16.0],[11.872797709121683,45.406302948085774,16.0],[11.87279801924991,45.40630654098033,16.0],[11.872883844700208,45.40630563994849,16.0],[11.872883767167453,45.40630411188455,16.0]]]}},{"type":"Feature","id":"UN_VOL:42427","properties":{"OBJECTID":42427,"UN_VOL_POR":"03","UN_VOL_STA":"","UN_VOL_QGR":26.05,"UN_VOL_QCO":0.0,"UN_VOL_AV":10.19,"UN_VOL_INH":3.6,"Shape_Leng":11.4107601305,"Shape_Area":7.11962803183},"geometry":{"type":"Polygon","coordinates":[[[11.877308281840225,45.40620810638409,15.0],[11.87728328286778,45.40617885254845,14.0],[11.877263433834036,45.4061830434381,15.0],[11.877282297996643,45.40621479241657,15.0],[11.877292639655757,45.406212101147226,15.0],[11.877308281840225,45.40620810638409,15.0]]]}},{"type":"Feature","id":"UN_VOL:42428","properties":{"OBJECTID":42428,"UN_VOL_POR":"03","UN_VOL_STA":"","UN_VOL_QGR":26.98,"UN_VOL_QCO":0.0,"UN_VOL_AV":11.69,"UN_VOL_INH":5.3,"Shape_Leng":15.9612829979,"Shape_Area":15.8850029183},"geometry":{"type":"Polygon","coordinates":[[[11.872715356410096,45.406301780980286,16.0],[11.872660752867679,45.40630099536766,16.0],[11.872663151205318,45.406335679799966,16.0],[11.8727139172319,45.406336382324135,16.0],[11.872715356410096,45.406301780980286,16.0]]]}},{"type":"Feature","id":"UN_VOL:42431","properties":{"OBJECTID":42431,"UN_VOL_POR":"03","UN_VOL_STA":"","UN_VOL_QGR":29.79,"UN_VOL_QCO":0.0,"UN_VOL_AV":14.02,"UN_VOL_INH":3.72,"Shape_Leng":13.8271633047,"Shape_Area":10.4251711452},"geometry":{"type":"Polygon","coordinates":[[[11.874246335745198,45.40629662037727,16.0],[11.874279066043558,45.406289404903184,16.0],[11.87427044570549,45.406270629194346,16.0],[11.874213549809653,45.406282593993325,16.0],[11.874221441166775,45.406302108054135,16.0],[11.874232306822627,45.406299674003485,16.0],[11.874246335745198,45.40629662037727,16.0]]]}},{"type":"Feature","id":"UN_VOL:42432","properties":{"OBJECTID":42432,"UN_VOL_POR":"03","UN_VOL_STA":"","UN_VOL_QGR":26.74,"UN_VOL_QCO":0.0,"UN_VOL_AV":11.45,"UN_VOL_INH":5.3,"Shape_Leng":44.2794200185,"Shape_Area":67.3327218821},"geometry":{"type":"Polygon","coordinates":[[[11.872945275794342,45.40630499327904,16.0],[11.872883844700208,45.40630563994849,16.0],[11.87279801924991,45.40630654098033,16.0],[11.872797709121683,45.406302948085774,16.0],[11.872715356410096,45.406301780980286,16.0],[11.8727139172319,45.406336382324135,16.0],[11.872946266497577,45.40633962349096,16.0],[11.872945275794342,45.40630499327904,16.0]]]}},{"type":"Feature","id":"UN_VOL:42438","properties":{"OBJECTID":42438,"UN_VOL_POR":"01","UN_VOL_STA":"","UN_VOL_QGR":34.19,"UN_VOL_QCO":0.0,"UN_VOL_AV":17.53,"UN_VOL_INH":0.0,"Shape_Leng":41.1051593656,"Shape_Area":96.8999006917},"geometry":{"type":"Polygon","coordinates":[[[11.875993831345625,45.406518844193634,17.0],[11.875958586209954,45.40643629075041,17.0],[11.875946017420382,45.40640519329903,17.0],[11.875858474898061,45.40642513238459,17.0],[11.875901854379642,45.40653952502279,17.0],[11.875993831345625,45.406518844193634,17.0]]]}},{"type":"Feature","id":"UN_VOL:42462","properties":{"OBJECTID":42462,"UN_VOL_POR":"01","UN_VOL_STA":"","UN_VOL_QGR":33.55,"UN_VOL_QCO":0.0,"UN_VOL_AV":18.05,"UN_VOL_INH":0.0,"Shape_Leng":115.553993563,"Shape_Area":371.563074734},"geometry":{"type":"Polygon","coordinates":[[[11.873926564323277,45.40657498270119,17.0],[11.873904071713527,45.40650948021454,17.0],[11.873974741639895,45.40649698853899,17.0],[11.873975220578195,45.406501387209694,17.0],[11.874059819355326,45.40649142497047,17.0],[11.874055884803623,45.40647433176354,17.0],[11.874047758291201,45.406475346490105,17.0],[11.874024905099333,45.40640274214008,16.0],[11.874022160942516,45.40639398979232,16.0],[11.873693391589459,45.406447276710054,16.0],[11.873694271773505,45.40645202546366,16.0],[11.87370361325993,45.40649760647597,16.0],[11.873712417173497,45.40654014060442,17.0],[11.873723445506744,45.40659378061395,17.0],[11.873727160878982,45.406604038523945,17.0],[11.87383011487832,45.406590643789514,17.0],[11.873926564323277,45.40657498270119,17.0]],[[11.873788959522956,45.40647718447063,16.0],[11.873887633386792,45.40646254756208,16.0],[11.873898687841749,45.40649404356948,16.0],[11.8737959483931,45.40650914307193,17.0],[11.873788959522956,45.40647718447063,16.0]]]}},{"type":"Feature","id":"UN_VOL:42466","properties":{"OBJECTID":42466,"UN_VOL_POR":"01","UN_VOL_STA":"","UN_VOL_QGR":29.1,"UN_VOL_QCO":0.0,"UN_VOL_AV":13.6,"UN_VOL_INH":0.0,"Shape_Leng":27.5086512521,"Shape_Area":47.1497885954},"geometry":{"type":"Polygon","coordinates":[[[11.87368293947877,45.40660137146648,17.0],[11.873723445506744,45.40659378061395,17.0],[11.873712417173497,45.40654014060442,17.0],[11.873615607439616,45.40655374028849,16.0],[11.873628859730966,45.40660840446908,17.0],[11.87368293947877,45.40660137146648,17.0]]]}},{"type":"Feature","id":"UN_VOL:42467","properties":{"OBJECTID":42467,"UN_VOL_POR":"01","UN_VOL_STA":"","UN_VOL_QGR":55.94,"UN_VOL_QCO":0.0,"UN_VOL_AV":40.13,"UN_VOL_INH":0.0,"Shape_Leng":25.8763485394,"Shape_Area":41.8725275008},"geometry":{"type":"Polygon","coordinates":[[[11.87096767581711,45.40661481640646,16.0],[11.87090616178069,45.406608802972066,15.0],[11.870902670501756,45.40662311275348,16.0],[11.870894511867817,45.40666634403163,16.0],[11.870945638342919,45.40667162871225,16.0],[11.870974955082458,45.4066752117485,16.0],[11.870987967700511,45.406616825971625,16.0],[11.87096767581711,45.40661481640646,16.0]]]}},{"type":"Feature","id":"UN_VOL:42468","properties":{"OBJECTID":42468,"UN_VOL_POR":"01","UN_VOL_STA":"","UN_VOL_QGR":25.04,"UN_VOL_QCO":0.0,"UN_VOL_AV":9.11,"UN_VOL_INH":0.0,"Shape_Leng":20.0311208717,"Shape_Area":24.0593396714},"geometry":{"type":"Polygon","coordinates":[[[11.874888091187007,45.406566332473616,17.0],[11.874886390802558,45.40656304475402,17.0],[11.874872317230292,45.406519923505044,16.0],[11.874858173904412,45.40651568902829,16.0],[11.874822918370132,45.40651846751174,16.0],[11.874828384789309,45.40653804262698,16.0],[11.874838191149763,45.406572630410935,17.0],[11.874838628935557,45.40657369955255,17.0],[11.874840520875459,45.40657824232212,17.0],[11.874888091187007,45.406566332473616,17.0]]]}},{"type":"Feature","id":"UN_VOL:42479","properties":{"OBJECTID":42479,"UN_VOL_POR":"01","UN_VOL_STA":"","UN_VOL_QGR":28.4,"UN_VOL_QCO":0.0,"UN_VOL_AV":12.9,"UN_VOL_INH":0.0,"Shape_Leng":23.3845594954,"Shape_Area":30.8598918035},"geometry":{"type":"Polygon","coordinates":[[[11.873628859730966,45.40660840446908,17.0],[11.873615607439616,45.40655374028849,16.0],[11.873612762340215,45.40654049008212,16.0],[11.873560105271164,45.406547847409605,16.0],[11.873560569845564,45.40654945577249,16.0],[11.873579999111458,45.406615035864995,16.0],[11.873628859730966,45.40660840446908,17.0]]]}},{"type":"Feature","id":"UN_VOL:42490","properties":{"OBJECTID":42490,"UN_VOL_POR":"01","UN_VOL_STA":"","UN_VOL_QGR":24.85,"UN_VOL_QCO":0.0,"UN_VOL_AV":8.92,"UN_VOL_INH":0.0,"Shape_Leng":20.4979630748,"Shape_Area":25.3475962502},"geometry":{"type":"Polygon","coordinates":[[[11.874838628935557,45.40657369955255,17.0],[11.874838191149763,45.406572630410935,17.0],[11.874828384789309,45.40653804262698,16.0],[11.87475341240302,45.406551363215875,16.0],[11.8747654662895,45.4065899449271,17.0],[11.874838628935557,45.40657369955255,17.0]]]}},{"type":"Feature","id":"UN_VOL:42493","properties":{"OBJECTID":42493,"UN_VOL_POR":"01","UN_VOL_STA":"","UN_VOL_QGR":27.74,"UN_VOL_QCO":0.0,"UN_VOL_AV":12.24,"UN_VOL_INH":0.0,"Shape_Leng":22.8978352765,"Shape_Area":30.4508855444},"geometry":{"type":"Polygon","coordinates":[[[11.873579999111458,45.406615035864995,16.0],[11.873560569845564,45.40654945577249,16.0],[11.8735102827745,45.406560713500596,16.0],[11.873525559677377,45.40662252772126,16.0],[11.873579999111458,45.406615035864995,16.0]]]}},{"type":"Feature","id":"UN_VOL:42497","properties":{"OBJECTID":42497,"UN_VOL_POR":"01","UN_VOL_STA":"","UN_VOL_QGR":33.98,"UN_VOL_QCO":0.0,"UN_VOL_AV":17.39,"UN_VOL_INH":0.0,"Shape_Leng":42.1908487436,"Shape_Area":96.3577137844},"geometry":{"type":"Polygon","coordinates":[[[11.875831222476023,45.40656785893553,17.0],[11.875906294686951,45.406551474699576,17.0],[11.875901854379642,45.40653952502279,17.0],[11.875858474898061,45.40642513238459,17.0],[11.87584093230271,45.40642944498748,17.0],[11.875772277486222,45.4064463874236,16.0],[11.875830210802526,45.40656806452753,17.0],[11.875831222476023,45.40656785893553,17.0]]]}},{"type":"Feature","id":"UN_VOL:42499","properties":{"OBJECTID":42499,"UN_VOL_POR":"01","UN_VOL_STA":"","UN_VOL_QGR":29.4,"UN_VOL_QCO":0.0,"UN_VOL_AV":13.09,"UN_VOL_INH":0.0,"Shape_Leng":59.5610760805,"Shape_Area":188.911615798},"geometry":{"type":"Polygon","coordinates":[[[11.873492934771066,45.407006982624615,17.0],[11.8734920090761,45.40700385585831,17.0],[11.873490445471818,45.406998224236325,17.0],[11.873457057146709,45.406876647811664,17.0],[11.87344341241577,45.40682685446388,16.0],[11.87340174396021,45.406831684598345,16.0],[11.873325781783837,45.40684061843922,16.0],[11.873333298603418,45.40686536236732,16.0],[11.873338518278452,45.406882603719396,16.0],[11.873379341500362,45.40702226504209,17.0],[11.873379792954749,45.40702360398542,17.0],[11.873492934771066,45.407006982624615,17.0]]]}},{"type":"Feature","id":"UN_VOL:42504","properties":{"OBJECTID":42504,"UN_VOL_POR":"01","UN_VOL_STA":"","UN_VOL_QGR":25.29,"UN_VOL_QCO":0.0,"UN_VOL_AV":8.71,"UN_VOL_INH":0.0,"Shape_Leng":26.6610433456,"Shape_Area":44.2399669961},"geometry":{"type":"Polygon","coordinates":[[[11.870639148049243,45.406861975567814,17.0],[11.870655588543324,45.40684598969735,17.0],[11.87060236553727,45.40681699463194,17.0],[11.870595091076947,45.40681465711387,17.0],[11.87056210012113,45.40684447125803,17.0],[11.87053606971224,45.40686789939101,17.0],[11.870602747967723,45.406897636148685,17.0],[11.870639148049243,45.406861975567814,17.0]]]}},{"type":"Feature","id":"UN_VOL:42513","properties":{"OBJECTID":42513,"UN_VOL_POR":"01","UN_VOL_STA":"","UN_VOL_QGR":22.82,"UN_VOL_QCO":0.0,"UN_VOL_AV":6.56,"UN_VOL_INH":0.0,"Shape_Leng":23.6958590823,"Shape_Area":35.0826059044},"geometry":{"type":"Polygon","coordinates":[[[11.871291692563574,45.40682053293155,17.0],[11.87127757281943,45.40687219543034,17.0],[11.871351990653382,45.40688319475451,17.0],[11.871365112327226,45.406829487066226,17.0],[11.871324095207227,45.40682448845712,17.0],[11.871291692563574,45.40682053293155,17.0]]]}},{"type":"Feature","id":"UN_VOL:42514","properties":{"OBJECTID":42514,"UN_VOL_POR":"01","UN_VOL_STA":"","UN_VOL_QGR":28.92,"UN_VOL_QCO":0.0,"UN_VOL_AV":12.62,"UN_VOL_INH":0.0,"Shape_Leng":38.0714115494,"Shape_Area":43.6804686543},"geometry":{"type":"Polygon","coordinates":[[[11.87344341241577,45.40682685446388,16.0],[11.8734224694064,45.40674150997054,16.0],[11.873420791920026,45.406738671886515,16.0],[11.873362322727127,45.406747345317925,16.0],[11.873305344511458,45.40675517114211,16.0],[11.873309697756158,45.406770453674405,16.0],[11.87338268399349,45.406760784365154,16.0],[11.87340174396021,45.406831684598345,16.0],[11.87344341241577,45.40682685446388,16.0]]]}},{"type":"Feature","id":"UN_VOL:42516","properties":{"OBJECTID":42516,"UN_VOL_POR":"01","UN_VOL_STA":"","UN_VOL_QGR":26.48,"UN_VOL_QCO":0.0,"UN_VOL_AV":10.24,"UN_VOL_INH":0.0,"Shape_Leng":19.6449889501,"Shape_Area":24.1036033733},"geometry":{"type":"Polygon","coordinates":[[[11.874769774099452,45.406788044216434,17.0],[11.874753120965726,45.406746967805866,17.0],[11.8746916079436,45.40675859893592,16.0],[11.874707412981635,45.4068005968008,17.0],[11.874769774099452,45.406788044216434,17.0]]]}},{"type":"Feature","id":"UN_VOL:42517","properties":{"OBJECTID":42517,"UN_VOL_POR":"01","UN_VOL_STA":"","UN_VOL_QGR":25.12,"UN_VOL_QCO":0.0,"UN_VOL_AV":9.62,"UN_VOL_INH":0.0,"Shape_Leng":100.382301419,"Shape_Area":494.073893948},"geometry":{"type":"Polygon","coordinates":[[[11.873039035492233,45.406830646665355,16.0],[11.873038821136209,45.40682894156338,16.0],[11.873035858335975,45.406823435602924,16.0],[11.873012086893386,45.40677803778324,16.0],[11.872985515702057,45.40670012559575,16.0],[11.873010159807816,45.40669473454272,16.0],[11.873098989132428,45.40667494533776,16.0],[11.873062671574303,45.406573695675235,16.0],[11.872929198362456,45.40660514012431,16.0],[11.872767816761467,45.40664313817112,16.0],[11.87282756076141,45.40684848277104,16.0],[11.873039035492233,45.406830646665355,16.0]]]}},{"type":"Feature","id":"UN_VOL:42518","properties":{"OBJECTID":42518,"UN_VOL_POR":"01","UN_VOL_STA":"","UN_VOL_QGR":23.12,"UN_VOL_QCO":0.0,"UN_VOL_AV":6.69,"UN_VOL_INH":0.0,"Shape_Leng":33.2651592168,"Shape_Area":43.1684420595},"geometry":{"type":"Polygon","coordinates":[[[11.870496214771679,45.406863140996705,17.0],[11.870502746603268,45.40686342690691,17.0],[11.870506433903026,45.40685550280098,17.0],[11.87053606971224,45.40686789939101,17.0],[11.87056210012113,45.40684447125803,17.0],[11.870484031703663,45.406814390694436,17.0],[11.87043144162061,45.40689618513835,17.0],[11.870472951011473,45.40690837269994,17.0],[11.870496214771679,45.406863140996705,17.0]]]}},{"type":"Feature","id":"UN_VOL:42520","properties":{"OBJECTID":42520,"UN_VOL_POR":"01","UN_VOL_STA":"","UN_VOL_QGR":29.25,"UN_VOL_QCO":0.0,"UN_VOL_AV":12.77,"UN_VOL_INH":0.0,"Shape_Leng":71.8527082199,"Shape_Area":197.698262918},"geometry":{"type":"Polygon","coordinates":[[[11.874059031362746,45.406803158392904,17.0],[11.87402636316366,45.40670082699204,17.0],[11.874052752911986,45.40669458132245,17.0],[11.87406765737674,45.40669114547753,17.0],[11.874059301222118,45.40666498238,17.0],[11.873913963297522,45.406691776602166,17.0],[11.873907955007871,45.406669064623046,17.0],[11.873819317363212,45.406685068834655,17.0],[11.87383424447371,45.40675760310434,17.0],[11.873928679595515,45.406747573701196,17.0],[11.873958501879043,45.406821532937535,17.0],[11.874059031362746,45.406803158392904,17.0]]]}},{"type":"Feature","id":"UN_VOL:42531","properties":{"OBJECTID":42531,"UN_VOL_POR":"01","UN_VOL_STA":"","UN_VOL_QGR":31.02,"UN_VOL_QCO":0.0,"UN_VOL_AV":14.43,"UN_VOL_INH":0.0,"Shape_Leng":52.4522088726,"Shape_Area":165.253538425},"geometry":{"type":"Polygon","coordinates":[[[11.875698511548853,45.40659415708679,16.0],[11.875634434137497,45.40646219323153,16.0],[11.875604698415943,45.40646798331267,16.0],[11.875504239110708,45.406487707375575,17.0],[11.875570244616366,45.406622412993485,16.0],[11.875608663098774,45.406613974002674,16.0],[11.875698511548853,45.40659415708679,16.0]]]}},{"type":"Feature","id":"UN_VOL:42559","properties":{"OBJECTID":42559,"UN_VOL_POR":"01","UN_VOL_STA":"","UN_VOL_QGR":27.17,"UN_VOL_QCO":0.0,"UN_VOL_AV":11.67,"UN_VOL_INH":0.0,"Shape_Leng":25.5094052127,"Shape_Area":39.6803343676},"geometry":{"type":"Polygon","coordinates":[[[11.873525559677377,45.40662252772126,16.0],[11.8735102827745,45.406560713500596,16.0],[11.873509635781446,45.406558029559676,16.0],[11.873440646930208,45.406565887784126,16.0],[11.873459064361029,45.40663167308216,16.0],[11.873525559677377,45.40662252772126,16.0]]]}},{"type":"Feature","id":"UN_VOL:42565","properties":{"OBJECTID":42565,"UN_VOL_POR":"01","UN_VOL_STA":"","UN_VOL_QGR":27.31,"UN_VOL_QCO":0.0,"UN_VOL_AV":10.84,"UN_VOL_INH":0.0,"Shape_Leng":23.0874176148,"Shape_Area":32.8143804869},"geometry":{"type":"Polygon","coordinates":[[[11.874221414152293,45.40660869159766,17.0],[11.874211407038631,45.40656258711483,17.0],[11.874127414031975,45.40657190387999,17.0],[11.874143332685726,45.40661614935276,17.0],[11.874221414152293,45.40660869159766,17.0]]]}},{"type":"Feature","id":"UN_VOL:42568","properties":{"OBJECTID":42568,"UN_VOL_POR":"01","UN_VOL_STA":"","UN_VOL_QGR":28.54,"UN_VOL_QCO":0.0,"UN_VOL_AV":12.61,"UN_VOL_INH":0.0,"Shape_Leng":44.4774197725,"Shape_Area":117.196020843},"geometry":{"type":"Polygon","coordinates":[[[11.875311136783424,45.40658294633034,16.0],[11.875453341359883,45.406549838694495,16.0],[11.875415818932543,45.40647778400453,16.0],[11.875260743229244,45.40651409665437,16.0],[11.875263701658055,45.40651951262056,16.0],[11.87525097188758,45.40652550439939,16.0],[11.875284992729547,45.40658648547563,16.0],[11.875285986321634,45.40658844107756,16.0],[11.875311136783424,45.40658294633034,16.0]]]}},{"type":"Feature","id":"UN_VOL:42571","properties":{"OBJECTID":42571,"UN_VOL_POR":"01","UN_VOL_STA":"","UN_VOL_QGR":19.96,"UN_VOL_QCO":0.0,"UN_VOL_AV":4.07,"UN_VOL_INH":0.0,"Shape_Leng":41.4644336611,"Shape_Area":91.66489807},"geometry":{"type":"Polygon","coordinates":[[[11.870640629790953,45.40665175891891,16.0],[11.870469383295744,45.40663383413176,16.0],[11.870445672725507,45.406632449979085,16.0],[11.870431961937413,45.406689683039055,16.0],[11.870576303285347,45.40670873500076,16.0],[11.870640629790953,45.40665175891891,16.0]]]}},{"type":"Feature","id":"UN_VOL:42576","properties":{"OBJECTID":42576,"UN_VOL_POR":"01","UN_VOL_STA":"","UN_VOL_QGR":29.38,"UN_VOL_QCO":0.0,"UN_VOL_AV":13.88,"UN_VOL_INH":0.0,"Shape_Leng":18.7242194921,"Shape_Area":20.319324118},"geometry":{"type":"Polygon","coordinates":[[[11.873342960301406,45.406637747381765,16.0],[11.873338732813675,45.40659221765218,16.0],[11.873299639548058,45.406594912213535,16.0],[11.873301020836081,45.40660450892962,16.0],[11.873285856915059,45.40660534063022,16.0],[11.873289117479954,45.40664189353868,16.0],[11.873342960301406,45.406637747381765,16.0]]]}},{"type":"Feature","id":"UN_VOL:42579","properties":{"OBJECTID":42579,"UN_VOL_POR":"01","UN_VOL_STA":"","UN_VOL_QGR":32.21,"UN_VOL_QCO":0.0,"UN_VOL_AV":16.71,"UN_VOL_INH":0.0,"Shape_Leng":32.3342076582,"Shape_Area":54.229282731},"geometry":{"type":"Polygon","coordinates":[[[11.87327176546475,45.4066424205403,16.0],[11.873289117479954,45.40664189353868,16.0],[11.873285856915059,45.40660534063022,16.0],[11.873301020836081,45.40660450892962,16.0],[11.873299639548058,45.406594912213535,16.0],[11.873297455615464,45.406579575053016,16.0],[11.873265486343703,45.40658164036227,16.0],[11.87326641665619,45.406587377591975,16.0],[11.873178266022105,45.40659283785331,16.0],[11.873181522768292,45.406639382547866,16.0],[11.8731819332636,45.406644952774116,16.0],[11.873184868584044,45.40664487885999,16.0],[11.87327176546475,45.4066424205403,16.0]]]}},{"type":"Feature","id":"UN_VOL:42581","properties":{"OBJECTID":42581,"UN_VOL_POR":"01","UN_VOL_STA":"","UN_VOL_QGR":27.0,"UN_VOL_QCO":0.0,"UN_VOL_AV":11.07,"UN_VOL_INH":0.0,"Shape_Leng":14.4207319358,"Shape_Area":12.7831043078},"geometry":{"type":"Polygon","coordinates":[[[11.874888091187007,45.406566332473616,17.0],[11.874840520875459,45.40657824232212,17.0],[11.874851685036221,45.40660433500313,17.0],[11.874902660411724,45.4065940494656,17.0],[11.874888091187007,45.406566332473616,17.0]]]}},{"type":"Feature","id":"UN_VOL:42583","properties":{"OBJECTID":42583,"UN_VOL_POR":"01","UN_VOL_STA":"","UN_VOL_QGR":28.33,"UN_VOL_QCO":0.0,"UN_VOL_AV":12.83,"UN_VOL_INH":0.0,"Shape_Leng":14.7579441232,"Shape_Area":13.2238065759},"geometry":{"type":"Polygon","coordinates":[[[11.873646659988225,45.406634329749025,17.0],[11.873691172363918,45.40662762813306,17.0],[11.87368293947877,45.40660137146648,17.0],[11.873628859730966,45.40660840446908,17.0],[11.873636504960059,45.40663566567482,17.0],[11.873646659988225,45.406634329749025,17.0]]]}},{"type":"Feature","id":"UN_VOL:42604","properties":{"OBJECTID":42604,"UN_VOL_POR":"01","UN_VOL_STA":"","UN_VOL_QGR":38.65,"UN_VOL_QCO":0.0,"UN_VOL_AV":22.83,"UN_VOL_INH":0.0,"Shape_Leng":46.3642262372,"Shape_Area":129.125499733},"geometry":{"type":"Polygon","coordinates":[[[11.871118503683112,45.406789516233836,17.0],[11.87111900524737,45.406789323519455,17.0],[11.871120003262837,45.406788848172575,17.0],[11.871135181099547,45.40677568467602,17.0],[11.871146603378795,45.40676405564802,17.0],[11.871156685707442,45.40674867992981,17.0],[11.871161475868872,45.40673478730103,17.0],[11.870937675895583,45.40670864416644,16.0],[11.870937580067215,45.406714317577084,16.0],[11.870939549078404,45.40672794969084,16.0],[11.87094117155777,45.406742310898174,16.0],[11.870944699481436,45.406753923927404,16.0],[11.87095315473657,45.4067669429942,16.0],[11.870964772805307,45.40677682205758,16.0],[11.870981765046507,45.406789356178415,16.0],[11.870996719759304,45.406796991329315,16.0],[11.87101319686415,45.40680188715774,16.0],[11.871027640948684,45.40680449409132,17.0],[11.871045695231157,45.406805210026306,17.0],[11.871060644933081,45.406805194045475,17.0],[11.871074752207402,45.40680366885439,17.0],[11.871082555102864,45.40680131217069,17.0],[11.87108998465717,45.40679914497429,17.0],[11.87110564570181,45.40679551038574,17.0],[11.871118503683112,45.406789516233836,17.0]]]}},{"type":"Feature","id":"UN_VOL:42605","properties":{"OBJECTID":42605,"UN_VOL_POR":"01","UN_VOL_STA":"","UN_VOL_QGR":28.09,"UN_VOL_QCO":0.0,"UN_VOL_AV":12.59,"UN_VOL_INH":0.0,"Shape_Leng":71.6035115304,"Shape_Area":234.52814421},"geometry":{"type":"Polygon","coordinates":[[[11.8734224694064,45.40674150997054,16.0],[11.873453440130476,45.40673739946724,16.0],[11.87366763490613,45.40671022238267,17.0],[11.873646659988225,45.406634329749025,17.0],[11.873636504960059,45.40663566567482,17.0],[11.873628859730966,45.40660840446908,17.0],[11.873579999111458,45.406615035864995,16.0],[11.873525559677377,45.40662252772126,16.0],[11.873459064361029,45.40663167308216,16.0],[11.873431780793283,45.40663542059259,16.0],[11.873439429943925,45.40666277175952,16.0],[11.873401754233731,45.40666822132857,16.0],[11.873410671097032,45.40670040115091,16.0],[11.873351664447403,45.40670854822061,16.0],[11.873362322727127,45.406747345317925,16.0],[11.873420791920026,45.406738671886515,16.0],[11.8734224694064,45.40674150997054,16.0]]]}},{"type":"Feature","id":"UN_VOL:42613","properties":{"OBJECTID":42613,"UN_VOL_POR":"01","UN_VOL_STA":"","UN_VOL_QGR":31.79,"UN_VOL_QCO":0.0,"UN_VOL_AV":14.62,"UN_VOL_INH":0.0,"Shape_Leng":12.3884870186,"Shape_Area":9.44022718669},"geometry":{"type":"Polygon","coordinates":[[[11.874467142562034,45.407509738110484,17.0],[11.874466625317524,45.40747941706638,17.0],[11.874430430241897,45.407478798488526,17.0],[11.874433714212865,45.40751076033295,17.0],[11.874467142562034,45.407509738110484,17.0]]]}},{"type":"Feature","id":"UN_VOL:42615","properties":{"OBJECTID":42615,"UN_VOL_POR":"01","UN_VOL_STA":"","UN_VOL_QGR":35.94,"UN_VOL_QCO":0.0,"UN_VOL_AV":19.69,"UN_VOL_INH":0.0,"Shape_Leng":65.5978545995,"Shape_Area":228.089513413},"geometry":{"type":"Polygon","coordinates":[[[11.87138277815059,45.407485234173286,17.0],[11.871393612367608,45.4074645287025,17.0],[11.871382636486185,45.40744968289845,17.0],[11.871202945698752,45.40741144845482,16.0],[11.871165442868394,45.407488362800684,17.0],[11.87118546203936,45.40749253992596,17.0],[11.871155612246941,45.407564130972936,16.0],[11.871288756508202,45.407591654532744,17.0],[11.871323816288685,45.40751948249977,17.0],[11.871345006215876,45.407524079979495,17.0],[11.871359878818923,45.4074897709354,17.0],[11.871379241395514,45.4074936043626,17.0],[11.87138277815059,45.407485234173286,17.0]]]}},{"type":"Feature","id":"UN_VOL:42621","properties":{"OBJECTID":42621,"UN_VOL_POR":"01","UN_VOL_STA":"","UN_VOL_QGR":32.84,"UN_VOL_QCO":0.0,"UN_VOL_AV":16.36,"UN_VOL_INH":0.0,"Shape_Leng":52.7102651046,"Shape_Area":148.957457444},"geometry":{"type":"Polygon","coordinates":[[[11.8720771387748,45.407414020713645,17.0],[11.871974916242301,45.40739904123656,17.0],[11.871951777286629,45.40748450581087,17.0],[11.871934786560626,45.407562704271164,16.0],[11.871969523681154,45.4075673204487,16.0],[11.87203429742017,45.40757460157077,16.0],[11.8720771387748,45.407414020713645,17.0]]]}},{"type":"Feature","id":"UN_VOL:42654","properties":{"OBJECTID":42654,"UN_VOL_POR":"01","UN_VOL_STA":"","UN_VOL_QGR":40.47,"UN_VOL_QCO":0.0,"UN_VOL_AV":22.93,"UN_VOL_INH":0.0,"Shape_Leng":12.1951531194,"Shape_Area":11.7698871408},"geometry":{"type":"Polygon","coordinates":[[[11.877033607887142,45.40749942189237,18.0],[11.87703996133323,45.407498721800835,18.0],[11.877045745235048,45.407496865461624,18.0],[11.877050713427272,45.40749403995505,18.0],[11.877054491440791,45.40749043403739,18.0],[11.877056833663396,45.40748623477506,18.0],[11.877057631196031,45.40748180393176,18.0],[11.87705676442107,45.407477325007086,18.0],[11.877054384413022,45.40747324442561,18.0],[11.877050496294713,45.407469652104865,18.0],[11.87704550023684,45.40746689775182,18.0],[11.877039656706065,45.40746506484551,18.0],[11.87703336240817,45.407464413133546,18.0],[11.877026999293257,45.407464933764736,18.0],[11.87702107401245,45.407466523527454,18.0],[11.877015837320092,45.40746908566246,18.0],[11.877011794821577,45.40747251815415,18.0],[11.877009065029714,45.40747663753094,18.0],[11.87700801270173,45.40748107479844,18.0],[11.877008491314221,45.40748547307422,18.0],[11.87701049744269,45.40748974317743,18.0],[11.877014135357923,45.407493432244884,18.0],[11.877018889762047,45.40749646244307,18.0],[11.87702461476295,45.40749847843269,18.0],[11.87703079563479,45.40749940275572,18.0],[11.877033607887142,45.40749942189237,18.0]]]}},{"type":"Feature","id":"UN_VOL:42665","properties":{"OBJECTID":42665,"UN_VOL_POR":"01","UN_VOL_STA":"","UN_VOL_QGR":27.07,"UN_VOL_QCO":0.0,"UN_VOL_AV":10.89,"UN_VOL_INH":0.0,"Shape_Leng":82.2446981473,"Shape_Area":284.656162117},"geometry":{"type":"Polygon","coordinates":[[[11.87082520136278,45.40764319455057,15.0],[11.87078436581208,45.407490570183725,16.0],[11.870781376060824,45.407471923078965,16.0],[11.870677407333673,45.40748552029062,16.0],[11.87068145495185,45.40750234062699,16.0],[11.870516204005126,45.407522070300324,16.0],[11.870512904404361,45.407522513497256,16.0],[11.87051590803362,45.407554032273346,16.0],[11.87058630186988,45.407546140473784,16.0],[11.870592792793104,45.40757082073313,16.0],[11.870595440800072,45.40757516445775,16.0],[11.87063777583144,45.40757085925038,16.0],[11.870664431147606,45.40766560198323,16.0],[11.87082520136278,45.40764319455057,15.0]]]}},{"type":"Feature","id":"UN_VOL:42738","properties":{"OBJECTID":42738,"UN_VOL_POR":"01","UN_VOL_STA":"","UN_VOL_QGR":33.5,"UN_VOL_QCO":0.0,"UN_VOL_AV":17.35,"UN_VOL_INH":0.0,"Shape_Leng":74.1721953423,"Shape_Area":208.236192707},"geometry":{"type":"Polygon","coordinates":[[[11.875557493059599,45.40884964563992,15.0],[11.875361922094243,45.40884359239808,16.0],[11.875362223768834,45.408854566604425,16.0],[11.87540342935394,45.40885568855688,16.0],[11.8754299087208,45.40887383363243,16.0],[11.875428071838115,45.408981085091675,16.0],[11.87538134634571,45.40897947192374,16.0],[11.875384075502232,45.40901558830817,16.0],[11.875551996684889,45.40901819774493,16.0],[11.875557493059599,45.40884964563992,15.0]]]}},{"type":"Feature","id":"UN_VOL:42739","properties":{"OBJECTID":42739,"UN_VOL_POR":"01","UN_VOL_STA":"","UN_VOL_QGR":28.25,"UN_VOL_QCO":0.0,"UN_VOL_AV":12.45,"UN_VOL_INH":0.0,"Shape_Leng":70.524117377,"Shape_Area":175.976490097},"geometry":{"type":"Polygon","coordinates":[[[11.872933878737609,45.4090721768136,16.0],[11.87295273113636,45.409070982147945,16.0],[11.872931440380519,45.40896872378893,16.0],[11.87293671845418,45.40896697083134,16.0],[11.872921769671668,45.40890154797752,16.0],[11.87287692702938,45.40890429710772,16.0],[11.872884134766407,45.408943091070235,16.0],[11.872895495748976,45.40899573264257,16.0],[11.872734143462848,45.40901176666527,16.0],[11.872750988647203,45.40908938348027,16.0],[11.872933878737609,45.4090721768136,16.0]]]}},{"type":"Feature","id":"UN_VOL:42740","properties":{"OBJECTID":42740,"UN_VOL_POR":"01","UN_VOL_STA":"","UN_VOL_QGR":34.88,"UN_VOL_QCO":0.0,"UN_VOL_AV":19.07,"UN_VOL_INH":0.0,"Shape_Leng":34.1582718823,"Shape_Area":60.5167767586},"geometry":{"type":"Polygon","coordinates":[[[11.872750988647203,45.40908938348027,16.0],[11.872734143462848,45.40901176666527,16.0],[11.872733956484078,45.40901060115458,16.0],[11.872729949125002,45.40899206938204,16.0],[11.872653464081456,45.408998315702796,16.0],[11.872657038298371,45.40902090892855,16.0],[11.872661852794453,45.409042750944025,16.0],[11.87267085648159,45.40908419993761,16.0],[11.872732824020423,45.40907894944049,16.0],[11.872733800038095,45.409090626270135,16.0],[11.872750988647203,45.40908938348027,16.0]]]}},{"type":"Feature","id":"UN_VOL:42745","properties":{"OBJECTID":42745,"UN_VOL_POR":"01","UN_VOL_STA":"","UN_VOL_QGR":26.32,"UN_VOL_QCO":0.0,"UN_VOL_AV":10.35,"UN_VOL_INH":0.0,"Shape_Leng":84.8593563549,"Shape_Area":238.997754002},"geometry":{"type":"Polygon","coordinates":[[[11.874442334731091,45.40901708354025,16.0],[11.874590505865358,45.40902082187276,16.0],[11.874587901306505,45.408868856179375,16.0],[11.87458137891949,45.40886875035907,16.0],[11.874544170685075,45.4088683374358,16.0],[11.874516425940993,45.40886804627762,16.0],[11.87451399609245,45.4088680174451,16.0],[11.87450230927163,45.40887191256764,16.0],[11.874463798120928,45.408873512691315,16.0],[11.874463688219038,45.4088637943063,16.0],[11.874449726354465,45.408863155910396,16.0],[11.874448328570143,45.40888344385176,16.0],[11.874447351559237,45.408929644918906,16.0],[11.87444791284376,45.40893818210415,16.0],[11.874464235555571,45.408937500760366,16.0],[11.87446570030911,45.40895879675965,16.0],[11.874347703317275,45.40895285817859,16.0],[11.874350509993198,45.40900310452136,16.0],[11.874348854241264,45.40905355332434,16.0],[11.874369944979653,45.40905365195977,16.0],[11.874373378856824,45.40901053946988,16.0],[11.874442334731091,45.40901708354025,16.0]]]}},{"type":"Feature","id":"UN_VOL:42748","properties":{"OBJECTID":42748,"UN_VOL_POR":"01","UN_VOL_STA":"","UN_VOL_QGR":30.71,"UN_VOL_QCO":0.0,"UN_VOL_AV":14.64,"UN_VOL_INH":0.0,"Shape_Leng":34.7173249225,"Shape_Area":47.173112901},"geometry":{"type":"Polygon","coordinates":[[[11.873843893919977,45.40902972739631,17.0],[11.873844926667452,45.40899720697326,17.0],[11.873823562887118,45.408996754930534,17.0],[11.873822507322176,45.40902882608403,17.0],[11.873724903980433,45.409026873600354,17.0],[11.873724030794344,45.409060020330955,16.0],[11.873722686413743,45.4090662650786,16.0],[11.873843212561102,45.40906917023159,16.0],[11.873843893919977,45.40902972739631,17.0]]]}},{"type":"Feature","id":"UN_VOL:42754","properties":{"OBJECTID":42754,"UN_VOL_POR":"01","UN_VOL_STA":"","UN_VOL_QGR":28.14,"UN_VOL_QCO":0.0,"UN_VOL_AV":12.9,"UN_VOL_INH":0.0,"Shape_Leng":37.2825279317,"Shape_Area":63.4298086355},"geometry":{"type":"Polygon","coordinates":[[[11.87199812161431,45.40910851612492,15.0],[11.871951612903045,45.40903308580601,15.0],[11.871922540424235,45.40899151194828,15.0],[11.871872118631021,45.40900520282422,15.0],[11.871944153257186,45.40912283619219,15.0],[11.87199812161431,45.40910851612492,15.0]]]}},{"type":"Feature","id":"UN_VOL:42755","properties":{"OBJECTID":42755,"UN_VOL_POR":"01","UN_VOL_STA":"","UN_VOL_QGR":38.42,"UN_VOL_QCO":0.0,"UN_VOL_AV":22.51,"UN_VOL_INH":0.0,"Shape_Leng":90.109791507,"Shape_Area":194.715715822},"geometry":{"type":"Polygon","coordinates":[[[11.876787981541788,45.40896525896148,16.0],[11.876735097870625,45.40896317167443,16.0],[11.87673653179144,45.40890336707288,16.0],[11.876752438240183,45.40889450514796,16.0],[11.87680768384072,45.40890283342186,16.0],[11.876821376494059,45.408862972859964,16.0],[11.876945645966604,45.4088791922534,16.0],[11.876950221163996,45.40886611483657,16.0],[11.876663848827864,45.40882598878394,16.0],[11.876656884268925,45.40882724454207,16.0],[11.876654227462117,45.408832802038376,16.0],[11.876652727511983,45.40899945328522,16.0],[11.876683422000077,45.40899993969563,16.0],[11.876788455090795,45.409002242213056,16.0],[11.876787981541788,45.40896525896148,16.0]]]}},{"type":"Feature","id":"UN_VOL:42760","properties":{"OBJECTID":42760,"UN_VOL_POR":"01","UN_VOL_STA":"","UN_VOL_QGR":40.9,"UN_VOL_QCO":0.0,"UN_VOL_AV":24.98,"UN_VOL_INH":0.0,"Shape_Leng":86.2084183725,"Shape_Area":312.337350055},"geometry":{"type":"Polygon","coordinates":[[[11.877176769074625,45.40899389112535,16.0],[11.87717852618059,45.40893290854065,16.0],[11.877179447368368,45.40889823055721,16.0],[11.877050482625487,45.40888014917032,16.0],[11.876950221163996,45.40886611483657,16.0],[11.876945645966604,45.4088791922534,16.0],[11.876821376494059,45.408862972859964,16.0],[11.87680768384072,45.40890283342186,16.0],[11.876799360939643,45.408947779749916,16.0],[11.87692119215566,45.40896379050444,16.0],[11.87692058506177,45.40895687493858,16.0],[11.876968742293718,45.40896403193634,16.0],[11.876962144671563,45.40898256081496,16.0],[11.876962896929836,45.40898731237741,16.0],[11.876968057580951,45.40899330309787,16.0],[11.876977005731645,45.40899838828812,16.0],[11.876987812846837,45.40899982590362,16.0],[11.876999130991841,45.40899873049254,16.0],[11.87700985084448,45.40899341952687,16.0],[11.877017042872982,45.40898657706071,16.0],[11.877018240478993,45.40897493550743,16.0],[11.877176769074625,45.40899389112535,16.0]]]}},{"type":"Feature","id":"UN_VOL:42772","properties":{"OBJECTID":42772,"UN_VOL_POR":"01","UN_VOL_STA":"","UN_VOL_QGR":27.75,"UN_VOL_QCO":0.0,"UN_VOL_AV":12.51,"UN_VOL_INH":0.0,"Shape_Leng":87.0502733551,"Shape_Area":195.765028488},"geometry":{"type":"Polygon","coordinates":[[[11.871944153257186,45.40912283619219,15.0],[11.871872118631021,45.40900520282422,15.0],[11.871922540424235,45.40899151194828,15.0],[11.871951612903045,45.40903308580601,15.0],[11.872004856152403,45.40901707387732,15.0],[11.871995311007774,45.409000211483686,15.0],[11.872061453646685,45.408984054937136,15.0],[11.872035547830638,45.40891926756434,15.0],[11.871794675236771,45.40897492734252,15.0],[11.871895509166839,45.40913882276984,15.0],[11.871944153257186,45.40912283619219,15.0]]]}},{"type":"Feature","id":"UN_VOL:42780","properties":{"OBJECTID":42780,"UN_VOL_POR":"01","UN_VOL_STA":"","UN_VOL_QGR":31.25,"UN_VOL_QCO":0.0,"UN_VOL_AV":14.84,"UN_VOL_INH":0.0,"Shape_Leng":156.680547312,"Shape_Area":600.678591398},"geometry":{"type":"Polygon","coordinates":[[[11.874542927013517,45.40661382403191,16.0],[11.874529243983782,45.40661614899591,16.0],[11.874519319502598,45.40658678492685,16.0],[11.874534018770564,45.40658434431534,16.0],[11.874519965905515,45.406503867110914,16.0],[11.874513096732949,45.406504490007705,16.0],[11.874475376271976,45.40651156112207,16.0],[11.874445503609918,45.406517174646716,16.0],[11.874458405805289,45.40656491628566,16.0],[11.874403574413472,45.40657223834209,16.0],[11.874390667696478,45.40652440676408,16.0],[11.874340385171692,45.40653071411889,16.0],[11.87429340216335,45.40653657853706,17.0],[11.874292764364437,45.40653659460365,17.0],[11.874297952876987,45.40656580785481,17.0],[11.87431294855989,45.40656416983633,17.0],[11.874322691735456,45.40660758072443,17.0],[11.874306424434963,45.40660934043425,17.0],[11.874323868512048,45.40669369312599,17.0],[11.874388357814494,45.406680276717964,17.0],[11.874415974848736,45.40675357140413,17.0],[11.874313298970389,45.406769929646714,17.0],[11.87432642040925,45.406827027135016,17.0],[11.874334986992913,45.4068648867075,17.0],[11.874605330080065,45.40682108096035,17.0],[11.874542927013517,45.40661382403191,16.0]],[[11.874457177115469,45.4066665714879,17.0],[11.874412965686094,45.40667164575889,17.0],[11.874404772538979,45.40663611722105,17.0],[11.874448984494396,45.406631042939956,17.0],[11.874457177115469,45.4066665714879,17.0]]]}},{"type":"Feature","id":"UN_VOL:42782","properties":{"OBJECTID":42782,"UN_VOL_POR":"01","UN_VOL_STA":"","UN_VOL_QGR":32.91,"UN_VOL_QCO":0.0,"UN_VOL_AV":15.82,"UN_VOL_INH":0.0,"Shape_Leng":117.580017639,"Shape_Area":579.920169509},"geometry":{"type":"Polygon","coordinates":[[[11.877149425011812,45.406848951248975,17.0],[11.877106207833044,45.40677551031019,17.0],[11.877103431622615,45.406776210640906,17.0],[11.877083787483857,45.40673665034926,17.0],[11.877136671904243,45.40672622562878,17.0],[11.877148458492421,45.40668659278258,17.0],[11.877046370886534,45.40645045365588,17.0],[11.877009471100454,45.40645858508782,17.0],[11.876873556904116,45.40648721537749,17.0],[11.87700533375654,45.40683989260523,17.0],[11.87709500056009,45.40686679591639,17.0],[11.877152115158855,45.40685410418019,17.0],[11.877149425011812,45.406848951248975,17.0]]]}},{"type":"Feature","id":"UN_VOL:42784","properties":{"OBJECTID":42784,"UN_VOL_POR":"01","UN_VOL_STA":"","UN_VOL_QGR":32.51,"UN_VOL_QCO":0.0,"UN_VOL_AV":15.64,"UN_VOL_INH":0.0,"Shape_Leng":78.9212339535,"Shape_Area":199.715356326},"geometry":{"type":"Polygon","coordinates":[[[11.876222137564405,45.406892762546896,17.0],[11.876206443831272,45.40683789046222,17.0],[11.876226968060621,45.40683440272153,17.0],[11.876241905163926,45.40684167705077,17.0],[11.87625136681224,45.4068367580587,17.0],[11.876231716272898,45.40682474157767,17.0],[11.876197754108299,45.40671965274665,17.0],[11.876198587100344,45.406708380186856,17.0],[11.876214101833904,45.4067043887869,17.0],[11.876193549665928,45.40669977613594,17.0],[11.87615610743756,45.406616738247706,17.0],[11.876084622217196,45.40663582251448,17.0],[11.876157610817897,45.4068978993594,17.0],[11.876222137564405,45.406892762546896,17.0]]]}},{"type":"Feature","id":"UN_VOL:42788","properties":{"OBJECTID":42788,"UN_VOL_POR":"01","UN_VOL_STA":"","UN_VOL_QGR":28.01,"UN_VOL_QCO":0.0,"UN_VOL_AV":11.34,"UN_VOL_INH":0.0,"Shape_Leng":57.7077352468,"Shape_Area":17.3777815552},"geometry":{"type":"Polygon","coordinates":[[[11.87384011133398,45.40693865093926,17.0],[11.873801892928372,45.40694600412248,17.0],[11.873490445471818,45.406998224236325,17.0],[11.8734920090761,45.40700385585831,17.0],[11.873842331013561,45.40694462582949,17.0],[11.87384011133398,45.40693865093926,17.0]]]}},{"type":"Feature","id":"UN_VOL:42798","properties":{"OBJECTID":42798,"UN_VOL_POR":"03","UN_VOL_STA":"","UN_VOL_QGR":28.23,"UN_VOL_QCO":0.0,"UN_VOL_AV":12.46,"UN_VOL_INH":3.42,"Shape_Leng":35.4763930999,"Shape_Area":25.0999194007},"geometry":{"type":"Polygon","coordinates":[[[11.87427044570549,45.406270629194346,16.0],[11.874270017063443,45.406269739913775,16.0],[11.874174607516473,45.40629077595811,16.0],[11.874081983254086,45.40631129153045,16.0],[11.874090653732445,45.406331056115526,16.0],[11.874179741427481,45.40631134960589,16.0],[11.874221441166775,45.406302108054135,16.0],[11.874213549809653,45.406282593993325,16.0],[11.87427044570549,45.406270629194346,16.0]]]}},{"type":"Feature","id":"UN_VOL:42799","properties":{"OBJECTID":42799,"UN_VOL_POR":"03","UN_VOL_STA":"","UN_VOL_QGR":28.47,"UN_VOL_QCO":0.0,"UN_VOL_AV":12.6,"UN_VOL_INH":3.85,"Shape_Leng":64.6450094494,"Shape_Area":121.71835211},"geometry":{"type":"Polygon","coordinates":[[[11.877635506052892,45.40616222872301,16.0],[11.87762733188011,45.40614722281212,16.0],[11.877618861258636,45.406131414345566,16.0],[11.877570084336107,45.40614470607711,16.0],[11.877567987113238,45.4061411586548,15.0],[11.877308281840225,45.40620810638409,15.0],[11.877292639655757,45.406212101147226,15.0],[11.877282297996643,45.40621479241657,15.0],[11.877303405341332,45.40625044532551,16.0],[11.877637912913261,45.406166848896696,16.0],[11.877635506052892,45.40616222872301,16.0]]]}},{"type":"Feature","id":"UN_VOL:42803","properties":{"OBJECTID":42803,"UN_VOL_POR":"03","UN_VOL_STA":"","UN_VOL_QGR":26.74,"UN_VOL_QCO":0.0,"UN_VOL_AV":11.1,"UN_VOL_INH":5.3,"Shape_Leng":41.1531453561,"Shape_Area":46.288719581},"geometry":{"type":"Polygon","coordinates":[[[11.875361793341673,45.40630470102469,16.0],[11.875327052476937,45.40623959751963,16.0],[11.875280450038053,45.406152289391954,16.0],[11.875258941861185,45.406159042272776,16.0],[11.87525127092385,45.406161485964226,16.0],[11.875329998510981,45.406312703267616,16.0],[11.875361793341673,45.40630470102469,16.0]]]}},{"type":"Feature","id":"UN_VOL:42804","properties":{"OBJECTID":42804,"UN_VOL_POR":"03","UN_VOL_STA":"","UN_VOL_QGR":27.36,"UN_VOL_QCO":0.0,"UN_VOL_AV":10.84,"UN_VOL_INH":5.46,"Shape_Leng":10.6060761284,"Shape_Area":6.87429202243},"geometry":{"type":"Polygon","coordinates":[[[11.87622408025197,45.406292059691275,17.0],[11.87622471804706,45.40629204361398,17.0],[11.876224665496306,45.40626837159423,16.0],[11.876185964784169,45.4062712373442,16.0],[11.87619239287434,45.406287097403855,17.0],[11.876193583382788,45.40629291809784,17.0],[11.87622408025197,45.406292059691275,17.0]]]}},{"type":"Feature","id":"UN_VOL:42805","properties":{"OBJECTID":42805,"UN_VOL_POR":"03","UN_VOL_STA":"","UN_VOL_QGR":26.08,"UN_VOL_QCO":0.0,"UN_VOL_AV":10.01,"UN_VOL_INH":3.42,"Shape_Leng":17.1079726394,"Shape_Area":14.3826232235},"geometry":{"type":"Polygon","coordinates":[[[11.874090653732445,45.406331056115526,16.0],[11.874081983254086,45.40631129153045,16.0],[11.874005785119431,45.406328153158974,16.0],[11.874014455001944,45.40634791737499,16.0],[11.874090653732445,45.406331056115526,16.0]]]}},{"type":"Feature","id":"UN_VOL:42806","properties":{"OBJECTID":42806,"UN_VOL_POR":"03","UN_VOL_STA":"","UN_VOL_QGR":26.19,"UN_VOL_QCO":0.0,"UN_VOL_AV":9.54,"UN_VOL_INH":4.45,"Shape_Leng":19.347627485,"Shape_Area":12.2884504499},"geometry":{"type":"Polygon","coordinates":[[[11.876092579912163,45.40629186377064,16.0],[11.876089201864383,45.40628573802849,16.0],[11.876053940552168,45.40622298791115,17.0],[11.876041087636409,45.40622655239833,17.0],[11.87603619237218,45.40622829585125,17.0],[11.876074521577968,45.4062960993627,16.0],[11.876092579912163,45.40629186377064,16.0]]]}},{"type":"Feature","id":"UN_VOL:42811","properties":{"OBJECTID":42811,"UN_VOL_POR":"03","UN_VOL_STA":"","UN_VOL_QGR":25.18,"UN_VOL_QCO":0.0,"UN_VOL_AV":9.18,"UN_VOL_INH":3.99,"Shape_Leng":28.3010020608,"Shape_Area":29.4249865563},"geometry":{"type":"Polygon","coordinates":[[[11.873861492826354,45.40637301336914,16.0],[11.873858274072694,45.4063523914704,16.0],[11.87385777698676,45.4063501535999,16.0],[11.873745694451552,45.40636746863003,16.0],[11.873714099276583,45.406371864690726,16.0],[11.873714432359241,45.406378427379785,16.0],[11.873715891359236,45.40639207268089,16.0],[11.873716306394297,45.40639521269672,16.0],[11.873861492826354,45.40637301336914,16.0]]]}},{"type":"Feature","id":"UN_VOL:42814","properties":{"OBJECTID":42814,"UN_VOL_POR":"03","UN_VOL_STA":"","UN_VOL_QGR":23.42,"UN_VOL_QCO":0.0,"UN_VOL_AV":8.12,"UN_VOL_INH":3.41,"Shape_Leng":51.2180087235,"Shape_Area":56.4341011584},"geometry":{"type":"Polygon","coordinates":[[[11.873139939752342,45.40641422777917,16.0],[11.873121153550908,45.40622783460023,15.0],[11.873118627566404,45.40620575526664,15.0],[11.873089972285323,45.40621016717352,15.0],[11.873088199152058,45.40621048196164,15.0],[11.873101048890383,45.40633779643884,15.0],[11.873109064922433,45.406417705844966,16.0],[11.873139939752342,45.40641422777917,16.0]]]}},{"type":"Feature","id":"UN_VOL:42822","properties":{"OBJECTID":42822,"UN_VOL_POR":"03","UN_VOL_STA":"","UN_VOL_QGR":22.55,"UN_VOL_QCO":0.0,"UN_VOL_AV":7.26,"UN_VOL_INH":5.08,"Shape_Leng":48.5265504002,"Shape_Area":26.9295261945},"geometry":{"type":"Polygon","coordinates":[[[11.873037597616548,45.40643714754701,16.0],[11.873039379331148,45.40643701263723,16.0],[11.87304116161818,45.40643687810279,16.0],[11.873040915340518,45.406434543866695,16.0],[11.873024001966037,45.40622965093606,16.0],[11.873008573140071,45.4062303095662,16.0],[11.873015226147317,45.40630602265954,16.0],[11.873018263604482,45.406340690991634,16.0],[11.873026900001971,45.40643786714282,16.0],[11.873037597616548,45.40643714754701,16.0]]]}},{"type":"Feature","id":"UN_VOL:43008","properties":{"OBJECTID":43008,"UN_VOL_POR":"01","UN_VOL_STA":"","UN_VOL_QGR":32.09,"UN_VOL_QCO":0.0,"UN_VOL_AV":16.15,"UN_VOL_INH":0.0,"Shape_Leng":31.5190145882,"Shape_Area":41.9808737153},"geometry":{"type":"Polygon","coordinates":[[[11.874943931037134,45.40663675558651,17.0],[11.874907361246025,45.40655828574271,17.0],[11.874886390802558,45.40656304475402,17.0],[11.874888091187007,45.406566332473616,17.0],[11.874902660411724,45.4065940494656,17.0],[11.874851685036221,45.40660433500313,17.0],[11.874844479040117,45.40660586648458,17.0],[11.874867723747945,45.40665595806881,17.0],[11.874943931037134,45.40663675558651,17.0]]]}},{"type":"Feature","id":"UN_VOL:43009","properties":{"OBJECTID":43009,"UN_VOL_POR":"01","UN_VOL_STA":"","UN_VOL_QGR":34.0,"UN_VOL_QCO":0.0,"UN_VOL_AV":18.18,"UN_VOL_INH":0.0,"Shape_Leng":27.4255319426,"Shape_Area":43.8430272258},"geometry":{"type":"Polygon","coordinates":[[[11.871272530448552,45.40674000380587,17.0],[11.871281075774636,45.40670189348894,17.0],[11.871172737814444,45.40668976780507,17.0],[11.871161475868872,45.40673478730103,17.0],[11.871270966981463,45.40674697441407,17.0],[11.871272530448552,45.40674000380587,17.0]]]}},{"type":"Feature","id":"UN_VOL:43019","properties":{"OBJECTID":43019,"UN_VOL_POR":"01","UN_VOL_STA":"","UN_VOL_QGR":33.64,"UN_VOL_QCO":0.0,"UN_VOL_AV":17.39,"UN_VOL_INH":0.0,"Shape_Leng":15.0181245231,"Shape_Area":14.035580265},"geometry":{"type":"Polygon","coordinates":[[[11.874412965686094,45.40667164575889,17.0],[11.874457177115469,45.4066665714879,17.0],[11.874448984494396,45.406631042939956,17.0],[11.874404772538979,45.40663611722105,17.0],[11.874412965686094,45.40667164575889,17.0]]]}},{"type":"Feature","id":"UN_VOL:43028","properties":{"OBJECTID":43028,"UN_VOL_POR":"01","UN_VOL_STA":"","UN_VOL_QGR":49.43,"UN_VOL_QCO":0.0,"UN_VOL_AV":33.61,"UN_VOL_INH":0.0,"Shape_Leng":439.468557304,"Shape_Area":2166.72018332},"geometry":{"type":"Polygon","coordinates":[[[11.871583190950096,45.406737766821834,17.0],[11.871607601903111,45.40662697689511,17.0],[11.871844724203552,45.406651253386755,17.0],[11.871878057958858,45.406497212820476,17.0],[11.871646159468861,45.40647010469307,16.0],[11.87166602534209,45.40636293979388,15.0],[11.871669161323604,45.406349179211475,15.0],[11.871622660932722,45.4063444087572,15.0],[11.87150538998631,45.40633250781743,16.0],[11.8714549112511,45.40632738718044,16.0],[11.871448876497249,45.40632681906485,16.0],[11.871446798318152,45.40633875286443,16.0],[11.871424493159209,45.406448229502146,16.0],[11.87123434084849,45.40642790130857,16.0],[11.871250210330611,45.40632002662442,16.0],[11.871256768799316,45.40627548566297,16.0],[11.871042136739723,45.40624866179571,16.0],[11.871020514562677,45.406333817888175,16.0],[11.87100395555863,45.40640291413965,16.0],[11.870780936604545,45.40637954132561,16.0],[11.87075170654853,45.40653140802939,16.0],[11.870750056806566,45.40654423111487,16.0],[11.870978637508474,45.406568904015735,16.0],[11.87096767581711,45.40661481640646,16.0],[11.870987967700511,45.406616825971625,16.0],[11.870974955082458,45.4066752117485,16.0],[11.870945638342919,45.40667162871225,16.0],[11.870937638911164,45.406705404581565,16.0],[11.870937675895583,45.40670864416644,16.0],[11.871161475868872,45.40673478730103,17.0],[11.871172737814444,45.40668976780507,17.0],[11.871199168899375,45.40658351795961,17.0],[11.871390027917668,45.406605178739234,16.0],[11.871373602357773,45.40671216696447,17.0],[11.871370480523371,45.4067261973225,17.0],[11.871415202939193,45.40673119271652,17.0],[11.871539922447782,45.40674632690333,17.0],[11.871580898496125,45.40675051643706,17.0],[11.871583190950096,45.406737766821834,17.0]],[[11.871492415684761,45.406462182474314,16.0],[11.871572826753805,45.406470420250706,16.0],[11.871619268379833,45.40651686789241,16.0],[11.871606698166861,45.40657641282666,16.0],[11.871544642440455,45.406612629338234,16.0],[11.87146201172405,45.40660345727642,16.0],[11.87141747094675,45.406559211736116,16.0],[11.871428919713603,45.40649771518412,16.0],[11.871492415684761,45.406462182474314,16.0]],[[11.871107280374687,45.40657070775608,16.0],[11.871099741462814,45.406570717751556,16.0],[11.87109333788712,45.40657042864831,16.0],[11.871087047768464,45.406569866939236,16.0],[11.871080748529396,45.40656912536568,16.0],[11.87107455927291,45.40656802083716,16.0],[11.871068488014231,45.40656673324558,16.0],[11.871062403094854,45.40656517624681,16.0],[11.87105655983662,45.406563343026555,16.0],[11.871050962799805,45.40656132351691,16.0],[11.871045356090281,45.406559124156786,16.0],[11.87104011928522,45.4065566457382,16.0],[11.871034995918086,45.40655389432462,16.0],[11.871030123885387,45.4065510465399,16.0],[11.8710254929614,45.40654792254781,16.0],[11.871021108259004,45.40654461226649,16.0],[11.871016973785673,45.40654120564194,16.0],[11.871013213777045,45.40653760989123,16.0],[11.871009699437284,45.40653382786527,16.0],[11.871006563549882,45.40652994626985,16.0],[11.87100367388398,45.406525878385374,16.0],[11.871001162117652,45.40652171094537,16.0],[11.870999033916334,45.40651753385414,16.0],[11.870997151383687,45.406513170487806,16.0],[11.870995651882966,45.40650879787351,16.0],[11.87099466249253,45.40650441203411,16.0],[11.870993924436053,45.4064999298239,16.0],[11.870993568858548,45.40649543837968,16.0],[11.870993468602558,45.40649094012129,16.0],[11.870993878476213,45.406486429027176,16.0],[11.870994676494059,45.406481998603304,16.0],[11.870995729280487,45.40647756137917,16.0],[11.870997296756375,45.406473201251345,16.0],[11.870999120125795,45.40646883468476,16.0],[11.871001207423296,45.40646464196069,16.0],[11.871003809923208,45.406460525540304,16.0],[11.871006672343636,45.40645649301641,16.0],[11.871009926895422,45.40645263071931,16.0],[11.871013440795206,45.40644885194321,16.0],[11.871017219688714,45.40644524620305,16.0],[11.871021262490302,45.40644181391595,16.0],[11.871025697423102,45.40643855185548,16.0],[11.871030268593483,45.40643546646046,16.0],[11.87103523244774,45.406432551278094,16.0],[11.871040337080025,45.40642990230385,16.0],[11.871045706745496,45.406427427143996,16.0],[11.871051212628876,45.40642512826013,16.0],[11.871056859862833,45.406423095959724,16.0],[11.871062776098105,45.40642132664094,16.0],[11.871068705480704,45.406419827521255,16.0],[11.871074899857206,45.406418501437166,16.0],[11.87108110791411,45.40641744514893,16.0],[11.871087329631775,45.40641665826722,16.0],[11.871093692167483,45.406416138372045,16.0],[11.871100068916805,45.40641588786948,16.0],[11.871106458774458,45.406415906787316,16.0],[11.8711128583251,45.406416105944295,16.0],[11.871119148426814,45.406416667652394,16.0],[11.871125447116306,45.40641740962746,16.0],[11.871131636890015,45.406418513750424,16.0],[11.871137831244017,45.40641970819443,16.0],[11.87114378847905,45.40642126840211,16.0],[11.871149631725022,45.406423101618245,16.0],[11.871155351861292,45.40642502797869,16.0],[11.87116096256898,45.40642731727965,16.0],[11.871166327589945,45.406429792466405,16.0],[11.87117144585833,45.406432454345435,16.0],[11.871176318440032,45.40643530211033,16.0],[11.871180949362522,45.40643842609639,16.0],[11.871185329485279,45.406441646050226,16.0],[11.871189467968595,45.40644514261461,16.0],[11.871193356204845,45.4064487351329,16.0],[11.871196866010338,45.40645242761032,16.0],[11.871200001905956,45.40645630920034,16.0],[11.8712028915819,45.40646037707964,16.0],[11.871205398246762,45.40646445459678,16.0],[11.871207659224803,45.40646871800004,16.0],[11.871209537211374,45.40647299143051,16.0],[11.871211036747107,45.406477364430955,16.0],[11.871212157831911,45.40648183700137,17.0],[11.871212891877747,45.406486228874485,17.0],[11.871213247492229,45.40649072070692,17.0],[11.871213347745897,45.40649521857536,17.0],[11.871212937337015,45.406499729683716,17.0],[11.871212272139587,45.406504247203486,17.0],[11.871211219350064,45.40650868403987,17.0],[11.871209779007845,45.406513040971454,17.0],[11.871207951093098,45.40651731760896,17.0],[11.871205740718883,45.406521603870466,17.0],[11.871203265882166,45.40652571669316,17.0],[11.871200403472706,45.40652974922166,17.0],[11.871197276600647,45.406533608311314,17.0],[11.871193762728163,45.406537387482146,17.0],[11.871189983820575,45.40654099283866,17.0],[11.871185945583143,45.40654451506367,16.0],[11.871181510651883,45.406547777130285,16.0],[11.871176939481275,45.40655086253135,16.0],[11.87117210329526,45.406553774507266,16.0],[11.871167003218954,45.40655651341953,16.0],[11.871161634119547,45.406558988960626,16.0],[11.871156127655746,45.406561287474574,16.0],[11.871150480431822,45.40656332016944,16.0],[11.871144564165181,45.40656508910373,16.0],[11.87113863934988,45.40656667854902,16.0],[11.871132572610033,45.40656800103502,16.0],[11.871126364557622,45.40656905771573,16.0],[11.871120015133503,45.406569847423214,16.0],[11.871113657160995,45.40657045764164,16.0],[11.871107280374687,45.40657070775608,16.0]]]}},{"type":"Feature","id":"UN_VOL:43029","properties":{"OBJECTID":43029,"UN_VOL_POR":"01","UN_VOL_STA":"","UN_VOL_QGR":29.91,"UN_VOL_QCO":0.0,"UN_VOL_AV":13.92,"UN_VOL_INH":0.0,"Shape_Leng":15.3233289251,"Shape_Area":11.9101729264},"geometry":{"type":"Polygon","coordinates":[[[11.871831475893845,45.40671252513168,17.0],[11.871829816735954,45.406720128093816,17.0],[11.871792842433104,45.406716738009,17.0],[11.87178715472967,45.40673812441013,17.0],[11.871842661505134,45.406744108083316,17.0],[11.871849078746656,45.40671442252005,17.0],[11.871831475893845,45.40671252513168,17.0]]]}},{"type":"Feature","id":"UN_VOL:43033","properties":{"OBJECTID":43033,"UN_VOL_POR":"01","UN_VOL_STA":"","UN_VOL_QGR":30.65,"UN_VOL_QCO":0.0,"UN_VOL_AV":14.72,"UN_VOL_INH":0.0,"Shape_Leng":106.924826138,"Shape_Area":289.504949869},"geometry":{"type":"Polygon","coordinates":[[[11.875208817299994,45.40660127703905,16.0],[11.875284992729547,45.40658648547563,16.0],[11.87525097188758,45.40652550439939,16.0],[11.87520229886226,45.4065383422646,16.0],[11.875145931868001,45.40655065438833,16.0],[11.875106073897836,45.40644517390021,16.0],[11.875074597495091,45.40645190778262,16.0],[11.875058809155368,45.406455546124306,16.0],[11.875064329432615,45.40646863884025,16.0],[11.875085099409342,45.40651780222308,16.0],[11.874907361246025,45.40655828574271,17.0],[11.874943931037134,45.40663675558651,17.0],[11.874958135692438,45.40666736208521,17.0],[11.875035250489386,45.40665092695727,16.0],[11.875014198446062,45.40660375053368,16.0],[11.875087721228383,45.40658704608066,16.0],[11.87510937488433,45.40663852762887,17.0],[11.875167369189187,45.406625544580024,17.0],[11.875161870993805,45.406610381016066,17.0],[11.875208817299994,45.40660127703905,16.0]]]}},{"type":"Feature","id":"UN_VOL:43039","properties":{"OBJECTID":43039,"UN_VOL_POR":"01","UN_VOL_STA":"","UN_VOL_QGR":26.35,"UN_VOL_QCO":0.0,"UN_VOL_AV":10.85,"UN_VOL_INH":0.0,"Shape_Leng":47.1552080994,"Shape_Area":89.3914523787},"geometry":{"type":"Polygon","coordinates":[[[11.873401754233731,45.40666822132857,16.0],[11.873394091408457,45.406640600363104,16.0],[11.873431780793283,45.40663542059259,16.0],[11.873459064361029,45.40663167308216,16.0],[11.873440646930208,45.406565887784126,16.0],[11.87338118441038,45.40657260599047,16.0],[11.873383054325375,45.40658930097961,16.0],[11.873338732813675,45.40659221765218,16.0],[11.873342960301406,45.406637747381765,16.0],[11.873351664447403,45.40670854822061,16.0],[11.873410671097032,45.40670040115091,16.0],[11.873401754233731,45.40666822132857,16.0]]]}},{"type":"Feature","id":"UN_VOL:43042","properties":{"OBJECTID":43042,"UN_VOL_POR":"01","UN_VOL_STA":"","UN_VOL_QGR":32.66,"UN_VOL_QCO":0.0,"UN_VOL_AV":16.19,"UN_VOL_INH":0.0,"Shape_Leng":38.9850130395,"Shape_Area":91.2959903507},"geometry":{"type":"Polygon","coordinates":[[[11.874123017764619,45.40668164991424,17.0],[11.87415954883759,45.40667379884536,17.0],[11.874143332685726,45.40661614935276,17.0],[11.874127414031975,45.40657190387999,17.0],[11.874123093156122,45.406572372906645,17.0],[11.874030604361138,45.406585503915004,17.0],[11.874029341904029,45.40658580585464,17.0],[11.874059301222118,45.40666498238,17.0],[11.87406765737674,45.40669114547753,17.0],[11.874123017764619,45.40668164991424,17.0]]]}},{"type":"Feature","id":"UN_VOL:43043","properties":{"OBJECTID":43043,"UN_VOL_POR":"01","UN_VOL_STA":"","UN_VOL_QGR":29.64,"UN_VOL_QCO":0.0,"UN_VOL_AV":13.71,"UN_VOL_INH":0.0,"Shape_Leng":44.6205123453,"Shape_Area":94.0656774222},"geometry":{"type":"Polygon","coordinates":[[[11.875499784950541,45.40663904095322,16.0],[11.875453341359883,45.406549838694495,16.0],[11.875311136783424,45.40658294633034,16.0],[11.875326777556154,45.40661666706233,16.0],[11.87538429307187,45.40660432629602,16.0],[11.875408213269557,45.40665764087308,16.0],[11.875499784950541,45.40663904095322,16.0]]]}},{"type":"Feature","id":"UN_VOL:43053","properties":{"OBJECTID":43053,"UN_VOL_POR":"01","UN_VOL_STA":"","UN_VOL_QGR":31.2,"UN_VOL_QCO":0.0,"UN_VOL_AV":14.66,"UN_VOL_INH":0.0,"Shape_Leng":18.3767184118,"Shape_Area":20.9771811927},"geometry":{"type":"Polygon","coordinates":[[[11.874753120965726,45.406746967805866,17.0],[11.874737785226056,45.4067091887637,17.0],[11.874678164055988,45.40672284251891,17.0],[11.874678614985358,45.40672418147037,17.0],[11.8746916079436,45.40675859893592,16.0],[11.874753120965726,45.406746967805866,17.0]]]}},{"type":"Feature","id":"UN_VOL:43059","properties":{"OBJECTID":43059,"UN_VOL_POR":"01","UN_VOL_STA":"","UN_VOL_QGR":29.9,"UN_VOL_QCO":0.0,"UN_VOL_AV":13.65,"UN_VOL_INH":0.0,"Shape_Leng":32.0195194479,"Shape_Area":63.8548007566},"geometry":{"type":"Polygon","coordinates":[[[11.874323868512048,45.40669369312599,17.0],[11.874297947838746,45.406699116620786,17.0],[11.874313298970389,45.406769929646714,17.0],[11.874415974848736,45.40675357140413,17.0],[11.874388357814494,45.406680276717964,17.0],[11.874323868512048,45.40669369312599,17.0]]]}},{"type":"Feature","id":"UN_VOL:43068","properties":{"OBJECTID":43068,"UN_VOL_POR":"01","UN_VOL_STA":"","UN_VOL_QGR":19.91,"UN_VOL_QCO":0.0,"UN_VOL_AV":4.02,"UN_VOL_INH":0.0,"Shape_Leng":62.8530330385,"Shape_Area":102.14218572},"geometry":{"type":"Polygon","coordinates":[[[11.870816101489757,45.40683367009142,16.0],[11.870640629790953,45.40665175891891,16.0],[11.870576303285347,45.40670873500076,16.0],[11.870581576606302,45.40670941236553,16.0],[11.870589648975976,45.406712359748376,16.0],[11.870638765485081,45.40673092694606,16.0],[11.870639366811519,45.406730191443096,16.0],[11.870648300745014,45.40671736519265,16.0],[11.870670210365612,45.40674120730104,16.0],[11.87079168014069,45.40686110834535,17.0],[11.870816101489757,45.40683367009142,16.0]]]}},{"type":"Feature","id":"UN_VOL:43074","properties":{"OBJECTID":43074,"UN_VOL_POR":"01","UN_VOL_STA":"","UN_VOL_QGR":24.62,"UN_VOL_QCO":0.0,"UN_VOL_AV":9.12,"UN_VOL_INH":0.0,"Shape_Leng":26.3801386951,"Shape_Area":33.9025802468},"geometry":{"type":"Polygon","coordinates":[[[11.873237140982292,45.40679361368515,16.0],[11.873226392526622,45.406770660847144,16.0],[11.87325214013223,45.40676686240685,16.0],[11.873246811079605,45.40674998399204,16.0],[11.873140273820658,45.40676328833413,16.0],[11.873153826847728,45.40680372266885,16.0],[11.873237140982292,45.40679361368515,16.0]]]}},{"type":"Feature","id":"UN_VOL:43079","properties":{"OBJECTID":43079,"UN_VOL_POR":"01","UN_VOL_STA":"","UN_VOL_QGR":30.44,"UN_VOL_QCO":0.0,"UN_VOL_AV":13.52,"UN_VOL_INH":0.0,"Shape_Leng":16.6489071767,"Shape_Area":19.0428229871},"geometry":{"type":"Polygon","coordinates":[[[11.871926036339069,45.40678809599802,17.0],[11.871914568603446,45.40678874482644,17.0],[11.871905111136277,45.40679123325904,17.0],[11.871904377582055,45.406796922332,17.0],[11.871907221753068,45.40680765246297,17.0],[11.871904446035181,45.406820954139185,17.0],[11.871900184954317,45.406830152607846,17.0],[11.871902199247586,45.4068346026895,17.0],[11.871915089617945,45.406836798383054,17.0],[11.871933348546376,45.40683651890149,17.0],[11.871943316704643,45.40683401761244,17.0],[11.87195087388589,45.40682680647576,17.0],[11.871956306791043,45.4068155082134,17.0],[11.871958270885726,45.406806367558225,17.0],[11.871952700579305,45.40679984663933,17.0],[11.871945895722972,45.406794167215104,17.0],[11.871934960895615,45.40679021180464,17.0],[11.871926036339069,45.40678809599802,17.0]]]}},{"type":"Feature","id":"UN_VOL:43082","properties":{"OBJECTID":43082,"UN_VOL_POR":"01","UN_VOL_STA":"","UN_VOL_QGR":33.47,"UN_VOL_QCO":0.0,"UN_VOL_AV":17.54,"UN_VOL_INH":0.0,"Shape_Leng":87.8951676103,"Shape_Area":269.50930003},"geometry":{"type":"Polygon","coordinates":[[[11.87522336891823,45.4066940733235,16.0],[11.875242712734485,45.406689985567255,16.0],[11.87524321829716,45.40668988278079,16.0],[11.875208817299994,45.40660127703905,16.0],[11.875161870993805,45.406610381016066,17.0],[11.875167369189187,45.406625544580024,17.0],[11.87510937488433,45.40663852762887,17.0],[11.875087721228383,45.40658704608066,16.0],[11.875014198446062,45.40660375053368,16.0],[11.875035250489386,45.40665092695727,16.0],[11.874958135692438,45.40666736208521,17.0],[11.874928687625262,45.4066737746797,17.0],[11.874940079790004,45.40669932132607,17.0],[11.87488256878392,45.406714272331996,17.0],[11.874903917163625,45.40676225095431,17.0],[11.87522336891823,45.4066940733235,16.0]]]}},{"type":"Feature","id":"UN_VOL:43091","properties":{"OBJECTID":43091,"UN_VOL_POR":"01","UN_VOL_STA":"","UN_VOL_QGR":40.47,"UN_VOL_QCO":0.0,"UN_VOL_AV":24.65,"UN_VOL_INH":0.0,"Shape_Leng":61.6783859665,"Shape_Area":217.390380756},"geometry":{"type":"Polygon","coordinates":[[[11.871784579611143,45.40675034086292,17.0],[11.87178715472967,45.40673812441013,17.0],[11.871792842433104,45.406716738009,17.0],[11.871829816735954,45.406720128093816,17.0],[11.871831475893845,45.40671252513168,17.0],[11.871844724203552,45.406651253386755,17.0],[11.871607601903111,45.40662697689511,17.0],[11.871583190950096,45.406737766821834,17.0],[11.871772651893135,45.40675451152023,17.0],[11.871784579611143,45.40675034086292,17.0]]]}},{"type":"Feature","id":"UN_VOL:43102","properties":{"OBJECTID":43102,"UN_VOL_POR":"01","UN_VOL_STA":"","UN_VOL_QGR":38.46,"UN_VOL_QCO":0.0,"UN_VOL_AV":21.92,"UN_VOL_INH":0.0,"Shape_Leng":83.4220782374,"Shape_Area":124.556704689},"geometry":{"type":"Polygon","coordinates":[[[11.877762458394471,45.40657830588812,16.0],[11.87779572563374,45.406569095611864,16.0],[11.877693507306933,45.406365634874895,16.0],[11.877688524240332,45.40635558915944,16.0],[11.87765805558921,45.40636454873009,16.0],[11.877664278498385,45.40637636333419,16.0],[11.877743820945177,45.4065434908509,16.0],[11.877579226074525,45.406586077145015,16.0],[11.87759214228085,45.4066164460589,16.0],[11.87760847744334,45.40661099302927,16.0],[11.87761195136971,45.40661648637026,16.0],[11.877762458394471,45.40657830588812,16.0]]]}},{"type":"Feature","id":"UN_VOL:43112","properties":{"OBJECTID":43112,"UN_VOL_POR":"01","UN_VOL_STA":"","UN_VOL_QGR":26.95,"UN_VOL_QCO":0.0,"UN_VOL_AV":11.82,"UN_VOL_INH":0.0,"Shape_Leng":159.454646384,"Shape_Area":481.483250612},"geometry":{"type":"Polygon","coordinates":[[[11.878186933664399,45.40658281141579,15.0],[11.878157177128799,45.406527844094896,16.0],[11.878149592532424,45.406526955241155,16.0],[11.878131674630897,45.40648618136674,16.0],[11.878182571830987,45.40647688645872,16.0],[11.878197559036002,45.40651782429868,16.0],[11.878271595347716,45.40650119449436,16.0],[11.878253675378957,45.406442778534156,16.0],[11.878326106965233,45.40642474881511,16.0],[11.8783098852747,45.40638969322587,16.0],[11.878111672354361,45.40643456869058,16.0],[11.878052801203232,45.40632218771326,16.0],[11.878033576551097,45.40632357270624,16.0],[11.877980378594199,45.406159381604816,15.0],[11.877881110884823,45.40618492841193,16.0],[11.87796959664002,45.406354530829795,15.0],[11.878095883710873,45.40660914124169,15.0],[11.878186933664399,45.40658281141579,15.0]]]}},{"type":"Feature","id":"UN_VOL:43124","properties":{"OBJECTID":43124,"UN_VOL_POR":"01","UN_VOL_STA":"","UN_VOL_QGR":31.85,"UN_VOL_QCO":0.0,"UN_VOL_AV":15.92,"UN_VOL_INH":0.0,"Shape_Leng":46.9677308144,"Shape_Area":115.210189256},"geometry":{"type":"Polygon","coordinates":[[[11.875408213269557,45.40665764087308,16.0],[11.87538429307187,45.40660432629602,16.0],[11.875326777556154,45.40661666706233,16.0],[11.875311136783424,45.40658294633034,16.0],[11.875285986321634,45.40658844107756,16.0],[11.875284992729547,45.40658648547563,16.0],[11.875208817299994,45.40660127703905,16.0],[11.87524321829716,45.40668988278079,16.0],[11.875408213269557,45.40665764087308,16.0]]]}},{"type":"Feature","id":"UN_VOL:43135","properties":{"OBJECTID":43135,"UN_VOL_POR":"01","UN_VOL_STA":"","UN_VOL_QGR":27.86,"UN_VOL_QCO":0.0,"UN_VOL_AV":12.04,"UN_VOL_INH":0.0,"Shape_Leng":38.2176167055,"Shape_Area":54.072218959},"geometry":{"type":"Polygon","coordinates":[[[11.871415202939193,45.40673119271652,17.0],[11.871370480523371,45.4067261973225,17.0],[11.871373602357773,45.40671216696447,17.0],[11.871281075774636,45.40670189348894,17.0],[11.871272530448552,45.40674000380587,17.0],[11.871370275706548,45.406752396350726,17.0],[11.87136242298695,45.40678652874467,17.0],[11.871400504749431,45.40679160120917,17.0],[11.871415202939193,45.40673119271652,17.0]]]}},{"type":"Feature","id":"UN_VOL:43141","properties":{"OBJECTID":43141,"UN_VOL_POR":"01","UN_VOL_STA":"","UN_VOL_QGR":31.84,"UN_VOL_QCO":0.0,"UN_VOL_AV":15.37,"UN_VOL_INH":0.0,"Shape_Leng":25.4069888052,"Shape_Area":39.8880447458},"geometry":{"type":"Polygon","coordinates":[[[11.874140601449792,45.406743585649195,17.0],[11.874123017764619,45.40668164991424,17.0],[11.87406765737674,45.40669114547753,17.0],[11.874052752911986,45.40669458132245,17.0],[11.874073335740254,45.40675770178892,17.0],[11.874140601449792,45.406743585649195,17.0]]]}},{"type":"Feature","id":"UN_VOL:43154","properties":{"OBJECTID":43154,"UN_VOL_POR":"01","UN_VOL_STA":"","UN_VOL_QGR":36.05,"UN_VOL_QCO":0.0,"UN_VOL_AV":20.12,"UN_VOL_INH":0.0,"Shape_Leng":168.077790469,"Shape_Area":534.009535792},"geometry":{"type":"Polygon","coordinates":[[[11.877205303847932,45.406673637668185,17.0],[11.877121309687423,45.40650689217098,17.0],[11.8773606661536,45.406446849004475,16.0],[11.877446051279147,45.40661580963911,16.0],[11.877576800384299,45.40658109764784,16.0],[11.87749606014035,45.406418050769275,16.0],[11.877405501230818,45.406436447050076,16.0],[11.877369594714066,45.406366062362274,16.0],[11.877359243890902,45.40636857377603,16.0],[11.877094373128473,45.40643196091721,16.0],[11.877087949563839,45.40641871098255,16.0],[11.877039235423437,45.40643074063786,17.0],[11.877046370886534,45.40645045365588,17.0],[11.877148458492421,45.40668659278258,17.0],[11.877205303847932,45.406673637668185,17.0]]]}},{"type":"Feature","id":"UN_VOL:43162","properties":{"OBJECTID":43162,"UN_VOL_POR":"01","UN_VOL_STA":"","UN_VOL_QGR":28.55,"UN_VOL_QCO":0.0,"UN_VOL_AV":12.52,"UN_VOL_INH":0.0,"Shape_Leng":75.8929780488,"Shape_Area":328.279751608},"geometry":{"type":"Polygon","coordinates":[[[11.873801892928372,45.40694600412248,17.0],[11.873758481423673,45.40683341165352,17.0],[11.873457057146709,45.406876647811664,17.0],[11.873490445471818,45.406998224236325,17.0],[11.873801892928372,45.40694600412248,17.0]]]}},{"type":"Feature","id":"UN_VOL:43187","properties":{"OBJECTID":43187,"UN_VOL_POR":"01","UN_VOL_STA":"","UN_VOL_QGR":24.64,"UN_VOL_QCO":0.0,"UN_VOL_AV":7.72,"UN_VOL_INH":0.0,"Shape_Leng":33.1149859837,"Shape_Area":14.9009444695},"geometry":{"type":"Polygon","coordinates":[[[11.871962536483654,45.406792217958845,17.0],[11.871926036339069,45.40678809599802,17.0],[11.871934960895615,45.40679021180464,17.0],[11.871945895722972,45.406794167215104,17.0],[11.871952700579305,45.40679984663933,17.0],[11.871958270885726,45.406806367558225,17.0],[11.871956306791043,45.4068155082134,17.0],[11.87195087388589,45.40682680647576,17.0],[11.871943316704643,45.40683401761244,17.0],[11.871933348546376,45.40683651890149,17.0],[11.871915089617945,45.406836798383054,17.0],[11.871902199247586,45.4068346026895,17.0],[11.871900184954317,45.406830152607846,17.0],[11.87189948733107,45.40683152047899,17.0],[11.871891420004092,45.406841264593396,17.0],[11.87188345359015,45.40687314949408,17.0],[11.871915290891776,45.40687603890909,16.0],[11.871920937506998,45.40684124202024,17.0],[11.87195212273086,45.40684387730747,17.0],[11.871962536483654,45.406792217958845,17.0]]]}},{"type":"Feature","id":"UN_VOL:43188","properties":{"OBJECTID":43188,"UN_VOL_POR":"01","UN_VOL_STA":"","UN_VOL_QGR":28.69,"UN_VOL_QCO":0.0,"UN_VOL_AV":12.38,"UN_VOL_INH":0.0,"Shape_Leng":28.7185052728,"Shape_Area":48.5682913501},"geometry":{"type":"Polygon","coordinates":[[[11.87340174396021,45.406831684598345,16.0],[11.87338268399349,45.406760784365154,16.0],[11.873309697756158,45.406770453674405,16.0],[11.8733173198481,45.40678970443683,16.0],[11.873306617588524,45.40679033373925,16.0],[11.87332504762678,45.406838746723714,16.0],[11.873325781783837,45.40684061843922,16.0],[11.87340174396021,45.406831684598345,16.0]]]}},{"type":"Feature","id":"UN_VOL:43205","properties":{"OBJECTID":43205,"UN_VOL_POR":"01","UN_VOL_STA":"","UN_VOL_QGR":27.44,"UN_VOL_QCO":0.0,"UN_VOL_AV":11.13,"UN_VOL_INH":0.0,"Shape_Leng":27.5034790565,"Shape_Area":42.5839637889},"geometry":{"type":"Polygon","coordinates":[[[11.873254222061815,45.40685070163422,16.0],[11.87332504762678,45.406838746723714,16.0],[11.873306617588524,45.40679033373925,16.0],[11.873238850387613,45.40679708090588,16.0],[11.873243536450262,45.40681136493479,16.0],[11.873213472503865,45.40681572268766,16.0],[11.873225589288161,45.4068555632421,16.0],[11.873254222061815,45.40685070163422,16.0]]]}},{"type":"Feature","id":"UN_VOL:43240","properties":{"OBJECTID":43240,"UN_VOL_POR":"01","UN_VOL_STA":"","UN_VOL_QGR":35.84,"UN_VOL_QCO":0.0,"UN_VOL_AV":18.84,"UN_VOL_INH":0.0,"Shape_Leng":85.1112246547,"Shape_Area":450.929276724},"geometry":{"type":"Polygon","coordinates":[[[11.877733932201247,45.40688947865043,16.0],[11.87764445662516,45.40671297014993,16.0],[11.87739061894706,45.40677977008063,17.0],[11.87740702271386,45.40681590176899,17.0],[11.877409169709749,45.406815397391995,17.0],[11.877484228720393,45.40695968478589,17.0],[11.877736449043343,45.406893735860535,16.0],[11.877733932201247,45.40688947865043,16.0]]]}},{"type":"Feature","id":"UN_VOL:43251","properties":{"OBJECTID":43251,"UN_VOL_POR":"01","UN_VOL_STA":"","UN_VOL_QGR":30.48,"UN_VOL_QCO":0.0,"UN_VOL_AV":13.45,"UN_VOL_INH":0.0,"Shape_Leng":22.9746502478,"Shape_Area":29.160734467},"geometry":{"type":"Polygon","coordinates":[[[11.877364853260634,45.4085131617594,17.0],[11.877363286124849,45.40844713228002,17.0],[11.877314588169085,45.40844944048766,17.0],[11.877316027538127,45.408520514250036,17.0],[11.877364853260634,45.4085131617594,17.0]]]}},{"type":"Feature","id":"UN_VOL:43258","properties":{"OBJECTID":43258,"UN_VOL_POR":"03","UN_VOL_STA":"","UN_VOL_QGR":32.21,"UN_VOL_QCO":0.0,"UN_VOL_AV":16.74,"UN_VOL_INH":3.41,"Shape_Leng":40.3647434057,"Shape_Area":19.8151970336},"geometry":{"type":"Polygon","coordinates":[[[11.87560240287921,45.40842302447409,16.0],[11.875600745938948,45.40839795253609,16.0],[11.875588115719443,45.408398360890864,16.0],[11.875588220736743,45.40840042854057,16.0],[11.875589941418053,45.4084242386072,16.0],[11.875590333920009,45.408429449479584,16.0],[11.875584721178575,45.408570550395716,16.0],[11.87559788040631,45.4085704888963,16.0],[11.875600200650974,45.408518043075865,16.0],[11.87560016869666,45.40851741394354,16.0],[11.875603470965407,45.40843901964602,16.0],[11.87560240287921,45.40842302447409,16.0]]]}},{"type":"Feature","id":"UN_VOL:43259","properties":{"OBJECTID":43259,"UN_VOL_POR":"01","UN_VOL_STA":"","UN_VOL_QGR":36.96,"UN_VOL_QCO":0.0,"UN_VOL_AV":20.33,"UN_VOL_INH":0.0,"Shape_Leng":18.9136066544,"Shape_Area":22.3509520352},"geometry":{"type":"Polygon","coordinates":[[[11.876903340528939,45.408537041157444,17.0],[11.876899507458592,45.40849429151793,18.0],[11.8768402977688,45.408495964482526,18.0],[11.876843652617476,45.408539356119086,17.0],[11.876903340528939,45.408537041157444,17.0]]]}},{"type":"Feature","id":"UN_VOL:43263","properties":{"OBJECTID":43263,"UN_VOL_POR":"01","UN_VOL_STA":"","UN_VOL_QGR":33.0,"UN_VOL_QCO":0.0,"UN_VOL_AV":17.54,"UN_VOL_INH":0.0,"Shape_Leng":35.3376832137,"Shape_Area":73.5003655906},"geometry":{"type":"Polygon","coordinates":[[[11.875356438730082,45.40857459323437,16.0],[11.875364310425779,45.40851570658629,16.0],[11.875328119109598,45.408512658105366,16.0],[11.875273822898466,45.408510426031846,16.0],[11.875225315324718,45.408506427613354,16.0],[11.875225041872389,45.40850859484713,16.0],[11.875220368812453,45.408549938045674,16.0],[11.87521831437285,45.40856484207632,16.0],[11.875355992658463,45.408578384880855,16.0],[11.875356438730082,45.40857459323437,16.0]]]}},{"type":"Feature","id":"UN_VOL:43277","properties":{"OBJECTID":43277,"UN_VOL_POR":"01","UN_VOL_STA":"","UN_VOL_QGR":25.79,"UN_VOL_QCO":0.0,"UN_VOL_AV":9.16,"UN_VOL_INH":0.0,"Shape_Leng":24.2473281543,"Shape_Area":28.5256416768},"geometry":{"type":"Polygon","coordinates":[[[11.877171907812151,45.408538640139774,17.0],[11.877169820751572,45.408505118181935,17.0],[11.877096203644319,45.40850742471526,17.0],[11.877095738150292,45.40850329586017,17.0],[11.877067446591663,45.40850481926718,17.0],[11.877068666815424,45.40853386269432,17.0],[11.87710829894552,45.40853421328401,17.0],[11.877108254544753,45.408540875526406,17.0],[11.877171907812151,45.408538640139774,17.0]]]}},{"type":"Feature","id":"UN_VOL:43279","properties":{"OBJECTID":43279,"UN_VOL_POR":"01","UN_VOL_STA":"","UN_VOL_QGR":33.96,"UN_VOL_QCO":0.0,"UN_VOL_AV":17.33,"UN_VOL_INH":0.0,"Shape_Leng":44.0568523998,"Shape_Area":98.9948264615},"geometry":{"type":"Polygon","coordinates":[[[11.876843652617476,45.408539356119086,17.0],[11.8768402977688,45.408495964482526,18.0],[11.876839900581782,45.408490663685846,18.0],[11.876827142682933,45.40849107539714,18.0],[11.876701873298357,45.408495403952806,18.0],[11.876636711334072,45.40849812695705,17.0],[11.876644443267592,45.40855220957326,17.0],[11.876713402117643,45.40855128104063,17.0],[11.876844364758593,45.40854833933347,17.0],[11.876843652617476,45.408539356119086,17.0]]]}},{"type":"Feature","id":"UN_VOL:43283","properties":{"OBJECTID":43283,"UN_VOL_POR":"01","UN_VOL_STA":"","UN_VOL_QGR":29.92,"UN_VOL_QCO":0.0,"UN_VOL_AV":13.98,"UN_VOL_INH":0.0,"Shape_Leng":52.7086965032,"Shape_Area":159.446728377},"geometry":{"type":"Polygon","coordinates":[[[11.874319897550597,45.40851591765202,16.0],[11.874148789010556,45.40847819203917,16.0],[11.874117069474039,45.408548120451066,16.0],[11.87411595768888,45.40855390950081,16.0],[11.874163521541163,45.408561982709294,16.0],[11.874153390862219,45.40859401232491,16.0],[11.87429260092825,45.40861507903035,16.0],[11.874292860719608,45.408612642002616,16.0],[11.874319897550597,45.40851591765202,16.0]]]}},{"type":"Feature","id":"UN_VOL:43287","properties":{"OBJECTID":43287,"UN_VOL_POR":"01","UN_VOL_STA":"","UN_VOL_QGR":29.84,"UN_VOL_QCO":0.0,"UN_VOL_AV":13.9,"UN_VOL_INH":0.0,"Shape_Leng":19.8638502475,"Shape_Area":23.5565150881},"geometry":{"type":"Polygon","coordinates":[[[11.873968208121491,45.40857104298915,16.0],[11.873955302227362,45.408621414968245,16.0],[11.874008532155617,45.40862529497994,16.0],[11.874016979392215,45.408570174333875,16.0],[11.873968208121491,45.40857104298915,16.0]]]}},{"type":"Feature","id":"UN_VOL:43368","properties":{"OBJECTID":43368,"UN_VOL_POR":"01","UN_VOL_STA":"","UN_VOL_QGR":28.21,"UN_VOL_QCO":0.0,"UN_VOL_AV":12.04,"UN_VOL_INH":0.0,"Shape_Leng":54.3169428335,"Shape_Area":164.473165826},"geometry":{"type":"Polygon","coordinates":[[[11.876306673482768,45.40867000016066,16.0],[11.876294483743777,45.40852061656243,16.0],[11.876292195825046,45.40852085394055,16.0],[11.876282482188262,45.4085208290531,16.0],[11.87617405464778,45.40851960136856,16.0],[11.876175910652094,45.40866681537113,16.0],[11.876267920141597,45.40866935660951,16.0],[11.876268299214317,45.408676818207724,16.0],[11.87630716652888,45.40867718874535,16.0],[11.876306673482768,45.40867000016066,16.0]]]}},{"type":"Feature","id":"UN_VOL:43372","properties":{"OBJECTID":43372,"UN_VOL_POR":"01","UN_VOL_STA":"","UN_VOL_QGR":25.36,"UN_VOL_QCO":0.0,"UN_VOL_AV":8.58,"UN_VOL_INH":0.0,"Shape_Leng":34.5803329896,"Shape_Area":56.1836654526},"geometry":{"type":"Polygon","coordinates":[[[11.877173492601301,45.4085647940453,17.0],[11.87714479514053,45.40856587747283,17.0],[11.877144155431257,45.40859352782957,17.0],[11.877108169554237,45.40859452488977,17.0],[11.877107937783892,45.40860254216858,17.0],[11.877106865378735,45.408671968768516,17.0],[11.87713880389134,45.408671793360305,17.0],[11.877182625448471,45.40867158844086,17.0],[11.877173492601301,45.4085647940453,17.0]]]}},{"type":"Feature","id":"UN_VOL:43374","properties":{"OBJECTID":43374,"UN_VOL_POR":"01","UN_VOL_STA":"","UN_VOL_QGR":23.92,"UN_VOL_QCO":0.0,"UN_VOL_AV":7.15,"UN_VOL_INH":0.0,"Shape_Leng":46.7412057348,"Shape_Area":52.5844902797},"geometry":{"type":"Polygon","coordinates":[[[11.877230831992534,45.4086721733986,17.0],[11.877284298374976,45.40867316520013,17.0],[11.877254156279957,45.4085603295218,17.0],[11.877215558808267,45.40848479228784,17.0],[11.877230831992534,45.4086721733986,17.0]]]}},{"type":"Feature","id":"UN_VOL:43377","properties":{"OBJECTID":43377,"UN_VOL_POR":"01","UN_VOL_STA":"","UN_VOL_QGR":25.41,"UN_VOL_QCO":0.0,"UN_VOL_AV":9.43,"UN_VOL_INH":0.0,"Shape_Leng":25.5371983165,"Shape_Area":21.5282203153},"geometry":{"type":"Polygon","coordinates":[[[11.874574049619307,45.40867909846992,16.0],[11.87454919876235,45.40867792438236,16.0],[11.874550796417735,45.40871190895102,16.0],[11.874550413647727,45.408774837123154,16.0],[11.874578140653838,45.40877476892265,16.0],[11.874574049619307,45.40867909846992,16.0]]]}},{"type":"Feature","id":"UN_VOL:43378","properties":{"OBJECTID":43378,"UN_VOL_POR":"01","UN_VOL_STA":"","UN_VOL_QGR":39.89,"UN_VOL_QCO":0.0,"UN_VOL_AV":24.24,"UN_VOL_INH":0.0,"Shape_Leng":8.32793272573,"Shape_Area":4.32649095394},"geometry":{"type":"Polygon","coordinates":[[[11.87599488417716,45.408745818626336,16.0],[11.875969809705929,45.408742760282266,16.0],[11.87596554022969,45.40876186035953,15.0],[11.875990756089525,45.40876518528108,15.0],[11.87599488417716,45.408745818626336,16.0]]]}},{"type":"Feature","id":"UN_VOL:43379","properties":{"OBJECTID":43379,"UN_VOL_POR":"01","UN_VOL_STA":"","UN_VOL_QGR":42.89,"UN_VOL_QCO":0.0,"UN_VOL_AV":27.49,"UN_VOL_INH":0.0,"Shape_Leng":6.71234426823,"Shape_Area":2.69959475112},"geometry":{"type":"Polygon","coordinates":[[[11.875990756089525,45.40876518528108,15.0],[11.87596554022969,45.40876186035953,15.0],[11.875962957381196,45.408773897394504,15.0],[11.875988168125204,45.40877713239878,15.0],[11.875990009064974,45.40876808482748,15.0],[11.875990756089525,45.40876518528108,15.0]]]}},{"type":"Feature","id":"UN_VOL:43382","properties":{"OBJECTID":43382,"UN_VOL_POR":"01","UN_VOL_STA":"","UN_VOL_QGR":44.69,"UN_VOL_QCO":0.0,"UN_VOL_AV":30.26,"UN_VOL_INH":0.0,"Shape_Leng":16.9744342539,"Shape_Area":13.0403154453},"geometry":{"type":"Polygon","coordinates":[[[11.875988168125204,45.40877713239878,15.0],[11.875962957381196,45.408773897394504,15.0],[11.875950277180117,45.40883119478248,13.0],[11.87597563901903,45.40883487621498,14.0],[11.875988168125204,45.40877713239878,15.0]]]}},{"type":"Feature","id":"UN_VOL:43383","properties":{"OBJECTID":43383,"UN_VOL_POR":"01","UN_VOL_STA":"","UN_VOL_QGR":30.32,"UN_VOL_QCO":0.0,"UN_VOL_AV":13.83,"UN_VOL_INH":0.0,"Shape_Leng":49.4911795706,"Shape_Area":150.761966966},"geometry":{"type":"Polygon","coordinates":[[[11.877182625448471,45.40867158844086,17.0],[11.87713880389134,45.408671793360305,17.0],[11.877106865378735,45.408671968768516,17.0],[11.877055386874565,45.40867488686871,17.0],[11.877041579324837,45.40878793070978,17.0],[11.87719411377127,45.40880460735163,16.0],[11.877182625448471,45.40867158844086,17.0]]]}},{"type":"Feature","id":"UN_VOL:43384","properties":{"OBJECTID":43384,"UN_VOL_POR":"01","UN_VOL_STA":"","UN_VOL_QGR":31.8,"UN_VOL_QCO":0.0,"UN_VOL_AV":15.37,"UN_VOL_INH":0.0,"Shape_Leng":60.5725916194,"Shape_Area":200.712414366},"geometry":{"type":"Polygon","coordinates":[[[11.877420666857335,45.408816807015135,16.0],[11.877411091643252,45.408754129565416,16.0],[11.877400123813164,45.408706789728114,16.0],[11.877345691860748,45.40871194278233,16.0],[11.877337692242062,45.40867271922623,17.0],[11.877308105837335,45.408676435688655,17.0],[11.877284298374976,45.40867316520013,17.0],[11.877230831992534,45.4086721733986,17.0],[11.877241915042953,45.40880979296059,16.0],[11.877422724077972,45.40882962675729,16.0],[11.877420666857335,45.408816807015135,16.0]]]}},{"type":"Feature","id":"UN_VOL:43395","properties":{"OBJECTID":43395,"UN_VOL_POR":"01","UN_VOL_STA":"","UN_VOL_QGR":32.4,"UN_VOL_QCO":0.0,"UN_VOL_AV":16.42,"UN_VOL_INH":0.0,"Shape_Leng":39.6537384091,"Shape_Area":13.0205164347},"geometry":{"type":"Polygon","coordinates":[[[11.87741803462779,45.40913965833639,16.0],[11.877220621397292,45.40913761563209,16.0],[11.877173440454161,45.40913709524519,16.0],[11.87717344982847,45.409139795242545,16.0],[11.877173358948832,45.40914303804853,16.0],[11.877214277402896,45.40914353625895,16.0],[11.877417716079252,45.40914596730477,16.0],[11.87741803462779,45.40913965833639,16.0]]]}},{"type":"Feature","id":"UN_VOL:43452","properties":{"OBJECTID":43452,"UN_VOL_POR":"01","UN_VOL_STA":"","UN_VOL_QGR":26.63,"UN_VOL_QCO":0.0,"UN_VOL_AV":10.32,"UN_VOL_INH":0.0,"Shape_Leng":53.9463985564,"Shape_Area":80.6200289375},"geometry":{"type":"Polygon","coordinates":[[[11.873338518278452,45.406882603719396,16.0],[11.873333298603418,45.40686536236732,16.0],[11.87326215892836,45.406876155363975,16.0],[11.873254222061815,45.40685070163422,16.0],[11.873225589288161,45.4068555632421,16.0],[11.873213472503865,45.40681572268766,16.0],[11.873243536450262,45.40681136493479,16.0],[11.873238850387613,45.40679708090588,16.0],[11.873237140982292,45.40679361368515,16.0],[11.873153826847728,45.40680372266885,16.0],[11.873145955058517,45.40680473091696,16.0],[11.873170207717518,45.40689989376046,16.0],[11.873254451550807,45.40688796080746,16.0],[11.873256740156322,45.40689528428565,16.0],[11.873338518278452,45.406882603719396,16.0]]]}},{"type":"Feature","id":"UN_VOL:43459","properties":{"OBJECTID":43459,"UN_VOL_POR":"01","UN_VOL_STA":"","UN_VOL_QGR":25.54,"UN_VOL_QCO":0.0,"UN_VOL_AV":9.29,"UN_VOL_INH":0.0,"Shape_Leng":27.0412453905,"Shape_Area":45.1407333935},"geometry":{"type":"Polygon","coordinates":[[[11.871351990653382,45.40688319475451,17.0],[11.87127757281943,45.40687219543034,17.0],[11.871259692290195,45.40693790475004,17.0],[11.87133582863585,45.40695003066871,17.0],[11.871351990653382,45.40688319475451,17.0]]]}},{"type":"Feature","id":"UN_VOL:43473","properties":{"OBJECTID":43473,"UN_VOL_POR":"01","UN_VOL_STA":"","UN_VOL_QGR":28.14,"UN_VOL_QCO":0.0,"UN_VOL_AV":11.67,"UN_VOL_INH":0.0,"Shape_Leng":63.4936485726,"Shape_Area":180.471246058},"geometry":{"type":"Polygon","coordinates":[[[11.874284959743182,45.406876228668494,17.0],[11.874231882750571,45.406663875673196,17.0],[11.87415954883759,45.40667379884536,17.0],[11.874123017764619,45.40668164991424,17.0],[11.874140601449792,45.406743585649195,17.0],[11.874160915168712,45.40680140245578,17.0],[11.874177145455233,45.40679892332473,17.0],[11.874217831155315,45.40688800100195,17.0],[11.874284959743182,45.406876228668494,17.0]]]}},{"type":"Feature","id":"UN_VOL:43494","properties":{"OBJECTID":43494,"UN_VOL_POR":"01","UN_VOL_STA":"","UN_VOL_QGR":27.51,"UN_VOL_QCO":0.0,"UN_VOL_AV":10.92,"UN_VOL_INH":0.0,"Shape_Leng":36.6864467021,"Shape_Area":64.2738768409},"geometry":{"type":"Polygon","coordinates":[[[11.870563189230179,45.40695164866677,17.0],[11.870506014287129,45.40693544490031,17.0],[11.87051186652512,45.40691981547048,17.0],[11.870474983463877,45.40691066161658,17.0],[11.870464518478421,45.40692604729047,17.0],[11.870419900418826,45.40691555799246,17.0],[11.870411650907261,45.406929267474936,17.0],[11.870398459935398,45.4069589432664,16.0],[11.870542623888467,45.40698961148179,17.0],[11.870563189230179,45.40695164866677,17.0]]]}},{"type":"Feature","id":"UN_VOL:43501","properties":{"OBJECTID":43501,"UN_VOL_POR":"01","UN_VOL_STA":"","UN_VOL_QGR":30.89,"UN_VOL_QCO":0.0,"UN_VOL_AV":14.41,"UN_VOL_INH":0.0,"Shape_Leng":34.603383121,"Shape_Area":48.1147995254},"geometry":{"type":"Polygon","coordinates":[[[11.874217831155315,45.40688800100195,17.0],[11.874177145455233,45.40679892332473,17.0],[11.874160915168712,45.40680140245578,17.0],[11.874150833128231,45.40680417655802,17.0],[11.874167244392673,45.40685056957126,17.0],[11.874110083977245,45.406862360887246,17.0],[11.874127775765151,45.40690377141551,17.0],[11.874217831155315,45.40688800100195,17.0]]]}},{"type":"Feature","id":"UN_VOL:43529","properties":{"OBJECTID":43529,"UN_VOL_POR":"01","UN_VOL_STA":"","UN_VOL_QGR":24.88,"UN_VOL_QCO":0.0,"UN_VOL_AV":8.3,"UN_VOL_INH":0.0,"Shape_Leng":44.9763367676,"Shape_Area":110.65843919},"geometry":{"type":"Polygon","coordinates":[[[11.87071246292145,45.40689910649559,17.0],[11.870690069634245,45.4068884183297,17.0],[11.870639148049243,45.406861975567814,17.0],[11.870602747967723,45.406897636148685,17.0],[11.870572751835656,45.40694114665388,17.0],[11.870563189230179,45.40695164866677,17.0],[11.870542623888467,45.40698961148179,17.0],[11.870543786060031,45.40698985238455,17.0],[11.870640296310636,45.40701064746915,17.0],[11.870672462218678,45.40694187860912,17.0],[11.87071246292145,45.40689910649559,17.0]]]}},{"type":"Feature","id":"UN_VOL:43530","properties":{"OBJECTID":43530,"UN_VOL_POR":"01","UN_VOL_STA":"","UN_VOL_QGR":30.97,"UN_VOL_QCO":0.0,"UN_VOL_AV":14.49,"UN_VOL_INH":0.0,"Shape_Leng":44.6474512885,"Shape_Area":123.454717731},"geometry":{"type":"Polygon","coordinates":[[[11.874127775765151,45.40690377141551,17.0],[11.874110083977245,45.406862360887246,17.0],[11.874082823321178,45.406798598603764,17.0],[11.874059031362746,45.406803158392904,17.0],[11.873958501879043,45.406821532937535,17.0],[11.874000231485267,45.406926156647664,17.0],[11.874127775765151,45.40690377141551,17.0]]]}},{"type":"Feature","id":"UN_VOL:43539","properties":{"OBJECTID":43539,"UN_VOL_POR":"01","UN_VOL_STA":"","UN_VOL_QGR":28.57,"UN_VOL_QCO":0.0,"UN_VOL_AV":12.27,"UN_VOL_INH":0.0,"Shape_Leng":48.8163548827,"Shape_Area":138.45648346},"geometry":{"type":"Polygon","coordinates":[[[11.873170207717518,45.40689989376046,16.0],[11.873145955058517,45.40680473091696,16.0],[11.873035858335975,45.406823435602924,16.0],[11.873038821136209,45.40682894156338,16.0],[11.873039035492233,45.406830646665355,16.0],[11.873057172302843,45.406956387261395,16.0],[11.87318245665628,45.40693730050732,16.0],[11.873170207717518,45.40689989376046,16.0]]]}},{"type":"Feature","id":"UN_VOL:43587","properties":{"OBJECTID":43587,"UN_VOL_POR":"01","UN_VOL_STA":"","UN_VOL_QGR":26.73,"UN_VOL_QCO":0.0,"UN_VOL_AV":10.69,"UN_VOL_INH":0.0,"Shape_Leng":32.0840524871,"Shape_Area":45.9177130844},"geometry":{"type":"Polygon","coordinates":[[[11.870951305868664,45.40713370062176,17.0],[11.870986005762088,45.40713003723909,17.0],[11.870986270155282,45.40709492558917,17.0],[11.870828285937254,45.4071142927793,17.0],[11.870835309704564,45.40714697066619,17.0],[11.870951305868664,45.40713370062176,17.0]]]}},{"type":"Feature","id":"UN_VOL:43593","properties":{"OBJECTID":43593,"UN_VOL_POR":"01","UN_VOL_STA":"","UN_VOL_QGR":24.99,"UN_VOL_QCO":0.0,"UN_VOL_AV":8.0,"UN_VOL_INH":0.0,"Shape_Leng":16.6465050707,"Shape_Area":17.1094306996},"geometry":{"type":"Polygon","coordinates":[[[11.873266762391442,45.40718091178202,17.0],[11.873257266340428,45.40714487608233,17.0],[11.873206673155751,45.407155151259076,17.0],[11.873209715364531,45.407189909509306,17.0],[11.873266762391442,45.40718091178202,17.0]]]}},{"type":"Feature","id":"UN_VOL:43596","properties":{"OBJECTID":43596,"UN_VOL_POR":"01","UN_VOL_STA":"","UN_VOL_QGR":25.73,"UN_VOL_QCO":0.0,"UN_VOL_AV":9.68,"UN_VOL_INH":0.0,"Shape_Leng":28.250264509,"Shape_Area":44.7839953867},"geometry":{"type":"Polygon","coordinates":[[[11.871051412881965,45.40716493643536,16.0],[11.870984962209105,45.407164898353386,17.0],[11.87098189464884,45.40720269072289,16.0],[11.870985026569322,45.407246808133586,16.0],[11.871040679802455,45.40724558788671,16.0],[11.871042662056189,45.40721160323069,16.0],[11.87104946238211,45.40721215210423,16.0],[11.871051412881965,45.40716493643536,16.0]]]}},{"type":"Feature","id":"UN_VOL:43604","properties":{"OBJECTID":43604,"UN_VOL_POR":"01","UN_VOL_STA":"","UN_VOL_QGR":30.98,"UN_VOL_QCO":0.0,"UN_VOL_AV":14.03,"UN_VOL_INH":0.0,"Shape_Leng":25.5136035729,"Shape_Area":27.5179725708},"geometry":{"type":"Polygon","coordinates":[[[11.87377170456793,45.407177016843775,17.0],[11.873765053623584,45.40716179219995,17.0],[11.873778449523735,45.40715884423198,17.0],[11.873775144582295,45.40715163640889,17.0],[11.873790080584183,45.40714883013375,17.0],[11.87376610314645,45.407101907255914,17.0],[11.87374079778426,45.40710686528228,17.0],[11.873748433116123,45.40712386529126,17.0],[11.873734896409731,45.40712654666163,17.0],[11.873719330628353,45.40712954888455,17.0],[11.873727672764417,45.40714788140569,17.0],[11.87374406977756,45.407183923743105,17.0],[11.873765519289204,45.40717852254898,17.0],[11.87377170456793,45.407177016843775,17.0]]]}},{"type":"Feature","id":"UN_VOL:43620","properties":{"OBJECTID":43620,"UN_VOL_POR":"01","UN_VOL_STA":"","UN_VOL_QGR":24.97,"UN_VOL_QCO":0.0,"UN_VOL_AV":8.92,"UN_VOL_INH":0.0,"Shape_Leng":28.9060712108,"Shape_Area":31.0775051995},"geometry":{"type":"Polygon","coordinates":[[[11.87085413921051,45.4072184170116,16.0],[11.870838796563858,45.407160294840764,17.0],[11.870803622983852,45.40716469047095,17.0],[11.870803768323208,45.407165046611574,17.0],[11.870835191372159,45.40726813063335,16.0],[11.870835337284445,45.40726848714933,16.0],[11.870866345529656,45.407265096389956,16.0],[11.87085413921051,45.4072184170116,16.0]]]}},{"type":"Feature","id":"UN_VOL:43623","properties":{"OBJECTID":43623,"UN_VOL_POR":"01","UN_VOL_STA":"","UN_VOL_QGR":31.38,"UN_VOL_QCO":0.0,"UN_VOL_AV":14.78,"UN_VOL_INH":0.0,"Shape_Leng":78.9536353384,"Shape_Area":383.027065795},"geometry":{"type":"Polygon","coordinates":[[[11.870669376356158,45.40725655013108,16.0],[11.870739195901201,45.407244892279124,16.0],[11.870712339880408,45.40710082767416,17.0],[11.87048148301715,45.40707162067549,16.0],[11.870481163617818,45.407105653536405,16.0],[11.870480967129906,45.40719756156591,16.0],[11.870471427286471,45.407279082633195,17.0],[11.870571475307111,45.40727134490244,16.0],[11.870669376356158,45.40725655013108,16.0]]]}},{"type":"Feature","id":"UN_VOL:43626","properties":{"OBJECTID":43626,"UN_VOL_POR":"01","UN_VOL_STA":"","UN_VOL_QGR":27.92,"UN_VOL_QCO":0.0,"UN_VOL_AV":11.0,"UN_VOL_INH":0.0,"Shape_Leng":26.9023960607,"Shape_Area":44.3915885015},"geometry":{"type":"Polygon","coordinates":[[[11.874164985556396,45.40717863265239,17.0],[11.874207023525726,45.40717352318042,17.0],[11.874199232987046,45.40715598683115,17.0],[11.874197587503208,45.40715629842103,17.0],[11.8741772424169,45.40711549502149,17.0],[11.874133973955349,45.40712153555588,17.0],[11.87410039608433,45.40712715188451,17.0],[11.874118220608267,45.407178730459165,17.0],[11.874124456469278,45.40718829453885,17.0],[11.874164985556396,45.40717863265239,17.0]]]}},{"type":"Feature","id":"UN_VOL:43632","properties":{"OBJECTID":43632,"UN_VOL_POR":"01","UN_VOL_STA":"","UN_VOL_QGR":28.28,"UN_VOL_QCO":0.0,"UN_VOL_AV":12.24,"UN_VOL_INH":0.0,"Shape_Leng":21.3792559441,"Shape_Area":19.3823795308},"geometry":{"type":"Polygon","coordinates":[[[11.87109805093136,45.40724549460444,16.0],[11.871040679802455,45.40724558788671,16.0],[11.870985026569322,45.407246808133586,16.0],[11.870986075095956,45.407262444046175,16.0],[11.871073082423429,45.40726970616995,16.0],[11.871086391834506,45.40727009125676,16.0],[11.87109805093136,45.40724549460444,16.0]]]}},{"type":"Feature","id":"UN_VOL:43633","properties":{"OBJECTID":43633,"UN_VOL_POR":"01","UN_VOL_STA":"","UN_VOL_QGR":28.81,"UN_VOL_QCO":0.0,"UN_VOL_AV":11.86,"UN_VOL_INH":0.0,"Shape_Leng":26.7892088123,"Shape_Area":27.8005912107},"geometry":{"type":"Polygon","coordinates":[[[11.873776472746902,45.40718787817304,17.0],[11.87377170456793,45.407177016843775,17.0],[11.873765519289204,45.40717852254898,17.0],[11.87374406977756,45.407183923743105,17.0],[11.873727672764417,45.40714788140569,17.0],[11.873707121507412,45.407153349626675,17.0],[11.873698597140386,45.40713898258324,17.0],[11.87367271718553,45.4071426948005,17.0],[11.873699890331098,45.407204749273696,17.0],[11.873771673618727,45.4071889891694,17.0],[11.873776472746902,45.40718787817304,17.0]]]}},{"type":"Feature","id":"UN_VOL:43635","properties":{"OBJECTID":43635,"UN_VOL_POR":"01","UN_VOL_STA":"","UN_VOL_QGR":25.79,"UN_VOL_QCO":0.0,"UN_VOL_AV":8.81,"UN_VOL_INH":0.0,"Shape_Leng":15.9544260647,"Shape_Area":15.2032603498},"geometry":{"type":"Polygon","coordinates":[[[11.873274343740487,45.407209434883946,17.0],[11.873266762391442,45.40718091178202,17.0],[11.873209715364531,45.407189909509306,17.0],[11.873212186901904,45.407218471239446,17.0],[11.873274343740487,45.407209434883946,17.0]]]}},{"type":"Feature","id":"UN_VOL:43638","properties":{"OBJECTID":43638,"UN_VOL_POR":"01","UN_VOL_STA":"","UN_VOL_QGR":29.82,"UN_VOL_QCO":0.0,"UN_VOL_AV":12.9,"UN_VOL_INH":0.0,"Shape_Leng":35.4821669197,"Shape_Area":71.5940056308},"geometry":{"type":"Polygon","coordinates":[[[11.874049574103728,45.407198371880824,17.0],[11.874073507482901,45.407191558141385,17.0],[11.874118220608267,45.407178730459165,17.0],[11.87410039608433,45.40712715188451,17.0],[11.87408421674783,45.407080302787364,17.0],[11.874007438450864,45.407095828716834,17.0],[11.87402920228831,45.40715702923738,17.0],[11.874046424478985,45.40719926124657,17.0],[11.874049574103728,45.407198371880824,17.0]]]}},{"type":"Feature","id":"UN_VOL:43639","properties":{"OBJECTID":43639,"UN_VOL_POR":"01","UN_VOL_STA":"","UN_VOL_QGR":25.27,"UN_VOL_QCO":0.0,"UN_VOL_AV":8.96,"UN_VOL_INH":0.0,"Shape_Leng":113.030201241,"Shape_Area":519.300310264},"geometry":{"type":"Polygon","coordinates":[[[11.873074862295919,45.40707835908689,16.0],[11.873073116269543,45.40706913173995,16.0],[11.873379341500362,45.40702226504209,17.0],[11.873338518278452,45.406882603719396,16.0],[11.873256740156322,45.40689528428565,16.0],[11.873254451550807,45.40688796080746,16.0],[11.873170207717518,45.40689989376046,16.0],[11.87318245665628,45.40693730050732,16.0],[11.873057172302843,45.406956387261395,16.0],[11.873059903429812,45.40697495116279,16.0],[11.872870119551392,45.40699467204634,16.0],[11.872892361712085,45.40709807631754,16.0],[11.873074862295919,45.40707835908689,16.0]]]}},{"type":"Feature","id":"UN_VOL:43651","properties":{"OBJECTID":43651,"UN_VOL_POR":"01","UN_VOL_STA":"","UN_VOL_QGR":26.73,"UN_VOL_QCO":0.0,"UN_VOL_AV":10.68,"UN_VOL_INH":0.0,"Shape_Leng":10.6362229644,"Shape_Area":7.02635410336},"geometry":{"type":"Polygon","coordinates":[[[11.870985850943775,45.407154704601446,17.0],[11.870986005762088,45.40713003723909,17.0],[11.870951305868664,45.40713370062176,17.0],[11.870954565175062,45.40715765214228,17.0],[11.870985850943775,45.407154704601446,17.0]]]}},{"type":"Feature","id":"UN_VOL:43656","properties":{"OBJECTID":43656,"UN_VOL_POR":"01","UN_VOL_STA":"","UN_VOL_QGR":24.42,"UN_VOL_QCO":0.0,"UN_VOL_AV":8.38,"UN_VOL_INH":0.0,"Shape_Leng":16.2336820948,"Shape_Area":15.096411594},"geometry":{"type":"Polygon","coordinates":[[[11.870838796563858,45.407160294840764,17.0],[11.870835309704564,45.40714697066619,17.0],[11.870828285937254,45.4071142927793,17.0],[11.870789802584564,45.407118951773555,17.0],[11.870803622983852,45.40716469047095,17.0],[11.870838796563858,45.407160294840764,17.0]]]}},{"type":"Feature","id":"UN_VOL:43667","properties":{"OBJECTID":43667,"UN_VOL_POR":"01","UN_VOL_STA":"","UN_VOL_QGR":31.24,"UN_VOL_QCO":0.0,"UN_VOL_AV":14.79,"UN_VOL_INH":0.0,"Shape_Leng":100.92446661,"Shape_Area":486.631301307},"geometry":{"type":"Polygon","coordinates":[[[11.873138187147234,45.4072988257971,17.0],[11.873182868940699,45.40729797042718,17.0],[11.873180402616661,45.40729470235933,17.0],[11.87321271425569,45.407291818421584,17.0],[11.87320923006446,45.40724833988087,17.0],[11.873219845793734,45.407248522797936,17.0],[11.873216872997952,45.407232755267806,17.0],[11.873212186901904,45.407218471239446,17.0],[11.873209715364531,45.407189909509306,17.0],[11.873206673155751,45.407155151259076,17.0],[11.87320444335055,45.407128833831784,17.0],[11.873104519326887,45.40714404151785,17.0],[11.873027298766054,45.40715336703301,17.0],[11.872867742567575,45.407166925929545,16.0],[11.872871168230038,45.40735532594151,16.0],[11.872918443487672,45.40735521579765,17.0],[11.87297261996477,45.40735511196157,17.0],[11.872975420625663,45.407291942419036,17.0],[11.873138187147234,45.4072988257971,17.0]]]}},{"type":"Feature","id":"UN_VOL:43670","properties":{"OBJECTID":43670,"UN_VOL_POR":"01","UN_VOL_STA":"","UN_VOL_QGR":31.22,"UN_VOL_QCO":0.0,"UN_VOL_AV":15.18,"UN_VOL_INH":0.0,"Shape_Leng":185.809263277,"Shape_Area":935.969265335},"geometry":{"type":"Polygon","coordinates":[[[11.872774166793354,45.407153619662225,16.0],[11.872777346890603,45.40699970809065,16.0],[11.872147589967728,45.40697649647855,17.0],[11.872155418601299,45.407085484863174,17.0],[11.87215509943479,45.40708675316256,17.0],[11.872272025440568,45.407091820897755,17.0],[11.872424180191311,45.40709861184797,17.0],[11.872659846517156,45.407109241249096,16.0],[11.872639388806821,45.40720219927458,17.0],[11.872632853392096,45.40723206794913,17.0],[11.872615751939977,45.407229978354984,17.0],[11.872609955092992,45.407254247481724,17.0],[11.872585968861731,45.40732803172192,17.0],[11.872578366928161,45.40735450663447,17.0],[11.872582218254399,45.407354859908835,17.0],[11.872761967832963,45.40736149596707,16.0],[11.872769634536313,45.407361483033974,16.0],[11.872774166793354,45.407153619662225,16.0]]]}},{"type":"Feature","id":"UN_VOL:43672","properties":{"OBJECTID":43672,"UN_VOL_POR":"01","UN_VOL_STA":"","UN_VOL_QGR":27.62,"UN_VOL_QCO":0.0,"UN_VOL_AV":11.44,"UN_VOL_INH":0.0,"Shape_Leng":22.6413528453,"Shape_Area":26.4797059664},"geometry":{"type":"Polygon","coordinates":[[[11.870686642048495,45.40734000778269,16.0],[11.870643965212754,45.40734513202882,16.0],[11.870660857220841,45.40741617691516,16.0],[11.870701382464068,45.407411466982204,16.0],[11.870686642048495,45.40734000778269,16.0]]]}},{"type":"Feature","id":"UN_VOL:43683","properties":{"OBJECTID":43683,"UN_VOL_POR":"01","UN_VOL_STA":"","UN_VOL_QGR":30.4,"UN_VOL_QCO":0.0,"UN_VOL_AV":13.64,"UN_VOL_INH":0.0,"Shape_Leng":115.774028778,"Shape_Area":446.275527255},"geometry":{"type":"Polygon","coordinates":[[[11.872489885588205,45.4073156884276,17.0],[11.872498121442934,45.40729666832739,17.0],[11.872341877606175,45.40727728849266,17.0],[11.872235830795722,45.407265016097405,17.0],[11.872257433038188,45.40716185794411,17.0],[11.872272025440568,45.407091820897755,17.0],[11.87215509943479,45.40708675316256,17.0],[11.872101991472755,45.40733211406791,17.0],[11.872473839296866,45.40737721077409,17.0],[11.872489885588205,45.4073156884276,17.0]]]}},{"type":"Feature","id":"UN_VOL:43684","properties":{"OBJECTID":43684,"UN_VOL_POR":"01","UN_VOL_STA":"","UN_VOL_QGR":27.12,"UN_VOL_QCO":0.0,"UN_VOL_AV":10.64,"UN_VOL_INH":0.0,"Shape_Leng":114.269281224,"Shape_Area":627.393488415},"geometry":{"type":"Polygon","coordinates":[[[11.87472475254078,45.407134556718994,17.0],[11.874743518411906,45.40727009278469,17.0],[11.875273656167835,45.4073068718909,17.0],[11.875260691217582,45.40716983942291,17.0],[11.87472475254078,45.407134556718994,17.0]]]}},{"type":"Feature","id":"UN_VOL:43689","properties":{"OBJECTID":43689,"UN_VOL_POR":"01","UN_VOL_STA":"","UN_VOL_QGR":33.29,"UN_VOL_QCO":0.0,"UN_VOL_AV":16.35,"UN_VOL_INH":0.0,"Shape_Leng":129.465590522,"Shape_Area":452.659528423},"geometry":{"type":"Polygon","coordinates":[[[11.874534934492994,45.40731720356556,17.0],[11.874509687964713,45.407121972220466,17.0],[11.874486006243878,45.4069399332554,17.0],[11.874340408494286,45.40696664451939,17.0],[11.874263935850747,45.40698063251641,17.0],[11.874293658425684,45.4070551344552,17.0],[11.87440119355916,45.407033792850626,17.0],[11.87441583209372,45.40714593969826,17.0],[11.874429301914295,45.407237593501186,17.0],[11.87435399533819,45.40724435116782,17.0],[11.874362779688886,45.407331801933296,17.0],[11.874534934492994,45.40731720356556,17.0]]]}},{"type":"Feature","id":"UN_VOL:43690","properties":{"OBJECTID":43690,"UN_VOL_POR":"01","UN_VOL_STA":"","UN_VOL_QGR":27.94,"UN_VOL_QCO":0.0,"UN_VOL_AV":11.16,"UN_VOL_INH":0.0,"Shape_Leng":97.1420206281,"Shape_Area":545.176457867},"geometry":{"type":"Polygon","coordinates":[[[11.871409689520526,45.40722973114044,17.0],[11.871318434316912,45.407211774842125,17.0],[11.871233842146736,45.407194190694426,17.0],[11.871130676446393,45.40717068325581,17.0],[11.87109805093136,45.40724549460444,16.0],[11.871086391834506,45.40727009125676,16.0],[11.871073082423429,45.40726970616995,16.0],[11.871061920233444,45.40730158137804,16.0],[11.871049012300524,45.40732674973075,16.0],[11.871419400661498,45.40740609151933,17.0],[11.871487431284674,45.40724829758676,16.0],[11.871409689520526,45.40722973114044,17.0]]]}},{"type":"Feature","id":"UN_VOL:43697","properties":{"OBJECTID":43697,"UN_VOL_POR":"01","UN_VOL_STA":"","UN_VOL_QGR":31.73,"UN_VOL_QCO":0.0,"UN_VOL_AV":16.5,"UN_VOL_INH":0.0,"Shape_Leng":95.8460561132,"Shape_Area":308.530777408},"geometry":{"type":"Polygon","coordinates":[[[11.878155798132104,45.407234747812055,14.0],[11.878157442181818,45.40722687499912,15.0],[11.87812571440904,45.40709040618608,15.0],[11.878104936533216,45.40700091779818,14.0],[11.877982035403942,45.40703165164794,15.0],[11.877859133583092,45.40706238538246,15.0],[11.877863651215007,45.4070683022353,15.0],[11.877886174133188,45.40711670090611,15.0],[11.877912380463206,45.407172208072346,15.0],[11.8779174211294,45.40717082066901,15.0],[11.877900182924774,45.40713336018004,15.0],[11.877990855629452,45.40710965021532,15.0],[11.878015553104385,45.40716312472942,15.0],[11.878042555748065,45.40717144480047,15.0],[11.878081663473193,45.40724192861517,14.0],[11.878141544170155,45.407228356190586,15.0],[11.878143883684942,45.40723666841101,14.0],[11.878155798132104,45.407234747812055,14.0]]]}},{"type":"Feature","id":"UN_VOL:43704","properties":{"OBJECTID":43704,"UN_VOL_POR":"01","UN_VOL_STA":"","UN_VOL_QGR":28.31,"UN_VOL_QCO":0.0,"UN_VOL_AV":12.27,"UN_VOL_INH":0.0,"Shape_Leng":45.3139782616,"Shape_Area":88.6966512334},"geometry":{"type":"Polygon","coordinates":[[[11.871153219973346,45.4071188088089,17.0],[11.871178930742483,45.40707144509645,17.0],[11.870986270155282,45.40709492558917,17.0],[11.870986005762088,45.40713003723909,17.0],[11.870985850943775,45.407154704601446,17.0],[11.870984962209105,45.407164898353386,17.0],[11.871051412881965,45.40716493643536,16.0],[11.871051526915792,45.40716214328475,16.0],[11.871050884323505,45.40713686604919,17.0],[11.871153219973346,45.4071188088089,17.0]]]}},{"type":"Feature","id":"UN_VOL:43711","properties":{"OBJECTID":43711,"UN_VOL_POR":"01","UN_VOL_STA":"","UN_VOL_QGR":28.24,"UN_VOL_QCO":0.0,"UN_VOL_AV":11.31,"UN_VOL_INH":0.0,"Shape_Leng":33.0727917963,"Shape_Area":64.4154458245},"geometry":{"type":"Polygon","coordinates":[[[11.87408421674783,45.407080302787364,17.0],[11.874055318630072,45.406991828230915,17.0],[11.873977109133461,45.40700432976831,17.0],[11.874004616801015,45.40708806883615,17.0],[11.874007438450864,45.407095828716834,17.0],[11.87408421674783,45.407080302787364,17.0]]]}},{"type":"Feature","id":"UN_VOL:43717","properties":{"OBJECTID":43717,"UN_VOL_POR":"01","UN_VOL_STA":"","UN_VOL_QGR":29.08,"UN_VOL_QCO":0.0,"UN_VOL_AV":12.16,"UN_VOL_INH":0.0,"Shape_Leng":59.3279016011,"Shape_Area":103.392413846},"geometry":{"type":"Polygon","coordinates":[[[11.874004616801015,45.40708806883615,17.0],[11.873977109133461,45.40700432976831,17.0],[11.87378380295252,45.407035212361166,17.0],[11.873808095296505,45.40709085833535,17.0],[11.873815110919287,45.40710319346376,17.0],[11.873844541088172,45.407096421421016,17.0],[11.873882321795744,45.4070879986864,17.0],[11.873864334000748,45.407053346747496,17.0],[11.87392947588137,45.40704018430374,17.0],[11.87395264289364,45.40710134949688,17.0],[11.874004616801015,45.40708806883615,17.0]]]}},{"type":"Feature","id":"UN_VOL:43740","properties":{"OBJECTID":43740,"UN_VOL_POR":"01","UN_VOL_STA":"","UN_VOL_QGR":30.42,"UN_VOL_QCO":0.0,"UN_VOL_AV":13.5,"UN_VOL_INH":0.0,"Shape_Leng":24.3801622586,"Shape_Area":35.8564576081},"geometry":{"type":"Polygon","coordinates":[[[11.87395264289364,45.40710134949688,17.0],[11.87392947588137,45.40704018430374,17.0],[11.873864334000748,45.407053346747496,17.0],[11.873882321795744,45.4070879986864,17.0],[11.87389663077382,45.40711563231319,17.0],[11.87395264289364,45.40710134949688,17.0]]]}},{"type":"Feature","id":"UN_VOL:43743","properties":{"OBJECTID":43743,"UN_VOL_POR":"01","UN_VOL_STA":"","UN_VOL_QGR":29.24,"UN_VOL_QCO":0.0,"UN_VOL_AV":12.46,"UN_VOL_INH":0.0,"Shape_Leng":40.4181539104,"Shape_Area":41.2082329798},"geometry":{"type":"Polygon","coordinates":[[[11.871449032997893,45.4071336878759,17.0],[11.871455842528487,45.40711929457241,17.0],[11.871317188205282,45.40709902044297,17.0],[11.871285005260772,45.40717499092726,17.0],[11.871325571736797,45.40718369124989,17.0],[11.871350466353018,45.40711771575677,17.0],[11.871449032997893,45.4071336878759,17.0]]]}},{"type":"Feature","id":"UN_VOL:43753","properties":{"OBJECTID":43753,"UN_VOL_POR":"01","UN_VOL_STA":"","UN_VOL_QGR":27.69,"UN_VOL_QCO":0.0,"UN_VOL_AV":11.1,"UN_VOL_INH":0.0,"Shape_Leng":40.6304345323,"Shape_Area":100.835312021},"geometry":{"type":"Polygon","coordinates":[[[11.871279010506802,45.40709206016185,17.0],[11.87128049644302,45.40708860216055,17.0],[11.871178930742483,45.40707144509645,17.0],[11.871153219973346,45.4071188088089,17.0],[11.871130676446393,45.40717068325581,17.0],[11.871233842146736,45.407194190694426,17.0],[11.871279010506802,45.40709206016185,17.0]]]}},{"type":"Feature","id":"UN_VOL:43758","properties":{"OBJECTID":43758,"UN_VOL_POR":"01","UN_VOL_STA":"","UN_VOL_QGR":31.77,"UN_VOL_QCO":0.0,"UN_VOL_AV":14.85,"UN_VOL_INH":0.0,"Shape_Leng":66.3328922627,"Shape_Area":209.322966075},"geometry":{"type":"Polygon","coordinates":[[[11.874133973955349,45.40712153555588,17.0],[11.874117481001715,45.40708612601855,17.0],[11.874165945792418,45.40707923422288,17.0],[11.874172865775467,45.40709220206598,17.0],[11.87425103816762,45.40707646081376,17.0],[11.874297497141875,45.40706781933294,17.0],[11.874293658425684,45.4070551344552,17.0],[11.874263935850747,45.40698063251641,17.0],[11.874255087351589,45.40695988269548,17.0],[11.874055318630072,45.406991828230915,17.0],[11.87408421674783,45.407080302787364,17.0],[11.87410039608433,45.40712715188451,17.0],[11.874133973955349,45.40712153555588,17.0]]]}},{"type":"Feature","id":"UN_VOL:43760","properties":{"OBJECTID":43760,"UN_VOL_POR":"01","UN_VOL_STA":"","UN_VOL_QGR":27.35,"UN_VOL_QCO":0.0,"UN_VOL_AV":10.02,"UN_VOL_INH":0.0,"Shape_Leng":26.371372285,"Shape_Area":20.8546539407},"geometry":{"type":"Polygon","coordinates":[[[11.871710711692446,45.40716589760009,17.0],[11.871721545739822,45.407147712632195,17.0],[11.871724727317055,45.407142411792734,17.0],[11.871624501904526,45.407149164875676,17.0],[11.871606954614013,45.40719119212921,17.0],[11.871629666844564,45.407193051009784,17.0],[11.87163927437988,45.40716328516896,17.0],[11.871710711692446,45.40716589760009,17.0]]]}},{"type":"Feature","id":"UN_VOL:43762","properties":{"OBJECTID":43762,"UN_VOL_POR":"01","UN_VOL_STA":"","UN_VOL_QGR":36.5,"UN_VOL_QCO":0.0,"UN_VOL_AV":19.8,"UN_VOL_INH":0.0,"Shape_Leng":121.170531006,"Shape_Area":485.280812994},"geometry":{"type":"Polygon","coordinates":[[[11.878090030484378,45.406916321966285,15.0],[11.878111228691676,45.40691101672945,15.0],[11.878072024662716,45.40683360447606,15.0],[11.87803439074944,45.406842384694805,15.0],[11.878020462182919,45.40684489636488,15.0],[11.87802201680017,45.4068478275271,15.0],[11.877911052634168,45.406877090380654,16.0],[11.877897188237432,45.406845665637604,16.0],[11.877733932201247,45.40688947865043,16.0],[11.877736449043343,45.406893735860535,16.0],[11.877484228720393,45.40695968478589,17.0],[11.877519082735901,45.40702694550655,16.0],[11.87752885730241,45.40704578151604,16.0],[11.87799385000483,45.40692972940359,15.0],[11.877999444126502,45.406939219801174,15.0],[11.878090030484378,45.406916321966285,15.0]]]}},{"type":"Feature","id":"UN_VOL:43764","properties":{"OBJECTID":43764,"UN_VOL_POR":"01","UN_VOL_STA":"","UN_VOL_QGR":26.53,"UN_VOL_QCO":0.0,"UN_VOL_AV":9.55,"UN_VOL_INH":0.0,"Shape_Leng":19.8774612717,"Shape_Area":20.040612914},"geometry":{"type":"Polygon","coordinates":[[[11.873257266340428,45.40714487608233,17.0],[11.873295735718301,45.4071374263254,17.0],[11.873288578516334,45.40711222310588,17.0],[11.87320444335055,45.407128833831784,17.0],[11.873206673155751,45.407155151259076,17.0],[11.873257266340428,45.40714487608233,17.0]]]}},{"type":"Feature","id":"UN_VOL:43771","properties":{"OBJECTID":43771,"UN_VOL_POR":"01","UN_VOL_STA":"","UN_VOL_QGR":27.91,"UN_VOL_QCO":0.0,"UN_VOL_AV":10.59,"UN_VOL_INH":0.0,"Shape_Leng":17.7750625294,"Shape_Area":18.525268845},"geometry":{"type":"Polygon","coordinates":[[[11.871710711692446,45.40716589760009,17.0],[11.87163927437988,45.40716328516896,17.0],[11.871629666844564,45.407193051009784,17.0],[11.871691400428633,45.40719833815314,17.0],[11.871710711692446,45.40716589760009,17.0]]]}},{"type":"Feature","id":"UN_VOL:43783","properties":{"OBJECTID":43783,"UN_VOL_POR":"01","UN_VOL_STA":"","UN_VOL_QGR":28.73,"UN_VOL_QCO":0.0,"UN_VOL_AV":11.74,"UN_VOL_INH":0.0,"Shape_Leng":66.8477775973,"Shape_Area":250.519406884},"geometry":{"type":"Polygon","coordinates":[[[11.871965823508988,45.40701824702575,17.0],[11.871929045082025,45.4070162023672,17.0],[11.871934906607624,45.407000752724294,17.0],[11.871877453106032,45.40699166723606,17.0],[11.871775287761867,45.40707858052377,17.0],[11.871724727317055,45.407142411792734,17.0],[11.871721545739822,45.407147712632195,17.0],[11.871910534506158,45.40719795352854,17.0],[11.871953650214868,45.407062929739496,17.0],[11.871965823508988,45.40701824702575,17.0]]]}},{"type":"Feature","id":"UN_VOL:43785","properties":{"OBJECTID":43785,"UN_VOL_POR":"01","UN_VOL_STA":"","UN_VOL_QGR":30.75,"UN_VOL_QCO":0.0,"UN_VOL_AV":13.83,"UN_VOL_INH":0.0,"Shape_Leng":21.4554187905,"Shape_Area":25.8374253818},"geometry":{"type":"Polygon","coordinates":[[[11.874316571594404,45.40712890745267,17.0],[11.874297497141875,45.40706781933294,17.0],[11.87425103816762,45.40707646081376,17.0],[11.874273253180785,45.4071390002347,17.0],[11.874316571594404,45.40712890745267,17.0]]]}},{"type":"Feature","id":"UN_VOL:43786","properties":{"OBJECTID":43786,"UN_VOL_POR":"01","UN_VOL_STA":"","UN_VOL_QGR":29.11,"UN_VOL_QCO":0.0,"UN_VOL_AV":12.17,"UN_VOL_INH":0.0,"Shape_Leng":48.391354415,"Shape_Area":110.931662063},"geometry":{"type":"Polygon","coordinates":[[[11.873727672764417,45.40714788140569,17.0],[11.873719330628353,45.40712954888455,17.0],[11.873734896409731,45.40712654666163,17.0],[11.873748433116123,45.40712386529126,17.0],[11.87374079778426,45.40710686528228,17.0],[11.87376610314645,45.407101907255914,17.0],[11.873764398263774,45.407098529976125,17.0],[11.873808095296505,45.40709085833535,17.0],[11.87378380295252,45.407035212361166,17.0],[11.873689877624642,45.407050269476144,17.0],[11.873621772871783,45.40706044598057,17.0],[11.873658377924638,45.40714467599992,17.0],[11.87367271718553,45.4071426948005,17.0],[11.873698597140386,45.40713898258324,17.0],[11.873707121507412,45.407153349626675,17.0],[11.873727672764417,45.40714788140569,17.0]]]}},{"type":"Feature","id":"UN_VOL:43810","properties":{"OBJECTID":43810,"UN_VOL_POR":"01","UN_VOL_STA":"","UN_VOL_QGR":28.71,"UN_VOL_QCO":0.0,"UN_VOL_AV":11.79,"UN_VOL_INH":0.0,"Shape_Leng":37.5788403392,"Shape_Area":62.6079056607},"geometry":{"type":"Polygon","coordinates":[[[11.874199232987046,45.40715598683115,17.0],[11.874247482779472,45.40714486977646,17.0],[11.874273253180785,45.4071390002347,17.0],[11.87425103816762,45.40707646081376,17.0],[11.874172865775467,45.40709220206598,17.0],[11.874165945792418,45.40707923422288,17.0],[11.874117481001715,45.40708612601855,17.0],[11.874133973955349,45.40712153555588,17.0],[11.8741772424169,45.40711549502149,17.0],[11.874197587503208,45.40715629842103,17.0],[11.874199232987046,45.40715598683115,17.0]]]}},{"type":"Feature","id":"UN_VOL:43816","properties":{"OBJECTID":43816,"UN_VOL_POR":"01","UN_VOL_STA":"","UN_VOL_QGR":28.3,"UN_VOL_QCO":0.0,"UN_VOL_AV":12.56,"UN_VOL_INH":0.0,"Shape_Leng":45.8405598634,"Shape_Area":101.99464222},"geometry":{"type":"Polygon","coordinates":[[[11.870512170370821,45.4074677141269,16.0],[11.870505000848867,45.40743468009093,16.0],[11.870486016895248,45.40735261595168,16.0],[11.870437469971563,45.40735284712423,16.0],[11.87043735590183,45.40733295744848,16.0],[11.870397017786155,45.40733127159655,16.0],[11.870398553371999,45.40735148569917,16.0],[11.870412938096047,45.40745625872347,16.0],[11.870424114139908,45.407457417930296,16.0],[11.87042647052093,45.4074761710248,16.0],[11.870512170370821,45.4074677141269,16.0]]]}},{"type":"Feature","id":"UN_VOL:43840","properties":{"OBJECTID":43840,"UN_VOL_POR":"01","UN_VOL_STA":"","UN_VOL_QGR":29.66,"UN_VOL_QCO":0.0,"UN_VOL_AV":13.48,"UN_VOL_INH":0.0,"Shape_Leng":67.7886069781,"Shape_Area":161.293425936},"geometry":{"type":"Polygon","coordinates":[[[11.870781376060824,45.407471923078965,16.0],[11.870739195901201,45.407244892279124,16.0],[11.870669376356158,45.40725655013108,16.0],[11.870686642048495,45.40734000778269,16.0],[11.870701382464068,45.407411466982204,16.0],[11.870660857220841,45.40741617691516,16.0],[11.870677407333673,45.40748552029062,16.0],[11.870781376060824,45.407471923078965,16.0]]]}},{"type":"Feature","id":"UN_VOL:43843","properties":{"OBJECTID":43843,"UN_VOL_POR":"01","UN_VOL_STA":"","UN_VOL_QGR":26.83,"UN_VOL_QCO":0.0,"UN_VOL_AV":10.06,"UN_VOL_INH":0.0,"Shape_Leng":38.3856480898,"Shape_Area":58.8911928091},"geometry":{"type":"Polygon","coordinates":[[[11.872678535253598,45.407402031706624,17.0],[11.872524113865547,45.407383326223716,17.0],[11.872486569686584,45.40737878088237,17.0],[11.872481456844387,45.4074114940625,17.0],[11.872674630369126,45.407438405232234,17.0],[11.872678535253598,45.407402031706624,17.0]]]}},{"type":"Feature","id":"UN_VOL:43847","properties":{"OBJECTID":43847,"UN_VOL_POR":"01","UN_VOL_STA":"","UN_VOL_QGR":24.41,"UN_VOL_QCO":0.0,"UN_VOL_AV":8.23,"UN_VOL_INH":0.0,"Shape_Leng":31.5711126563,"Shape_Area":61.1470891282},"geometry":{"type":"Polygon","coordinates":[[[11.870505000848867,45.40743468009093,16.0],[11.870512170370821,45.4074677141269,16.0],[11.8705132871473,45.4074846986385,16.0],[11.870514093930536,45.40749809024642,16.0],[11.870625569209253,45.40748889476792,16.0],[11.870608280970727,45.40742263037654,16.0],[11.870505000848867,45.40743468009093,16.0]]]}},{"type":"Feature","id":"UN_VOL:43849","properties":{"OBJECTID":43849,"UN_VOL_POR":"01","UN_VOL_STA":"","UN_VOL_QGR":29.32,"UN_VOL_QCO":0.0,"UN_VOL_AV":12.38,"UN_VOL_INH":0.0,"Shape_Leng":22.5355770966,"Shape_Area":26.2986283114},"geometry":{"type":"Polygon","coordinates":[[[11.873916816035136,45.40715580946085,17.0],[11.87389663077382,45.40711563231319,17.0],[11.873882321795744,45.4070879986864,17.0],[11.873844541088172,45.407096421421016,17.0],[11.873874335895023,45.40716480041571,17.0],[11.873916816035136,45.40715580946085,17.0]]]}},{"type":"Feature","id":"UN_VOL:43858","properties":{"OBJECTID":43858,"UN_VOL_POR":"01","UN_VOL_STA":"","UN_VOL_QGR":30.63,"UN_VOL_QCO":0.0,"UN_VOL_AV":13.85,"UN_VOL_INH":0.0,"Shape_Leng":37.6705939402,"Shape_Area":83.839801971},"geometry":{"type":"Polygon","coordinates":[[[11.871429420562992,45.40718035790039,17.0],[11.871449032997893,45.4071336878759,17.0],[11.871350466353018,45.40711771575677,17.0],[11.871325571736797,45.40718369124989,17.0],[11.871331383162389,45.407184895319475,17.0],[11.871318434316912,45.407211774842125,17.0],[11.871409689520526,45.40722973114044,17.0],[11.871429420562992,45.40718035790039,17.0]]]}},{"type":"Feature","id":"UN_VOL:43859","properties":{"OBJECTID":43859,"UN_VOL_POR":"01","UN_VOL_STA":"","UN_VOL_QGR":33.08,"UN_VOL_QCO":0.0,"UN_VOL_AV":16.14,"UN_VOL_INH":0.0,"Shape_Leng":39.5199535146,"Shape_Area":95.4361475001},"geometry":{"type":"Polygon","coordinates":[[[11.87441583209372,45.40714593969826,17.0],[11.87440119355916,45.407033792850626,17.0],[11.874293658425684,45.4070551344552,17.0],[11.874297497141875,45.40706781933294,17.0],[11.874316571594404,45.40712890745267,17.0],[11.874322238486613,45.40714739736879,17.0],[11.87434122746322,45.40715646046928,17.0],[11.87441583209372,45.40714593969826,17.0]]]}},{"type":"Feature","id":"UN_VOL:43861","properties":{"OBJECTID":43861,"UN_VOL_POR":"01","UN_VOL_STA":"","UN_VOL_QGR":25.64,"UN_VOL_QCO":0.0,"UN_VOL_AV":8.69,"UN_VOL_INH":0.0,"Shape_Leng":23.1840360515,"Shape_Area":28.3626660751},"geometry":{"type":"Polygon","coordinates":[[[11.873354056733312,45.40717619339047,17.0],[11.873330962424307,45.40710386473044,17.0],[11.873288578516334,45.40711222310588,17.0],[11.873295735718301,45.4071374263254,17.0],[11.873310291126856,45.40718251627175,17.0],[11.873354056733312,45.40717619339047,17.0]]]}},{"type":"Feature","id":"UN_VOL:43867","properties":{"OBJECTID":43867,"UN_VOL_POR":"01","UN_VOL_STA":"","UN_VOL_QGR":29.78,"UN_VOL_QCO":0.0,"UN_VOL_AV":13.22,"UN_VOL_INH":0.0,"Shape_Leng":57.4792957014,"Shape_Area":190.097814433},"geometry":{"type":"Polygon","coordinates":[[[11.872424180191311,45.40709861184797,17.0],[11.872407382435991,45.40719066766384,17.0],[11.872639388806821,45.40720219927458,17.0],[11.872659846517156,45.407109241249096,16.0],[11.872424180191311,45.40709861184797,17.0]]]}},{"type":"Feature","id":"UN_VOL:43868","properties":{"OBJECTID":43868,"UN_VOL_POR":"01","UN_VOL_STA":"","UN_VOL_QGR":31.11,"UN_VOL_QCO":0.0,"UN_VOL_AV":14.05,"UN_VOL_INH":0.0,"Shape_Leng":12.7452344061,"Shape_Area":10.1144471452},"geometry":{"type":"Polygon","coordinates":[[[11.873847042975463,45.40716836816729,17.0],[11.873832656446124,45.4071392064718,17.0],[11.87379589195329,45.40714751354838,17.0],[11.873807348157525,45.40717431895885,17.0],[11.873847042975463,45.40716836816729,17.0]]]}},{"type":"Feature","id":"UN_VOL:43870","properties":{"OBJECTID":43870,"UN_VOL_POR":"01","UN_VOL_STA":"","UN_VOL_QGR":28.75,"UN_VOL_QCO":0.0,"UN_VOL_AV":11.8,"UN_VOL_INH":0.0,"Shape_Leng":16.1864506819,"Shape_Area":15.9387043174},"geometry":{"type":"Polygon","coordinates":[[[11.873374418801134,45.40721231563493,17.0],[11.873356026145597,45.407182264639125,17.0],[11.873354056733312,45.40717619339047,17.0],[11.873310291126856,45.40718251627175,17.0],[11.873321993048087,45.40721921679267,17.0],[11.873374418801134,45.40721231563493,17.0]]]}},{"type":"Feature","id":"UN_VOL:43880","properties":{"OBJECTID":43880,"UN_VOL_POR":"01","UN_VOL_STA":"","UN_VOL_QGR":27.96,"UN_VOL_QCO":0.0,"UN_VOL_AV":10.73,"UN_VOL_INH":0.0,"Shape_Leng":55.0718943884,"Shape_Area":141.748587468},"geometry":{"type":"Polygon","coordinates":[[[11.871606954614013,45.40719119212921,17.0],[11.871624501904526,45.407149164875676,17.0],[11.871455842528487,45.40711929457241,17.0],[11.871449032997893,45.4071336878759,17.0],[11.871429420562992,45.40718035790039,17.0],[11.8715204893509,45.407199669113425,17.0],[11.871497964909093,45.407254423480126,16.0],[11.871528485169053,45.40726157639823,17.0],[11.871574653446837,45.407272386434755,17.0],[11.871606954614013,45.40719119212921,17.0]]]}},{"type":"Feature","id":"UN_VOL:43887","properties":{"OBJECTID":43887,"UN_VOL_POR":"01","UN_VOL_STA":"","UN_VOL_QGR":30.92,"UN_VOL_QCO":0.0,"UN_VOL_AV":13.98,"UN_VOL_INH":0.0,"Shape_Leng":27.5278560033,"Shape_Area":36.1151269393},"geometry":{"type":"Polygon","coordinates":[[[11.873858586553261,45.40721452402654,17.0],[11.873847042975463,45.40716836816729,17.0],[11.873807348157525,45.40717431895885,17.0],[11.87379589195329,45.40714751354838,17.0],[11.873790080584183,45.40714883013375,17.0],[11.873775144582295,45.40715163640889,17.0],[11.873778449523735,45.40715884423198,17.0],[11.873765053623584,45.40716179219995,17.0],[11.87377170456793,45.407177016843775,17.0],[11.873776472746902,45.40718787817304,17.0],[11.873791525186906,45.407222604055896,17.0],[11.873858586553261,45.40721452402654,17.0]]]}},{"type":"Feature","id":"UN_VOL:43890","properties":{"OBJECTID":43890,"UN_VOL_POR":"01","UN_VOL_STA":"","UN_VOL_QGR":26.66,"UN_VOL_QCO":0.0,"UN_VOL_AV":10.1,"UN_VOL_INH":0.0,"Shape_Leng":91.1590926042,"Shape_Area":227.122861832},"geometry":{"type":"Polygon","coordinates":[[[11.872639388806821,45.40720219927458,17.0],[11.872407382435991,45.40719066766384,17.0],[11.872424180191311,45.40709861184797,17.0],[11.872272025440568,45.407091820897755,17.0],[11.872257433038188,45.40716185794411,17.0],[11.872347330051738,45.40716814588544,17.0],[11.872343895459412,45.40723394155962,17.0],[11.872354388077449,45.40723421770325,17.0],[11.87259498645331,45.40725138381458,17.0],[11.872609955092992,45.407254247481724,17.0],[11.872615751939977,45.407229978354984,17.0],[11.872632853392096,45.40723206794913,17.0],[11.872639388806821,45.40720219927458,17.0]]]}},{"type":"Feature","id":"UN_VOL:43897","properties":{"OBJECTID":43897,"UN_VOL_POR":"01","UN_VOL_STA":"","UN_VOL_QGR":27.18,"UN_VOL_QCO":0.0,"UN_VOL_AV":10.26,"UN_VOL_INH":0.0,"Shape_Leng":31.3609510667,"Shape_Area":45.3667906927},"geometry":{"type":"Polygon","coordinates":[[[11.874355096807506,45.40721317892359,17.0],[11.87434122746322,45.40715646046928,17.0],[11.874322238486613,45.40714739736879,17.0],[11.874316571594404,45.40712890745267,17.0],[11.874273253180785,45.4071390002347,17.0],[11.874247482779472,45.40714486977646,17.0],[11.874258870399977,45.40717536722856,17.0],[11.874289782529075,45.40717008814545,17.0],[11.874305237101565,45.407217765501564,17.0],[11.874355096807506,45.40721317892359,17.0]]]}},{"type":"Feature","id":"UN_VOL:43905","properties":{"OBJECTID":43905,"UN_VOL_POR":"01","UN_VOL_STA":"","UN_VOL_QGR":25.65,"UN_VOL_QCO":0.0,"UN_VOL_AV":9.61,"UN_VOL_INH":0.0,"Shape_Leng":58.1898480078,"Shape_Area":128.185030237},"geometry":{"type":"Polygon","coordinates":[[[11.870927600441501,45.407303790877826,16.0],[11.870924163692662,45.40729145557031,16.0],[11.871061920233444,45.40730158137804,16.0],[11.871073082423429,45.40726970616995,16.0],[11.870986075095956,45.407262444046175,16.0],[11.870985026569322,45.407246808133586,16.0],[11.87098189464884,45.40720269072289,16.0],[11.87085413921051,45.4072184170116,16.0],[11.870866345529656,45.407265096389956,16.0],[11.870835337284445,45.40726848714933,16.0],[11.870848008793496,45.407309214075426,16.0],[11.870927600441501,45.407303790877826,16.0]]]}},{"type":"Feature","id":"UN_VOL:43914","properties":{"OBJECTID":43914,"UN_VOL_POR":"01","UN_VOL_STA":"","UN_VOL_QGR":30.52,"UN_VOL_QCO":0.0,"UN_VOL_AV":13.6,"UN_VOL_INH":0.0,"Shape_Leng":21.2086988631,"Shape_Area":20.5165731637},"geometry":{"type":"Polygon","coordinates":[[[11.87409975600098,45.40725300587125,17.0],[11.874073507482901,45.407191558141385,17.0],[11.874049574103728,45.407198371880824,17.0],[11.874060195286603,45.407221327455844,17.0],[11.874041253044295,45.40722576547303,17.0],[11.874059400152193,45.40726356344892,17.0],[11.87409975600098,45.40725300587125,17.0]]]}},{"type":"Feature","id":"UN_VOL:43921","properties":{"OBJECTID":43921,"UN_VOL_POR":"01","UN_VOL_STA":"","UN_VOL_QGR":34.91,"UN_VOL_QCO":0.0,"UN_VOL_AV":19.67,"UN_VOL_INH":0.0,"Shape_Leng":33.7173718237,"Shape_Area":71.5542808369},"geometry":{"type":"Polygon","coordinates":[[[11.877847932595595,45.4071537605576,15.0],[11.877847503890772,45.4071528712922,15.0],[11.877837100000791,45.40712919060503,15.0],[11.877816728949034,45.40708289760481,15.0],[11.877811299891397,45.40707664355051,15.0],[11.87771477931989,45.40710599176547,16.0],[11.87772887109689,45.40713183023244,16.0],[11.877754488105854,45.40717826069021,16.0],[11.877847932595595,45.4071537605576,15.0]]]}},{"type":"Feature","id":"UN_VOL:43922","properties":{"OBJECTID":43922,"UN_VOL_POR":"01","UN_VOL_STA":"","UN_VOL_QGR":39.97,"UN_VOL_QCO":0.0,"UN_VOL_AV":22.54,"UN_VOL_INH":0.0,"Shape_Leng":72.3721059207,"Shape_Area":153.913619416},"geometry":{"type":"Polygon","coordinates":[[[11.877361862209497,45.40716187853393,17.0],[11.877340442815964,45.40711003132288,17.0],[11.877410889032422,45.407095653345245,17.0],[11.877406745058149,45.40708702642728,17.0],[11.877535216833872,45.40705525263334,16.0],[11.87752885730241,45.40704578151604,16.0],[11.877519082735901,45.40702694550655,16.0],[11.877208334595437,45.40710796220599,17.0],[11.8772426245669,45.40719179921657,17.0],[11.877361862209497,45.40716187853393,17.0]]]}},{"type":"Feature","id":"UN_VOL:43928","properties":{"OBJECTID":43928,"UN_VOL_POR":"01","UN_VOL_STA":"","UN_VOL_QGR":36.87,"UN_VOL_QCO":0.0,"UN_VOL_AV":21.64,"UN_VOL_INH":0.0,"Shape_Leng":39.2089833308,"Shape_Area":48.9463358559},"geometry":{"type":"Polygon","coordinates":[[[11.87772887109689,45.40713183023244,16.0],[11.87771477931989,45.40710599176547,16.0],[11.877517517781838,45.40716461429028,16.0],[11.877532607186804,45.40718745685755,16.0],[11.87772887109689,45.40713183023244,16.0]]]}},{"type":"Feature","id":"UN_VOL:43929","properties":{"OBJECTID":43929,"UN_VOL_POR":"01","UN_VOL_STA":"","UN_VOL_QGR":25.26,"UN_VOL_QCO":0.0,"UN_VOL_AV":9.22,"UN_VOL_INH":0.0,"Shape_Leng":22.6066550157,"Shape_Area":31.4896483588},"geometry":{"type":"Polygon","coordinates":[[[11.87093945181337,45.40734597878804,16.0],[11.870927600441501,45.407303790877826,16.0],[11.870848008793496,45.407309214075426,16.0],[11.87086060270854,45.40735597374855,16.0],[11.87093945181337,45.40734597878804,16.0]]]}},{"type":"Feature","id":"UN_VOL:43945","properties":{"OBJECTID":43945,"UN_VOL_POR":"01","UN_VOL_STA":"","UN_VOL_QGR":32.03,"UN_VOL_QCO":0.0,"UN_VOL_AV":15.08,"UN_VOL_INH":0.0,"Shape_Leng":21.6868901194,"Shape_Area":21.3153315158},"geometry":{"type":"Polygon","coordinates":[[[11.873777202401554,45.40727274156962,17.0],[11.87377055510233,45.40724752553837,17.0],[11.87375583335589,45.407249516383345,17.0],[11.873751443170868,45.40724107601703,17.0],[11.87370164349593,45.407254391849754,17.0],[11.873707515528682,45.40727692717612,17.0],[11.87371185093679,45.40729941115608,17.0],[11.873732398310365,45.40729637312619,17.0],[11.873729211562976,45.40727890088859,17.0],[11.873777202401554,45.40727274156962,17.0]]]}},{"type":"Feature","id":"UN_VOL:43947","properties":{"OBJECTID":43947,"UN_VOL_POR":"01","UN_VOL_STA":"","UN_VOL_QGR":31.0,"UN_VOL_QCO":0.0,"UN_VOL_AV":14.08,"UN_VOL_INH":0.0,"Shape_Leng":18.6592229705,"Shape_Area":20.5210646186},"geometry":{"type":"Polygon","coordinates":[[[11.874011024957259,45.407234447867694,17.0],[11.874001179936524,45.40723685618908,17.0],[11.873965632250856,45.40724396245274,17.0],[11.873980132766388,45.40727033097875,17.0],[11.873996078004422,45.40729243247294,17.0],[11.87403503468225,45.40728451995844,17.0],[11.874011024957259,45.407234447867694,17.0]]]}},{"type":"Feature","id":"UN_VOL:43977","properties":{"OBJECTID":43977,"UN_VOL_POR":"01","UN_VOL_STA":"","UN_VOL_QGR":31.45,"UN_VOL_QCO":0.0,"UN_VOL_AV":14.77,"UN_VOL_INH":0.0,"Shape_Leng":45.388529327,"Shape_Area":81.3282924367},"geometry":{"type":"Polygon","coordinates":[[[11.872761967832963,45.40736149596707,16.0],[11.872582218254399,45.407354859908835,17.0],[11.872578366928161,45.40735450663447,17.0],[11.872531907247906,45.4073505455584,17.0],[11.872524113865547,45.407383326223716,17.0],[11.872678535253598,45.407402031706624,17.0],[11.87275666843996,45.40740816565208,16.0],[11.872761967832963,45.40736149596707,16.0]]]}},{"type":"Feature","id":"UN_VOL:44001","properties":{"OBJECTID":44001,"UN_VOL_POR":"01","UN_VOL_STA":"","UN_VOL_QGR":35.38,"UN_VOL_QCO":0.0,"UN_VOL_AV":18.93,"UN_VOL_INH":0.0,"Shape_Leng":110.943102674,"Shape_Area":451.656573055},"geometry":{"type":"Polygon","coordinates":[[[11.87399474461427,45.40740462148456,17.0],[11.873995250185786,45.4074045187034,17.0],[11.874109057124334,45.40737329824507,17.0],[11.874168610906805,45.4073507353619,17.0],[11.874241209359212,45.40733594455335,17.0],[11.874362779688886,45.407331801933296,17.0],[11.87435399533819,45.40724435116782,17.0],[11.874355096807506,45.40721317892359,17.0],[11.874305237101565,45.407217765501564,17.0],[11.874212131562752,45.40722632175497,17.0],[11.87420894978652,45.40722154132587,17.0],[11.874178903952341,45.40722625867436,17.0],[11.874174104276982,45.40722736970145,17.0],[11.874134696832922,45.40723646344677,17.0],[11.874134309574917,45.40724394435685,17.0],[11.87409975600098,45.40725300587125,17.0],[11.874059400152193,45.40726356344892,17.0],[11.874041253044295,45.40722576547303,17.0],[11.874011024957259,45.407234447867694,17.0],[11.87403503468225,45.40728451995844,17.0],[11.873996078004422,45.40729243247294,17.0],[11.873980132766388,45.40727033097875,17.0],[11.873931846376946,45.4072832486083,17.0],[11.87394258637042,45.407313582309975,17.0],[11.87391902672495,45.407317686374014,17.0],[11.873922978632923,45.40732505799095,17.0],[11.873934229958047,45.407357898954906,17.0],[11.873959315472858,45.407414065197194,17.0],[11.87399474461427,45.40740462148456,17.0]]]}},{"type":"Feature","id":"UN_VOL:44002","properties":{"OBJECTID":44002,"UN_VOL_POR":"01","UN_VOL_STA":"","UN_VOL_QGR":31.02,"UN_VOL_QCO":0.0,"UN_VOL_AV":14.57,"UN_VOL_INH":0.0,"Shape_Leng":87.6317256811,"Shape_Area":182.092362394},"geometry":{"type":"Polygon","coordinates":[[[11.873286163937667,45.40734415635744,17.0],[11.87328355568804,45.407320458649885,17.0],[11.87318289293426,45.407323623414165,17.0],[11.873182868940699,45.40729797042718,17.0],[11.873138187147234,45.4072988257971,17.0],[11.873136871802926,45.40735349627257,17.0],[11.87297261996477,45.40735511196157,17.0],[11.872918443487672,45.40735521579765,17.0],[11.87291761065496,45.40737909020196,17.0],[11.873179868909478,45.407379867711605,17.0],[11.873180814668958,45.40743376126579,17.0],[11.873290748828383,45.40743198309498,17.0],[11.873286163937667,45.40734415635744,17.0]]]}},{"type":"Feature","id":"UN_VOL:44004","properties":{"OBJECTID":44004,"UN_VOL_POR":"01","UN_VOL_STA":"","UN_VOL_QGR":34.92,"UN_VOL_QCO":0.0,"UN_VOL_AV":19.68,"UN_VOL_INH":0.0,"Shape_Leng":88.7326583624,"Shape_Area":324.410179639},"geometry":{"type":"Polygon","coordinates":[[[11.877914897015224,45.40728457016632,15.0],[11.877862048373451,45.40718508891825,15.0],[11.877847932595595,45.4071537605576,15.0],[11.877754488105854,45.40717826069021,16.0],[11.87772887109689,45.40713183023244,16.0],[11.877532607186804,45.40718745685755,16.0],[11.877564432338541,45.40723535124623,16.0],[11.877615821642651,45.40722064332301,16.0],[11.877646745114482,45.40727342100653,16.0],[11.877734219138281,45.407252131964704,15.0],[11.87777967511396,45.407319305305364,16.0],[11.877914897015224,45.40728457016632,15.0]]]}},{"type":"Feature","id":"UN_VOL:44006","properties":{"OBJECTID":44006,"UN_VOL_POR":"01","UN_VOL_STA":"","UN_VOL_QGR":28.24,"UN_VOL_QCO":0.0,"UN_VOL_AV":11.79,"UN_VOL_INH":0.0,"Shape_Leng":34.1432002958,"Shape_Area":71.0630733774},"geometry":{"type":"Polygon","coordinates":[[[11.873379279116056,45.407340821383,17.0],[11.873286163937667,45.40734415635744,17.0],[11.873290748828383,45.40743198309498,17.0],[11.87338140304837,45.40743051024659,17.0],[11.873379279116056,45.407340821383,17.0]]]}},{"type":"Feature","id":"UN_VOL:44016","properties":{"OBJECTID":44016,"UN_VOL_POR":"01","UN_VOL_STA":"","UN_VOL_QGR":29.76,"UN_VOL_QCO":0.0,"UN_VOL_AV":13.04,"UN_VOL_INH":0.0,"Shape_Leng":76.1303241416,"Shape_Area":312.40683279},"geometry":{"type":"Polygon","coordinates":[[[11.87731114731443,45.40733067097684,18.0],[11.877500244325727,45.40728989725545,17.0],[11.877583141950671,45.407266563787324,17.0],[11.877564432338541,45.40723535124623,16.0],[11.877532607186804,45.40718745685755,16.0],[11.877517517781838,45.40716461429028,16.0],[11.877515753768275,45.40716510862105,16.0],[11.877390728276454,45.40720183654603,17.0],[11.87720992783919,45.407247441549174,17.0],[11.877254583359765,45.40733659812575,18.0],[11.87725558213639,45.40733864323656,18.0],[11.87725695880562,45.40734058877136,18.0],[11.877262100008236,45.40734117911168,18.0],[11.87731114731443,45.40733067097684,18.0]]]}},{"type":"Feature","id":"UN_VOL:44037","properties":{"OBJECTID":44037,"UN_VOL_POR":"01","UN_VOL_STA":"","UN_VOL_QGR":31.17,"UN_VOL_QCO":0.0,"UN_VOL_AV":14.48,"UN_VOL_INH":0.0,"Shape_Leng":26.734544271,"Shape_Area":44.9462748406},"geometry":{"type":"Polygon","coordinates":[[[11.87274971068195,45.40746999949328,16.0],[11.87275666843996,45.40740816565208,16.0],[11.872678535253598,45.407402031706624,17.0],[11.872674630369126,45.407438405232234,17.0],[11.872671349522662,45.40746945223477,17.0],[11.872684750201692,45.407471634993286,17.0],[11.87274971068195,45.40746999949328,16.0]]]}},{"type":"Feature","id":"UN_VOL:44047","properties":{"OBJECTID":44047,"UN_VOL_POR":"01","UN_VOL_STA":"","UN_VOL_QGR":33.68,"UN_VOL_QCO":0.0,"UN_VOL_AV":16.2,"UN_VOL_INH":0.0,"Shape_Leng":74.7340813019,"Shape_Area":178.586293066},"geometry":{"type":"Polygon","coordinates":[[[11.876601892608267,45.40733244202227,18.0],[11.876587799022811,45.40728644077646,18.0],[11.876332364737753,45.40732942516197,18.0],[11.876323013201763,45.407293745873,18.0],[11.876237866875686,45.40730804389111,18.0],[11.876238491392304,45.407312799069295,18.0],[11.876242044998495,45.407339983144496,17.0],[11.876249001175195,45.407393905257386,17.0],[11.876601892608267,45.40733244202227,18.0]]]}},{"type":"Feature","id":"UN_VOL:44070","properties":{"OBJECTID":44070,"UN_VOL_POR":"01","UN_VOL_STA":"","UN_VOL_QGR":29.63,"UN_VOL_QCO":0.0,"UN_VOL_AV":12.45,"UN_VOL_INH":0.0,"Shape_Leng":46.7075678975,"Shape_Area":112.502616052},"geometry":{"type":"Polygon","coordinates":[[[11.874278868976702,45.40750133921733,17.0],[11.874245645126248,45.40742080463416,17.0],[11.874209085783535,45.407430637081674,17.0],[11.874149741989543,45.407447253946806,17.0],[11.874052530946013,45.40748066699727,17.0],[11.874064525149445,45.40751555953225,17.0],[11.874278868976702,45.40750133921733,17.0]]]}},{"type":"Feature","id":"UN_VOL:44086","properties":{"OBJECTID":44086,"UN_VOL_POR":"01","UN_VOL_STA":"","UN_VOL_QGR":26.98,"UN_VOL_QCO":0.0,"UN_VOL_AV":9.44,"UN_VOL_INH":0.0,"Shape_Leng":60.5259193001,"Shape_Area":160.77915472},"geometry":{"type":"Polygon","coordinates":[[[11.876739463404233,45.40751745990899,18.0],[11.876756223051188,45.40751280672113,18.0],[11.876752995141487,45.40750460691775,18.0],[11.876807955189149,45.40750232115911,18.0],[11.876854488299838,45.407507718998986,18.0],[11.876855777706487,45.40750291556825,18.0],[11.876858455121374,45.40748016484639,18.0],[11.876911986861598,45.40745982266113,18.0],[11.87691112137746,45.407425189721636,18.0],[11.876900685041138,45.40739835890977,18.0],[11.876666056293724,45.407468543346255,18.0],[11.876631220287338,45.407477072857624,18.0],[11.876653391313413,45.40752611096873,18.0],[11.876739463404233,45.40751745990899,18.0]]]}},{"type":"Feature","id":"UN_VOL:44090","properties":{"OBJECTID":44090,"UN_VOL_POR":"01","UN_VOL_STA":"","UN_VOL_QGR":31.15,"UN_VOL_QCO":0.0,"UN_VOL_AV":14.43,"UN_VOL_INH":0.0,"Shape_Leng":109.917159983,"Shape_Area":291.357734585},"geometry":{"type":"Polygon","coordinates":[[[11.878043889203818,45.40746917291448,15.0],[11.878029612465063,45.40742713696735,15.0],[11.877954406997864,45.40743839524341,15.0],[11.877918412499746,45.40733110819485,15.0],[11.878030101892524,45.407301017011726,14.0],[11.878008774348684,45.4072610494995,14.0],[11.877914897015224,45.40728457016632,15.0],[11.87777967511396,45.407319305305364,16.0],[11.877680095652138,45.40734882029609,16.0],[11.877702224522537,45.40738444736245,16.0],[11.877828140139625,45.407355167801256,16.0],[11.877858222143425,45.40745675369008,15.0],[11.87786634528866,45.40749840458408,15.0],[11.878042494507403,45.407469388187316,15.0],[11.878043889203818,45.40746917291448,15.0]]]}},{"type":"Feature","id":"UN_VOL:44101","properties":{"OBJECTID":44101,"UN_VOL_POR":"01","UN_VOL_STA":"","UN_VOL_QGR":28.94,"UN_VOL_QCO":0.0,"UN_VOL_AV":12.23,"UN_VOL_INH":0.0,"Shape_Leng":19.843211114,"Shape_Area":24.404751511},"geometry":{"type":"Polygon","coordinates":[[[11.87786634528866,45.40749840458408,15.0],[11.877858222143425,45.40745675369008,15.0],[11.877791863770497,45.40746859874868,16.0],[11.877801864297084,45.40750948231253,16.0],[11.87786634528866,45.40749840458408,15.0]]]}},{"type":"Feature","id":"UN_VOL:44108","properties":{"OBJECTID":44108,"UN_VOL_POR":"01","UN_VOL_STA":"","UN_VOL_QGR":31.68,"UN_VOL_QCO":0.0,"UN_VOL_AV":15.43,"UN_VOL_INH":0.0,"Shape_Leng":118.444711131,"Shape_Area":596.80361182},"geometry":{"type":"Polygon","coordinates":[[[11.87172181254711,45.40752332812986,17.0],[11.871746251963737,45.40747104605476,17.0],[11.871771825591194,45.40741594475662,17.0],[11.871667506207814,45.40739489693534,17.0],[11.871660518874654,45.4074083046009,17.0],[11.871612938074882,45.407397350444775,17.0],[11.871606516131427,45.40740930351888,17.0],[11.87159387642405,45.407407011435346,17.0],[11.871540499598682,45.40751861997854,16.0],[11.871421530651766,45.40749344021935,17.0],[11.87138277815059,45.407485234173286,17.0],[11.871379241395514,45.4074936043626,17.0],[11.871359878818923,45.4074897709354,17.0],[11.871345006215876,45.407524079979495,17.0],[11.871323816288685,45.40751948249977,17.0],[11.871288756508202,45.407591654532744,17.0],[11.871339378232872,45.407602082455725,17.0],[11.8716548624305,45.40766714320777,17.0],[11.87172181254711,45.40752332812986,17.0]]]}},{"type":"Feature","id":"UN_VOL:44121","properties":{"OBJECTID":44121,"UN_VOL_POR":"01","UN_VOL_STA":"","UN_VOL_QGR":33.98,"UN_VOL_QCO":0.0,"UN_VOL_AV":16.89,"UN_VOL_INH":0.0,"Shape_Leng":21.9904450074,"Shape_Area":28.3629266188},"geometry":{"type":"Polygon","coordinates":[[[11.874623001121089,45.40753911642238,17.0],[11.87461426309536,45.40760108527425,17.0],[11.874670837043084,45.40760037994927,17.0],[11.874672742793187,45.40753975344415,17.0],[11.874623001121089,45.40753911642238,17.0]]]}},{"type":"Feature","id":"UN_VOL:44128","properties":{"OBJECTID":44128,"UN_VOL_POR":"01","UN_VOL_STA":"","UN_VOL_QGR":31.92,"UN_VOL_QCO":0.0,"UN_VOL_AV":14.43,"UN_VOL_INH":0.0,"Shape_Leng":41.800783811,"Shape_Area":77.7721857456},"geometry":{"type":"Polygon","coordinates":[[[11.87660515463254,45.407534977931114,18.0],[11.876649070371103,45.40752657970297,18.0],[11.876653391313413,45.40752611096873,18.0],[11.876631220287338,45.407477072857624,18.0],[11.876629830153714,45.40747737804492,18.0],[11.876593608551268,45.407486302274634,18.0],[11.876482177242865,45.40750891438775,17.0],[11.876446739134046,45.40751565847559,17.0],[11.876460417473906,45.40755851973741,17.0],[11.876605459788575,45.40753091969146,18.0],[11.87660515463254,45.407534977931114,18.0]]]}},{"type":"Feature","id":"UN_VOL:44129","properties":{"OBJECTID":44129,"UN_VOL_POR":"01","UN_VOL_STA":"","UN_VOL_QGR":33.66,"UN_VOL_QCO":0.0,"UN_VOL_AV":16.96,"UN_VOL_INH":0.0,"Shape_Leng":45.2126016888,"Shape_Area":122.80303598},"geometry":{"type":"Polygon","coordinates":[[[11.872611122439213,45.40753415720255,17.0],[11.872493808031845,45.40753657074874,17.0],[11.87251225851629,45.40765843307039,17.0],[11.872627786275636,45.4076535443453,17.0],[11.872611122439213,45.40753415720255,17.0]]]}},{"type":"Feature","id":"UN_VOL:44142","properties":{"OBJECTID":44142,"UN_VOL_POR":"01","UN_VOL_STA":"","UN_VOL_QGR":25.71,"UN_VOL_QCO":0.0,"UN_VOL_AV":9.95,"UN_VOL_INH":0.0,"Shape_Leng":36.2944863826,"Shape_Area":68.0827823163},"geometry":{"type":"Polygon","coordinates":[[[11.870837599292534,45.40768860884315,15.0],[11.87082520136278,45.40764319455057,15.0],[11.870664431147606,45.40766560198323,16.0],[11.870677357277186,45.40771388333209,16.0],[11.870837599292534,45.40768860884315,15.0]]]}},{"type":"Feature","id":"UN_VOL:44148","properties":{"OBJECTID":44148,"UN_VOL_POR":"01","UN_VOL_STA":"","UN_VOL_QGR":31.38,"UN_VOL_QCO":0.0,"UN_VOL_AV":14.21,"UN_VOL_INH":0.0,"Shape_Leng":61.2142796536,"Shape_Area":221.002024446},"geometry":{"type":"Polygon","coordinates":[[[11.874293922291267,45.407611585422195,17.0],[11.874301807311305,45.40761084690193,17.0],[11.874285129175993,45.40753151559386,17.0],[11.874278868976702,45.40750133921733,17.0],[11.874064525149445,45.40751555953225,17.0],[11.874075480252136,45.40763320005556,17.0],[11.874196189823447,45.40762466895111,17.0],[11.874195269058747,45.407619111193036,17.0],[11.874247594220135,45.40761275244853,17.0],[11.874247904451265,45.407616345335924,17.0],[11.874293922291267,45.407611585422195,17.0]]]}},{"type":"Feature","id":"UN_VOL:44171","properties":{"OBJECTID":44171,"UN_VOL_POR":"01","UN_VOL_STA":"","UN_VOL_QGR":30.1,"UN_VOL_QCO":0.0,"UN_VOL_AV":13.87,"UN_VOL_INH":0.0,"Shape_Leng":37.4098514788,"Shape_Area":44.8328803992},"geometry":{"type":"Polygon","coordinates":[[[11.871969523681154,45.4075673204487,16.0],[11.871934786560626,45.407562704271164,16.0],[11.871903690714921,45.40770543655419,16.0],[11.871940573920725,45.407707028739296,16.0],[11.871969523681154,45.4075673204487,16.0]]]}},{"type":"Feature","id":"UN_VOL:44181","properties":{"OBJECTID":44181,"UN_VOL_POR":"01","UN_VOL_STA":"","UN_VOL_QGR":23.9,"UN_VOL_QCO":0.0,"UN_VOL_AV":9.05,"UN_VOL_INH":0.0,"Shape_Leng":17.2813866136,"Shape_Area":15.4076869345},"geometry":{"type":"Polygon","coordinates":[[[11.870673314533205,45.40773747828971,15.0],[11.870667708107764,45.40771511621947,16.0],[11.87061342680445,45.40772071250206,16.0],[11.870590795824786,45.40772299196806,16.0],[11.870595509059562,45.40774537651315,16.0],[11.870673314533205,45.40773747828971,15.0]]]}},{"type":"Feature","id":"UN_VOL:44197","properties":{"OBJECTID":44197,"UN_VOL_POR":"01","UN_VOL_STA":"","UN_VOL_QGR":30.96,"UN_VOL_QCO":0.0,"UN_VOL_AV":14.32,"UN_VOL_INH":0.0,"Shape_Leng":37.303949808,"Shape_Area":54.9837491913},"geometry":{"type":"Polygon","coordinates":[[[11.874354387313282,45.40765731888465,17.0],[11.874333616719506,45.4075275939186,17.0],[11.874285129175993,45.40753151559386,17.0],[11.874301807311305,45.40761084690193,17.0],[11.874293922291267,45.407611585422195,17.0],[11.874305903674045,45.407661330517136,17.0],[11.874354387313282,45.40765731888465,17.0]]]}},{"type":"Feature","id":"UN_VOL:44220","properties":{"OBJECTID":44220,"UN_VOL_POR":"01","UN_VOL_STA":"","UN_VOL_QGR":29.37,"UN_VOL_QCO":0.0,"UN_VOL_AV":12.66,"UN_VOL_INH":0.0,"Shape_Leng":98.3294980769,"Shape_Area":440.91436052},"geometry":{"type":"Polygon","coordinates":[[[11.877719971331238,45.40758778814029,15.0],[11.877723275992796,45.407587434653834,15.0],[11.87780683194335,45.40757704648049,16.0],[11.877814703720528,45.407576037520975,16.0],[11.877801864297084,45.40750948231253,16.0],[11.877791863770497,45.40746859874868,16.0],[11.877858222143425,45.40745675369008,15.0],[11.877828140139625,45.407355167801256,16.0],[11.877702224522537,45.40738444736245,16.0],[11.877680095652138,45.40734882029609,16.0],[11.877676189744765,45.40734990892949,16.0],[11.877675491984954,45.40734875630875,16.0],[11.877643103742667,45.40735263356885,17.0],[11.877552641405725,45.407393080417336,17.0],[11.87759709542492,45.40750087460893,17.0],[11.87757955641623,45.4075027572945,17.0],[11.877564305238051,45.40750440179631,17.0],[11.877568818326377,45.40751022911808,17.0],[11.877586249402016,45.40755650586842,16.0],[11.877644978032533,45.40754791377424,16.0],[11.877654028918164,45.40757261911532,15.0],[11.877705018805456,45.407567642381174,15.0],[11.877712860993533,45.40758868745264,15.0],[11.877719971331238,45.40758778814029,15.0]]]}},{"type":"Feature","id":"UN_VOL:44222","properties":{"OBJECTID":44222,"UN_VOL_POR":"01","UN_VOL_STA":"","UN_VOL_QGR":30.73,"UN_VOL_QCO":0.0,"UN_VOL_AV":13.64,"UN_VOL_INH":0.0,"Shape_Leng":90.380051077,"Shape_Area":224.767971129},"geometry":{"type":"Polygon","coordinates":[[[11.874715519145797,45.4074032067608,17.0],[11.874569462609339,45.40740580629987,17.0],[11.874563956945597,45.407481105620256,17.0],[11.874623179654261,45.407484744322126,17.0],[11.874617294576055,45.407539980174995,17.0],[11.874623001121089,45.40753911642238,17.0],[11.874672742793187,45.40753975344415,17.0],[11.874670837043084,45.40760037994927,17.0],[11.87461426309536,45.40760108527425,17.0],[11.874610384211405,45.407665631940745,17.0],[11.874710947807571,45.40766552844528,17.0],[11.874715519145797,45.4074032067608,17.0]]]}},{"type":"Feature","id":"UN_VOL:44233","properties":{"OBJECTID":44233,"UN_VOL_POR":"01","UN_VOL_STA":"","UN_VOL_QGR":31.85,"UN_VOL_QCO":0.0,"UN_VOL_AV":15.25,"UN_VOL_INH":0.0,"Shape_Leng":13.3290828672,"Shape_Area":10.2569797545},"geometry":{"type":"Polygon","coordinates":[[[11.877712860993533,45.40758868745264,15.0],[11.877705018805456,45.407567642381174,15.0],[11.877654028918164,45.40757261911532,15.0],[11.877661930217712,45.40759231238743,15.0],[11.877673115823725,45.4075911302051,14.0],[11.87767557756434,45.407596828774864,15.0],[11.877712860993533,45.40758868745264,15.0]]]}},{"type":"Feature","id":"UN_VOL:44238","properties":{"OBJECTID":44238,"UN_VOL_POR":"01","UN_VOL_STA":"","UN_VOL_QGR":32.26,"UN_VOL_QCO":0.0,"UN_VOL_AV":15.67,"UN_VOL_INH":0.0,"Shape_Leng":28.3297620569,"Shape_Area":28.8840970002},"geometry":{"type":"Polygon","coordinates":[[[11.877661930217712,45.40759231238743,15.0],[11.877654028918164,45.40757261911532,15.0],[11.877644978032533,45.40754791377424,16.0],[11.877586249402016,45.40755650586842,16.0],[11.877598063028513,45.40758780227259,16.0],[11.877541334618225,45.40759301333684,17.0],[11.877546764765194,45.407604308047326,17.0],[11.877661930217712,45.40759231238743,15.0]]]}},{"type":"Feature","id":"UN_VOL:44250","properties":{"OBJECTID":44250,"UN_VOL_POR":"01","UN_VOL_STA":"","UN_VOL_QGR":32.49,"UN_VOL_QCO":0.0,"UN_VOL_AV":15.85,"UN_VOL_INH":0.0,"Shape_Leng":94.5488560565,"Shape_Area":355.797870835},"geometry":{"type":"Polygon","coordinates":[[[11.874610384211405,45.407665631940745,17.0],[11.87461426309536,45.40760108527425,17.0],[11.874623001121089,45.40753911642238,17.0],[11.874617294576055,45.407539980174995,17.0],[11.874623179654261,45.407484744322126,17.0],[11.874563956945597,45.407481105620256,17.0],[11.874562154185154,45.40750599459646,17.0],[11.874560641923098,45.407526555567266,17.0],[11.874524843532967,45.40752619716607,17.0],[11.87446731204502,45.40752566627584,17.0],[11.87446913309932,45.40756153542591,17.0],[11.874449903216629,45.40756030936852,17.0],[11.874449852903922,45.40755680037037,17.0],[11.87439718064929,45.40756136779544,17.0],[11.874392424151278,45.40752305206207,17.0],[11.874333616719506,45.4075275939186,17.0],[11.874354387313282,45.40765731888465,17.0],[11.874359302505395,45.40768869935729,17.0],[11.874607704187524,45.40766569945978,17.0],[11.874610384211405,45.407665631940745,17.0]]]}},{"type":"Feature","id":"UN_VOL:44260","properties":{"OBJECTID":44260,"UN_VOL_POR":"01","UN_VOL_STA":"","UN_VOL_QGR":31.64,"UN_VOL_QCO":0.0,"UN_VOL_AV":15.41,"UN_VOL_INH":0.0,"Shape_Leng":25.9796780438,"Shape_Area":39.6860382905},"geometry":{"type":"Polygon","coordinates":[[[11.87200377576538,45.40770849835087,16.0],[11.871940573920725,45.407707028739296,16.0],[11.871903690714921,45.40770543655419,16.0],[11.871895719127856,45.40774227259649,16.0],[11.871900217947662,45.40774278930045,16.0],[11.871898732599433,45.40775128796591,16.0],[11.871906280788965,45.40775145777763,16.0],[11.871995850416738,45.407753794126236,16.0],[11.87200377576538,45.40770849835087,16.0]]]}},{"type":"Feature","id":"UN_VOL:44262","properties":{"OBJECTID":44262,"UN_VOL_POR":"01","UN_VOL_STA":"","UN_VOL_QGR":35.35,"UN_VOL_QCO":0.0,"UN_VOL_AV":17.85,"UN_VOL_INH":0.0,"Shape_Leng":42.2946340916,"Shape_Area":88.8326057737},"geometry":{"type":"Polygon","coordinates":[[[11.876541137661942,45.40762561420547,17.0],[11.876534781946841,45.40760615164154,17.0],[11.876620028251367,45.407583749788834,18.0],[11.87660515463254,45.407534977931114,18.0],[11.876605459788575,45.40753091969146,18.0],[11.876460417473906,45.40755851973741,17.0],[11.876469518287887,45.40758673417953,17.0],[11.876487596841415,45.40764325621073,17.0],[11.876543650306662,45.40763482217176,17.0],[11.876541137661942,45.40762561420547,17.0]]]}},{"type":"Feature","id":"UN_VOL:44263","properties":{"OBJECTID":44263,"UN_VOL_POR":"01","UN_VOL_STA":"","UN_VOL_QGR":25.45,"UN_VOL_QCO":0.0,"UN_VOL_AV":9.82,"UN_VOL_INH":0.0,"Shape_Leng":44.0958104994,"Shape_Area":117.203583103},"geometry":{"type":"Polygon","coordinates":[[[11.878033221338042,45.40759617954137,15.0],[11.87802701937565,45.407569692261454,15.0],[11.878013656965516,45.40751296147055,15.0],[11.87784790294572,45.40753280451264,16.0],[11.877868496782744,45.407608615538386,16.0],[11.878033221338042,45.40759617954137,15.0]]]}},{"type":"Feature","id":"UN_VOL:44266","properties":{"OBJECTID":44266,"UN_VOL_POR":"01","UN_VOL_STA":"","UN_VOL_QGR":32.1,"UN_VOL_QCO":0.0,"UN_VOL_AV":15.62,"UN_VOL_INH":0.0,"Shape_Leng":191.661188916,"Shape_Area":935.497929944},"geometry":{"type":"Polygon","coordinates":[[[11.872397413868516,45.40763900120368,17.0],[11.87244796672226,45.40763799871332,17.0],[11.872453721587195,45.40757511500249,17.0],[11.87234548269197,45.40757000886236,17.0],[11.87234680830851,45.40755584321309,17.0],[11.872322213312625,45.4075546621987,17.0],[11.872328419160214,45.40749059692221,17.0],[11.872354937790734,45.407491909603955,17.0],[11.87236124908275,45.40743243249796,17.0],[11.872250940287948,45.40742179742285,17.0],[11.872256468855111,45.407399785458466,17.0],[11.87209010093252,45.4073798497088,17.0],[11.872087398126032,45.40737946789789,17.0],[11.8720771387748,45.407414020713645,17.0],[11.87203429742017,45.40757460157077,16.0],[11.87200377576538,45.40770849835087,16.0],[11.871995850416738,45.407753794126236,16.0],[11.872002500903923,45.40775389687022,16.0],[11.8723935614255,45.40774693330957,16.0],[11.872397777547285,45.407746917219605,16.0],[11.872397413868516,45.40763900120368,17.0]],[[11.872119420094002,45.40762781665555,16.0],[11.872137316785013,45.407539783771654,17.0],[11.872282316804661,45.40755665664653,16.0],[11.872271133955456,45.40763092854823,16.0],[11.872218050974636,45.40762992435314,16.0],[11.872215813324859,45.407638712100486,16.0],[11.872119420094002,45.40762781665555,16.0]]]}},{"type":"Feature","id":"UN_VOL:44273","properties":{"OBJECTID":44273,"UN_VOL_POR":"01","UN_VOL_STA":"","UN_VOL_QGR":37.49,"UN_VOL_QCO":0.0,"UN_VOL_AV":20.79,"UN_VOL_INH":0.0,"Shape_Leng":113.649571075,"Shape_Area":488.22068679},"geometry":{"type":"Polygon","coordinates":[[[11.872577372615206,45.4077429358352,17.0],[11.872728393557866,45.40773742358015,17.0],[11.872725772601962,45.40772605791342,17.0],[11.87281617133567,45.40771955127593,17.0],[11.872769820476115,45.40746841301288,16.0],[11.87274971068195,45.40746999949328,16.0],[11.872684750201692,45.407471634993286,17.0],[11.872680285461858,45.40753475637616,17.0],[11.872611122439213,45.40753415720255,17.0],[11.872627786275636,45.4076535443453,17.0],[11.87251225851629,45.40765843307039,17.0],[11.872449162242022,45.40766407205092,17.0],[11.872456325562512,45.407747333517314,16.0],[11.872469721163712,45.40774690624143,16.0],[11.872577372615206,45.4077429358352,17.0]]]}},{"type":"Feature","id":"UN_VOL:44284","properties":{"OBJECTID":44284,"UN_VOL_POR":"01","UN_VOL_STA":"","UN_VOL_QGR":28.03,"UN_VOL_QCO":0.0,"UN_VOL_AV":11.48,"UN_VOL_INH":0.0,"Shape_Leng":61.9122355332,"Shape_Area":171.332100991},"geometry":{"type":"Polygon","coordinates":[[[11.8742278591692,45.40769975179957,17.0],[11.874359302505395,45.40768869935729,17.0],[11.874354387313282,45.40765731888465,17.0],[11.874305903674045,45.407661330517136,17.0],[11.874293922291267,45.407611585422195,17.0],[11.874247904451265,45.407616345335924,17.0],[11.874247594220135,45.40761275244853,17.0],[11.874195269058747,45.407619111193036,17.0],[11.874196189823447,45.40762466895111,17.0],[11.874075480252136,45.40763320005556,17.0],[11.874082171552246,45.407712152622835,17.0],[11.8742278591692,45.40769975179957,17.0]]]}},{"type":"Feature","id":"UN_VOL:44290","properties":{"OBJECTID":44290,"UN_VOL_POR":"01","UN_VOL_STA":"","UN_VOL_QGR":36.04,"UN_VOL_QCO":0.0,"UN_VOL_AV":18.57,"UN_VOL_INH":0.0,"Shape_Leng":32.7513319303,"Shape_Area":45.3976481037},"geometry":{"type":"Polygon","coordinates":[[[11.87629529067915,45.40765611551001,18.0],[11.876333987330796,45.40764811871791,18.0],[11.876328580814224,45.40763727358794,18.0],[11.876370655223113,45.40763036224326,18.0],[11.876356013488678,45.40757105293131,18.0],[11.876308264371703,45.4075769371024,18.0],[11.876316781980393,45.407611287491,18.0],[11.87626458878766,45.40761773390583,18.0],[11.876275044328562,45.407660046102,18.0],[11.87629529067915,45.40765611551001,18.0]]]}},{"type":"Feature","id":"UN_VOL:44291","properties":{"OBJECTID":44291,"UN_VOL_POR":"01","UN_VOL_STA":"","UN_VOL_QGR":27.98,"UN_VOL_QCO":0.0,"UN_VOL_AV":11.38,"UN_VOL_INH":0.0,"Shape_Leng":13.8103882776,"Shape_Area":11.8510444311},"geometry":{"type":"Polygon","coordinates":[[[11.877734943234731,45.40761333426703,15.0],[11.877730658059676,45.407606961312815,15.0],[11.877719971331238,45.40758778814029,15.0],[11.877712860993533,45.40758868745264,15.0],[11.87767557756434,45.407596828774864,15.0],[11.877684080709429,45.407615787271915,16.0],[11.877688106217605,45.407624596870704,16.0],[11.877734943234731,45.40761333426703,15.0]]]}},{"type":"Feature","id":"UN_VOL:44292","properties":{"OBJECTID":44292,"UN_VOL_POR":"01","UN_VOL_STA":"","UN_VOL_QGR":30.21,"UN_VOL_QCO":0.0,"UN_VOL_AV":13.18,"UN_VOL_INH":0.0,"Shape_Leng":32.7221687816,"Shape_Area":59.0920021857},"geometry":{"type":"Polygon","coordinates":[[[11.877465720471196,45.40761886371939,18.0],[11.87742001076682,45.40752658334521,18.0],[11.877353638517572,45.40753815874788,18.0],[11.87739854634032,45.40763225952653,18.0],[11.877465720471196,45.40761886371939,18.0]]]}},{"type":"Feature","id":"UN_VOL:44301","properties":{"OBJECTID":44301,"UN_VOL_POR":"01","UN_VOL_STA":"","UN_VOL_QGR":25.23,"UN_VOL_QCO":0.0,"UN_VOL_AV":9.55,"UN_VOL_INH":0.0,"Shape_Leng":49.2992925017,"Shape_Area":149.655662325},"geometry":{"type":"Polygon","coordinates":[[[11.870858648652037,45.40778619281098,15.0],[11.87086587769736,45.40778511084604,15.0],[11.870837599292534,45.40768860884315,15.0],[11.870677357277186,45.40771388333209,16.0],[11.870671268177468,45.40771475651176,16.0],[11.870667708107764,45.40771511621947,16.0],[11.870673314533205,45.40773747828971,15.0],[11.870692376026994,45.40781098911624,15.0],[11.870858648652037,45.40778619281098,15.0]]]}},{"type":"Feature","id":"UN_VOL:44306","properties":{"OBJECTID":44306,"UN_VOL_POR":"01","UN_VOL_STA":"","UN_VOL_QGR":35.11,"UN_VOL_QCO":0.0,"UN_VOL_AV":17.6,"UN_VOL_INH":0.0,"Shape_Leng":91.3370012762,"Shape_Area":187.585853788},"geometry":{"type":"Polygon","coordinates":[[[11.876297178820245,45.407668129505375,18.0],[11.87629529067915,45.40765611551001,18.0],[11.876275044328562,45.407660046102,18.0],[11.87626458878766,45.40761773390583,18.0],[11.876316781980393,45.407611287491,18.0],[11.876308264371703,45.4075769371024,18.0],[11.876356013488678,45.40757105293131,18.0],[11.876370655223113,45.40763036224326,18.0],[11.876382043869997,45.407658338924726,18.0],[11.876407700487654,45.40765526205003,18.0],[11.876391085976469,45.407602393458234,18.0],[11.876469518287887,45.40758673417953,17.0],[11.876460417473906,45.40755851973741,17.0],[11.876446739134046,45.40751565847559,17.0],[11.876445216757194,45.407515876947635,17.0],[11.876408261383439,45.407522929413446,17.0],[11.87618588469434,45.407562649623955,17.0],[11.876227409302123,45.407668177753266,18.0],[11.87623510403224,45.407676264973105,18.0],[11.876297178820245,45.407668129505375,18.0]]]}},{"type":"Feature","id":"UN_VOL:44310","properties":{"OBJECTID":44310,"UN_VOL_POR":"01","UN_VOL_STA":"","UN_VOL_QGR":28.57,"UN_VOL_QCO":0.0,"UN_VOL_AV":11.8,"UN_VOL_INH":0.0,"Shape_Leng":63.8527833808,"Shape_Area":116.054053513},"geometry":{"type":"Polygon","coordinates":[[[11.876199928797059,45.40770829615,18.0],[11.876187541089536,45.40767323366643,18.0],[11.876227409302123,45.407668177753266,18.0],[11.87618588469434,45.407562649623955,17.0],[11.876185379125875,45.407562752414755,17.0],[11.876078809780669,45.40758299118603,17.0],[11.876127192879018,45.407720391046794,17.0],[11.876199928797059,45.40770829615,18.0]],[[11.876168876291707,45.40767559435705,18.0],[11.87612394407843,45.407684107678975,17.0],[11.876112322845469,45.407654066537965,17.0],[11.876157382689975,45.407645549613584,18.0],[11.876168876291707,45.40767559435705,18.0]]]}},{"type":"Feature","id":"UN_VOL:44604","properties":{"OBJECTID":44604,"UN_VOL_POR":"01","UN_VOL_STA":"","UN_VOL_QGR":30.4,"UN_VOL_QCO":0.0,"UN_VOL_AV":12.86,"UN_VOL_INH":0.0,"Shape_Leng":50.0462137053,"Shape_Area":124.601770655},"geometry":{"type":"Polygon","coordinates":[[[11.876743986061184,45.40782275847703,18.0],[11.876746841817255,45.40772052235323,18.0],[11.876780842056123,45.40769554155308,18.0],[11.876642242834734,45.40770155643337,17.0],[11.87664333663922,45.4077482452094,17.0],[11.876631349510507,45.40774872751347,17.0],[11.876631468477663,45.4077535850917,17.0],[11.876631825399164,45.4077681582157,17.0],[11.876631758859691,45.40782972850774,17.0],[11.876743986061184,45.40782275847703,18.0]]]}},{"type":"Feature","id":"UN_VOL:44606","properties":{"OBJECTID":44606,"UN_VOL_POR":"01","UN_VOL_STA":"","UN_VOL_QGR":28.2,"UN_VOL_QCO":0.0,"UN_VOL_AV":10.66,"UN_VOL_INH":0.0,"Shape_Leng":148.38690801,"Shape_Area":814.236005756},"geometry":{"type":"Polygon","coordinates":[[[11.877008508583865,45.40780267707529,18.0],[11.876992866238252,45.407766436478575,18.0],[11.877175100479366,45.407728896760595,18.0],[11.877194786723022,45.40776926600085,18.0],[11.877287453519003,45.40774703672005,18.0],[11.87717256794612,45.40750554946603,17.0],[11.877127930191332,45.40741171153735,17.0],[11.877030072653612,45.4074348819936,18.0],[11.877013167655294,45.40743917869957,18.0],[11.876996257551628,45.40744338587479,18.0],[11.876999520819165,45.4074824591352,18.0],[11.876980865964635,45.407530275796475,18.0],[11.876862805445633,45.40774433235608,18.0],[11.876887686487573,45.40781904533787,18.0],[11.876909824538917,45.4078146167065,18.0],[11.876913840804443,45.4078232464719,18.0],[11.877008508583865,45.40780267707529,18.0]],[[11.877033607887142,45.40749942189237,18.0],[11.87703079563479,45.40749940275572,18.0],[11.87702461476295,45.40749847843269,18.0],[11.877018889762047,45.40749646244307,18.0],[11.877014135357923,45.407493432244884,18.0],[11.87701049744269,45.40748974317743,18.0],[11.877008491314221,45.40748547307422,18.0],[11.87700801270173,45.40748107479844,18.0],[11.877009065029714,45.40747663753094,18.0],[11.877011794821577,45.40747251815415,18.0],[11.877015837320092,45.40746908566246,18.0],[11.87702107401245,45.407466523527454,18.0],[11.877026999293257,45.407464933764736,18.0],[11.87703336240817,45.407464413133546,18.0],[11.877039656706065,45.40746506484551,18.0],[11.87704550023684,45.40746689775182,18.0],[11.877050496294713,45.407469652104865,18.0],[11.877054384413022,45.40747324442561,18.0],[11.87705676442107,45.407477325007086,18.0],[11.877057631196031,45.40748180393176,18.0],[11.877056833663396,45.40748623477506,18.0],[11.877054491440791,45.40749043403739,18.0],[11.877050713427272,45.40749403995505,18.0],[11.877045745235048,45.407496865461624,18.0],[11.87703996133323,45.407498721800835,18.0],[11.877033607887142,45.40749942189237,18.0]]]}},{"type":"Feature","id":"UN_VOL:44608","properties":{"OBJECTID":44608,"UN_VOL_POR":"01","UN_VOL_STA":"","UN_VOL_QGR":30.42,"UN_VOL_QCO":0.0,"UN_VOL_AV":13.82,"UN_VOL_INH":0.0,"Shape_Leng":65.6485872593,"Shape_Area":242.750950072},"geometry":{"type":"Polygon","coordinates":[[[11.877824935596703,45.40774968397606,17.0],[11.877816898710083,45.40770470034313,17.0],[11.877787048357412,45.40770824349395,17.0],[11.87775678922329,45.407645908034645,16.0],[11.87753271491483,45.40769998567093,17.0],[11.877585163548948,45.407806678167354,17.0],[11.877824935596703,45.40774968397606,17.0]]]}},{"type":"Feature","id":"UN_VOL:44613","properties":{"OBJECTID":44613,"UN_VOL_POR":"01","UN_VOL_STA":"","UN_VOL_QGR":19.67,"UN_VOL_QCO":0.0,"UN_VOL_AV":5.07,"UN_VOL_INH":0.0,"Shape_Leng":8.82652284964,"Shape_Area":4.79727364674},"geometry":{"type":"Polygon","coordinates":[[[11.870600427006277,45.40798603672919,15.0],[11.870597632861017,45.40796369395088,15.0],[11.870573160757809,45.407964939561076,15.0],[11.870575425958815,45.40798693546003,15.0],[11.870600427006277,45.40798603672919,15.0]]]}},{"type":"Feature","id":"UN_VOL:44625","properties":{"OBJECTID":44625,"UN_VOL_POR":"01","UN_VOL_STA":"","UN_VOL_QGR":28.96,"UN_VOL_QCO":0.0,"UN_VOL_AV":12.68,"UN_VOL_INH":0.0,"Shape_Leng":21.3186193161,"Shape_Area":28.0634678675},"geometry":{"type":"Polygon","coordinates":[[[11.87602814660749,45.40785853669566,17.0],[11.87601763181813,45.40781505536311,17.0],[11.875964343962591,45.40782008926311,17.0],[11.875945127872562,45.40782165378127,17.0],[11.875952515604116,45.40786395328377,17.0],[11.87602814660749,45.40785853669566,17.0]]]}},{"type":"Feature","id":"UN_VOL:44629","properties":{"OBJECTID":44629,"UN_VOL_POR":"01","UN_VOL_STA":"","UN_VOL_QGR":32.08,"UN_VOL_QCO":0.0,"UN_VOL_AV":15.36,"UN_VOL_INH":0.0,"Shape_Leng":36.0529398361,"Shape_Area":76.5011452327},"geometry":{"type":"Polygon","coordinates":[[[11.873679943778333,45.4079598269854,17.0],[11.87365720960798,45.40789207976597,17.0],[11.873649673753432,45.4078694962955,17.0],[11.873548705115846,45.40788932189507,16.0],[11.873613119644292,45.40798266276011,16.0],[11.873615116317744,45.40798423253699,16.0],[11.873679943778333,45.4079598269854,17.0]]]}},{"type":"Feature","id":"UN_VOL:44630","properties":{"OBJECTID":44630,"UN_VOL_POR":"01","UN_VOL_STA":"","UN_VOL_QGR":29.93,"UN_VOL_QCO":0.0,"UN_VOL_AV":14.24,"UN_VOL_INH":0.0,"Shape_Leng":70.8093605173,"Shape_Area":219.097684677},"geometry":{"type":"Polygon","coordinates":[[[11.878055383924577,45.407851166292104,16.0],[11.8780539840877,45.407846250976895,16.0],[11.878048137967726,45.40782677564413,16.0],[11.878028885599724,45.4077622720342,16.0],[11.877900702278723,45.40777459679636,16.0],[11.877893395535173,45.40770376106989,17.0],[11.877892497264172,45.40769865300839,17.0],[11.877842810580104,45.40770161631764,17.0],[11.877816898710083,45.40770470034313,17.0],[11.877824935596703,45.40774968397606,17.0],[11.87784487966438,45.40787807883567,17.0],[11.878055383924577,45.407851166292104,16.0]]]}},{"type":"Feature","id":"UN_VOL:44633","properties":{"OBJECTID":44633,"UN_VOL_POR":"01","UN_VOL_STA":"","UN_VOL_QGR":32.46,"UN_VOL_QCO":0.0,"UN_VOL_AV":16.17,"UN_VOL_INH":0.0,"Shape_Leng":16.9685944267,"Shape_Area":18.2333458526},"geometry":{"type":"Polygon","coordinates":[[[11.875242380806961,45.40794413917611,16.0],[11.875234929407293,45.407905621248354,16.0],[11.875214737382326,45.407905590173314,16.0],[11.875182699119728,45.40790882758724,16.0],[11.87518597928865,45.40794574012814,16.0],[11.875242380806961,45.40794413917611,16.0]]]}},{"type":"Feature","id":"UN_VOL:44635","properties":{"OBJECTID":44635,"UN_VOL_POR":"01","UN_VOL_STA":"","UN_VOL_QGR":33.51,"UN_VOL_QCO":0.0,"UN_VOL_AV":17.21,"UN_VOL_INH":0.0,"Shape_Leng":16.689868063,"Shape_Area":17.3787398779},"geometry":{"type":"Polygon","coordinates":[[[11.87518597928865,45.40794574012814,16.0],[11.875182699119728,45.40790882758724,16.0],[11.875127547144807,45.40791237766326,16.0],[11.875130735979916,45.40794749235105,16.0],[11.87518597928865,45.40794574012814,16.0]]]}},{"type":"Feature","id":"UN_VOL:44636","properties":{"OBJECTID":44636,"UN_VOL_POR":"01","UN_VOL_STA":"","UN_VOL_QGR":31.8,"UN_VOL_QCO":0.0,"UN_VOL_AV":15.5,"UN_VOL_INH":0.0,"Shape_Leng":12.9272750757,"Shape_Area":9.91365215191},"geometry":{"type":"Polygon","coordinates":[[[11.875130735979916,45.40794749235105,16.0],[11.875127547144807,45.40791237766326,16.0],[11.875094848105245,45.407912661718015,16.0],[11.875098980138148,45.40794622223471,16.0],[11.875099217376235,45.407948376600096,16.0],[11.875130735979916,45.40794749235105,16.0]]]}},{"type":"Feature","id":"UN_VOL:44640","properties":{"OBJECTID":44640,"UN_VOL_POR":"01","UN_VOL_STA":"","UN_VOL_QGR":32.79,"UN_VOL_QCO":0.0,"UN_VOL_AV":16.38,"UN_VOL_INH":0.0,"Shape_Leng":82.0225638153,"Shape_Area":196.442633016},"geometry":{"type":"Polygon","coordinates":[[[11.874115142063674,45.40796641805407,17.0],[11.874123882754047,45.407871774666354,17.0],[11.874129125838477,45.40781394443545,17.0],[11.87412929448399,45.40781223007804,17.0],[11.874072843599146,45.40781788226882,17.0],[11.873934899983894,45.40783179834088,17.0],[11.873929812971,45.40783228665722,17.0],[11.873918757365661,45.40794427069357,16.0],[11.873980473682442,45.4079491972337,17.0],[11.87398962073005,45.40786255466639,17.0],[11.87403857003699,45.4078677127032,17.0],[11.87402753978606,45.40795251211645,17.0],[11.874025776489923,45.407958047435905,17.0],[11.87405738214697,45.40796643260176,17.0],[11.87408071095319,45.40797034575932,17.0],[11.87411439970682,45.40797444779889,17.0],[11.874115142063674,45.40796641805407,17.0]]]}},{"type":"Feature","id":"UN_VOL:44645","properties":{"OBJECTID":44645,"UN_VOL_POR":"01","UN_VOL_STA":"","UN_VOL_QGR":28.18,"UN_VOL_QCO":0.0,"UN_VOL_AV":11.9,"UN_VOL_INH":0.0,"Shape_Leng":80.7082650999,"Shape_Area":279.220013481},"geometry":{"type":"Polygon","coordinates":[[[11.876021865776249,45.40790847178218,17.0],[11.876037257923086,45.40790709368418,17.0],[11.876028957936617,45.40786193646408,17.0],[11.87602814660749,45.40785853669566,17.0],[11.875952515604116,45.40786395328377,17.0],[11.875945127872562,45.40782165378127,17.0],[11.87563625976276,45.407846720793636,17.0],[11.875660844248667,45.40793323335757,17.0],[11.875725056946061,45.4079269341338,17.0],[11.875727368755832,45.407934707210444,17.0],[11.876021865776249,45.40790847178218,17.0]]]}},{"type":"Feature","id":"UN_VOL:44333","properties":{"OBJECTID":44333,"UN_VOL_POR":"01","UN_VOL_STA":"","UN_VOL_QGR":29.87,"UN_VOL_QCO":0.0,"UN_VOL_AV":13.28,"UN_VOL_INH":0.0,"Shape_Leng":47.5798916821,"Shape_Area":84.5409972678},"geometry":{"type":"Polygon","coordinates":[[[11.87775678922329,45.407645908034645,16.0],[11.877734943234731,45.40761333426703,15.0],[11.877688106217605,45.407624596870704,16.0],[11.87760180724216,45.40764387560219,17.0],[11.877596906052824,45.407632927741425,17.0],[11.877509339999683,45.40765241845172,18.0],[11.87753271491483,45.40769998567093,17.0],[11.87775678922329,45.407645908034645,16.0]]]}},{"type":"Feature","id":"UN_VOL:44334","properties":{"OBJECTID":44334,"UN_VOL_POR":"01","UN_VOL_STA":"","UN_VOL_QGR":28.4,"UN_VOL_QCO":0.0,"UN_VOL_AV":13.54,"UN_VOL_INH":0.0,"Shape_Leng":38.0391607662,"Shape_Area":43.4702267803},"geometry":{"type":"Polygon","coordinates":[[[11.870703388641838,45.40786687980499,15.0],[11.870698064989778,45.40784001023191,15.0],[11.87058785604214,45.40785151396948,15.0],[11.870581046044219,45.40782054119156,15.0],[11.870541519089382,45.40782477573284,15.0],[11.870534549386013,45.40782594119955,15.0],[11.870544148553899,45.40787160641673,15.0],[11.870595846275101,45.40786544483809,14.0],[11.870597021979934,45.40787351635189,14.0],[11.870634502729501,45.40786924322419,14.0],[11.870635027004212,45.407874540845626,14.0],[11.870703388641838,45.40786687980499,15.0]]]}},{"type":"Feature","id":"UN_VOL:44339","properties":{"OBJECTID":44339,"UN_VOL_POR":"01","UN_VOL_STA":"","UN_VOL_QGR":34.11,"UN_VOL_QCO":0.0,"UN_VOL_AV":17.35,"UN_VOL_INH":0.0,"Shape_Leng":30.1681717739,"Shape_Area":52.8590770681},"geometry":{"type":"Polygon","coordinates":[[[11.876305434676048,45.407722469083765,18.0],[11.876297178820245,45.407668129505375,18.0],[11.87623510403224,45.407676264973105,18.0],[11.876227409302123,45.407668177753266,18.0],[11.876187541089536,45.40767323366643,18.0],[11.876199928797059,45.40770829615,18.0],[11.876209794994336,45.407736491318964,18.0],[11.876305434676048,45.407722469083765,18.0]]]}},{"type":"Feature","id":"UN_VOL:44351","properties":{"OBJECTID":44351,"UN_VOL_POR":"01","UN_VOL_STA":"","UN_VOL_QGR":26.04,"UN_VOL_QCO":0.0,"UN_VOL_AV":10.42,"UN_VOL_INH":0.0,"Shape_Leng":55.528648504,"Shape_Area":182.73439539},"geometry":{"type":"Polygon","coordinates":[[[11.878057323724677,45.4076982759984,16.0],[11.878033221338042,45.40759617954137,15.0],[11.877868496782744,45.407608615538386,16.0],[11.877817425154486,45.407617014626084,16.0],[11.877819810611012,45.40762874630262,17.0],[11.877842810580104,45.40770161631764,17.0],[11.877892497264172,45.40769865300839,17.0],[11.877893395535173,45.40770376106989,17.0],[11.878057323724677,45.4076982759984,16.0]]]}},{"type":"Feature","id":"UN_VOL:44364","properties":{"OBJECTID":44364,"UN_VOL_POR":"01","UN_VOL_STA":"","UN_VOL_QGR":20.08,"UN_VOL_QCO":0.0,"UN_VOL_AV":5.22,"UN_VOL_INH":0.0,"Shape_Leng":13.4604840966,"Shape_Area":10.8304857103},"geometry":{"type":"Polygon","coordinates":[[[11.870594136989519,45.40788970146103,14.0],[11.870597441170453,45.40788934819333,14.0],[11.870597021979934,45.40787351635189,14.0],[11.870595846275101,45.40786544483809,14.0],[11.870544148553899,45.40787160641673,15.0],[11.870547029265255,45.40789565712815,15.0],[11.870594136989519,45.40788970146103,14.0]]]}},{"type":"Feature","id":"UN_VOL:44372","properties":{"OBJECTID":44372,"UN_VOL_POR":"01","UN_VOL_STA":"","UN_VOL_QGR":27.66,"UN_VOL_QCO":0.0,"UN_VOL_AV":11.56,"UN_VOL_INH":0.0,"Shape_Leng":24.9772388844,"Shape_Area":32.274380298},"geometry":{"type":"Polygon","coordinates":[[[11.874303357791545,45.407908209389994,17.0],[11.874350615767922,45.40790773890007,17.0],[11.874356395365433,45.407908313289525,17.0],[11.874356811935142,45.40786869741177,17.0],[11.874356265163671,45.40786547067067,17.0],[11.87427338671404,45.40787160899682,17.0],[11.874274645426304,45.40788885964566,17.0],[11.874257033687254,45.40788930329305,17.0],[11.874257271014239,45.4078939781884,17.0],[11.874258243090987,45.40791312626072,17.0],[11.874268694193049,45.407912592852746,17.0],[11.874303357791545,45.407908209389994,17.0]]]}},{"type":"Feature","id":"UN_VOL:44373","properties":{"OBJECTID":44373,"UN_VOL_POR":"01","UN_VOL_STA":"","UN_VOL_QGR":21.89,"UN_VOL_QCO":0.0,"UN_VOL_AV":7.01,"UN_VOL_INH":0.0,"Shape_Leng":17.6690923953,"Shape_Area":19.5023501607},"geometry":{"type":"Polygon","coordinates":[[[11.870728371279775,45.40799667954887,15.0],[11.870724852576434,45.407977685564866,15.0],[11.870721151482899,45.407957615608034,15.0],[11.8706648642036,45.407963982758275,15.0],[11.870672995348,45.40800338357148,15.0],[11.870728371279775,45.40799667954887,15.0]]]}},{"type":"Feature","id":"UN_VOL:44393","properties":{"OBJECTID":44393,"UN_VOL_POR":"01","UN_VOL_STA":"","UN_VOL_QGR":25.14,"UN_VOL_QCO":0.0,"UN_VOL_AV":10.26,"UN_VOL_INH":0.0,"Shape_Leng":19.1525777499,"Shape_Area":22.4413658601},"geometry":{"type":"Polygon","coordinates":[[[11.87079156879453,45.40797033600946,15.0],[11.870724852576434,45.407977685564866,15.0],[11.870728371279775,45.40799667954887,15.0],[11.870730058074962,45.40801481954443,15.0],[11.870798870735058,45.40800849780097,15.0],[11.87079156879453,45.40797033600946,15.0]]]}},{"type":"Feature","id":"UN_VOL:44394","properties":{"OBJECTID":44394,"UN_VOL_POR":"01","UN_VOL_STA":"","UN_VOL_QGR":31.61,"UN_VOL_QCO":0.0,"UN_VOL_AV":15.51,"UN_VOL_INH":0.0,"Shape_Leng":56.3459520324,"Shape_Area":192.782466209},"geometry":{"type":"Polygon","coordinates":[[[11.874593558322955,45.407764619654536,17.0],[11.87444202338258,45.40778013862571,17.0],[11.87444965810467,45.40784997618587,16.0],[11.874454348205148,45.4079171873021,16.0],[11.874462657357748,45.40791724811722,16.0],[11.87454740055141,45.40791763336192,16.0],[11.87460785414001,45.40791782084338,16.0],[11.874593558322955,45.407764619654536,17.0]]]}},{"type":"Feature","id":"UN_VOL:44402","properties":{"OBJECTID":44402,"UN_VOL_POR":"01","UN_VOL_STA":"","UN_VOL_QGR":26.75,"UN_VOL_QCO":0.0,"UN_VOL_AV":10.46,"UN_VOL_INH":0.0,"Shape_Leng":63.8403189238,"Shape_Area":137.315942086},"geometry":{"type":"Polygon","coordinates":[[[11.875423755882265,45.40785693679425,16.0],[11.875280674717887,45.407860272295025,16.0],[11.875088968845358,45.4078648332452,16.0],[11.875094848105245,45.407912661718015,16.0],[11.875127547144807,45.40791237766326,16.0],[11.875182699119728,45.40790882758724,16.0],[11.875214737382326,45.407905590173314,16.0],[11.875234929407293,45.407905621248354,16.0],[11.875270714881854,45.40790570961152,16.0],[11.87542484941948,45.40790614611825,16.0],[11.875435583807459,45.40790614574502,16.0],[11.875423755882265,45.40785693679425,16.0]]]}},{"type":"Feature","id":"UN_VOL:44406","properties":{"OBJECTID":44406,"UN_VOL_POR":"01","UN_VOL_STA":"","UN_VOL_QGR":29.89,"UN_VOL_QCO":0.0,"UN_VOL_AV":13.79,"UN_VOL_INH":0.0,"Shape_Leng":58.8080567553,"Shape_Area":207.199818408},"geometry":{"type":"Polygon","coordinates":[[[11.874765158824582,45.40776425683969,16.0],[11.874593558322955,45.407764619654536,17.0],[11.87460785414001,45.40791782084338,16.0],[11.874739326772973,45.40792495004913,16.0],[11.874765158824582,45.40776425683969,16.0]]]}},{"type":"Feature","id":"UN_VOL:44417","properties":{"OBJECTID":44417,"UN_VOL_POR":"01","UN_VOL_STA":"","UN_VOL_QGR":24.99,"UN_VOL_QCO":0.0,"UN_VOL_AV":8.69,"UN_VOL_INH":0.0,"Shape_Leng":37.7904600109,"Shape_Area":78.4715717905},"geometry":{"type":"Polygon","coordinates":[[[11.87542484941948,45.40790614611825,16.0],[11.875270714881854,45.40790570961152,16.0],[11.875281248718077,45.4079621522023,16.0],[11.875442681019738,45.407965375160295,16.0],[11.875428351587617,45.40792730071715,16.0],[11.87542484941948,45.40790614611825,16.0]]]}},{"type":"Feature","id":"UN_VOL:44420","properties":{"OBJECTID":44420,"UN_VOL_POR":"01","UN_VOL_STA":"","UN_VOL_QGR":30.18,"UN_VOL_QCO":0.0,"UN_VOL_AV":13.47,"UN_VOL_INH":0.0,"Shape_Leng":57.9066172584,"Shape_Area":198.731257425},"geometry":{"type":"Polygon","coordinates":[[[11.876382103308528,45.407933686082465,17.0],[11.87637798144352,45.40791542746262,17.0],[11.876354186572193,45.407809272354726,18.0],[11.876351869920093,45.40779888922531,18.0],[11.876282238218819,45.4078066753277,18.0],[11.876283045817617,45.40782006687354,18.0],[11.87621084331277,45.407832598611144,17.0],[11.876176891378114,45.40783840507398,17.0],[11.87616359115125,45.40784072058451,17.0],[11.87620616015653,45.407946672235546,17.0],[11.876382103308528,45.407933686082465,17.0]]]}},{"type":"Feature","id":"UN_VOL:44429","properties":{"OBJECTID":44429,"UN_VOL_POR":"01","UN_VOL_STA":"","UN_VOL_QGR":34.99,"UN_VOL_QCO":0.0,"UN_VOL_AV":18.63,"UN_VOL_INH":0.0,"Shape_Leng":36.1577322178,"Shape_Area":54.0530532926},"geometry":{"type":"Polygon","coordinates":[[[11.874923292768624,45.40797432236453,16.0],[11.874916783697273,45.40791408797318,16.0],[11.87494563123392,45.40791093063906,16.0],[11.874944393311704,45.407871446493225,16.0],[11.87487820597621,45.40787410428086,16.0],[11.874875993763705,45.407913585309544,16.0],[11.874867716577983,45.40791415404665,16.0],[11.874872297923137,45.407984248602745,16.0],[11.874923853957158,45.40798033902053,16.0],[11.874923292768624,45.40797432236453,16.0]]]}},{"type":"Feature","id":"UN_VOL:44430","properties":{"OBJECTID":44430,"UN_VOL_POR":"01","UN_VOL_STA":"","UN_VOL_QGR":30.64,"UN_VOL_QCO":0.0,"UN_VOL_AV":14.22,"UN_VOL_INH":0.0,"Shape_Leng":14.4437889458,"Shape_Area":11.6201928503},"geometry":{"type":"Polygon","coordinates":[[[11.87405738214697,45.40796643260176,17.0],[11.874025776489923,45.407958047435905,17.0],[11.87401574662001,45.40800213609423,17.0],[11.874044202979976,45.40800636994923,17.0],[11.87405738214697,45.40796643260176,17.0]]]}},{"type":"Feature","id":"UN_VOL:44431","properties":{"OBJECTID":44431,"UN_VOL_POR":"01","UN_VOL_STA":"","UN_VOL_QGR":30.03,"UN_VOL_QCO":0.0,"UN_VOL_AV":13.73,"UN_VOL_INH":0.0,"Shape_Leng":21.368527709,"Shape_Area":21.8117628477},"geometry":{"type":"Polygon","coordinates":[[[11.875283710719867,45.407975412018274,16.0],[11.875281248718077,45.4079621522023,16.0],[11.875270714881854,45.40790570961152,16.0],[11.875234929407293,45.407905621248354,16.0],[11.875242380806961,45.40794413917611,16.0],[11.875248777977252,45.40797701228048,16.0],[11.875283710719867,45.407975412018274,16.0]]]}},{"type":"Feature","id":"UN_VOL:44432","properties":{"OBJECTID":44432,"UN_VOL_POR":"01","UN_VOL_STA":"","UN_VOL_QGR":31.46,"UN_VOL_QCO":0.0,"UN_VOL_AV":14.87,"UN_VOL_INH":0.0,"Shape_Leng":162.520677082,"Shape_Area":610.73658898},"geometry":{"type":"Polygon","coordinates":[[[11.877818735204375,45.407881618571984,17.0],[11.87784487966438,45.40787807883567,17.0],[11.877824935596703,45.40774968397606,17.0],[11.877585163548948,45.407806678167354,17.0],[11.87753271491483,45.40769998567093,17.0],[11.877509339999683,45.40765241845172,18.0],[11.877489517827183,45.40761691327077,18.0],[11.877545365492638,45.40760443338267,17.0],[11.877546764765194,45.407604308047326,17.0],[11.877541334618225,45.40759301333684,17.0],[11.877598063028513,45.40758780227259,16.0],[11.877586249402016,45.40755650586842,16.0],[11.877568818326377,45.40751022911808,17.0],[11.877485699513118,45.40751412545263,18.0],[11.87742001076682,45.40752658334521,18.0],[11.877465720471196,45.40761886371939,18.0],[11.87739854634032,45.40763225952653,18.0],[11.877535699405566,45.40791963119463,17.0],[11.877818735204375,45.407881618571984,17.0]]]}},{"type":"Feature","id":"UN_VOL:44438","properties":{"OBJECTID":44438,"UN_VOL_POR":"01","UN_VOL_STA":"","UN_VOL_QGR":27.89,"UN_VOL_QCO":0.0,"UN_VOL_AV":11.87,"UN_VOL_INH":0.0,"Shape_Leng":17.7620425178,"Shape_Area":19.929469175},"geometry":{"type":"Polygon","coordinates":[[[11.873050553706635,45.40802716350268,17.0],[11.873062080883612,45.408022643000535,17.0],[11.873051085235987,45.407989795125594,17.0],[11.873048847338234,45.40798346049236,17.0],[11.87299364971242,45.40799619194889,17.0],[11.873013542849893,45.40803565662289,17.0],[11.873050553706635,45.40802716350268,17.0]]]}},{"type":"Feature","id":"UN_VOL:44439","properties":{"OBJECTID":44439,"UN_VOL_POR":"01","UN_VOL_STA":"","UN_VOL_QGR":21.76,"UN_VOL_QCO":0.0,"UN_VOL_AV":6.79,"UN_VOL_INH":0.0,"Shape_Leng":57.7634612082,"Shape_Area":181.591619115},"geometry":{"type":"Polygon","coordinates":[[[11.870916108379031,45.4079566713461,15.0],[11.87079156879453,45.40797033600946,15.0],[11.870798870735058,45.40800849780097,15.0],[11.870730058074962,45.40801481954443,15.0],[11.870730508888379,45.40801867904461,15.0],[11.870737852134798,45.4080702513143,15.0],[11.870741216299113,45.40809374996586,15.0],[11.870949323424325,45.40806988123589,15.0],[11.870916108379031,45.4079566713461,15.0]]]}},{"type":"Feature","id":"UN_VOL:44475","properties":{"OBJECTID":44475,"UN_VOL_POR":"01","UN_VOL_STA":"","UN_VOL_QGR":29.6,"UN_VOL_QCO":0.0,"UN_VOL_AV":14.12,"UN_VOL_INH":0.0,"Shape_Leng":48.0663793707,"Shape_Area":142.30164163},"geometry":{"type":"Polygon","coordinates":[[[11.870887045751061,45.40787999158674,15.0],[11.870858648652037,45.40778619281098,15.0],[11.870692376026994,45.40781098911624,15.0],[11.870698064989778,45.40784001023191,15.0],[11.870703388641838,45.40786687980499,15.0],[11.870712308730319,45.4079016703296,15.0],[11.870887045751061,45.40787999158674,15.0]]]}},{"type":"Feature","id":"UN_VOL:44478","properties":{"OBJECTID":44478,"UN_VOL_POR":"01","UN_VOL_STA":"","UN_VOL_QGR":34.53,"UN_VOL_QCO":0.0,"UN_VOL_AV":17.04,"UN_VOL_INH":0.0,"Shape_Leng":24.1171934651,"Shape_Area":35.7423382418},"geometry":{"type":"Polygon","coordinates":[[[11.876631468477663,45.4077535850917,17.0],[11.876631349510507,45.40774872751347,17.0],[11.87664333663922,45.4077482452094,17.0],[11.876642242834734,45.40770155643337,17.0],[11.87656046756026,45.40770424800211,17.0],[11.876565436494438,45.407756780223565,17.0],[11.876631468477663,45.4077535850917,17.0]]]}},{"type":"Feature","id":"UN_VOL:44500","properties":{"OBJECTID":44500,"UN_VOL_POR":"01","UN_VOL_STA":"","UN_VOL_QGR":33.73,"UN_VOL_QCO":0.0,"UN_VOL_AV":16.26,"UN_VOL_INH":0.0,"Shape_Leng":64.1966573705,"Shape_Area":115.143642355},"geometry":{"type":"Polygon","coordinates":[[[11.876631468477663,45.4077535850917,17.0],[11.876565436494438,45.407756780223565,17.0],[11.87656046756026,45.40770424800211,17.0],[11.876495402201533,45.40770633855257,17.0],[11.876490001761393,45.40767298976579,17.0],[11.876487596841415,45.40764325621073,17.0],[11.876407700487654,45.40765526205003,18.0],[11.876382043869997,45.407658338924726,18.0],[11.876382608813906,45.40765940485472,18.0],[11.876403921972633,45.40774437966466,18.0],[11.876409387477283,45.40775135285118,18.0],[11.876461881787973,45.4077457988571,18.0],[11.876501790942582,45.407739032096295,17.0],[11.876502995006984,45.40774260205407,17.0],[11.876546172725089,45.40773980342321,17.0],[11.876558414312917,45.40776946908277,17.0],[11.876631825399164,45.4077681582157,17.0],[11.876631468477663,45.4077535850917,17.0]]]}},{"type":"Feature","id":"UN_VOL:44536","properties":{"OBJECTID":44536,"UN_VOL_POR":"01","UN_VOL_STA":"","UN_VOL_QGR":32.35,"UN_VOL_QCO":0.0,"UN_VOL_AV":16.12,"UN_VOL_INH":0.0,"Shape_Leng":117.342823247,"Shape_Area":595.477035939},"geometry":{"type":"Polygon","coordinates":[[[11.871884796960062,45.40789979921183,16.0],[11.871895738576804,45.407782957663315,16.0],[11.871898732599433,45.40775128796591,16.0],[11.871900217947662,45.40774278930045,16.0],[11.871895719127856,45.40774227259649,16.0],[11.871887793677708,45.40778252769554,16.0],[11.87140302812771,45.40775350216593,16.0],[11.871397683585705,45.407905127716106,16.0],[11.871397725072885,45.4079210587165,16.0],[11.871721400640054,45.40790067118994,16.0],[11.871741688474382,45.407900070924796,16.0],[11.871884796960062,45.40789979921183,16.0]]]}},{"type":"Feature","id":"UN_VOL:44553","properties":{"OBJECTID":44553,"UN_VOL_POR":"01","UN_VOL_STA":"","UN_VOL_QGR":31.9,"UN_VOL_QCO":0.0,"UN_VOL_AV":14.43,"UN_VOL_INH":0.0,"Shape_Leng":31.4109514807,"Shape_Area":47.5206726896},"geometry":{"type":"Polygon","coordinates":[[[11.876470953121093,45.40779606731874,18.0],[11.876461881787973,45.4077457988571,18.0],[11.876409387477283,45.40775135285118,18.0],[11.876403921972633,45.40774437966466,18.0],[11.876360717257084,45.40775167970239,18.0],[11.876373853139647,45.4077964448509,18.0],[11.876351869920093,45.40779888922531,18.0],[11.876354186572193,45.407809272354726,18.0],[11.876407874899202,45.40780206783351,18.0],[11.876470953121093,45.40779606731874,18.0]]]}},{"type":"Feature","id":"UN_VOL:44670","properties":{"OBJECTID":44670,"UN_VOL_POR":"01","UN_VOL_STA":"","UN_VOL_QGR":19.91,"UN_VOL_QCO":0.0,"UN_VOL_AV":5.31,"UN_VOL_INH":0.0,"Shape_Leng":51.1202131188,"Shape_Area":89.9556603396},"geometry":{"type":"Polygon","coordinates":[[[11.87068691586297,45.408068742551784,15.0],[11.870672995348,45.40800338357148,15.0],[11.8706648642036,45.407963982758275,15.0],[11.870663769971243,45.40795752925806,15.0],[11.870634252383933,45.40796007203813,15.0],[11.870631799902027,45.40789658487531,14.0],[11.870594150462608,45.40790005260459,14.0],[11.870601324627756,45.407963420978895,15.0],[11.870597632861017,45.40796369395088,15.0],[11.870600427006277,45.40798603672919,15.0],[11.870604665531099,45.408062080440644,15.0],[11.870616361554385,45.40806088610989,15.0],[11.870616658232782,45.40807429054948,15.0],[11.87068691586297,45.408068742551784,15.0]]]}},{"type":"Feature","id":"UN_VOL:44674","properties":{"OBJECTID":44674,"UN_VOL_POR":"01","UN_VOL_STA":"","UN_VOL_QGR":31.46,"UN_VOL_QCO":0.0,"UN_VOL_AV":15.36,"UN_VOL_INH":0.0,"Shape_Leng":21.1144803244,"Shape_Area":21.3392477963},"geometry":{"type":"Polygon","coordinates":[[[11.873784123137357,45.40797052500687,17.0],[11.873789870420994,45.40796038856941,17.0],[11.873787070841951,45.407948037691256,17.0],[11.873735839064055,45.40795328851468,17.0],[11.873687916001439,45.407958275890344,17.0],[11.87376981241261,45.40799572860662,17.0],[11.873784123137357,45.40797052500687,17.0]]]}},{"type":"Feature","id":"UN_VOL:44676","properties":{"OBJECTID":44676,"UN_VOL_POR":"01","UN_VOL_STA":"","UN_VOL_QGR":25.78,"UN_VOL_QCO":0.0,"UN_VOL_AV":9.49,"UN_VOL_INH":0.0,"Shape_Leng":44.1922766042,"Shape_Area":101.052877092},"geometry":{"type":"Polygon","coordinates":[[[11.875660844248667,45.40793323335757,17.0],[11.87563625976276,45.407846720793636,17.0],[11.87549474263547,45.40785820828482,16.0],[11.87549545878454,45.407862240783196,16.0],[11.875522658011652,45.407929785063246,16.0],[11.875598785414388,45.40792156557943,17.0],[11.875609831819009,45.40795036099351,17.0],[11.875661442384201,45.40794500973427,17.0],[11.875657918003458,45.40793348720032,17.0],[11.875660844248667,45.40793323335757,17.0]]]}},{"type":"Feature","id":"UN_VOL:44679","properties":{"OBJECTID":44679,"UN_VOL_POR":"01","UN_VOL_STA":"","UN_VOL_QGR":29.01,"UN_VOL_QCO":0.0,"UN_VOL_AV":11.47,"UN_VOL_INH":0.0,"Shape_Leng":48.1916199536,"Shape_Area":115.390389784},"geometry":{"type":"Polygon","coordinates":[[[11.876750094654579,45.40791531757391,17.0],[11.87674737550858,45.40789198254087,17.0],[11.876743986061184,45.40782275847703,18.0],[11.876631758859691,45.40782972850774,17.0],[11.876618367310993,45.40783024621755,17.0],[11.876625789380054,45.40788829715122,17.0],[11.876577447685863,45.407892576311895,17.0],[11.876573500063106,45.40789285592781,17.0],[11.876577679190898,45.40792731528166,17.0],[11.876750094654579,45.40791531757391,17.0]]]}},{"type":"Feature","id":"UN_VOL:44681","properties":{"OBJECTID":44681,"UN_VOL_POR":"01","UN_VOL_STA":"","UN_VOL_QGR":31.91,"UN_VOL_QCO":0.0,"UN_VOL_AV":15.2,"UN_VOL_INH":0.0,"Shape_Leng":20.5772494298,"Shape_Area":26.1494376929},"geometry":{"type":"Polygon","coordinates":[[[11.876577679190898,45.40792731528166,17.0],[11.876573500063106,45.40789285592781,17.0],[11.876572396373259,45.40788370248859,17.0],[11.876497914132257,45.40789161100801,17.0],[11.876507521995242,45.407929803958346,17.0],[11.876571694469236,45.40792773630104,17.0],[11.876577679190898,45.40792731528166,17.0]]]}},{"type":"Feature","id":"UN_VOL:44683","properties":{"OBJECTID":44683,"UN_VOL_POR":"01","UN_VOL_STA":"","UN_VOL_QGR":32.95,"UN_VOL_QCO":0.0,"UN_VOL_AV":16.24,"UN_VOL_INH":0.0,"Shape_Leng":51.1752548546,"Shape_Area":134.462764353},"geometry":{"type":"Polygon","coordinates":[[[11.876507521995242,45.407929803958346,17.0],[11.876497914132257,45.40789161100801,17.0],[11.876485105364372,45.40784071678513,17.0],[11.87650268085324,45.4078370331923,17.0],[11.876491281907727,45.407796274817,17.0],[11.876470953121093,45.40779606731874,18.0],[11.876407874899202,45.40780206783351,18.0],[11.876354186572193,45.407809272354726,18.0],[11.87637798144352,45.40791542746262,17.0],[11.876444673315252,45.40790762536686,17.0],[11.876453550384898,45.40793143471613,17.0],[11.876507521995242,45.407929803958346,17.0]]]}},{"type":"Feature","id":"UN_VOL:44684","properties":{"OBJECTID":44684,"UN_VOL_POR":"01","UN_VOL_STA":"","UN_VOL_QGR":32.54,"UN_VOL_QCO":0.0,"UN_VOL_AV":15.83,"UN_VOL_INH":0.0,"Shape_Leng":15.6858631391,"Shape_Area":12.9308838049},"geometry":{"type":"Polygon","coordinates":[[[11.876453550384898,45.40793143471613,17.0],[11.876444673315252,45.40790762536686,17.0],[11.87637798144352,45.40791542746262,17.0],[11.876382103308528,45.407933686082465,17.0],[11.876453550384898,45.40793143471613,17.0]]]}},{"type":"Feature","id":"UN_VOL:44686","properties":{"OBJECTID":44686,"UN_VOL_POR":"01","UN_VOL_STA":"","UN_VOL_QGR":35.81,"UN_VOL_QCO":0.0,"UN_VOL_AV":19.11,"UN_VOL_INH":0.0,"Shape_Leng":29.1047914142,"Shape_Area":46.6787345257},"geometry":{"type":"Polygon","coordinates":[[[11.872741937134839,45.40802449283991,17.0],[11.872836994688607,45.40801408809504,17.0],[11.87282721187191,45.407969868444525,17.0],[11.872794877063708,45.407974823152564,17.0],[11.872758043384785,45.40797926079297,17.0],[11.872705412165262,45.40798463643389,17.0],[11.87271419227174,45.408026721386406,18.0],[11.872741937134839,45.40802449283991,17.0]]]}},{"type":"Feature","id":"UN_VOL:44694","properties":{"OBJECTID":44694,"UN_VOL_POR":"01","UN_VOL_STA":"","UN_VOL_QGR":33.36,"UN_VOL_QCO":0.0,"UN_VOL_AV":17.34,"UN_VOL_INH":0.0,"Shape_Leng":61.6109655289,"Shape_Area":192.417004049},"geometry":{"type":"Polygon","coordinates":[[[11.873558210492895,45.408011139565396,16.0],[11.87356553522948,45.408009424691784,16.0],[11.873564573066913,45.408008098611184,16.0],[11.87354209535298,45.407970589716214,16.0],[11.87352398208042,45.40797374611512,16.0],[11.873481169323497,45.40790065381422,16.0],[11.873297554617777,45.40793372160645,17.0],[11.873307519679573,45.40795885450489,17.0],[11.873335208878702,45.40802854692141,17.0],[11.873449336273493,45.40800361999078,17.0],[11.873467383224769,45.408031879518155,17.0],[11.873558210492895,45.408011139565396,16.0]]]}},{"type":"Feature","id":"UN_VOL:44698","properties":{"OBJECTID":44698,"UN_VOL_POR":"01","UN_VOL_STA":"","UN_VOL_QGR":34.46,"UN_VOL_QCO":0.0,"UN_VOL_AV":18.1,"UN_VOL_INH":0.0,"Shape_Leng":27.134265227,"Shape_Area":44.4682495722},"geometry":{"type":"Polygon","coordinates":[[[11.874978358381137,45.40791370673005,16.0],[11.87497766964793,45.40791021342857,16.0],[11.87494563123392,45.40791093063906,16.0],[11.874916783697273,45.40791408797318,16.0],[11.874923292768624,45.40797432236453,16.0],[11.874939406647643,45.40799470936618,16.0],[11.874984536413589,45.40799510226772,16.0],[11.874987523593683,45.40796334261582,16.0],[11.874978358381137,45.40791370673005,16.0]]]}},{"type":"Feature","id":"UN_VOL:44699","properties":{"OBJECTID":44699,"UN_VOL_POR":"01","UN_VOL_STA":"","UN_VOL_QGR":29.9,"UN_VOL_QCO":0.0,"UN_VOL_AV":13.8,"UN_VOL_INH":0.0,"Shape_Leng":36.0526583734,"Shape_Area":62.0258540105},"geometry":{"type":"Polygon","coordinates":[[[11.87390937461421,45.407980961935614,16.0],[11.873917162244872,45.4079506118067,16.0],[11.873867392730961,45.40794691473509,16.0],[11.873866063282172,45.4079710714032,16.0],[11.873784123137357,45.40797052500687,17.0],[11.87376981241261,45.40799572860662,17.0],[11.873764758148093,45.40800440722985,17.0],[11.87384668979201,45.40801989616336,16.0],[11.873900743857481,45.40802240515646,16.0],[11.87390937461421,45.407980961935614,16.0]]]}},{"type":"Feature","id":"UN_VOL:44701","properties":{"OBJECTID":44701,"UN_VOL_POR":"01","UN_VOL_STA":"","UN_VOL_QGR":33.57,"UN_VOL_QCO":0.0,"UN_VOL_AV":17.55,"UN_VOL_INH":0.0,"Shape_Leng":23.9248882319,"Shape_Area":31.6128677729},"geometry":{"type":"Polygon","coordinates":[[[11.873335208878702,45.40802854692141,17.0],[11.873307519679573,45.40795885450489,17.0],[11.873258630610785,45.407969986868636,17.0],[11.873288065028355,45.40803882531783,17.0],[11.873335208878702,45.40802854692141,17.0]]]}},{"type":"Feature","id":"UN_VOL:44709","properties":{"OBJECTID":44709,"UN_VOL_POR":"01","UN_VOL_STA":"","UN_VOL_QGR":27.57,"UN_VOL_QCO":0.0,"UN_VOL_AV":10.85,"UN_VOL_INH":0.0,"Shape_Leng":21.8280047425,"Shape_Area":28.0698519456},"geometry":{"type":"Polygon","coordinates":[[[11.873971660240802,45.407982003688545,16.0],[11.87390937461421,45.407980961935614,16.0],[11.873900743857481,45.40802240515646,16.0],[11.87392251768142,45.40802338713758,16.0],[11.8739806967182,45.40802660222653,16.0],[11.87398628301349,45.40799567721265,17.0],[11.873971260016072,45.407994255454554,16.0],[11.873971660240802,45.407982003688545,16.0]]]}},{"type":"Feature","id":"UN_VOL:44713","properties":{"OBJECTID":44713,"UN_VOL_POR":"01","UN_VOL_STA":"","UN_VOL_QGR":30.3,"UN_VOL_QCO":0.0,"UN_VOL_AV":14.0,"UN_VOL_INH":0.0,"Shape_Leng":25.5456495844,"Shape_Area":37.4070543065},"geometry":{"type":"Polygon","coordinates":[[[11.876033448961946,45.40797046841547,17.0],[11.876024894572435,45.407930358668736,17.0],[11.875920866961943,45.40794027178914,17.0],[11.875929458378126,45.40798110098468,17.0],[11.876033448961946,45.40797046841547,17.0]]]}},{"type":"Feature","id":"UN_VOL:44718","properties":{"OBJECTID":44718,"UN_VOL_POR":"01","UN_VOL_STA":"","UN_VOL_QGR":30.89,"UN_VOL_QCO":0.0,"UN_VOL_AV":14.79,"UN_VOL_INH":0.0,"Shape_Leng":39.4240716183,"Shape_Area":87.8985491175},"geometry":{"type":"Polygon","coordinates":[[[11.87454740055141,45.40791763336192,16.0],[11.874462657357748,45.40791724811722,16.0],[11.874462617801315,45.40793660176653,17.0],[11.874439563278685,45.407935562494956,17.0],[11.874436416893772,45.40798181821858,16.0],[11.874426017522048,45.40801610462997,17.0],[11.874535009609987,45.40801839992718,16.0],[11.87454740055141,45.40791763336192,16.0]]]}},{"type":"Feature","id":"UN_VOL:44720","properties":{"OBJECTID":44720,"UN_VOL_POR":"01","UN_VOL_STA":"","UN_VOL_QGR":32.08,"UN_VOL_QCO":0.0,"UN_VOL_AV":15.37,"UN_VOL_INH":0.0,"Shape_Leng":143.668523505,"Shape_Area":421.059960681},"geometry":{"type":"Polygon","coordinates":[[[11.87289706662478,45.40804705064951,17.0],[11.872884945048835,45.40799955893893,16.0],[11.872832410174007,45.407792772625214,17.0],[11.872740839504653,45.40780137907793,17.0],[11.872740000441292,45.407797439703614,17.0],[11.87260723012163,45.40781005370157,17.0],[11.872628574600096,45.407920951767686,17.0],[11.872649787508157,45.40803176348368,17.0],[11.87271419227174,45.408026721386406,18.0],[11.872705412165262,45.40798463643389,17.0],[11.872758043384785,45.40797926079297,17.0],[11.872732482583627,45.40787341953059,17.0],[11.872769320759781,45.40786907183193,17.0],[11.872794877063708,45.407974823152564,17.0],[11.87282721187191,45.407969868444525,17.0],[11.872836994688607,45.40801408809504,17.0],[11.872741937134839,45.40802449283991,17.0],[11.872751633734792,45.408064484028436,17.0],[11.87289706662478,45.40804705064951,17.0]]]}},{"type":"Feature","id":"UN_VOL:44724","properties":{"OBJECTID":44724,"UN_VOL_POR":"01","UN_VOL_STA":"","UN_VOL_QGR":24.34,"UN_VOL_QCO":0.0,"UN_VOL_AV":9.97,"UN_VOL_INH":0.0,"Shape_Leng":64.1694732459,"Shape_Area":220.47032018},"geometry":{"type":"Polygon","coordinates":[[[11.870607363977925,45.40811025930827,15.0],[11.870604665531099,45.408062080440644,15.0],[11.870600427006277,45.40798603672919,15.0],[11.870575425958815,45.40798693546003,15.0],[11.87046062683036,45.40799108378944,15.0],[11.870458484397544,45.407961433551506,15.0],[11.87041158699255,45.4079639636529,15.0],[11.87041175520613,45.40798493213656,15.0],[11.87041618533899,45.40804710967697,15.0],[11.87041870147238,45.40808413123226,15.0],[11.870421472377105,45.408123667298284,15.0],[11.870607363977925,45.40811025930827,15.0]]]}},{"type":"Feature","id":"UN_VOL:44727","properties":{"OBJECTID":44727,"UN_VOL_POR":"01","UN_VOL_STA":"","UN_VOL_QGR":29.52,"UN_VOL_QCO":0.0,"UN_VOL_AV":13.23,"UN_VOL_INH":0.0,"Shape_Leng":22.6779994455,"Shape_Area":31.0467616008},"geometry":{"type":"Polygon","coordinates":[[[11.875850386435594,45.407989214811025,17.0],[11.875929458378126,45.40798110098468,17.0],[11.875920866961943,45.40794027178914,17.0],[11.875836558111157,45.407948427555084,17.0],[11.875843644775948,45.40798983457404,17.0],[11.875850386435594,45.407989214811025,17.0]]]}},{"type":"Feature","id":"UN_VOL:44729","properties":{"OBJECTID":44729,"UN_VOL_POR":"01","UN_VOL_STA":"","UN_VOL_QGR":28.56,"UN_VOL_QCO":0.0,"UN_VOL_AV":12.46,"UN_VOL_INH":0.0,"Shape_Leng":51.393372979,"Shape_Area":125.919975652},"geometry":{"type":"Polygon","coordinates":[[[11.874688143081176,45.408097263384775,16.0],[11.874588011005113,45.40809078491234,16.0],[11.874454291048737,45.408082181741456,16.0],[11.874448751142952,45.40812408741888,16.0],[11.874499049777667,45.40812813070393,16.0],[11.874495395644034,45.40815180605245,16.0],[11.874503349757427,45.40815241608963,16.0],[11.874582760303655,45.40815851660226,16.0],[11.874614060890552,45.408160878503494,16.0],[11.874673716990603,45.40816549638486,16.0],[11.874688143081176,45.408097263384775,16.0]]]}},{"type":"Feature","id":"UN_VOL:44740","properties":{"OBJECTID":44740,"UN_VOL_POR":"01","UN_VOL_STA":"","UN_VOL_QGR":24.85,"UN_VOL_QCO":0.0,"UN_VOL_AV":9.47,"UN_VOL_INH":0.0,"Shape_Leng":29.2065676834,"Shape_Area":42.3803879295},"geometry":{"type":"Polygon","coordinates":[[[11.872163827214838,45.40824373490906,15.0],[11.872148601419125,45.40818038921682,16.0],[11.872147940918325,45.40819507801134,16.0],[11.87205540792106,45.40820739849527,16.0],[11.872068859757082,45.40825593659047,16.0],[11.872163827214838,45.40824373490906,15.0]]]}},{"type":"Feature","id":"UN_VOL:44741","properties":{"OBJECTID":44741,"UN_VOL_POR":"01","UN_VOL_STA":"","UN_VOL_QGR":26.64,"UN_VOL_QCO":0.0,"UN_VOL_AV":11.85,"UN_VOL_INH":0.0,"Shape_Leng":47.9530831507,"Shape_Area":55.7219234178},"geometry":{"type":"Polygon","coordinates":[[[11.870874280561987,45.40827843845474,15.0],[11.87086314024736,45.408242713681936,15.0],[11.870903474559137,45.40823674821637,15.0],[11.870957510667441,45.40822881752861,15.0],[11.87095063241596,45.4082090980518,15.0],[11.870873920084895,45.408220929459226,15.0],[11.870866002808622,45.408198355402355,15.0],[11.870832979711206,45.40820233674647,15.0],[11.870843289939774,45.40824942401454,15.0],[11.87076754828491,45.40825772066237,15.0],[11.870774372128546,45.40828896321937,15.0],[11.870874280561987,45.40827843845474,15.0]]]}},{"type":"Feature","id":"UN_VOL:44743","properties":{"OBJECTID":44743,"UN_VOL_POR":"01","UN_VOL_STA":"","UN_VOL_QGR":30.68,"UN_VOL_QCO":0.0,"UN_VOL_AV":15.92,"UN_VOL_INH":0.0,"Shape_Leng":20.8971216712,"Shape_Area":27.2118769136},"geometry":{"type":"Polygon","coordinates":[[[11.8716997108939,45.40824650557101,15.0],[11.871711644581122,45.40829535205713,15.0],[11.871773752724055,45.40828784815243,16.0],[11.871761946640257,45.408238998071376,15.0],[11.8716997108939,45.40824650557101,15.0]]]}},{"type":"Feature","id":"UN_VOL:44744","properties":{"OBJECTID":44744,"UN_VOL_POR":"01","UN_VOL_STA":"","UN_VOL_QGR":29.7,"UN_VOL_QCO":0.0,"UN_VOL_AV":13.6,"UN_VOL_INH":0.0,"Shape_Leng":26.8176712443,"Shape_Area":44.6536660604},"geometry":{"type":"Polygon","coordinates":[[[11.874582760303655,45.40815851660226,16.0],[11.874503349757427,45.40815241608963,16.0],[11.874497185436768,45.40819964792099,16.0],[11.874494866999974,45.408216898636994,16.0],[11.874572254220542,45.408223410316545,16.0],[11.874582760303655,45.40815851660226,16.0]]]}},{"type":"Feature","id":"UN_VOL:44745","properties":{"OBJECTID":44745,"UN_VOL_POR":"01","UN_VOL_STA":"","UN_VOL_QGR":31.84,"UN_VOL_QCO":0.0,"UN_VOL_AV":17.08,"UN_VOL_INH":0.0,"Shape_Leng":24.3471865728,"Shape_Area":35.0987744249},"geometry":{"type":"Polygon","coordinates":[[[11.87154669632957,45.408258097430696,15.0],[11.871557107482355,45.40829960114235,15.0],[11.871651204229174,45.40828787203504,15.0],[11.871640788429382,45.408246278012264,15.0],[11.87154669632957,45.408258097430696,15.0]]]}},{"type":"Feature","id":"UN_VOL:44752","properties":{"OBJECTID":44752,"UN_VOL_POR":"01","UN_VOL_STA":"","UN_VOL_QGR":30.96,"UN_VOL_QCO":0.0,"UN_VOL_AV":14.86,"UN_VOL_INH":0.0,"Shape_Leng":19.390831029,"Shape_Area":17.5908357428},"geometry":{"type":"Polygon","coordinates":[[[11.874614060890552,45.408160878503494,16.0],[11.874582760303655,45.40815851660226,16.0],[11.874572254220542,45.408223410316545,16.0],[11.874602287214698,45.40822598385935,16.0],[11.874614060890552,45.408160878503494,16.0]]]}},{"type":"Feature","id":"UN_VOL:44753","properties":{"OBJECTID":44753,"UN_VOL_POR":"01","UN_VOL_STA":"","UN_VOL_QGR":32.65,"UN_VOL_QCO":0.0,"UN_VOL_AV":16.57,"UN_VOL_INH":0.0,"Shape_Leng":52.0693649317,"Shape_Area":128.792152287},"geometry":{"type":"Polygon","coordinates":[[[11.876358663479301,45.40817911106587,17.0],[11.876326463979009,45.40802825163206,17.0],[11.876213863367138,45.40804045142865,17.0],[11.876229488580115,45.40813925129975,17.0],[11.876287315960912,45.40813302306107,17.0],[11.876296793064428,45.408183731149364,17.0],[11.876358663479301,45.40817911106587,17.0]]]}},{"type":"Feature","id":"UN_VOL:44755","properties":{"OBJECTID":44755,"UN_VOL_POR":"01","UN_VOL_STA":"","UN_VOL_QGR":28.76,"UN_VOL_QCO":0.0,"UN_VOL_AV":12.72,"UN_VOL_INH":0.0,"Shape_Leng":17.4472087852,"Shape_Area":18.9443531537},"geometry":{"type":"Polygon","coordinates":[[[11.875423353485827,45.408166050264505,16.0],[11.875371705680072,45.40816312116859,16.0],[11.87536696442461,45.408205636311926,16.0],[11.875419788012787,45.40820655552997,16.0],[11.875423353485827,45.408166050264505,16.0]]]}},{"type":"Feature","id":"UN_VOL:44757","properties":{"OBJECTID":44757,"UN_VOL_POR":"01","UN_VOL_STA":"","UN_VOL_QGR":33.08,"UN_VOL_QCO":0.0,"UN_VOL_AV":16.93,"UN_VOL_INH":0.0,"Shape_Leng":34.5078945343,"Shape_Area":73.201735738},"geometry":{"type":"Polygon","coordinates":[[[11.876618084746928,45.408171761039725,17.0],[11.876707464983966,45.40814520396638,17.0],[11.876680663299963,45.40809808316224,17.0],[11.876668727825722,45.408076961125616,18.0],[11.876568061009147,45.408097681478964,18.0],[11.876605860318096,45.40817764979185,17.0],[11.876618084746928,45.408171761039725,17.0]]]}},{"type":"Feature","id":"UN_VOL:44758","properties":{"OBJECTID":44758,"UN_VOL_POR":"01","UN_VOL_STA":"","UN_VOL_QGR":28.78,"UN_VOL_QCO":0.0,"UN_VOL_AV":12.63,"UN_VOL_INH":0.0,"Shape_Leng":23.3184337648,"Shape_Area":33.5373048131},"geometry":{"type":"Polygon","coordinates":[[[11.874190023735855,45.40822313761785,17.0],[11.874202925119908,45.40818023687756,17.0],[11.874138058647572,45.408171159168774,16.0],[11.874123079688333,45.40822851465207,16.0],[11.87412475257575,45.40822874226393,16.0],[11.874184072122405,45.408239310017755,17.0],[11.874190023735855,45.40822313761785,17.0]]]}},{"type":"Feature","id":"UN_VOL:44770","properties":{"OBJECTID":44770,"UN_VOL_POR":"01","UN_VOL_STA":"","UN_VOL_QGR":33.3,"UN_VOL_QCO":0.0,"UN_VOL_AV":17.0,"UN_VOL_INH":0.0,"Shape_Leng":21.8648630971,"Shape_Area":25.9717625833},"geometry":{"type":"Polygon","coordinates":[[[11.875890722521804,45.40830783266898,16.0],[11.875849048649266,45.408312573397474,16.0],[11.875796827363212,45.4083184804147,16.0],[11.87580389508247,45.40834944677282,16.0],[11.875897667164619,45.4083388917804,16.0],[11.875890722521804,45.40830783266898,16.0]]]}},{"type":"Feature","id":"UN_VOL:44771","properties":{"OBJECTID":44771,"UN_VOL_POR":"01","UN_VOL_STA":"","UN_VOL_QGR":29.49,"UN_VOL_QCO":0.0,"UN_VOL_AV":13.39,"UN_VOL_INH":0.0,"Shape_Leng":63.3636213055,"Shape_Area":220.400124856},"geometry":{"type":"Polygon","coordinates":[[[11.87465978772733,45.40823092619485,16.0],[11.874602287214698,45.40822598385935,16.0],[11.874572254220542,45.408223410316545,16.0],[11.874494866999974,45.408216898636994,16.0],[11.874491950712342,45.408234974445456,16.0],[11.8744866884943,45.40826724163081,16.0],[11.874458346082353,45.40826525540585,16.0],[11.874451184237149,45.40831296220789,16.0],[11.874484923309913,45.40831553285438,16.0],[11.874470860032059,45.40836071328645,16.0],[11.874570167580734,45.40837360361663,16.0],[11.8746109403922,45.40837878730463,16.0],[11.874627791488571,45.408380973342936,16.0],[11.87465978772733,45.40823092619485,16.0]]]}},{"type":"Feature","id":"UN_VOL:44776","properties":{"OBJECTID":44776,"UN_VOL_POR":"01","UN_VOL_STA":"","UN_VOL_QGR":33.59,"UN_VOL_QCO":0.0,"UN_VOL_AV":17.57,"UN_VOL_INH":0.0,"Shape_Leng":38.3740207067,"Shape_Area":88.9635482288},"geometry":{"type":"Polygon","coordinates":[[[11.873288065028355,45.40803882531783,17.0],[11.873258630610785,45.407969986868636,17.0],[11.873246906017371,45.4079429184137,17.0],[11.873245638961897,45.40794313041362,17.0],[11.873151288527701,45.407959908286934,17.0],[11.873153927692025,45.40796659261135,17.0],[11.873191130280278,45.408060079034996,17.0],[11.873288065028355,45.40803882531783,17.0]]]}},{"type":"Feature","id":"UN_VOL:44778","properties":{"OBJECTID":44778,"UN_VOL_POR":"01","UN_VOL_STA":"","UN_VOL_QGR":25.07,"UN_VOL_QCO":0.0,"UN_VOL_AV":8.78,"UN_VOL_INH":0.0,"Shape_Leng":19.3835689174,"Shape_Area":23.4087562595},"geometry":{"type":"Polygon","coordinates":[[[11.875843644775948,45.40798983457404,17.0],[11.875836558111157,45.407948427555084,17.0],[11.875770854396542,45.407955574062214,17.0],[11.87578031148171,45.40799584156,17.0],[11.875843644775948,45.40798983457404,17.0]]]}},{"type":"Feature","id":"UN_VOL:44784","properties":{"OBJECTID":44784,"UN_VOL_POR":"01","UN_VOL_STA":"","UN_VOL_QGR":26.02,"UN_VOL_QCO":0.0,"UN_VOL_AV":9.92,"UN_VOL_INH":0.0,"Shape_Leng":51.2715369154,"Shape_Area":157.077783751},"geometry":{"type":"Polygon","coordinates":[[[11.874713312941351,45.40797889288156,16.0],[11.874719313938096,45.407951107851545,16.0],[11.874739326772973,45.40792495004913,16.0],[11.87460785414001,45.40791782084338,16.0],[11.87454740055141,45.40791763336192,16.0],[11.874535009609987,45.40801839992718,16.0],[11.87459892719715,45.408021380083404,16.0],[11.874703202268753,45.40802640424446,16.0],[11.874713312941351,45.40797889288156,16.0]]]}},{"type":"Feature","id":"UN_VOL:44792","properties":{"OBJECTID":44792,"UN_VOL_POR":"01","UN_VOL_STA":"","UN_VOL_QGR":29.54,"UN_VOL_QCO":0.0,"UN_VOL_AV":13.25,"UN_VOL_INH":0.0,"Shape_Leng":38.1936501535,"Shape_Area":87.857486494},"geometry":{"type":"Polygon","coordinates":[[[11.875248777977252,45.40797701228048,16.0],[11.875242380806961,45.40794413917611,16.0],[11.87518597928865,45.40794574012814,16.0],[11.875130735979916,45.40794749235105,16.0],[11.875099217376235,45.407948376600096,16.0],[11.875106939370543,45.40801488135388,16.0],[11.87510690299477,45.40801668242656,16.0],[11.875138312782937,45.408016161104484,16.0],[11.875210835671059,45.40801496358061,16.0],[11.875252263489616,45.40801545005023,16.0],[11.875248777977252,45.40797701228048,16.0]]]}},{"type":"Feature","id":"UN_VOL:44803","properties":{"OBJECTID":44803,"UN_VOL_POR":"01","UN_VOL_STA":"","UN_VOL_QGR":28.54,"UN_VOL_QCO":0.0,"UN_VOL_AV":12.25,"UN_VOL_INH":0.0,"Shape_Leng":36.3744134355,"Shape_Area":71.4046910749},"geometry":{"type":"Polygon","coordinates":[[[11.875444618733386,45.40797081723334,16.0],[11.875442681019738,45.407965375160295,16.0],[11.875281248718077,45.4079621522023,16.0],[11.875283710719867,45.407975412018274,16.0],[11.875287091250764,45.40801178213598,16.0],[11.87544247134142,45.408019118105486,16.0],[11.875444618733386,45.40797081723334,16.0]]]}},{"type":"Feature","id":"UN_VOL:44812","properties":{"OBJECTID":44812,"UN_VOL_POR":"01","UN_VOL_STA":"","UN_VOL_QGR":33.86,"UN_VOL_QCO":0.0,"UN_VOL_AV":17.84,"UN_VOL_INH":0.0,"Shape_Leng":40.106640322,"Shape_Area":98.343664178},"geometry":{"type":"Polygon","coordinates":[[[11.873131853273039,45.40807300332797,17.0],[11.873173057458953,45.40806404439074,17.0],[11.873191130280278,45.408060079034996,17.0],[11.873153927692025,45.40796659261135,17.0],[11.873051085235987,45.407989795125594,17.0],[11.873062080883612,45.408022643000535,17.0],[11.873050553706635,45.40802716350268,17.0],[11.873074381305505,45.408083721796025,17.0],[11.873131853273039,45.40807300332797,17.0]]]}},{"type":"Feature","id":"UN_VOL:44819","properties":{"OBJECTID":44819,"UN_VOL_POR":"01","UN_VOL_STA":"","UN_VOL_QGR":33.21,"UN_VOL_QCO":0.0,"UN_VOL_AV":16.38,"UN_VOL_INH":0.0,"Shape_Leng":18.7213028063,"Shape_Area":18.6357495502},"geometry":{"type":"Polygon","coordinates":[[[11.873074381305505,45.408083721796025,17.0],[11.873050553706635,45.40802716350268,17.0],[11.873013542849893,45.40803565662289,17.0],[11.873040961796073,45.408089963761924,17.0],[11.873074381305505,45.408083721796025,17.0]]]}},{"type":"Feature","id":"UN_VOL:44820","properties":{"OBJECTID":44820,"UN_VOL_POR":"01","UN_VOL_STA":"","UN_VOL_QGR":31.14,"UN_VOL_QCO":0.0,"UN_VOL_AV":15.05,"UN_VOL_INH":0.0,"Shape_Leng":36.5731157745,"Shape_Area":76.2474518513},"geometry":{"type":"Polygon","coordinates":[[[11.873764758148093,45.40800440722985,17.0],[11.87376981241261,45.40799572860662,17.0],[11.873687916001439,45.407958275890344,17.0],[11.873682701300998,45.4079587674115,17.0],[11.873679943778333,45.4079598269854,17.0],[11.873615116317744,45.40798423253699,16.0],[11.873725339086898,45.408073719426106,16.0],[11.873764758148093,45.40800440722985,17.0]]]}},{"type":"Feature","id":"UN_VOL:44828","properties":{"OBJECTID":44828,"UN_VOL_POR":"01","UN_VOL_STA":"","UN_VOL_QGR":35.02,"UN_VOL_QCO":0.0,"UN_VOL_AV":18.94,"UN_VOL_INH":0.0,"Shape_Leng":16.1464239861,"Shape_Area":16.0000204493},"geometry":{"type":"Polygon","coordinates":[[[11.876655447293366,45.40800420563417,18.0],[11.8766481238374,45.40797324616477,17.0],[11.876591221587159,45.407977561060456,17.0],[11.876596398517137,45.408009024883285,18.0],[11.876655447293366,45.40800420563417,18.0]]]}},{"type":"Feature","id":"UN_VOL:44842","properties":{"OBJECTID":44842,"UN_VOL_POR":"01","UN_VOL_STA":"","UN_VOL_QGR":30.13,"UN_VOL_QCO":0.0,"UN_VOL_AV":13.39,"UN_VOL_INH":0.0,"Shape_Leng":43.7775030449,"Shape_Area":77.8659013817},"geometry":{"type":"Polygon","coordinates":[[[11.874593178111944,45.408061670585795,16.0],[11.87459892719715,45.408021380083404,16.0],[11.874535009609987,45.40801839992718,16.0],[11.874426017522048,45.40801610462997,17.0],[11.87439532814163,45.40801570791927,17.0],[11.874387769545923,45.40806315457329,17.0],[11.874387386651991,45.40806568474935,17.0],[11.874456774468856,45.40807068752507,16.0],[11.874460169073592,45.40805448987014,16.0],[11.874593178111944,45.408061670585795,16.0]]]}},{"type":"Feature","id":"UN_VOL:44848","properties":{"OBJECTID":44848,"UN_VOL_POR":"01","UN_VOL_STA":"","UN_VOL_QGR":28.59,"UN_VOL_QCO":0.0,"UN_VOL_AV":12.18,"UN_VOL_INH":0.0,"Shape_Leng":62.5031524946,"Shape_Area":142.28655214},"geometry":{"type":"Polygon","coordinates":[[[11.874044202979976,45.40800636994923,17.0],[11.87401574662001,45.40800213609423,17.0],[11.874025776489923,45.407958047435905,17.0],[11.87402753978606,45.40795251211645,17.0],[11.873980473682442,45.4079491972337,17.0],[11.873971660240802,45.407982003688545,16.0],[11.873971260016072,45.407994255454554,16.0],[11.87398628301349,45.40799567721265,17.0],[11.8739806967182,45.40802660222653,16.0],[11.87392251768142,45.40802338713758,16.0],[11.87387183778281,45.408125117633304,16.0],[11.873989450310667,45.40813862759309,16.0],[11.874044202979976,45.40800636994923,17.0]]]}},{"type":"Feature","id":"UN_VOL:44849","properties":{"OBJECTID":44849,"UN_VOL_POR":"01","UN_VOL_STA":"","UN_VOL_QGR":28.41,"UN_VOL_QCO":0.0,"UN_VOL_AV":12.39,"UN_VOL_INH":0.0,"Shape_Leng":49.7584323504,"Shape_Area":112.41517625},"geometry":{"type":"Polygon","coordinates":[[[11.873481506357125,45.40807598980881,17.0],[11.873452647103797,45.4080361210758,17.0],[11.873235313232154,45.40809722191611,17.0],[11.873261757335966,45.40815749429836,17.0],[11.873481506357125,45.40807598980881,17.0]]]}},{"type":"Feature","id":"UN_VOL:44853","properties":{"OBJECTID":44853,"UN_VOL_POR":"01","UN_VOL_STA":"","UN_VOL_QGR":27.56,"UN_VOL_QCO":0.0,"UN_VOL_AV":11.27,"UN_VOL_INH":0.0,"Shape_Leng":22.923135259,"Shape_Area":32.0898969911},"geometry":{"type":"Polygon","coordinates":[[[11.875876654271114,45.408088736615255,17.0],[11.875868299774098,45.40804502111718,17.0],[11.875860760662903,45.40804503104289,17.0],[11.875782800774624,45.40805491694966,17.0],[11.875791487831082,45.40809511380679,17.0],[11.875876654271114,45.408088736615255,17.0]]]}},{"type":"Feature","id":"UN_VOL:44872","properties":{"OBJECTID":44872,"UN_VOL_POR":"01","UN_VOL_STA":"","UN_VOL_QGR":24.07,"UN_VOL_QCO":0.0,"UN_VOL_AV":9.29,"UN_VOL_INH":0.0,"Shape_Leng":47.9737663522,"Shape_Area":118.562514205},"geometry":{"type":"Polygon","coordinates":[[[11.87101509720421,45.408220347635634,15.0],[11.871024737329163,45.40821893485293,15.0],[11.870989248045454,45.40812891526921,16.0],[11.870888013539405,45.408141003905385,15.0],[11.870822851324798,45.4081563250736,15.0],[11.870832979711206,45.40820233674647,15.0],[11.870866002808622,45.408198355402355,15.0],[11.870873920084895,45.408220929459226,15.0],[11.87095063241596,45.4082090980518,15.0],[11.870957510667441,45.40822881752861,15.0],[11.87101509720421,45.408220347635634,15.0]]]}},{"type":"Feature","id":"UN_VOL:44876","properties":{"OBJECTID":44876,"UN_VOL_POR":"01","UN_VOL_STA":"","UN_VOL_QGR":34.94,"UN_VOL_QCO":0.0,"UN_VOL_AV":18.86,"UN_VOL_INH":0.0,"Shape_Leng":39.6063518617,"Shape_Area":94.0179625513},"geometry":{"type":"Polygon","coordinates":[[[11.876603048485,45.40804936308234,18.0],[11.876596398517137,45.408009024883285,18.0],[11.876591221587159,45.407977561060456,17.0],[11.87648899949739,45.40798526883754,17.0],[11.87651259361939,45.40809250914729,17.0],[11.876606438985377,45.408085912612876,18.0],[11.876603048485,45.40804936308234,18.0]]]}},{"type":"Feature","id":"UN_VOL:44882","properties":{"OBJECTID":44882,"UN_VOL_POR":"01","UN_VOL_STA":"","UN_VOL_QGR":24.99,"UN_VOL_QCO":0.0,"UN_VOL_AV":8.79,"UN_VOL_INH":0.0,"Shape_Leng":32.4744442428,"Shape_Area":53.5739583064},"geometry":{"type":"Polygon","coordinates":[[[11.875490240578698,45.40808659385419,16.0],[11.875487021928658,45.40807857348595,16.0],[11.875435565644214,45.40807437971702,16.0],[11.875352408070674,45.408067474145675,16.0],[11.87535386599037,45.40811127342852,16.0],[11.875505098313022,45.40812249424182,16.0],[11.875490240578698,45.40808659385419,16.0]]]}},{"type":"Feature","id":"UN_VOL:44884","properties":{"OBJECTID":44884,"UN_VOL_POR":"01","UN_VOL_STA":"","UN_VOL_QGR":29.03,"UN_VOL_QCO":0.0,"UN_VOL_AV":12.74,"UN_VOL_INH":0.0,"Shape_Leng":22.0953326493,"Shape_Area":30.0040111391},"geometry":{"type":"Polygon","coordinates":[[[11.875759733328554,45.408114006524436,16.0],[11.875747754222601,45.40805931090395,17.0],[11.875692010159131,45.408066296394395,17.0],[11.87568658639563,45.40811801040631,16.0],[11.875759733328554,45.408114006524436,16.0]]]}},{"type":"Feature","id":"UN_VOL:44890","properties":{"OBJECTID":44890,"UN_VOL_POR":"01","UN_VOL_STA":"","UN_VOL_QGR":30.65,"UN_VOL_QCO":0.0,"UN_VOL_AV":14.45,"UN_VOL_INH":0.0,"Shape_Leng":21.8309430067,"Shape_Area":27.0751215576},"geometry":{"type":"Polygon","coordinates":[[[11.87534992000922,45.40812919511387,16.0],[11.87535386599037,45.40811127342852,16.0],[11.875352408070674,45.408067474145675,16.0],[11.87530338616433,45.4080633986745,16.0],[11.875306896991287,45.40813252967365,17.0],[11.87534992000922,45.40812919511387,16.0]]]}},{"type":"Feature","id":"UN_VOL:44892","properties":{"OBJECTID":44892,"UN_VOL_POR":"01","UN_VOL_STA":"","UN_VOL_QGR":31.35,"UN_VOL_QCO":0.0,"UN_VOL_AV":15.26,"UN_VOL_INH":0.0,"Shape_Leng":46.8980949682,"Shape_Area":135.892797106},"geometry":{"type":"Polygon","coordinates":[[[11.876824215217866,45.40806376963481,18.0],[11.876769987110789,45.4079698135756,17.0],[11.8766481238374,45.40797324616477,17.0],[11.876655447293366,45.40800420563417,18.0],[11.876664489361302,45.40803629238244,18.0],[11.876663834809,45.40805359124068,18.0],[11.876668727825722,45.408076961125616,18.0],[11.876680663299963,45.40809808316224,17.0],[11.876824215217866,45.40806376963481,18.0]]]}},{"type":"Feature","id":"UN_VOL:44895","properties":{"OBJECTID":44895,"UN_VOL_POR":"01","UN_VOL_STA":"","UN_VOL_QGR":29.58,"UN_VOL_QCO":0.0,"UN_VOL_AV":13.43,"UN_VOL_INH":0.0,"Shape_Leng":50.9850257793,"Shape_Area":90.8262328643},"geometry":{"type":"Polygon","coordinates":[[[11.87387183778281,45.408125117633304,16.0],[11.873791804178879,45.40806646487553,16.0],[11.87380853995566,45.40803615913409,16.0],[11.87384668979201,45.40801989616336,16.0],[11.873764758148093,45.40800440722985,17.0],[11.873725339086898,45.408073719426106,16.0],[11.873843015572541,45.40817156979907,16.0],[11.87387183778281,45.408125117633304,16.0]]]}},{"type":"Feature","id":"UN_VOL:44896","properties":{"OBJECTID":44896,"UN_VOL_POR":"01","UN_VOL_STA":"","UN_VOL_QGR":26.81,"UN_VOL_QCO":0.0,"UN_VOL_AV":10.51,"UN_VOL_INH":0.0,"Shape_Leng":24.2622650081,"Shape_Area":35.8005068445},"geometry":{"type":"Polygon","coordinates":[[[11.875625664112997,45.40812620693169,16.0],[11.87568658639563,45.40811801040631,16.0],[11.875692010159131,45.408066296394395,17.0],[11.875653827649826,45.408071849526756,16.0],[11.875598015246362,45.40808000691193,16.0],[11.87561649300829,45.408124277721676,16.0],[11.87561754141398,45.408127311720705,16.0],[11.875625664112997,45.40812620693169,16.0]]]}},{"type":"Feature","id":"UN_VOL:44903","properties":{"OBJECTID":44903,"UN_VOL_POR":"01","UN_VOL_STA":"","UN_VOL_QGR":29.09,"UN_VOL_QCO":0.0,"UN_VOL_AV":14.47,"UN_VOL_INH":0.0,"Shape_Leng":42.6727642432,"Shape_Area":92.79296667},"geometry":{"type":"Polygon","coordinates":[[[11.870635432674316,45.40825555367464,15.0],[11.870625095199193,45.40818272343823,15.0],[11.870456647122655,45.40819488260031,15.0],[11.870460808458928,45.40822403181382,15.0],[11.870464773771785,45.4082518360363,15.0],[11.870574819268453,45.40824465682701,15.0],[11.870576715858938,45.40825937132767,15.0],[11.870635432674316,45.40825555367464,15.0]]]}},{"type":"Feature","id":"UN_VOL:44920","properties":{"OBJECTID":44920,"UN_VOL_POR":"01","UN_VOL_STA":"","UN_VOL_QGR":23.38,"UN_VOL_QCO":0.0,"UN_VOL_AV":8.62,"UN_VOL_INH":0.0,"Shape_Leng":50.1519789443,"Shape_Area":96.1316853123},"geometry":{"type":"Polygon","coordinates":[[[11.870938427590511,45.408474942188455,15.0],[11.870926166082288,45.40843474485355,15.0],[11.870946349254563,45.40843207667728,15.0],[11.870939461858125,45.40841217733687,15.0],[11.870990516549499,45.408405942102014,15.0],[11.870981997330022,45.408381583043656,15.0],[11.870954730955104,45.40838568932491,15.0],[11.870914277990183,45.408391837887535,15.0],[11.870829885476066,45.408400892131674,15.0],[11.870790024725363,45.40840612567188,15.0],[11.870790512509478,45.408413224366356,15.0],[11.87080094135571,45.40845760841854,15.0],[11.870859102673531,45.40845038440824,15.0],[11.87086575789839,45.40848082117025,15.0],[11.870938427590511,45.408474942188455,15.0]]]}},{"type":"Feature","id":"UN_VOL:44928","properties":{"OBJECTID":44928,"UN_VOL_POR":"01","UN_VOL_STA":"","UN_VOL_QGR":28.58,"UN_VOL_QCO":0.0,"UN_VOL_AV":12.56,"UN_VOL_INH":0.0,"Shape_Leng":26.4140342932,"Shape_Area":41.1507796753},"geometry":{"type":"Polygon","coordinates":[[[11.87340859323114,45.408401871237146,16.0],[11.873383280183607,45.40835885276329,16.0],[11.873293327759985,45.40837921035835,16.0],[11.873289781361596,45.40837983994404,16.0],[11.873304415155637,45.408423937395185,16.0],[11.87340859323114,45.408401871237146,16.0]]]}},{"type":"Feature","id":"UN_VOL:44929","properties":{"OBJECTID":44929,"UN_VOL_POR":"01","UN_VOL_STA":"","UN_VOL_QGR":28.59,"UN_VOL_QCO":0.0,"UN_VOL_AV":13.12,"UN_VOL_INH":0.0,"Shape_Leng":29.0167454897,"Shape_Area":29.3098118634},"geometry":{"type":"Polygon","coordinates":[[[11.875393620674812,45.40832036088548,16.0],[11.875369485238926,45.408318178823144,16.0],[11.875371794126595,45.40834350408614,16.0],[11.875285554816843,45.40833631593929,16.0],[11.875284316111843,45.408352189540345,16.0],[11.875288030689994,45.40835236568577,16.0],[11.875287046702056,45.40835815152668,16.0],[11.875306564699626,45.4083599997301,16.0],[11.87530537998317,45.40836435027072,16.0],[11.875388410315374,45.408371259082614,16.0],[11.875395065438767,45.408371451558516,16.0],[11.875393620674812,45.40832036088548,16.0]]]}},{"type":"Feature","id":"UN_VOL:44936","properties":{"OBJECTID":44936,"UN_VOL_POR":"01","UN_VOL_STA":"","UN_VOL_QGR":27.18,"UN_VOL_QCO":0.0,"UN_VOL_AV":11.09,"UN_VOL_INH":0.0,"Shape_Leng":15.1581117222,"Shape_Area":14.2535000078},"geometry":{"type":"Polygon","coordinates":[[[11.876399967831814,45.40834819353588,16.0],[11.876398148351377,45.4083400482648,16.0],[11.876392392694973,45.40831228938232,16.0],[11.876348845984113,45.4083178879272,16.0],[11.876355039503244,45.408354276756604,16.0],[11.876399967831814,45.40834819353588,16.0]]]}},{"type":"Feature","id":"UN_VOL:44937","properties":{"OBJECTID":44937,"UN_VOL_POR":"01","UN_VOL_STA":"","UN_VOL_QGR":21.93,"UN_VOL_QCO":0.0,"UN_VOL_AV":7.14,"UN_VOL_INH":0.0,"Shape_Leng":64.8862945732,"Shape_Area":188.345348559},"geometry":{"type":"Polygon","coordinates":[[[11.870465702902115,45.408502047602816,15.0],[11.870590722465467,45.40849026103402,15.0],[11.870572754618994,45.40836271527388,15.0],[11.870538869638596,45.408364828013134,15.0],[11.870528240346149,45.40829632579679,15.0],[11.870469295467007,45.40830068902284,15.0],[11.87046776848272,45.40830081748415,15.0],[11.870475945583088,45.40837136164594,15.0],[11.87044072963461,45.4083749478083,15.0],[11.870444836191412,45.40840805928875,15.0],[11.870446664315544,45.4084239453422,15.0],[11.870456290706006,45.408502914323485,15.0],[11.870465702902115,45.408502047602816,15.0]]]}},{"type":"Feature","id":"UN_VOL:44942","properties":{"OBJECTID":44942,"UN_VOL_POR":"01","UN_VOL_STA":"","UN_VOL_QGR":25.97,"UN_VOL_QCO":0.0,"UN_VOL_AV":10.5,"UN_VOL_INH":0.0,"Shape_Leng":38.1493524539,"Shape_Area":76.6975945973},"geometry":{"type":"Polygon","coordinates":[[[11.875558614064632,45.40832322379798,16.0],[11.875393620674812,45.40832036088548,16.0],[11.875395065438767,45.408371451558516,16.0],[11.875568099322956,45.40837663236398,16.0],[11.875559119821007,45.40832564153551,16.0],[11.875558614064632,45.40832322379798,16.0]]]}},{"type":"Feature","id":"UN_VOL:44943","properties":{"OBJECTID":44943,"UN_VOL_POR":"01","UN_VOL_STA":"","UN_VOL_QGR":29.27,"UN_VOL_QCO":0.0,"UN_VOL_AV":13.54,"UN_VOL_INH":0.0,"Shape_Leng":71.6026671384,"Shape_Area":271.797278513},"geometry":{"type":"Polygon","coordinates":[[[11.872723443323816,45.4089620792029,16.0],[11.872884134766407,45.408943091070235,16.0],[11.87287692702938,45.40890429710772,16.0],[11.872873881242949,45.40888709144109,16.0],[11.87291807691876,45.40888417850825,16.0],[11.872906738760369,45.40883198659658,16.0],[11.872774444246495,45.40884143834003,16.0],[11.872606241063442,45.40885341441967,16.0],[11.872606537622593,45.40886429832554,16.0],[11.872643307549112,45.408969407555624,16.0],[11.872723443323816,45.4089620792029,16.0]]]}},{"type":"Feature","id":"UN_VOL:45021","properties":{"OBJECTID":45021,"UN_VOL_POR":"03","UN_VOL_STA":"","UN_VOL_QGR":25.2,"UN_VOL_QCO":0.0,"UN_VOL_AV":9.47,"UN_VOL_INH":4.29,"Shape_Leng":29.666992361,"Shape_Area":25.2212964391},"geometry":{"type":"Polygon","coordinates":[[[11.873519191346087,45.406426550569,16.0],[11.873517372202073,45.406413364569296,16.0],[11.873354081152977,45.406433859034415,16.0],[11.87335803361015,45.40644627132998,16.0],[11.873359706578528,45.406451539623106,16.0],[11.873519775097957,45.40643049636804,16.0],[11.873519191346087,45.406426550569,16.0]]]}},{"type":"Feature","id":"UN_VOL:45024","properties":{"OBJECTID":45024,"UN_VOL_POR":"03","UN_VOL_STA":"","UN_VOL_QGR":23.78,"UN_VOL_QCO":0.0,"UN_VOL_AV":7.78,"UN_VOL_INH":3.1,"Shape_Leng":21.7657425598,"Shape_Area":19.7565246899},"geometry":{"type":"Polygon","coordinates":[[[11.873694271773505,45.40645202546366,16.0],[11.873693391589459,45.406447276710054,16.0],[11.873688782930916,45.40643200062447,16.0],[11.873580929890919,45.40644956915808,16.0],[11.873588729329692,45.406469805561834,16.0],[11.873694271773505,45.40645202546366,16.0]]]}},{"type":"Feature","id":"UN_VOL:45026","properties":{"OBJECTID":45026,"UN_VOL_POR":"03","UN_VOL_STA":"","UN_VOL_QGR":31.58,"UN_VOL_QCO":0.0,"UN_VOL_AV":15.46,"UN_VOL_INH":3.81,"Shape_Leng":51.1956159295,"Shape_Area":64.6160852344},"geometry":{"type":"Polygon","coordinates":[[[11.876728909863633,45.40638671792645,17.0],[11.8766524487098,45.40618962777836,16.0],[11.876617371623066,45.4061959129743,16.0],[11.876694001437784,45.406393808924946,17.0],[11.876728909863633,45.40638671792645,17.0]]]}},{"type":"Feature","id":"UN_VOL:45032","properties":{"OBJECTID":45032,"UN_VOL_POR":"03","UN_VOL_STA":"","UN_VOL_QGR":25.84,"UN_VOL_QCO":0.0,"UN_VOL_AV":9.6,"UN_VOL_INH":2.6,"Shape_Leng":14.1562655088,"Shape_Area":9.83706617842},"geometry":{"type":"Polygon","coordinates":[[[11.874594315795276,45.40645311731068,16.0],[11.874581532167303,45.40640771274683,16.0],[11.874575319620266,45.40640867929209,16.0],[11.874557812764671,45.406411190640576,16.0],[11.874570623749559,45.40645713440888,16.0],[11.874594315795276,45.40645311731068,16.0]]]}},{"type":"Feature","id":"UN_VOL:45033","properties":{"OBJECTID":45033,"UN_VOL_POR":"03","UN_VOL_STA":"","UN_VOL_QGR":31.52,"UN_VOL_QCO":0.0,"UN_VOL_AV":15.65,"UN_VOL_INH":3.57,"Shape_Leng":11.7276279146,"Shape_Area":8.54836751938},"geometry":{"type":"Polygon","coordinates":[[[11.875478646597637,45.40643416482124,16.0],[11.875510186685355,45.40642616895681,16.0],[11.875498630139685,45.406399906524534,16.0],[11.875464605535665,45.40640679477936,16.0],[11.875478140485013,45.40643426762264,16.0],[11.875478646597637,45.40643416482124,16.0]]]}},{"type":"Feature","id":"UN_VOL:45044","properties":{"OBJECTID":45044,"UN_VOL_POR":"03","UN_VOL_STA":"","UN_VOL_QGR":29.1,"UN_VOL_QCO":0.0,"UN_VOL_AV":13.55,"UN_VOL_INH":4.61,"Shape_Leng":65.1378038131,"Shape_Area":135.240513966},"geometry":{"type":"Polygon","coordinates":[[[11.877087949563839,45.40641871098255,16.0],[11.877358900264204,45.40635174992586,16.0],[11.877361931256878,45.40635104355367,16.0],[11.87736092847813,45.40634890849765,16.0],[11.877373804181897,45.40634579352101,16.0],[11.87735828052077,45.40631441055295,15.0],[11.877353735348162,45.40630543395204,15.0],[11.877353160708006,45.406304188177565,15.0],[11.877024258212234,45.40638998248662,17.0],[11.877039235423437,45.40643074063786,17.0],[11.877087949563839,45.40641871098255,16.0]]]}},{"type":"Feature","id":"UN_VOL:45045","properties":{"OBJECTID":45045,"UN_VOL_POR":"03","UN_VOL_STA":"","UN_VOL_QGR":28.05,"UN_VOL_QCO":0.0,"UN_VOL_AV":12.41,"UN_VOL_INH":5.3,"Shape_Leng":44.3640677422,"Shape_Area":51.001777271},"geometry":{"type":"Polygon","coordinates":[[[11.875447013133757,45.40647051724858,16.0],[11.875361793341673,45.40630470102469,16.0],[11.875329998510981,45.406312703267616,16.0],[11.875331985667993,45.40631661408173,16.0],[11.875412550366194,45.40647129568605,16.0],[11.875415818932543,45.40647778400453,16.0],[11.875447013133757,45.40647051724858,16.0]]]}},{"type":"Feature","id":"UN_VOL:45048","properties":{"OBJECTID":45048,"UN_VOL_POR":"03","UN_VOL_STA":"","UN_VOL_QGR":26.75,"UN_VOL_QCO":0.0,"UN_VOL_AV":10.52,"UN_VOL_INH":5.76,"Shape_Leng":16.0307646092,"Shape_Area":11.6386419366},"geometry":{"type":"Polygon","coordinates":[[[11.874609579205789,45.40650710038345,16.0],[11.874594315795276,45.40645311731068,16.0],[11.874570623749559,45.40645713440888,16.0],[11.874585878560032,45.40651093760784,16.0],[11.874609579205789,45.40650710038345,16.0]]]}},{"type":"Feature","id":"UN_VOL:45050","properties":{"OBJECTID":45050,"UN_VOL_POR":"03","UN_VOL_STA":"","UN_VOL_QGR":31.36,"UN_VOL_QCO":0.0,"UN_VOL_AV":14.82,"UN_VOL_INH":3.62,"Shape_Leng":19.7618248849,"Shape_Area":19.8001355745},"geometry":{"type":"Polygon","coordinates":[[[11.877046370886534,45.40645045365588,17.0],[11.877039235423437,45.40643074063786,17.0],[11.877024258212234,45.40638998248662,17.0],[11.876993238196496,45.40639814575049,17.0],[11.876999182565617,45.40640699703897,17.0],[11.876993216506053,45.40641029793832,17.0],[11.877009471100454,45.40645858508782,17.0],[11.877046370886534,45.40645045365588,17.0]]]}},{"type":"Feature","id":"UN_VOL:45052","properties":{"OBJECTID":45052,"UN_VOL_POR":"03","UN_VOL_STA":"","UN_VOL_QGR":26.76,"UN_VOL_QCO":0.0,"UN_VOL_AV":10.1,"UN_VOL_INH":4.45,"Shape_Leng":48.7050083698,"Shape_Area":33.9621165167},"geometry":{"type":"Polygon","coordinates":[[[11.876200306449462,45.4064831255047,17.0],[11.876153534085576,45.406400052661034,17.0],[11.876092579912163,45.40629186377064,16.0],[11.876074521577968,45.4062960993627,16.0],[11.876182238927324,45.40648718125173,17.0],[11.876200306449462,45.4064831255047,17.0]]]}},{"type":"Feature","id":"UN_VOL:45057","properties":{"OBJECTID":45057,"UN_VOL_POR":"03","UN_VOL_STA":"","UN_VOL_QGR":28.09,"UN_VOL_QCO":0.0,"UN_VOL_AV":11.82,"UN_VOL_INH":4.62,"Shape_Leng":26.3325126805,"Shape_Area":21.4021717224},"geometry":{"type":"Polygon","coordinates":[[[11.874292764364437,45.40653659460365,17.0],[11.87429340216335,45.40653657853706,17.0],[11.874274881965947,45.406436050759076,16.0],[11.874264854660701,45.40643738352349,16.0],[11.874252032861115,45.406439056821675,16.0],[11.87426838426215,45.406539638846546,17.0],[11.874292764364437,45.40653659460365,17.0]]]}},{"type":"Feature","id":"UN_VOL:45058","properties":{"OBJECTID":45058,"UN_VOL_POR":"03","UN_VOL_STA":"","UN_VOL_QGR":25.17,"UN_VOL_QCO":0.0,"UN_VOL_AV":9.14,"UN_VOL_INH":5.25,"Shape_Leng":25.1573771793,"Shape_Area":21.2378847386},"geometry":{"type":"Polygon","coordinates":[[[11.874207153105495,45.406541721551974,17.0],[11.874228871482211,45.4065391041688,17.0],[11.874204836176892,45.406445736227596,16.0],[11.874179412493389,45.40644835689497,16.0],[11.87420359311715,45.40654208097835,17.0],[11.874207153105495,45.406541721551974,17.0]]]}},{"type":"Feature","id":"UN_VOL:45101","properties":{"OBJECTID":45101,"UN_VOL_POR":"01","UN_VOL_STA":"","UN_VOL_QGR":28.77,"UN_VOL_QCO":0.0,"UN_VOL_AV":12.67,"UN_VOL_INH":0.0,"Shape_Leng":23.8863328319,"Shape_Area":33.8155492386},"geometry":{"type":"Polygon","coordinates":[[[11.874673716990603,45.40816549638486,16.0],[11.874614060890552,45.408160878503494,16.0],[11.874602287214698,45.40822598385935,16.0],[11.87465978772733,45.40823092619485,16.0],[11.874673716990603,45.40816549638486,16.0]]]}},{"type":"Feature","id":"UN_VOL:45107","properties":{"OBJECTID":45107,"UN_VOL_POR":"01","UN_VOL_STA":"","UN_VOL_QGR":34.92,"UN_VOL_QCO":0.0,"UN_VOL_AV":18.84,"UN_VOL_INH":0.0,"Shape_Leng":51.6530154461,"Shape_Area":36.6649490483},"geometry":{"type":"Polygon","coordinates":[[[11.876174063554595,45.40819528615983,17.0],[11.876164041525156,45.40811371744467,17.0],[11.876168882328829,45.40811341532839,17.0],[11.876160347713911,45.40804351052292,17.0],[11.876213680889963,45.40803937585684,17.0],[11.876208759514636,45.40800790557484,16.0],[11.87614139183316,45.40801248405262,16.0],[11.876162326551587,45.408195672062796,17.0],[11.876174063554595,45.40819528615983,17.0]]]}},{"type":"Feature","id":"UN_VOL:45115","properties":{"OBJECTID":45115,"UN_VOL_POR":"01","UN_VOL_STA":"","UN_VOL_QGR":23.19,"UN_VOL_QCO":0.0,"UN_VOL_AV":7.8,"UN_VOL_INH":0.0,"Shape_Leng":30.6983564422,"Shape_Area":51.0020865246},"geometry":{"type":"Polygon","coordinates":[[[11.87217404275395,45.40828641370674,15.0],[11.872163827214838,45.40824373490906,15.0],[11.872068859757082,45.40825593659047,16.0],[11.872031215309493,45.40826201485605,15.0],[11.872041526513273,45.4083040613199,16.0],[11.87217404275395,45.40828641370674,15.0]]]}},{"type":"Feature","id":"UN_VOL:45117","properties":{"OBJECTID":45117,"UN_VOL_POR":"01","UN_VOL_STA":"","UN_VOL_QGR":33.37,"UN_VOL_QCO":0.0,"UN_VOL_AV":17.28,"UN_VOL_INH":0.0,"Shape_Leng":70.789067413,"Shape_Area":290.70970393},"geometry":{"type":"Polygon","coordinates":[[[11.876367625975014,45.40819454742492,17.0],[11.876524416933217,45.408176822701996,17.0],[11.87651817034751,45.40815447705973,17.0],[11.876530367239122,45.408153089401374,17.0],[11.87651259361939,45.40809250914729,17.0],[11.87648899949739,45.40798526883754,17.0],[11.876320079507025,45.40799816815948,17.0],[11.876326463979009,45.40802825163206,17.0],[11.876358663479301,45.40817911106587,17.0],[11.876361828057341,45.40819361341221,17.0],[11.876362174743049,45.40819540482871,17.0],[11.876367625975014,45.40819454742492,17.0]]]}},{"type":"Feature","id":"UN_VOL:45121","properties":{"OBJECTID":45121,"UN_VOL_POR":"01","UN_VOL_STA":"","UN_VOL_QGR":27.92,"UN_VOL_QCO":0.0,"UN_VOL_AV":11.55,"UN_VOL_INH":0.0,"Shape_Leng":30.4836035819,"Shape_Area":53.6975387353},"geometry":{"type":"Polygon","coordinates":[[[11.8739659782069,45.40824768386091,16.0],[11.873996437488772,45.40820578086679,16.0],[11.874002598889367,45.40818870350425,16.0],[11.873961533996562,45.40817272523931,16.0],[11.873954428937754,45.40818127543207,16.0],[11.8739175264989,45.40817680405577,16.0],[11.873892844522262,45.408173915462065,16.0],[11.873877211428896,45.408198252303336,16.0],[11.873955190041947,45.40825920715057,16.0],[11.8739659782069,45.40824768386091,16.0]]]}},{"type":"Feature","id":"UN_VOL:45127","properties":{"OBJECTID":45127,"UN_VOL_POR":"01","UN_VOL_STA":"","UN_VOL_QGR":31.05,"UN_VOL_QCO":0.0,"UN_VOL_AV":15.03,"UN_VOL_INH":0.0,"Shape_Leng":31.9217596344,"Shape_Area":49.1867151368},"geometry":{"type":"Polygon","coordinates":[[[11.873413968336704,45.40823332227511,17.0],[11.873386230340264,45.40819792606951,16.0],[11.873298621730667,45.40823172659552,17.0],[11.873263273987348,45.40824026757314,17.0],[11.873272587720411,45.4082701874056,17.0],[11.873275819803524,45.40828099738898,17.0],[11.873413968336704,45.40823332227511,17.0]]]}},{"type":"Feature","id":"UN_VOL:45129","properties":{"OBJECTID":45129,"UN_VOL_POR":"01","UN_VOL_STA":"","UN_VOL_QGR":25.32,"UN_VOL_QCO":0.0,"UN_VOL_AV":9.03,"UN_VOL_INH":0.0,"Shape_Leng":52.772822967,"Shape_Area":170.029909106},"geometry":{"type":"Polygon","coordinates":[[[11.875941509050543,45.408215819744925,16.0],[11.876016630007493,45.408212936160986,17.0],[11.8760721060512,45.40821072779812,16.0],[11.876071279300367,45.40819193626611,17.0],[11.876061727573433,45.40807183008641,17.0],[11.876061700163111,45.4080712904966,17.0],[11.876056604567777,45.408071599030635,17.0],[11.875916540904111,45.408081520393424,17.0],[11.875917138549342,45.408085735969465,17.0],[11.875934366643255,45.408216089816875,16.0],[11.875941509050543,45.408215819744925,16.0]]]}},{"type":"Feature","id":"UN_VOL:45143","properties":{"OBJECTID":45143,"UN_VOL_POR":"01","UN_VOL_STA":"","UN_VOL_QGR":30.85,"UN_VOL_QCO":0.0,"UN_VOL_AV":14.96,"UN_VOL_INH":0.0,"Shape_Leng":39.323403487,"Shape_Area":61.8706761452},"geometry":{"type":"Polygon","coordinates":[[[11.874521423864392,45.408641809010696,16.0],[11.874475583139954,45.408637472947646,16.0],[11.874477286959127,45.40862824876143,16.0],[11.87443716148385,45.4086232288117,16.0],[11.87443460555916,45.40863328449469,16.0],[11.874408883698388,45.40863006202251,16.0],[11.874341623921575,45.408621675049034,16.0],[11.874332095543082,45.408660530334124,16.0],[11.874449390020137,45.408672787565024,16.0],[11.874450474528443,45.408668979838595,16.0],[11.874515564335939,45.408674901274665,16.0],[11.874521423864392,45.408641809010696,16.0]]]}},{"type":"Feature","id":"UN_VOL:45146","properties":{"OBJECTID":45146,"UN_VOL_POR":"01","UN_VOL_STA":"","UN_VOL_QGR":34.04,"UN_VOL_QCO":0.0,"UN_VOL_AV":18.65,"UN_VOL_INH":0.0,"Shape_Leng":13.3809723352,"Shape_Area":11.1205143669},"geometry":{"type":"Polygon","coordinates":[[[11.872400150756405,45.408728174462155,16.0],[11.872411723756715,45.40872707309095,16.0],[11.872402565951091,45.40869516901507,16.0],[11.872364441900835,45.408699369261264,16.0],[11.872371412057817,45.408730968224546,16.0],[11.872400150756405,45.408728174462155,16.0]]]}},{"type":"Feature","id":"UN_VOL:45148","properties":{"OBJECTID":45148,"UN_VOL_POR":"01","UN_VOL_STA":"","UN_VOL_QGR":26.79,"UN_VOL_QCO":0.0,"UN_VOL_AV":10.85,"UN_VOL_INH":0.0,"Shape_Leng":18.8290098316,"Shape_Area":20.710895101},"geometry":{"type":"Polygon","coordinates":[[[11.874145713250174,45.40863660138025,16.0],[11.874101020977951,45.40862971609733,16.0],[11.874094857168886,45.40868450909177,16.0],[11.874139458097035,45.40868707599186,16.0],[11.874145713250174,45.40863660138025,16.0]]]}},{"type":"Feature","id":"UN_VOL:45151","properties":{"OBJECTID":45151,"UN_VOL_POR":"01","UN_VOL_STA":"","UN_VOL_QGR":30.38,"UN_VOL_QCO":0.0,"UN_VOL_AV":14.35,"UN_VOL_INH":0.0,"Shape_Leng":19.6775473694,"Shape_Area":22.509079028},"geometry":{"type":"Polygon","coordinates":[[[11.873686747684083,45.40869559823509,16.0],[11.873685612308433,45.408680774568886,16.0],[11.873682681448775,45.40868093843035,16.0],[11.873677583880548,45.40865856369537,16.0],[11.873610617081564,45.40866601129751,16.0],[11.873615158709583,45.408700101440076,16.0],[11.873636376368935,45.408697676874496,16.0],[11.873636335477752,45.40870190854365,16.0],[11.873686747684083,45.40869559823509,16.0]]]}},{"type":"Feature","id":"UN_VOL:45159","properties":{"OBJECTID":45159,"UN_VOL_POR":"01","UN_VOL_STA":"","UN_VOL_QGR":29.69,"UN_VOL_QCO":0.0,"UN_VOL_AV":13.87,"UN_VOL_INH":0.0,"Shape_Leng":61.3067241621,"Shape_Area":132.908140404},"geometry":{"type":"Polygon","coordinates":[[[11.874431084954622,45.408541290413325,16.0],[11.874408883698388,45.40863006202251,16.0],[11.87443460555916,45.40863328449469,16.0],[11.87443716148385,45.4086232288117,16.0],[11.874477286959127,45.40862824876143,16.0],[11.874481957402102,45.408604457765016,16.0],[11.874527798652801,45.408608793812256,16.0],[11.874521423864392,45.408641809010696,16.0],[11.874515564335939,45.408674901274665,16.0],[11.87454919876235,45.40867792438236,16.0],[11.874574049619307,45.40867909846992,16.0],[11.874586858349733,45.408679675855026,16.0],[11.874587732767324,45.40866921268726,16.0],[11.874596467895886,45.40856943869491,16.0],[11.874431084954622,45.408541290413325,16.0]]]}},{"type":"Feature","id":"UN_VOL:47695","properties":{"OBJECTID":47695,"UN_VOL_POR":"01","UN_VOL_STA":"","UN_VOL_QGR":33.73,"UN_VOL_QCO":0.0,"UN_VOL_AV":17.06,"UN_VOL_INH":0.0,"Shape_Leng":90.2680559446,"Shape_Area":271.014602908},"geometry":{"type":"Polygon","coordinates":[[[11.875281187127346,45.40737968238913,17.0],[11.874800015840075,45.407348420393454,17.0],[11.87480546265201,45.40741543273043,17.0],[11.875066414199251,45.40743073089693,17.0],[11.875281351776282,45.4074433171545,17.0],[11.875277347048335,45.407404712762826,17.0],[11.8752837278929,45.40740455196974,17.0],[11.875281187127346,45.40737968238913,17.0]]]}},{"type":"Feature","id":"UN_VOL:47699","properties":{"OBJECTID":47699,"UN_VOL_POR":"01","UN_VOL_STA":"","UN_VOL_QGR":32.88,"UN_VOL_QCO":0.0,"UN_VOL_AV":16.19,"UN_VOL_INH":0.0,"Shape_Leng":75.845042972,"Shape_Area":210.598907184},"geometry":{"type":"Polygon","coordinates":[[[11.875727226121235,45.407408587291414,17.0],[11.875326443686385,45.40738259249081,17.0],[11.875328387432583,45.40740324647513,17.0],[11.875334777410957,45.407403265542584,17.0],[11.875339284601768,45.407446717847996,17.0],[11.875438740710603,45.40745249271122,17.0],[11.875720453890509,45.40746897627897,17.0],[11.875727226121235,45.407408587291414,17.0]]]}},{"type":"Feature","id":"UN_VOL:47702","properties":{"OBJECTID":47702,"UN_VOL_POR":"03","UN_VOL_STA":"","UN_VOL_QGR":22.64,"UN_VOL_QCO":0.0,"UN_VOL_AV":6.63,"UN_VOL_INH":0.0,"Shape_Leng":149.072594989,"Shape_Area":196.723934086},"geometry":{"type":"Polygon","coordinates":[[[11.875066414199251,45.40743073089693,17.0],[11.87480546265201,45.40741543273043,17.0],[11.874806430475612,45.407437011390236,16.0],[11.874844895799496,45.40743955250859,16.0],[11.875066707383528,45.40745412670989,16.0],[11.875281850894678,45.40746823818311,17.0],[11.87533531632042,45.40747175145411,17.0],[11.875439166461296,45.407478495759726,17.0],[11.87571790348834,45.407496764444325,17.0],[11.875720453890509,45.40746897627897,17.0],[11.875438740710603,45.40745249271122,17.0],[11.875339284601768,45.407446717847996,17.0],[11.875310318474572,45.407445017692645,17.0],[11.875281351776282,45.4074433171545,17.0],[11.875066414199251,45.40743073089693,17.0]]]}},{"type":"Feature","id":"UN_VOL:45173","properties":{"OBJECTID":45173,"UN_VOL_POR":"01","UN_VOL_STA":"","UN_VOL_QGR":24.88,"UN_VOL_QCO":0.0,"UN_VOL_AV":8.74,"UN_VOL_INH":0.0,"Shape_Leng":128.082896652,"Shape_Area":310.096128945},"geometry":{"type":"Polygon","coordinates":[[[11.876026096263828,45.40834897692981,16.0],[11.876016630007493,45.408212936160986,17.0],[11.875941509050543,45.408215819744925,16.0],[11.875943529580454,45.40823044098549,16.0],[11.875931587450047,45.40823182215975,16.0],[11.875947515574383,45.40830136053246,16.0],[11.875890722521804,45.40830783266898,16.0],[11.875897667164619,45.4083388917804,16.0],[11.87580389508247,45.40834944677282,16.0],[11.875796827363212,45.4083184804147,16.0],[11.875849048649266,45.408312573397474,16.0],[11.875827735717273,45.40822255820337,16.0],[11.875692567239724,45.40823325598962,16.0],[11.875725922868334,45.40837670535303,16.0],[11.875696336490801,45.408380421396394,16.0],[11.87565469925236,45.408388401645176,16.0],[11.875655425090228,45.408400175192575,16.0],[11.87589718702855,45.408367168046695,16.0],[11.876026096263828,45.40834897692981,16.0]]]}},{"type":"Feature","id":"UN_VOL:45177","properties":{"OBJECTID":45177,"UN_VOL_POR":"01","UN_VOL_STA":"","UN_VOL_QGR":30.31,"UN_VOL_QCO":0.0,"UN_VOL_AV":14.35,"UN_VOL_INH":0.0,"Shape_Leng":17.4601845519,"Shape_Area":17.8380863477},"geometry":{"type":"Polygon","coordinates":[[[11.8746109403922,45.40837878730463,16.0],[11.874570167580734,45.40837360361663,16.0],[11.874556984518266,45.408421012273514,16.0],[11.874597843546963,45.408427904293134,16.0],[11.8746109403922,45.40837878730463,16.0]]]}},{"type":"Feature","id":"UN_VOL:45180","properties":{"OBJECTID":45180,"UN_VOL_POR":"01","UN_VOL_STA":"","UN_VOL_QGR":25.04,"UN_VOL_QCO":0.0,"UN_VOL_AV":10.28,"UN_VOL_INH":0.0,"Shape_Leng":74.4992753434,"Shape_Area":211.323187477},"geometry":{"type":"Polygon","coordinates":[[[11.87152794358349,45.408495572502325,15.0],[11.871519487550332,45.408427105733374,15.0],[11.871344252195035,45.408438986784084,15.0],[11.871339857302274,45.40840525265447,15.0],[11.87129575364737,45.408407442675234,15.0],[11.871283095197857,45.40836698522682,15.0],[11.871225649961913,45.408370681169025,14.0],[11.871267271245465,45.4085135640435,15.0],[11.87152794358349,45.408495572502325,15.0]]]}},{"type":"Feature","id":"UN_VOL:45183","properties":{"OBJECTID":45183,"UN_VOL_POR":"01","UN_VOL_STA":"","UN_VOL_QGR":22.18,"UN_VOL_QCO":0.0,"UN_VOL_AV":8.36,"UN_VOL_INH":0.0,"Shape_Leng":19.3092139717,"Shape_Area":16.6603268471},"geometry":{"type":"Polygon","coordinates":[[[11.870970147179625,45.40852086042794,15.0],[11.870965051221784,45.408501006060774,15.0],[11.870871232208936,45.40850561664621,15.0],[11.870875712560009,45.408525936740574,15.0],[11.870970147179625,45.40852086042794,15.0]]]}},{"type":"Feature","id":"UN_VOL:45184","properties":{"OBJECTID":45184,"UN_VOL_POR":"01","UN_VOL_STA":"","UN_VOL_QGR":25.22,"UN_VOL_QCO":0.0,"UN_VOL_AV":9.2,"UN_VOL_INH":0.0,"Shape_Leng":28.7083897822,"Shape_Area":49.8081074361},"geometry":{"type":"Polygon","coordinates":[[[11.873314530933943,45.408454557010835,16.0],[11.873304415155637,45.408423937395185,16.0],[11.873289781361596,45.40837983994404,16.0],[11.873288012706652,45.40838024427937,16.0],[11.87324863162014,45.408387356803615,17.0],[11.873215458196292,45.40839341291992,17.0],[11.873243197230662,45.40846661475488,16.0],[11.873314530933943,45.408454557010835,16.0]]]}},{"type":"Feature","id":"UN_VOL:45185","properties":{"OBJECTID":45185,"UN_VOL_POR":"01","UN_VOL_STA":"","UN_VOL_QGR":29.93,"UN_VOL_QCO":0.0,"UN_VOL_AV":14.06,"UN_VOL_INH":0.0,"Shape_Leng":33.9929215078,"Shape_Area":69.3367039507},"geometry":{"type":"Polygon","coordinates":[[[11.875020012247683,45.4084169074805,16.0],[11.875029934804305,45.408353108601425,16.0],[11.874912609514686,45.40835030414774,16.0],[11.87489513368112,45.40840880242433,16.0],[11.874940874502105,45.40841368072682,16.0],[11.874940706032945,45.408417915611096,16.0],[11.8750008047941,45.40842369238594,16.0],[11.875001743164301,45.408417007618986,16.0],[11.875020012247683,45.4084169074805,16.0]]]}},{"type":"Feature","id":"UN_VOL:45193","properties":{"OBJECTID":45193,"UN_VOL_POR":"01","UN_VOL_STA":"","UN_VOL_QGR":23.52,"UN_VOL_QCO":0.0,"UN_VOL_AV":7.48,"UN_VOL_INH":0.0,"Shape_Leng":51.5971638684,"Shape_Area":121.271535786},"geometry":{"type":"Polygon","coordinates":[[[11.875520627258924,45.40817160991137,16.0],[11.875423353485827,45.408166050264505,16.0],[11.875419788012787,45.40820655552997,16.0],[11.87536696442461,45.408205636311926,16.0],[11.875335409016348,45.4082032814288,17.0],[11.875328630555751,45.40825349915539,16.0],[11.87538299483972,45.40825455926905,17.0],[11.87539340106017,45.408255647341264,17.0],[11.87539385169517,45.408251945626255,17.0],[11.87554608718298,45.408257740246874,16.0],[11.875522346160896,45.40817777748177,16.0],[11.875520627258924,45.40817160991137,16.0]]]}},{"type":"Feature","id":"UN_VOL:45199","properties":{"OBJECTID":45199,"UN_VOL_POR":"01","UN_VOL_STA":"","UN_VOL_QGR":24.28,"UN_VOL_QCO":0.0,"UN_VOL_AV":9.53,"UN_VOL_INH":0.0,"Shape_Leng":57.4273296512,"Shape_Area":203.753063807},"geometry":{"type":"Polygon","coordinates":[[[11.871283095197857,45.40836698522682,15.0],[11.871403943687753,45.40835863367882,15.0],[11.87136553562997,45.40823376237761,15.0],[11.87117266098172,45.408250587835745,15.0],[11.871225649961913,45.408370681169025,14.0],[11.871283095197857,45.40836698522682,15.0]]]}},{"type":"Feature","id":"UN_VOL:45213","properties":{"OBJECTID":45213,"UN_VOL_POR":"01","UN_VOL_STA":"","UN_VOL_QGR":26.67,"UN_VOL_QCO":0.0,"UN_VOL_AV":10.65,"UN_VOL_INH":0.0,"Shape_Leng":39.8015404687,"Shape_Area":98.2174818089},"geometry":{"type":"Polygon","coordinates":[[[11.873461193418356,45.4084915492015,16.0],[11.87340859323114,45.408401871237146,16.0],[11.873304415155637,45.408423937395185,16.0],[11.873314530933943,45.408454557010835,16.0],[11.873334014651453,45.40851365472818,16.0],[11.873461193418356,45.4084915492015,16.0]]]}},{"type":"Feature","id":"UN_VOL:45216","properties":{"OBJECTID":45216,"UN_VOL_POR":"01","UN_VOL_STA":"","UN_VOL_QGR":28.09,"UN_VOL_QCO":0.0,"UN_VOL_AV":12.07,"UN_VOL_INH":0.0,"Shape_Leng":56.7313782129,"Shape_Area":149.942572646},"geometry":{"type":"Polygon","coordinates":[[[11.873862591645437,45.40847918993295,16.0],[11.87382157443802,45.40841631397556,16.0],[11.873790060467398,45.40842736913392,16.0],[11.873783373120213,45.408418986237244,16.0],[11.873742711776984,45.408438643001865,16.0],[11.87361516323111,45.40844086522351,16.0],[11.873582404868978,45.40845006146127,16.0],[11.873574806705875,45.40845898384592,16.0],[11.873594979018993,45.40851149349048,16.0],[11.873654657816726,45.40850395969593,16.0],[11.873782156205731,45.40849822803835,16.0],[11.873862591645437,45.40847918993295,16.0]]]}},{"type":"Feature","id":"UN_VOL:45218","properties":{"OBJECTID":45218,"UN_VOL_POR":"01","UN_VOL_STA":"","UN_VOL_QGR":30.4,"UN_VOL_QCO":0.0,"UN_VOL_AV":14.12,"UN_VOL_INH":0.0,"Shape_Leng":32.206035967,"Shape_Area":52.9882930603},"geometry":{"type":"Polygon","coordinates":[[[11.876315657187403,45.40843934125868,16.0],[11.876353734699526,45.408436761315784,16.0],[11.876418609419042,45.40842837471644,16.0],[11.876413974030402,45.40838996636194,16.0],[11.876400605724234,45.408390933304275,16.0],[11.87626732872622,45.408401134245416,16.0],[11.876273367733951,45.40844454789401,16.0],[11.876315657187403,45.40843934125868,16.0]]]}},{"type":"Feature","id":"UN_VOL:45230","properties":{"OBJECTID":45230,"UN_VOL_POR":"01","UN_VOL_STA":"","UN_VOL_QGR":27.25,"UN_VOL_QCO":0.0,"UN_VOL_AV":11.23,"UN_VOL_INH":0.0,"Shape_Leng":25.1504864403,"Shape_Area":38.3517065807},"geometry":{"type":"Polygon","coordinates":[[[11.873594979018993,45.40851149349048,16.0],[11.873574806705875,45.40845898384592,16.0],[11.873492433973938,45.40848266136288,16.0],[11.873500038306164,45.408506593429294,16.0],[11.873504064111234,45.40852548450871,16.0],[11.873594979018993,45.40851149349048,16.0]]]}},{"type":"Feature","id":"UN_VOL:45231","properties":{"OBJECTID":45231,"UN_VOL_POR":"01","UN_VOL_STA":"","UN_VOL_QGR":30.89,"UN_VOL_QCO":0.0,"UN_VOL_AV":13.86,"UN_VOL_INH":0.0,"Shape_Leng":17.7305125933,"Shape_Area":14.1934390164},"geometry":{"type":"Polygon","coordinates":[[[11.877404666514998,45.408426556012614,17.0],[11.877401898306392,45.40837711880262,17.0],[11.877373729945889,45.40837854952192,17.0],[11.877377990542701,45.40840706604101,17.0],[11.877362410678705,45.40840727883548,17.0],[11.877362837371804,45.40842824078918,17.0],[11.877404666514998,45.408426556012614,17.0]]]}},{"type":"Feature","id":"UN_VOL:45235","properties":{"OBJECTID":45235,"UN_VOL_POR":"01","UN_VOL_STA":"","UN_VOL_QGR":23.52,"UN_VOL_QCO":0.0,"UN_VOL_AV":8.43,"UN_VOL_INH":0.0,"Shape_Leng":23.7906221733,"Shape_Area":33.5887939871},"geometry":{"type":"Polygon","coordinates":[[[11.872017826201066,45.40856488410877,15.0],[11.87201049143669,45.4085235731464,15.0],[11.87191875070477,45.40852885265688,16.0],[11.871924294514558,45.4085701190463,16.0],[11.872017826201066,45.40856488410877,15.0]]]}},{"type":"Feature","id":"UN_VOL:45238","properties":{"OBJECTID":45238,"UN_VOL_POR":"01","UN_VOL_STA":"","UN_VOL_QGR":23.52,"UN_VOL_QCO":0.0,"UN_VOL_AV":7.5,"UN_VOL_INH":0.0,"Shape_Leng":52.7079990836,"Shape_Area":121.939371374},"geometry":{"type":"Polygon","coordinates":[[[11.873334014651453,45.40851365472818,16.0],[11.873314530933943,45.408454557010835,16.0],[11.873243197230662,45.40846661475488,16.0],[11.873215458196292,45.40839341291992,17.0],[11.87315025071749,45.40840531633993,16.0],[11.873197341650235,45.40854004973397,16.0],[11.873334014651453,45.40851365472818,16.0]]]}},{"type":"Feature","id":"UN_VOL:45239","properties":{"OBJECTID":45239,"UN_VOL_POR":"01","UN_VOL_STA":"","UN_VOL_QGR":29.68,"UN_VOL_QCO":0.0,"UN_VOL_AV":13.39,"UN_VOL_INH":0.0,"Shape_Leng":34.357001495,"Shape_Area":49.8568334325},"geometry":{"type":"Polygon","coordinates":[[[11.876492041484365,45.40844254599951,17.0],[11.876480662655457,45.40838459481088,17.0],[11.876478000858649,45.40838502171172,17.0],[11.876413974030402,45.40838996636194,16.0],[11.876418609419042,45.40842837471644,16.0],[11.876353734699526,45.408436761315784,16.0],[11.876361335633728,45.40846060284034,16.0],[11.876492041484365,45.40844254599951,17.0]]]}},{"type":"Feature","id":"UN_VOL:45240","properties":{"OBJECTID":45240,"UN_VOL_POR":"01","UN_VOL_STA":"","UN_VOL_QGR":24.42,"UN_VOL_QCO":0.0,"UN_VOL_AV":9.03,"UN_VOL_INH":0.0,"Shape_Leng":118.686137975,"Shape_Area":435.556108983},"geometry":{"type":"Polygon","coordinates":[[[11.872268826424408,45.40855019513723,16.0],[11.872265074654802,45.40853669758389,16.0],[11.872236473999354,45.40841374004156,16.0],[11.872553688067935,45.408374250199664,17.0],[11.87254057723785,45.40832741368683,17.0],[11.872497129807902,45.40833246797957,17.0],[11.872493970853364,45.40832309649188,17.0],[11.872164946948386,45.408359012993174,16.0],[11.872067467949925,45.40837208792496,16.0],[11.872113186440277,45.408567974688815,16.0],[11.872268826424408,45.40855019513723,16.0]]]}},{"type":"Feature","id":"UN_VOL:45241","properties":{"OBJECTID":45241,"UN_VOL_POR":"01","UN_VOL_STA":"","UN_VOL_QGR":28.51,"UN_VOL_QCO":0.0,"UN_VOL_AV":11.2,"UN_VOL_INH":0.0,"Shape_Leng":41.1876386569,"Shape_Area":83.5607210154},"geometry":{"type":"Polygon","coordinates":[[[11.877159402736746,45.408440931944824,17.0],[11.877140913335884,45.40830592921806,17.0],[11.877071307540774,45.408309214758894,18.0],[11.877087207836931,45.40844356240748,17.0],[11.877159402736746,45.408440931944824,17.0]]]}},{"type":"Feature","id":"UN_VOL:45247","properties":{"OBJECTID":45247,"UN_VOL_POR":"01","UN_VOL_STA":"","UN_VOL_QGR":25.31,"UN_VOL_QCO":0.0,"UN_VOL_AV":9.35,"UN_VOL_INH":0.0,"Shape_Leng":44.3524307921,"Shape_Area":118.942323121},"geometry":{"type":"Polygon","coordinates":[[[11.874617179241667,45.40843119756615,16.0],[11.874597843546963,45.408427904293134,16.0],[11.874556984518266,45.408421012273514,16.0],[11.874457088478557,45.40840408621137,17.0],[11.87445056256665,45.40842405349816,17.0],[11.874442629010906,45.408449006869766,16.0],[11.87442957222742,45.408481290318306,16.0],[11.87451978668023,45.408498820107084,16.0],[11.874600347062309,45.40850993270014,16.0],[11.874617179241667,45.40843119756615,16.0]]]}},{"type":"Feature","id":"UN_VOL:45254","properties":{"OBJECTID":45254,"UN_VOL_POR":"01","UN_VOL_STA":"","UN_VOL_QGR":22.24,"UN_VOL_QCO":0.0,"UN_VOL_AV":8.67,"UN_VOL_INH":0.0,"Shape_Leng":41.8333278625,"Shape_Area":38.0172186187},"geometry":{"type":"Polygon","coordinates":[[[11.871174806881529,45.408600322705354,15.0],[11.871152389466248,45.408531216709186,15.0],[11.87105845128039,45.408541051601524,15.0],[11.87104887933653,45.408508527899016,15.0],[11.871025993268335,45.40851081386981,15.0],[11.871038213800842,45.40855272233381,15.0],[11.87104207015441,45.40856576706209,15.0],[11.871056195554313,45.408564601604674,15.0],[11.871146154154083,45.40855693753896,15.0],[11.871155722019923,45.408601972770505,15.0],[11.871174806881529,45.408600322705354,15.0]]]}},{"type":"Feature","id":"UN_VOL:45255","properties":{"OBJECTID":45255,"UN_VOL_POR":"01","UN_VOL_STA":"","UN_VOL_QGR":33.14,"UN_VOL_QCO":0.0,"UN_VOL_AV":16.11,"UN_VOL_INH":0.0,"Shape_Leng":20.1060472496,"Shape_Area":24.4892135313},"geometry":{"type":"Polygon","coordinates":[[[11.877314441716473,45.40844404332302,17.0],[11.877314432337213,45.40844134332555,17.0],[11.877313689904907,45.40840913738427,17.0],[11.87731383813139,45.40839194133802,17.0],[11.877258840948913,45.408396028432904,17.0],[11.877261627552198,45.40844834550994,17.0],[11.877314441716473,45.40844404332302,17.0]]]}},{"type":"Feature","id":"UN_VOL:45256","properties":{"OBJECTID":45256,"UN_VOL_POR":"01","UN_VOL_STA":"","UN_VOL_QGR":31.63,"UN_VOL_QCO":0.0,"UN_VOL_AV":14.6,"UN_VOL_INH":0.0,"Shape_Leng":16.559343139,"Shape_Area":17.1713558918},"geometry":{"type":"Polygon","coordinates":[[[11.877363286124849,45.40844713228002,17.0],[11.877362837371804,45.40842824078918,17.0],[11.877362410678705,45.40840727883548,17.0],[11.877328061306216,45.40840778485231,17.0],[11.877313689904907,45.40840913738427,17.0],[11.877314432337213,45.40844134332555,17.0],[11.877314441716473,45.40844404332302,17.0],[11.877314588169085,45.40844944048766,17.0],[11.877363286124849,45.40844713228002,17.0]]]}},{"type":"Feature","id":"UN_VOL:45258","properties":{"OBJECTID":45258,"UN_VOL_POR":"01","UN_VOL_STA":"","UN_VOL_QGR":28.83,"UN_VOL_QCO":0.0,"UN_VOL_AV":11.79,"UN_VOL_INH":0.0,"Shape_Leng":79.8530546589,"Shape_Area":221.167812741},"geometry":{"type":"Polygon","coordinates":[[[11.877261627552198,45.40844834550994,17.0],[11.877258840948913,45.408396028432904,17.0],[11.87731383813139,45.40839194133802,17.0],[11.877313689904907,45.40840913738427,17.0],[11.877328061306216,45.40840778485231,17.0],[11.877322491578578,45.40836859006499,17.0],[11.877371777579242,45.40836527690003,17.0],[11.877373729945889,45.40837854952192,17.0],[11.877401898306392,45.40837711880262,17.0],[11.877460277847218,45.40837420660596,17.0],[11.877459963100375,45.40837304432505,17.0],[11.87744346736622,45.40829487910616,17.0],[11.877326006693792,45.40829946165907,17.0],[11.877182145694524,45.408305069602704,17.0],[11.877208818501682,45.4084527375902,17.0],[11.877261627552198,45.40844834550994,17.0]]]}},{"type":"Feature","id":"UN_VOL:45261","properties":{"OBJECTID":45261,"UN_VOL_POR":"01","UN_VOL_STA":"","UN_VOL_QGR":27.96,"UN_VOL_QCO":0.0,"UN_VOL_AV":14.39,"UN_VOL_INH":0.0,"Shape_Leng":25.9884603653,"Shape_Area":38.8297420419},"geometry":{"type":"Polygon","coordinates":[[[11.871155722019923,45.408601972770505,15.0],[11.871146154154083,45.40855693753896,15.0],[11.871056195554313,45.408564601604674,15.0],[11.87105896208337,45.40858136450334,15.0],[11.871049084770078,45.40858314305437,15.0],[11.871053292073153,45.40861067102569,15.0],[11.871155722019923,45.408601972770505,15.0]]]}},{"type":"Feature","id":"UN_VOL:45264","properties":{"OBJECTID":45264,"UN_VOL_POR":"01","UN_VOL_STA":"","UN_VOL_QGR":24.19,"UN_VOL_QCO":0.0,"UN_VOL_AV":9.87,"UN_VOL_INH":0.0,"Shape_Leng":25.8506771808,"Shape_Area":41.4636849565},"geometry":{"type":"Polygon","coordinates":[[[11.870688202092028,45.40856791981147,15.0],[11.870599009013766,45.40857052397564,15.0],[11.87060180771862,45.40862320070773,15.0],[11.870691561187956,45.40862157295703,15.0],[11.870688202092028,45.40856791981147,15.0]]]}},{"type":"Feature","id":"UN_VOL:45266","properties":{"OBJECTID":45266,"UN_VOL_POR":"01","UN_VOL_STA":"","UN_VOL_QGR":26.73,"UN_VOL_QCO":0.0,"UN_VOL_AV":13.15,"UN_VOL_INH":0.0,"Shape_Leng":20.386159357,"Shape_Area":20.6499797443},"geometry":{"type":"Polygon","coordinates":[[[11.871053292073153,45.40861067102569,15.0],[11.871049084770078,45.40858314305437,15.0],[11.87105896208337,45.40858136450334,15.0],[11.871056195554313,45.408564601604674,15.0],[11.87104207015441,45.40856576706209,15.0],[11.871038213800842,45.40855272233381,15.0],[11.871017314726311,45.408553878524145,15.0],[11.871007651742328,45.40855484164744,15.0],[11.87100778385135,45.40856500971136,15.0],[11.871014867574152,45.40861397830237,15.0],[11.871053292073153,45.40861067102569,15.0]]]}},{"type":"Feature","id":"UN_VOL:45267","properties":{"OBJECTID":45267,"UN_VOL_POR":"01","UN_VOL_STA":"","UN_VOL_QGR":30.52,"UN_VOL_QCO":0.0,"UN_VOL_AV":14.5,"UN_VOL_INH":0.0,"Shape_Leng":32.236969902,"Shape_Area":38.6481211405},"geometry":{"type":"Polygon","coordinates":[[[11.873493365968613,45.40833735773984,16.0],[11.873441213395417,45.40826909146452,16.0],[11.873369343495908,45.408298265052906,17.0],[11.873375041448138,45.408312343498,16.0],[11.873410101152613,45.408295618600704,16.0],[11.873422089931244,45.40830773846583,16.0],[11.873408124411199,45.40831457079875,16.0],[11.87343287635362,45.40834905246172,16.0],[11.873493365968613,45.40833735773984,16.0]]]}},{"type":"Feature","id":"UN_VOL:45272","properties":{"OBJECTID":45272,"UN_VOL_POR":"01","UN_VOL_STA":"","UN_VOL_QGR":28.67,"UN_VOL_QCO":0.0,"UN_VOL_AV":11.71,"UN_VOL_INH":0.0,"Shape_Leng":155.088759878,"Shape_Area":539.19262021},"geometry":{"type":"Polygon","coordinates":[[[11.877239656146795,45.408121613803765,17.0],[11.877198930552021,45.408127411675196,17.0],[11.877086335494594,45.40814978358224,17.0],[11.87706667586232,45.40810239234395,17.0],[11.877126116136472,45.40809018226149,17.0],[11.87713224826013,45.408105239695956,17.0],[11.877185763161142,45.40809461896296,17.0],[11.87717664892322,45.4080736959794,17.0],[11.877234657864749,45.40806098165202,17.0],[11.877236395209058,45.4080675085289,17.0],[11.8772806206326,45.408057662279795,17.0],[11.87729402944757,45.40808765822252,17.0],[11.877312607526763,45.408083589425225,17.0],[11.877323568325789,45.408108156191574,17.0],[11.877401026413315,45.408098461978675,17.0],[11.877400474343323,45.408095145339146,17.0],[11.877357987310589,45.40796569882393,17.0],[11.87694258598612,45.408049443497305,17.0],[11.876956554879305,45.40807285467139,17.0],[11.87698232578236,45.40811478063673,17.0],[11.877005078978366,45.40814760181208,17.0],[11.877022807393912,45.40816956787135,17.0],[11.877040540946128,45.408191623845056,17.0],[11.87707914683318,45.40822206464252,17.0],[11.877142337475714,45.40824342461883,17.0],[11.87716444441106,45.40824592759646,17.0],[11.877256085209659,45.40825630867536,17.0],[11.877239656146795,45.408121613803765,17.0]]]}},{"type":"Feature","id":"UN_VOL:45276","properties":{"OBJECTID":45276,"UN_VOL_POR":"01","UN_VOL_STA":"","UN_VOL_QGR":31.38,"UN_VOL_QCO":0.0,"UN_VOL_AV":15.36,"UN_VOL_INH":0.0,"Shape_Leng":18.9427035135,"Shape_Area":16.8438783522},"geometry":{"type":"Polygon","coordinates":[[[11.87343287635362,45.40834905246172,16.0],[11.873408124411199,45.40831457079875,16.0],[11.873422089931244,45.40830773846583,16.0],[11.873410101152613,45.408295618600704,16.0],[11.873375041448138,45.408312343498,16.0],[11.873393139118203,45.40835671428559,16.0],[11.87343287635362,45.40834905246172,16.0]]]}},{"type":"Feature","id":"UN_VOL:45277","properties":{"OBJECTID":45277,"UN_VOL_POR":"01","UN_VOL_STA":"","UN_VOL_QGR":34.06,"UN_VOL_QCO":0.0,"UN_VOL_AV":17.1,"UN_VOL_INH":0.0,"Shape_Leng":61.3140777249,"Shape_Area":217.759336931},"geometry":{"type":"Polygon","coordinates":[[[11.877401026413315,45.408098461978675,17.0],[11.877323568325789,45.408108156191574,17.0],[11.877301165729312,45.408112411870455,17.0],[11.877298439019572,45.40810149921029,17.0],[11.877252685309273,45.408103912850095,17.0],[11.877245023898821,45.408106536528486,17.0],[11.877248598885034,45.408119048251585,17.0],[11.877239656146795,45.408121613803765,17.0],[11.877256085209659,45.40825630867536,17.0],[11.87726081205445,45.408256279526725,17.0],[11.877423443411201,45.40825541850617,17.0],[11.877401026413315,45.408098461978675,17.0]]]}},{"type":"Feature","id":"UN_VOL:45282","properties":{"OBJECTID":45282,"UN_VOL_POR":"01","UN_VOL_STA":"","UN_VOL_QGR":26.88,"UN_VOL_QCO":0.0,"UN_VOL_AV":10.21,"UN_VOL_INH":0.0,"Shape_Leng":56.3401465593,"Shape_Area":190.337205887},"geometry":{"type":"Polygon","coordinates":[[[11.874364160173073,45.40829283146405,17.0],[11.874375539373954,45.408257709955244,17.0],[11.87438241008429,45.40821181064777,17.0],[11.874385494344507,45.408189499581155,17.0],[11.874343627941565,45.40818542353274,17.0],[11.874330131856892,45.40818387331057,17.0],[11.87432098348533,45.40817987312721,17.0],[11.87430961946885,45.40817250853852,17.0],[11.874267082857296,45.40815773767584,17.0],[11.874248684194951,45.40819051585624,17.0],[11.874226452150427,45.40823086136136,17.0],[11.874193606592598,45.40830126839531,17.0],[11.874350812539554,45.40833448358818,16.0],[11.874364160173073,45.40829283146405,17.0]]]}},{"type":"Feature","id":"UN_VOL:45288","properties":{"OBJECTID":45288,"UN_VOL_POR":"01","UN_VOL_STA":"","UN_VOL_QGR":25.74,"UN_VOL_QCO":0.0,"UN_VOL_AV":9.6,"UN_VOL_INH":0.0,"Shape_Leng":39.2594905495,"Shape_Area":81.3832329615},"geometry":{"type":"Polygon","coordinates":[[[11.876921480283473,45.40823765186244,18.0],[11.876914135730638,45.40822136472155,18.0],[11.876894782982612,45.40818755810295,18.0],[11.876752379526959,45.40822436290392,17.0],[11.876731818531717,45.408229652211446,17.0],[11.87674071361108,45.40824878059961,17.0],[11.876755330090756,45.4082799163755,17.0],[11.876921480283473,45.40823765186244,18.0]]]}},{"type":"Feature","id":"UN_VOL:45296","properties":{"OBJECTID":45296,"UN_VOL_POR":"01","UN_VOL_STA":"","UN_VOL_QGR":27.92,"UN_VOL_QCO":0.0,"UN_VOL_AV":13.16,"UN_VOL_INH":0.0,"Shape_Leng":222.789286726,"Shape_Area":672.362358094},"geometry":{"type":"Polygon","coordinates":[[[11.871877410552068,45.40840666590848,16.0],[11.871895232791891,45.408405317252694,16.0],[11.871894767676599,45.408401188366746,16.0],[11.871976516946683,45.40839291984976,15.0],[11.87191846011616,45.408185552130114,15.0],[11.87136553562997,45.40823376237761,15.0],[11.871403943687753,45.40835863367882,15.0],[11.871708290772407,45.408337562377895,15.0],[11.871806489707774,45.408331130366555,16.0],[11.871812520740043,45.40836689359503,16.0],[11.871712945224042,45.408373900148234,15.0],[11.871718064805062,45.40841436719432,15.0],[11.871741169647368,45.40841387534452,15.0],[11.8717871148966,45.40841271897245,15.0],[11.871877410552068,45.40840666590848,16.0]],[[11.871815851017413,45.40827382653199,16.0],[11.871906907363144,45.4082651437217,15.0],[11.871923659330385,45.40832080017396,16.0],[11.871828929343522,45.40833011535057,16.0],[11.871815851017413,45.40827382653199,16.0]],[[11.87154669632957,45.408258097430696,15.0],[11.871640788429382,45.408246278012264,15.0],[11.871651204229174,45.40828787203504,15.0],[11.871557107482355,45.40829960114235,15.0],[11.87154669632957,45.408258097430696,15.0]],[[11.8716997108939,45.40824650557101,15.0],[11.871761946640257,45.408238998071376,15.0],[11.871773752724055,45.40828784815243,16.0],[11.871711644581122,45.40829535205713,15.0],[11.8716997108939,45.40824650557101,15.0]]]}},{"type":"Feature","id":"UN_VOL:45298","properties":{"OBJECTID":45298,"UN_VOL_POR":"01","UN_VOL_STA":"","UN_VOL_QGR":30.22,"UN_VOL_QCO":0.0,"UN_VOL_AV":13.93,"UN_VOL_INH":0.0,"Shape_Leng":85.4454661525,"Shape_Area":207.999345655},"geometry":{"type":"Polygon","coordinates":[[[11.875890722521804,45.40830783266898,16.0],[11.875947515574383,45.40830136053246,16.0],[11.875931587450047,45.40823182215975,16.0],[11.875943529580454,45.40823044098549,16.0],[11.875941509050543,45.408215819744925,16.0],[11.875934366643255,45.408216089816875,16.0],[11.875917138549342,45.408085735969465,17.0],[11.875876654271114,45.408088736615255,17.0],[11.875791487831082,45.40809511380679,17.0],[11.875782800774624,45.40805491694966,17.0],[11.875747754222601,45.40805931090395,17.0],[11.875759733328554,45.408114006524436,16.0],[11.875822301458609,45.40811053936563,17.0],[11.875843898566636,45.40822125075344,16.0],[11.875827735717273,45.40822255820337,16.0],[11.875849048649266,45.408312573397474,16.0],[11.875890722521804,45.40830783266898,16.0]]]}},{"type":"Feature","id":"UN_VOL:45302","properties":{"OBJECTID":45302,"UN_VOL_POR":"01","UN_VOL_STA":"","UN_VOL_QGR":32.63,"UN_VOL_QCO":0.0,"UN_VOL_AV":16.61,"UN_VOL_INH":0.0,"Shape_Leng":51.1194881324,"Shape_Area":120.852464374},"geometry":{"type":"Polygon","coordinates":[[[11.873289781361596,45.40837983994404,16.0],[11.873293327759985,45.40837921035835,16.0],[11.873383280183607,45.40835885276329,16.0],[11.873393139118203,45.40835671428559,16.0],[11.873375041448138,45.408312343498,16.0],[11.873369343495908,45.408298265052906,17.0],[11.873441213395417,45.40826909146452,16.0],[11.873413968336704,45.40823332227511,17.0],[11.873275819803524,45.40828099738898,17.0],[11.873278395773717,45.40828894395652,17.0],[11.873258440746955,45.408291066520135,17.0],[11.873269791803969,45.40832840581399,17.0],[11.873288012706652,45.40838024427937,16.0],[11.873289781361596,45.40837983994404,16.0]]]}},{"type":"Feature","id":"UN_VOL:45304","properties":{"OBJECTID":45304,"UN_VOL_POR":"01","UN_VOL_STA":"","UN_VOL_QGR":25.31,"UN_VOL_QCO":0.0,"UN_VOL_AV":9.28,"UN_VOL_INH":0.0,"Shape_Leng":41.6172914972,"Shape_Area":93.4269303179},"geometry":{"type":"Polygon","coordinates":[[[11.87554608718298,45.408257740246874,16.0],[11.87539385169517,45.408251945626255,17.0],[11.87539340106017,45.408255647341264,17.0],[11.87538299483972,45.40825455926905,17.0],[11.875381054097913,45.40826414962689,17.0],[11.875393780165215,45.40826562908248,16.0],[11.875393620674812,45.40832036088548,16.0],[11.875558614064632,45.40832322379798,16.0],[11.875547929197232,45.40826381466739,16.0],[11.87554608718298,45.408257740246874,16.0]]]}},{"type":"Feature","id":"UN_VOL:45315","properties":{"OBJECTID":45315,"UN_VOL_POR":"01","UN_VOL_STA":"","UN_VOL_QGR":32.17,"UN_VOL_QCO":0.0,"UN_VOL_AV":16.15,"UN_VOL_INH":0.0,"Shape_Leng":21.9052922838,"Shape_Area":23.4049631498},"geometry":{"type":"Polygon","coordinates":[[[11.873288012706652,45.40838024427937,16.0],[11.873269791803969,45.40832840581399,17.0],[11.873224193423148,45.408336395265934,17.0],[11.873207501584277,45.40833987600797,17.0],[11.873211107762645,45.40835805768038,17.0],[11.873234695831368,45.408354493328204,17.0],[11.87324863162014,45.408387356803615,17.0],[11.873288012706652,45.40838024427937,16.0]]]}},{"type":"Feature","id":"UN_VOL:45318","properties":{"OBJECTID":45318,"UN_VOL_POR":"01","UN_VOL_STA":"","UN_VOL_QGR":25.82,"UN_VOL_QCO":0.0,"UN_VOL_AV":11.89,"UN_VOL_INH":0.0,"Shape_Leng":33.6426528794,"Shape_Area":70.2630320069},"geometry":{"type":"Polygon","coordinates":[[[11.871118927312237,45.40843331520922,15.0],[11.871118480458529,45.40843206618819,15.0],[11.871097768491463,45.40837137893468,15.0],[11.871095370661063,45.40836441835004,15.0],[11.870981997330022,45.408381583043656,15.0],[11.870990516549499,45.408405942102014,15.0],[11.871005444994426,45.40844832232529,15.0],[11.871118927312237,45.40843331520922,15.0]]]}},{"type":"Feature","id":"UN_VOL:45323","properties":{"OBJECTID":45323,"UN_VOL_POR":"01","UN_VOL_STA":"","UN_VOL_QGR":26.3,"UN_VOL_QCO":0.0,"UN_VOL_AV":10.27,"UN_VOL_INH":0.0,"Shape_Leng":69.6692935223,"Shape_Area":123.889865063},"geometry":{"type":"Polygon","coordinates":[[[11.875393620674812,45.40832036088548,16.0],[11.875393780165215,45.40826562908248,16.0],[11.875381054097913,45.40826414962689,17.0],[11.87538299483972,45.40825455926905,17.0],[11.875328630555751,45.40825349915539,16.0],[11.875335409016348,45.4082032814288,17.0],[11.87536696442461,45.408205636311926,16.0],[11.875371705680072,45.40816312116859,16.0],[11.87534379252733,45.4081620244245,17.0],[11.87534992000922,45.40812919511387,16.0],[11.875306896991287,45.40813252967365,17.0],[11.875305904992272,45.40815577816609,17.0],[11.875305791721267,45.40815857130135,17.0],[11.875307012296226,45.408207777423236,17.0],[11.875294751435588,45.40820790629747,17.0],[11.875291177386668,45.40825831341263,16.0],[11.875285554816843,45.40833631593929,16.0],[11.875371794126595,45.40834350408614,16.0],[11.875369485238926,45.408318178823144,16.0],[11.875393620674812,45.40832036088548,16.0]]]}},{"type":"Feature","id":"UN_VOL:45325","properties":{"OBJECTID":45325,"UN_VOL_POR":"01","UN_VOL_STA":"","UN_VOL_QGR":26.87,"UN_VOL_QCO":0.0,"UN_VOL_AV":10.84,"UN_VOL_INH":0.0,"Shape_Leng":29.8550528436,"Shape_Area":52.6725413761},"geometry":{"type":"Polygon","coordinates":[[[11.875036594444447,45.40830307398075,16.0],[11.874919515874899,45.40829756269365,16.0],[11.874912609514686,45.40835030414774,16.0],[11.875029934804305,45.408353108601425,16.0],[11.875036594444447,45.40830307398075,16.0]]]}},{"type":"Feature","id":"UN_VOL:45331","properties":{"OBJECTID":45331,"UN_VOL_POR":"01","UN_VOL_STA":"","UN_VOL_QGR":26.98,"UN_VOL_QCO":0.0,"UN_VOL_AV":10.42,"UN_VOL_INH":0.0,"Shape_Leng":36.5536487769,"Shape_Area":63.783812369},"geometry":{"type":"Polygon","coordinates":[[[11.873215458196292,45.40839341291992,17.0],[11.87324863162014,45.408387356803615,17.0],[11.873234695831368,45.408354493328204,17.0],[11.873211107762645,45.40835805768038,17.0],[11.873207501584277,45.40833987600797,17.0],[11.873191949686017,45.408343147949154,17.0],[11.873178601983108,45.408304238472674,17.0],[11.873118973571815,45.40831528140443,17.0],[11.87315025071749,45.40840531633993,16.0],[11.873215458196292,45.40839341291992,17.0]]]}},{"type":"Feature","id":"UN_VOL:45332","properties":{"OBJECTID":45332,"UN_VOL_POR":"01","UN_VOL_STA":"","UN_VOL_QGR":24.19,"UN_VOL_QCO":0.0,"UN_VOL_AV":8.16,"UN_VOL_INH":0.0,"Shape_Leng":93.1141393712,"Shape_Area":252.179297492},"geometry":{"type":"Polygon","coordinates":[[[11.875285554816843,45.40833631593929,16.0],[11.875291177386668,45.40825831341263,16.0],[11.875224975470314,45.40825314081741,16.0],[11.875179800384524,45.40825184868529,16.0],[11.87518276411745,45.4082019972333,16.0],[11.87522793914372,45.40820328897595,17.0],[11.875294751435588,45.40820790629747,17.0],[11.875307012296226,45.408207777423236,17.0],[11.875305791721267,45.40815857130135,17.0],[11.875305904992272,45.40815577816609,17.0],[11.875137557244027,45.40814471822539,16.0],[11.875113527367647,45.40832579892344,16.0],[11.875092259548083,45.40832471437304,16.0],[11.875090064162588,45.40834691301401,16.0],[11.875125384870122,45.40834791321183,16.0],[11.87519794029633,45.40834986534423,16.0],[11.875250148464566,45.40835124999272,16.0],[11.875284316111843,45.408352189540345,16.0],[11.875285554816843,45.40833631593929,16.0]]]}},{"type":"Feature","id":"UN_VOL:45342","properties":{"OBJECTID":45342,"UN_VOL_POR":"01","UN_VOL_STA":"","UN_VOL_QGR":29.51,"UN_VOL_QCO":0.0,"UN_VOL_AV":13.37,"UN_VOL_INH":0.0,"Shape_Leng":60.4546287748,"Shape_Area":146.06669492},"geometry":{"type":"Polygon","coordinates":[[[11.876558822091392,45.408318265113984,17.0],[11.876698934553755,45.408294209844186,17.0],[11.876701332410251,45.40829360949902,17.0],[11.876689268099186,45.408259888841464,17.0],[11.87674071361108,45.40824878059961,17.0],[11.876731818531717,45.408229652211446,17.0],[11.876752379526959,45.40822436290392,17.0],[11.876740034131698,45.40820271131927,17.0],[11.876645633858486,45.40822102335767,17.0],[11.876648785585193,45.408237776409884,17.0],[11.876581330248358,45.408233086047225,17.0],[11.876537965531766,45.40823975985798,17.0],[11.876541357888724,45.40825119603563,17.0],[11.876495710056092,45.40826071805921,17.0],[11.876513137028088,45.408319506897605,17.0],[11.87651514337471,45.40832629753384,17.0],[11.876558822091392,45.408318265113984,17.0]]]}},{"type":"Feature","id":"UN_VOL:45355","properties":{"OBJECTID":45355,"UN_VOL_POR":"01","UN_VOL_STA":"","UN_VOL_QGR":27.96,"UN_VOL_QCO":0.0,"UN_VOL_AV":13.2,"UN_VOL_INH":0.0,"Shape_Leng":21.0467489672,"Shape_Area":24.6510274357},"geometry":{"type":"Polygon","coordinates":[[[11.8717871148966,45.40841271897245,15.0],[11.871741169647368,45.40841387534452,15.0],[11.871747265075113,45.40847610096369,15.0],[11.871763496504174,45.408476142288634,15.0],[11.871791355617953,45.408476161098264,15.0],[11.8717871148966,45.40841271897245,15.0]]]}},{"type":"Feature","id":"UN_VOL:45360","properties":{"OBJECTID":45360,"UN_VOL_POR":"01","UN_VOL_STA":"","UN_VOL_QGR":28.78,"UN_VOL_QCO":0.0,"UN_VOL_AV":12.7,"UN_VOL_INH":0.0,"Shape_Leng":80.3022503567,"Shape_Area":293.012127017},"geometry":{"type":"Polygon","coordinates":[[[11.876355039503244,45.408354276756604,16.0],[11.876348845984113,45.4083178879272,16.0],[11.876392392694973,45.40831228938232,16.0],[11.876367625975014,45.40819454742492,17.0],[11.876362174743049,45.40819540482871,17.0],[11.876361828057341,45.40819361341221,17.0],[11.876358663479301,45.40817911106587,17.0],[11.876296793064428,45.408183731149364,17.0],[11.876274814260299,45.408186265444286,17.0],[11.876280032562754,45.40822357932957,16.0],[11.876227948204278,45.4082296627965,16.0],[11.876222027833714,45.40819362687147,17.0],[11.876174063554595,45.40819528615983,17.0],[11.876162326551587,45.408195672062796,17.0],[11.876169050875543,45.40834564329333,16.0],[11.876170014682087,45.40836713199331,16.0],[11.87635237260494,45.40835461412615,16.0],[11.876355039503244,45.408354276756604,16.0]]]}},{"type":"Feature","id":"UN_VOL:45361","properties":{"OBJECTID":45361,"UN_VOL_POR":"01","UN_VOL_STA":"","UN_VOL_QGR":27.33,"UN_VOL_QCO":0.0,"UN_VOL_AV":12.24,"UN_VOL_INH":0.0,"Shape_Leng":18.3992082596,"Shape_Area":11.8129782955},"geometry":{"type":"Polygon","coordinates":[[[11.871895232791891,45.408405317252694,16.0],[11.871877410552068,45.40840666590848,16.0],[11.87188264032119,45.408474493870145,16.0],[11.871904250133227,45.40847475999074,16.0],[11.871895232791891,45.408405317252694,16.0]]]}},{"type":"Feature","id":"UN_VOL:45362","properties":{"OBJECTID":45362,"UN_VOL_POR":"01","UN_VOL_STA":"","UN_VOL_QGR":30.16,"UN_VOL_QCO":0.0,"UN_VOL_AV":14.7,"UN_VOL_INH":0.0,"Shape_Leng":14.120526915,"Shape_Area":12.1027816433},"geometry":{"type":"Polygon","coordinates":[[[11.875287046702056,45.40835815152668,16.0],[11.875288030689994,45.40835236568577,16.0],[11.875284316111843,45.408352189540345,16.0],[11.875250148464566,45.40835124999272,16.0],[11.875245196972841,45.40838711008435,16.0],[11.875282281926054,45.40839013607258,16.0],[11.875287046702056,45.40835815152668,16.0]]]}},{"type":"Feature","id":"UN_VOL:45363","properties":{"OBJECTID":45363,"UN_VOL_POR":"01","UN_VOL_STA":"","UN_VOL_QGR":28.76,"UN_VOL_QCO":0.0,"UN_VOL_AV":12.46,"UN_VOL_INH":0.0,"Shape_Leng":37.2835100323,"Shape_Area":39.0249527409},"geometry":{"type":"Polygon","coordinates":[[[11.875692567239724,45.40823325598962,16.0],[11.875661386022339,45.408235751953484,16.0],[11.875696336490801,45.408380421396394,16.0],[11.875725922868334,45.40837670535303,16.0],[11.875692567239724,45.40823325598962,16.0]]]}},{"type":"Feature","id":"UN_VOL:45366","properties":{"OBJECTID":45366,"UN_VOL_POR":"01","UN_VOL_STA":"","UN_VOL_QGR":28.98,"UN_VOL_QCO":0.0,"UN_VOL_AV":13.51,"UN_VOL_INH":0.0,"Shape_Leng":10.1425342803,"Shape_Area":5.30947588997},"geometry":{"type":"Polygon","coordinates":[[[11.87530537998317,45.40836435027072,16.0],[11.875306564699626,45.4083599997301,16.0],[11.875287046702056,45.40835815152668,16.0],[11.875282281926054,45.40839013607258,16.0],[11.875300892532,45.408391737392144,16.0],[11.87530537998317,45.40836435027072,16.0]]]}},{"type":"Feature","id":"UN_VOL:45374","properties":{"OBJECTID":45374,"UN_VOL_POR":"01","UN_VOL_STA":"","UN_VOL_QGR":29.75,"UN_VOL_QCO":0.0,"UN_VOL_AV":14.29,"UN_VOL_INH":0.0,"Shape_Leng":22.9029053722,"Shape_Area":30.8535689221},"geometry":{"type":"Polygon","coordinates":[[[11.87519794029633,45.40834986534423,16.0],[11.875125384870122,45.40834791321183,16.0],[11.875119654989236,45.40839864439382,16.0],[11.875143211289627,45.4083994911801,16.0],[11.875142276324095,45.408396184178024,16.0],[11.875189994937102,45.408399752668515,16.0],[11.87519794029633,45.40834986534423,16.0]]]}},{"type":"Feature","id":"UN_VOL:45380","properties":{"OBJECTID":45380,"UN_VOL_POR":"01","UN_VOL_STA":"","UN_VOL_QGR":30.27,"UN_VOL_QCO":0.0,"UN_VOL_AV":14.15,"UN_VOL_INH":0.0,"Shape_Leng":28.6649686787,"Shape_Area":39.8382886118},"geometry":{"type":"Polygon","coordinates":[[[11.872963125371959,45.40867646524072,16.0],[11.872940595263751,45.40858251965876,16.0],[11.872892913245673,45.40858723049014,16.0],[11.872915156022044,45.40868055376826,16.0],[11.872963125371959,45.40867646524072,16.0]]]}},{"type":"Feature","id":"UN_VOL:45381","properties":{"OBJECTID":45381,"UN_VOL_POR":"01","UN_VOL_STA":"","UN_VOL_QGR":29.96,"UN_VOL_QCO":0.0,"UN_VOL_AV":14.87,"UN_VOL_INH":0.0,"Shape_Leng":36.7391925623,"Shape_Area":72.4268696831},"geometry":{"type":"Polygon","coordinates":[[[11.872048163829094,45.408696889198566,15.0],[11.872033794660295,45.4086252407475,16.0],[11.872031762085607,45.408625472002655,16.0],[11.871967638715233,45.40863104652199,16.0],[11.871968490784393,45.408615093032275,16.0],[11.871930412329027,45.40861515139304,16.0],[11.871936335293652,45.40868908235492,15.0],[11.871938318341764,45.40870550476504,15.0],[11.872048163829094,45.408696889198566,15.0]]]}},{"type":"Feature","id":"UN_VOL:45384","properties":{"OBJECTID":45384,"UN_VOL_POR":"01","UN_VOL_STA":"","UN_VOL_QGR":30.07,"UN_VOL_QCO":0.0,"UN_VOL_AV":14.05,"UN_VOL_INH":0.0,"Shape_Leng":14.4391053983,"Shape_Area":10.2768491575},"geometry":{"type":"Polygon","coordinates":[[[11.873677583880548,45.40865856369537,16.0],[11.873673658942849,45.40864165033158,16.0],[11.87360753913778,45.408648176132395,16.0],[11.873610617081564,45.40866601129751,16.0],[11.873677583880548,45.40865856369537,16.0]]]}},{"type":"Feature","id":"UN_VOL:45392","properties":{"OBJECTID":45392,"UN_VOL_POR":"01","UN_VOL_STA":"","UN_VOL_QGR":31.56,"UN_VOL_QCO":0.0,"UN_VOL_AV":15.44,"UN_VOL_INH":0.0,"Shape_Leng":60.8528950632,"Shape_Area":230.22155571},"geometry":{"type":"Polygon","coordinates":[[[11.872817434920549,45.40868886490674,16.0],[11.872915156022044,45.40868055376826,16.0],[11.872892913245673,45.40858723049014,16.0],[11.872878976519196,45.40852916325276,16.0],[11.872699789741139,45.4085538374063,16.0],[11.872707293490436,45.40858083247883,16.0],[11.872744109132318,45.40869440141823,16.0],[11.872817434920549,45.40868886490674,16.0]]]}},{"type":"Feature","id":"UN_VOL:45400","properties":{"OBJECTID":45400,"UN_VOL_POR":"01","UN_VOL_STA":"","UN_VOL_QGR":28.64,"UN_VOL_QCO":0.0,"UN_VOL_AV":12.36,"UN_VOL_INH":0.0,"Shape_Leng":71.1245465784,"Shape_Area":264.829341168},"geometry":{"type":"Polygon","coordinates":[[[11.876644443267592,45.40855220957326,17.0],[11.876636711334072,45.40849812695705,17.0],[11.876625905458777,45.40842377906138,17.0],[11.876625522208345,45.40842126819332,17.0],[11.876609425858323,45.40836100546792,17.0],[11.876480662655457,45.40838459481088,17.0],[11.876492041484365,45.40844254599951,17.0],[11.876504105105527,45.40851650201275,17.0],[11.876512554446606,45.40858973949919,17.0],[11.876645424148995,45.408604212001826,17.0],[11.876644821950643,45.408554630509585,17.0],[11.876644443267592,45.40855220957326,17.0]]]}},{"type":"Feature","id":"UN_VOL:45402","properties":{"OBJECTID":45402,"UN_VOL_POR":"01","UN_VOL_STA":"","UN_VOL_QGR":27.96,"UN_VOL_QCO":0.0,"UN_VOL_AV":11.33,"UN_VOL_INH":0.0,"Shape_Leng":11.9382272184,"Shape_Area":8.88134635032},"geometry":{"type":"Polygon","coordinates":[[[11.87714479514053,45.40856587747283,17.0],[11.877108248350991,45.408565898941916,17.0],[11.877108169554237,45.40859452488977,17.0],[11.877144155431257,45.40859352782957,17.0],[11.87714479514053,45.40856587747283,17.0]]]}},{"type":"Feature","id":"UN_VOL:45403","properties":{"OBJECTID":45403,"UN_VOL_POR":"01","UN_VOL_STA":"","UN_VOL_QGR":31.08,"UN_VOL_QCO":0.0,"UN_VOL_AV":14.87,"UN_VOL_INH":0.0,"Shape_Leng":78.0993039172,"Shape_Area":346.85518481},"geometry":{"type":"Polygon","coordinates":[[[11.873685612308433,45.408680774568886,16.0],[11.873750660645662,45.40867580611412,16.0],[11.873892544477119,45.408663951366755,16.0],[11.873945490861406,45.408659737457995,16.0],[11.873955302227362,45.408621414968245,16.0],[11.873968208121491,45.40857104298915,16.0],[11.873981080974385,45.40850743964155,16.0],[11.873976791886731,45.40850853779952,16.0],[11.873823363491317,45.40853715574409,16.0],[11.873653885556518,45.408556726288225,16.0],[11.873673658942849,45.40864165033158,16.0],[11.873677583880548,45.40865856369537,16.0],[11.873682681448775,45.40868093843035,16.0],[11.873685612308433,45.408680774568886,16.0]]]}},{"type":"Feature","id":"UN_VOL:45405","properties":{"OBJECTID":45405,"UN_VOL_POR":"01","UN_VOL_STA":"","UN_VOL_QGR":30.75,"UN_VOL_QCO":0.0,"UN_VOL_AV":14.47,"UN_VOL_INH":0.0,"Shape_Leng":53.484312709,"Shape_Area":112.088125103},"geometry":{"type":"Polygon","coordinates":[[[11.876512554446606,45.40858973949919,17.0],[11.876504105105527,45.40851650201275,17.0],[11.876426877820236,45.40852069928237,16.0],[11.876422828619763,45.40850639933282,16.0],[11.876331718165748,45.40851652747429,16.0],[11.876312023117931,45.40851873406568,16.0],[11.876314633933877,45.40855755364711,16.0],[11.876380238588663,45.40855851002597,16.0],[11.876381607720324,45.40857287753883,16.0],[11.876444900913429,45.40857110225919,16.0],[11.876439299038873,45.40861174893787,16.0],[11.876515769759544,45.408610271356714,17.0],[11.876512554446606,45.40858973949919,17.0]]]}},{"type":"Feature","id":"UN_VOL:45415","properties":{"OBJECTID":45415,"UN_VOL_POR":"01","UN_VOL_STA":"","UN_VOL_QGR":29.92,"UN_VOL_QCO":0.0,"UN_VOL_AV":13.29,"UN_VOL_INH":0.0,"Shape_Leng":23.6233909694,"Shape_Area":34.3708483228},"geometry":{"type":"Polygon","coordinates":[[[11.876713402117643,45.40855128104063,17.0],[11.876644443267592,45.40855220957326,17.0],[11.876644821950643,45.408554630509585,17.0],[11.876645424148995,45.408604212001826,17.0],[11.876717251412863,45.40861194256937,17.0],[11.876713402117643,45.40855128104063,17.0]]]}},{"type":"Feature","id":"UN_VOL:45416","properties":{"OBJECTID":45416,"UN_VOL_POR":"01","UN_VOL_STA":"","UN_VOL_QGR":29.81,"UN_VOL_QCO":0.0,"UN_VOL_AV":13.17,"UN_VOL_INH":0.0,"Shape_Leng":22.529882392,"Shape_Area":28.0005674048},"geometry":{"type":"Polygon","coordinates":[[[11.877108169554237,45.40859452488977,17.0],[11.877108248350991,45.408565898941916,17.0],[11.877108254544753,45.408540875526406,17.0],[11.87710829894552,45.40853421328401,17.0],[11.877068666815424,45.40853386269432,17.0],[11.877062016242137,45.40853376024821,17.0],[11.877059972956681,45.40860168131344,17.0],[11.877107937783892,45.40860254216858,17.0],[11.877108169554237,45.40859452488977,17.0]]]}},{"type":"Feature","id":"UN_VOL:45431","properties":{"OBJECTID":45431,"UN_VOL_POR":"01","UN_VOL_STA":"","UN_VOL_QGR":26.27,"UN_VOL_QCO":0.0,"UN_VOL_AV":10.31,"UN_VOL_INH":0.0,"Shape_Leng":54.5789141396,"Shape_Area":111.376742397},"geometry":{"type":"Polygon","coordinates":[[[11.87445056256665,45.40842405349816,17.0],[11.874449660265757,45.40842389613541,17.0],[11.874416827756995,45.40841653211023,16.0],[11.874420806100906,45.40840175972068,16.0],[11.874334971623357,45.40838492954847,16.0],[11.87434210411055,45.40836683719069,16.0],[11.874209398487894,45.408340475981134,16.0],[11.874186060140916,45.408396781778436,16.0],[11.874371480743497,45.408434506983404,16.0],[11.874440951530264,45.4084486889417,16.0],[11.874442629010906,45.408449006869766,16.0],[11.87445056256665,45.40842405349816,17.0]]]}},{"type":"Feature","id":"UN_VOL:45440","properties":{"OBJECTID":45440,"UN_VOL_POR":"01","UN_VOL_STA":"","UN_VOL_QGR":27.09,"UN_VOL_QCO":0.0,"UN_VOL_AV":13.27,"UN_VOL_INH":0.0,"Shape_Leng":40.3055836001,"Shape_Area":93.4525972628},"geometry":{"type":"Polygon","coordinates":[[[11.871152389466248,45.408531216709186,15.0],[11.871118927312237,45.40843331520922,15.0],[11.871005444994426,45.40844832232529,15.0],[11.87100918224735,45.40845902961498,15.0],[11.871025993268335,45.40851081386981,15.0],[11.87104887933653,45.408508527899016,15.0],[11.87105845128039,45.408541051601524,15.0],[11.871152389466248,45.408531216709186,15.0]]]}},{"type":"Feature","id":"UN_VOL:45454","properties":{"OBJECTID":45454,"UN_VOL_POR":"01","UN_VOL_STA":"","UN_VOL_QGR":28.7,"UN_VOL_QCO":0.0,"UN_VOL_AV":13.62,"UN_VOL_INH":0.0,"Shape_Leng":43.503099637,"Shape_Area":104.894397922},"geometry":{"type":"Polygon","coordinates":[[[11.87201049143669,45.4085235731464,15.0],[11.872013039270065,45.408523418968976,15.0],[11.871976516946683,45.40839291984976,15.0],[11.871894767676599,45.408401188366746,16.0],[11.871895232791891,45.408405317252694,16.0],[11.871904250133227,45.40847475999074,16.0],[11.871909479290467,45.40851486408255,16.0],[11.871911343752659,45.40852894904163,16.0],[11.87191875070477,45.40852885265688,16.0],[11.87201049143669,45.4085235731464,15.0]]]}},{"type":"Feature","id":"UN_VOL:45457","properties":{"OBJECTID":45457,"UN_VOL_POR":"01","UN_VOL_STA":"","UN_VOL_QGR":27.72,"UN_VOL_QCO":0.0,"UN_VOL_AV":11.7,"UN_VOL_INH":0.0,"Shape_Leng":50.8397933525,"Shape_Area":157.066078362},"geometry":{"type":"Polygon","coordinates":[[[11.873492433973938,45.40848266136288,16.0],[11.873574806705875,45.40845898384592,16.0],[11.873582404868978,45.40845006146127,16.0],[11.87355206373635,45.408403658999546,16.0],[11.873545969174744,45.40839436108212,16.0],[11.87350484761478,45.40833445840218,16.0],[11.873493365968613,45.40833735773984,16.0],[11.87343287635362,45.40834905246172,16.0],[11.873393139118203,45.40835671428559,16.0],[11.873383280183607,45.40835885276329,16.0],[11.87340859323114,45.408401871237146,16.0],[11.873461193418356,45.4084915492015,16.0],[11.873492433973938,45.40848266136288,16.0]]]}},{"type":"Feature","id":"UN_VOL:45461","properties":{"OBJECTID":45461,"UN_VOL_POR":"01","UN_VOL_STA":"","UN_VOL_QGR":26.38,"UN_VOL_QCO":0.0,"UN_VOL_AV":12.56,"UN_VOL_INH":0.0,"Shape_Leng":44.2243592151,"Shape_Area":55.1065702161},"geometry":{"type":"Polygon","coordinates":[[[11.871038213800842,45.40855272233381,15.0],[11.871025993268335,45.40851081386981,15.0],[11.87100918224735,45.40845902961498,15.0],[11.870960488381515,45.40846646572156,15.0],[11.870963164352414,45.40847386954444,15.0],[11.870938427590511,45.408474942188455,15.0],[11.87086575789839,45.40848082117025,15.0],[11.870871232208936,45.40850561664621,15.0],[11.870965051221784,45.408501006060774,15.0],[11.870970147179625,45.40852086042794,15.0],[11.870971419370749,45.4085207383709,15.0],[11.871010158426612,45.40851859341236,15.0],[11.871017314726311,45.408553878524145,15.0],[11.871038213800842,45.40855272233381,15.0]]]}},{"type":"Feature","id":"UN_VOL:45464","properties":{"OBJECTID":45464,"UN_VOL_POR":"01","UN_VOL_STA":"","UN_VOL_QGR":32.43,"UN_VOL_QCO":0.0,"UN_VOL_AV":16.55,"UN_VOL_INH":0.0,"Shape_Leng":16.5814228083,"Shape_Area":16.9186675017},"geometry":{"type":"Polygon","coordinates":[[[11.8750008047941,45.40842369238594,16.0],[11.874940706032945,45.408417915611096,16.0],[11.874938511842691,45.40845271570053,16.0],[11.874996108178872,45.40845450498385,16.0],[11.8750008047941,45.40842369238594,16.0]]]}},{"type":"Feature","id":"UN_VOL:45467","properties":{"OBJECTID":45467,"UN_VOL_POR":"01","UN_VOL_STA":"","UN_VOL_QGR":30.94,"UN_VOL_QCO":0.0,"UN_VOL_AV":15.22,"UN_VOL_INH":0.0,"Shape_Leng":113.689541278,"Shape_Area":625.866199559},"geometry":{"type":"Polygon","coordinates":[[[11.87301014231208,45.40846978294572,16.0],[11.872946397249178,45.408238525453,16.0],[11.872853016832838,45.40825176799967,17.0],[11.872871766442818,45.40831151460856,17.0],[11.872720776149478,45.408330258091205,17.0],[11.872715738971662,45.4083166128213,17.0],[11.872591732692557,45.40833323678886,17.0],[11.87263460238006,45.408488059278866,16.0],[11.872641686559101,45.40851434454489,16.0],[11.87301014231208,45.40846978294572,16.0]]]}},{"type":"Feature","id":"UN_VOL:45476","properties":{"OBJECTID":45476,"UN_VOL_POR":"01","UN_VOL_STA":"","UN_VOL_QGR":24.15,"UN_VOL_QCO":0.0,"UN_VOL_AV":9.39,"UN_VOL_INH":0.0,"Shape_Leng":35.0453168004,"Shape_Area":69.2463180734},"geometry":{"type":"Polygon","coordinates":[[[11.871683539629812,45.408542423886075,15.0],[11.871678584216689,45.40848755067984,15.0],[11.87152794358349,45.408495572502325,15.0],[11.87154131808392,45.40854510272901,15.0],[11.87154227053637,45.40854876950763,15.0],[11.871683539629812,45.408542423886075,15.0]]]}},{"type":"Feature","id":"UN_VOL:45484","properties":{"OBJECTID":45484,"UN_VOL_POR":"01","UN_VOL_STA":"","UN_VOL_QGR":30.98,"UN_VOL_QCO":0.0,"UN_VOL_AV":14.57,"UN_VOL_INH":0.0,"Shape_Leng":42.2895797626,"Shape_Area":81.8679542978},"geometry":{"type":"Polygon","coordinates":[[[11.876609425858323,45.40836100546792,17.0],[11.876625522208345,45.40842126819332,17.0],[11.876625905458777,45.40842377906138,17.0],[11.876673710267783,45.40842149366568,18.0],[11.876675034390505,45.40840228772454,17.0],[11.876702647753504,45.40840249162271,17.0],[11.876712848685136,45.40840205434463,17.0],[11.876715370870903,45.40842152350054,18.0],[11.876759712080517,45.408421485735865,18.0],[11.876746010094081,45.408335419027985,17.0],[11.876609425858323,45.40836100546792,17.0]]]}},{"type":"Feature","id":"UN_VOL:45486","properties":{"OBJECTID":45486,"UN_VOL_POR":"01","UN_VOL_STA":"","UN_VOL_QGR":27.81,"UN_VOL_QCO":0.0,"UN_VOL_AV":13.05,"UN_VOL_INH":0.0,"Shape_Leng":43.1650232866,"Shape_Area":91.31229735},"geometry":{"type":"Polygon","coordinates":[[[11.87177057176829,45.40854761416525,15.0],[11.871763496504174,45.408476142288634,15.0],[11.871747265075113,45.40847610096369,15.0],[11.871741169647368,45.40841387534452,15.0],[11.871718064805062,45.40841436719432,15.0],[11.871672228968258,45.40841768073824,15.0],[11.871678584216689,45.40848755067984,15.0],[11.871683539629812,45.408542423886075,15.0],[11.87168315258069,45.40854990439149,15.0],[11.87177057176829,45.40854761416525,15.0]]]}},{"type":"Feature","id":"UN_VOL:45492","properties":{"OBJECTID":45492,"UN_VOL_POR":"01","UN_VOL_STA":"","UN_VOL_QGR":27.32,"UN_VOL_QCO":0.0,"UN_VOL_AV":11.3,"UN_VOL_INH":0.0,"Shape_Leng":9.66934206222,"Shape_Area":5.74715353476},"geometry":{"type":"Polygon","coordinates":[[[11.873500038306164,45.408506593429294,16.0],[11.873492433973938,45.40848266136288,16.0],[11.873461193418356,45.4084915492015,16.0],[11.873470469856883,45.40850814810006,16.0],[11.873500038306164,45.408506593429294,16.0]]]}},{"type":"Feature","id":"UN_VOL:45495","properties":{"OBJECTID":45495,"UN_VOL_POR":"01","UN_VOL_STA":"","UN_VOL_QGR":32.5,"UN_VOL_QCO":0.0,"UN_VOL_AV":17.04,"UN_VOL_INH":0.0,"Shape_Leng":42.3055479564,"Shape_Area":109.720068717},"geometry":{"type":"Polygon","coordinates":[[[11.875225315324718,45.408506427613354,16.0],[11.875242459199068,45.40840365100777,16.0],[11.875189994937102,45.408399752668515,16.0],[11.875142276324095,45.408396184178024,16.0],[11.875143211289627,45.4083994911801,16.0],[11.875119654989236,45.40839864439382,16.0],[11.8751070916606,45.40849851489079,16.0],[11.875225041872389,45.40850859484713,16.0],[11.875225315324718,45.408506427613354,16.0]]]}},{"type":"Feature","id":"UN_VOL:45496","properties":{"OBJECTID":45496,"UN_VOL_POR":"01","UN_VOL_STA":"","UN_VOL_QGR":30.09,"UN_VOL_QCO":0.0,"UN_VOL_AV":12.78,"UN_VOL_INH":0.0,"Shape_Leng":43.8133432766,"Shape_Area":90.7028797384},"geometry":{"type":"Polygon","coordinates":[[[11.876894175450142,45.408464811870545,18.0],[11.87688135122883,45.40831805490572,18.0],[11.876809447796033,45.40832139782799,17.0],[11.876824838476738,45.40846836023334,18.0],[11.876894175450142,45.408464811870545,18.0]]]}},{"type":"Feature","id":"UN_VOL:45497","properties":{"OBJECTID":45497,"UN_VOL_POR":"01","UN_VOL_STA":"","UN_VOL_QGR":25.23,"UN_VOL_QCO":0.0,"UN_VOL_AV":10.9,"UN_VOL_INH":0.0,"Shape_Leng":42.425151336,"Shape_Area":111.891757536},"geometry":{"type":"Polygon","coordinates":[[[11.870829539526325,45.40857804585305,15.0],[11.870827415432334,45.408526071747495,15.0],[11.870827365290197,45.40852508288429,15.0],[11.87068607327565,45.40853349870719,15.0],[11.870688202092028,45.40856791981147,15.0],[11.870691561187956,45.40862157295703,15.0],[11.870741737050754,45.40862067036542,15.0],[11.870832279340197,45.40861947250165,15.0],[11.870829539526325,45.40857804585305,15.0]]]}},{"type":"Feature","id":"UN_VOL:45499","properties":{"OBJECTID":45499,"UN_VOL_POR":"01","UN_VOL_STA":"","UN_VOL_QGR":31.81,"UN_VOL_QCO":0.0,"UN_VOL_AV":14.5,"UN_VOL_INH":0.0,"Shape_Leng":63.4687955525,"Shape_Area":251.015956882},"geometry":{"type":"Polygon","coordinates":[[[11.876936255643185,45.408465551029714,18.0],[11.87705290098625,45.408459999702124,17.0],[11.877088977893603,45.40845827998977,17.0],[11.877088777117867,45.4084568446937,17.0],[11.877087207836931,45.40844356240748,17.0],[11.877071307540774,45.408309214758894,18.0],[11.877034209887881,45.408310960203515,18.0],[11.87688135122883,45.40831805490572,18.0],[11.876894175450142,45.408464811870545,18.0],[11.876894317053596,45.40846759858097,18.0],[11.876936255643185,45.408465551029714,18.0]]]}},{"type":"Feature","id":"UN_VOL:45501","properties":{"OBJECTID":45501,"UN_VOL_POR":"01","UN_VOL_STA":"","UN_VOL_QGR":25.91,"UN_VOL_QCO":0.0,"UN_VOL_AV":12.33,"UN_VOL_INH":0.0,"Shape_Leng":26.3833295859,"Shape_Area":40.7588666359},"geometry":{"type":"Polygon","coordinates":[[[11.870931267212358,45.408570625343955,15.0],[11.870829539526325,45.40857804585305,15.0],[11.870832279340197,45.40861947250165,15.0],[11.87094006429381,45.408618110860616,15.0],[11.870931267212358,45.408570625343955,15.0]]]}},{"type":"Feature","id":"UN_VOL:45502","properties":{"OBJECTID":45502,"UN_VOL_POR":"01","UN_VOL_STA":"","UN_VOL_QGR":26.14,"UN_VOL_QCO":0.0,"UN_VOL_AV":12.57,"UN_VOL_INH":0.0,"Shape_Leng":22.7019188231,"Shape_Area":32.5203929627},"geometry":{"type":"Polygon","coordinates":[[[11.871014867574152,45.40861397830237,15.0],[11.87100778385135,45.40856500971136,15.0],[11.870931267212358,45.408570625343955,15.0],[11.87094006429381,45.408618110860616,15.0],[11.870971096043906,45.40861769024596,15.0],[11.871014867574152,45.40861397830237,15.0]]]}},{"type":"Feature","id":"UN_VOL:45507","properties":{"OBJECTID":45507,"UN_VOL_POR":"01","UN_VOL_STA":"","UN_VOL_QGR":28.24,"UN_VOL_QCO":0.0,"UN_VOL_AV":11.95,"UN_VOL_INH":0.0,"Shape_Leng":34.571792936,"Shape_Area":74.0849483926},"geometry":{"type":"Polygon","coordinates":[[[11.876273367733951,45.40844454789401,16.0],[11.87626732872622,45.408401134245416,16.0],[11.876231812197894,45.40840382969655,16.0],[11.876168551366124,45.40840875489984,16.0],[11.876172068647511,45.40848805709441,16.0],[11.876221984288128,45.40848706899204,16.0],[11.876279347397741,45.408486793209455,16.0],[11.876273367733951,45.40844454789401,16.0]]]}},{"type":"Feature","id":"UN_VOL:45508","properties":{"OBJECTID":45508,"UN_VOL_POR":"01","UN_VOL_STA":"","UN_VOL_QGR":28.51,"UN_VOL_QCO":0.0,"UN_VOL_AV":11.2,"UN_VOL_INH":0.0,"Shape_Leng":16.6905348973,"Shape_Area":14.6320021528},"geometry":{"type":"Polygon","coordinates":[[[11.877162505092471,45.40846425691355,17.0],[11.877159402736746,45.408440931944824,17.0],[11.877087207836931,45.40844356240748,17.0],[11.877088777117867,45.4084568446937,17.0],[11.87709236003367,45.40845693444324,17.0],[11.877092114779021,45.408467202062226,17.0],[11.877162505092471,45.40846425691355,17.0]]]}},{"type":"Feature","id":"UN_VOL:45510","properties":{"OBJECTID":45510,"UN_VOL_POR":"01","UN_VOL_STA":"","UN_VOL_QGR":33.35,"UN_VOL_QCO":0.0,"UN_VOL_AV":17.88,"UN_VOL_INH":0.0,"Shape_Leng":19.1232206602,"Shape_Area":22.5592582208},"geometry":{"type":"Polygon","coordinates":[[[11.875273822898466,45.408510426031846,16.0],[11.875328119109598,45.408512658105366,16.0],[11.875335863966853,45.40846637652662,16.0],[11.875281963804637,45.4084618840867,16.0],[11.875273822898466,45.408510426031846,16.0]]]}},{"type":"Feature","id":"UN_VOL:45514","properties":{"OBJECTID":45514,"UN_VOL_POR":"01","UN_VOL_STA":"","UN_VOL_QGR":32.85,"UN_VOL_QCO":0.0,"UN_VOL_AV":17.38,"UN_VOL_INH":0.0,"Shape_Leng":65.0691602888,"Shape_Area":142.200780148},"geometry":{"type":"Polygon","coordinates":[[[11.875388410315374,45.408371259082614,16.0],[11.87530537998317,45.40836435027072,16.0],[11.875300892532,45.408391737392144,16.0],[11.875282281926054,45.40839013607258,16.0],[11.875245196972841,45.40838711008435,16.0],[11.875242459199068,45.40840365100777,16.0],[11.875225315324718,45.408506427613354,16.0],[11.875273822898466,45.408510426031846,16.0],[11.875281963804637,45.4084618840867,16.0],[11.875335863966853,45.40846637652662,16.0],[11.875328119109598,45.408512658105366,16.0],[11.875364310425779,45.40851570658629,16.0],[11.875388410315374,45.408371259082614,16.0]]]}},{"type":"Feature","id":"UN_VOL:45527","properties":{"OBJECTID":45527,"UN_VOL_POR":"01","UN_VOL_STA":"","UN_VOL_QGR":25.11,"UN_VOL_QCO":0.0,"UN_VOL_AV":9.27,"UN_VOL_INH":0.0,"Shape_Leng":63.9599861784,"Shape_Area":139.052343928},"geometry":{"type":"Polygon","coordinates":[[[11.872583677829395,45.40857242295338,16.0],[11.872560506308535,45.408498566078755,16.0],[11.872550861618157,45.4084998890595,16.0],[11.872497286022378,45.408506818394635,16.0],[11.872265074654802,45.40853669758389,16.0],[11.872268826424408,45.40855019513723,16.0],[11.872379998387576,45.40853749492379,16.0],[11.872396185536575,45.40859712602224,16.0],[11.872583677829395,45.40857242295338,16.0]]]}},{"type":"Feature","id":"UN_VOL:45532","properties":{"OBJECTID":45532,"UN_VOL_POR":"01","UN_VOL_STA":"","UN_VOL_QGR":30.99,"UN_VOL_QCO":0.0,"UN_VOL_AV":14.87,"UN_VOL_INH":0.0,"Shape_Leng":20.8410187915,"Shape_Area":25.0730457433},"geometry":{"type":"Polygon","coordinates":[[[11.872940595263751,45.40858251965876,16.0],[11.872926312442848,45.40852266059559,16.0],[11.872878976519196,45.40852916325276,16.0],[11.872892913245673,45.40858723049014,16.0],[11.872940595263751,45.40858251965876,16.0]]]}},{"type":"Feature","id":"UN_VOL:45534","properties":{"OBJECTID":45534,"UN_VOL_POR":"01","UN_VOL_STA":"","UN_VOL_QGR":26.35,"UN_VOL_QCO":0.0,"UN_VOL_AV":10.89,"UN_VOL_INH":0.0,"Shape_Leng":82.6699905338,"Shape_Area":289.849929486},"geometry":{"type":"Polygon","coordinates":[[[11.875020012247683,45.4084169074805,16.0],[11.875001743164301,45.408417007618986,16.0],[11.8750008047941,45.40842369238594,16.0],[11.874996108178872,45.40845450498385,16.0],[11.874938511842691,45.40845271570053,16.0],[11.874940706032945,45.408417915611096,16.0],[11.874940874502105,45.40841368072682,16.0],[11.87489513368112,45.40840880242433,16.0],[11.874882749666043,45.40840902440401,16.0],[11.874884142855167,45.40839116666551,16.0],[11.874786681721996,45.408384440977635,16.0],[11.874750403914971,45.408382204523534,16.0],[11.874723593985575,45.4085186190785,16.0],[11.874869367041402,45.40853303869906,16.0],[11.874871308579609,45.408525968860424,16.0],[11.87500246810182,45.40853445596279,16.0],[11.875020012247683,45.4084169074805,16.0]]]}},{"type":"Feature","id":"UN_VOL:45544","properties":{"OBJECTID":45544,"UN_VOL_POR":"01","UN_VOL_STA":"","UN_VOL_QGR":30.29,"UN_VOL_QCO":0.0,"UN_VOL_AV":13.88,"UN_VOL_INH":0.0,"Shape_Leng":31.800403472,"Shape_Area":50.8196632475},"geometry":{"type":"Polygon","coordinates":[[[11.876701873298357,45.408495403952806,18.0],[11.876702647753504,45.40840249162271,17.0],[11.876675034390505,45.40840228772454,17.0],[11.876673710267783,45.40842149366568,18.0],[11.876625905458777,45.40842377906138,17.0],[11.876636711334072,45.40849812695705,17.0],[11.876701873298357,45.408495403952806,18.0]]]}},{"type":"Feature","id":"UN_VOL:45551","properties":{"OBJECTID":45551,"UN_VOL_POR":"01","UN_VOL_STA":"","UN_VOL_QGR":30.58,"UN_VOL_QCO":0.0,"UN_VOL_AV":13.27,"UN_VOL_INH":0.0,"Shape_Leng":24.1688871601,"Shape_Area":26.8421931513},"geometry":{"type":"Polygon","coordinates":[[[11.876936255643185,45.408465551029714,18.0],[11.876894317053596,45.40846759858097,18.0],[11.876894175450142,45.408464811870545,18.0],[11.876824838476738,45.40846836023334,18.0],[11.876827142682933,45.40849107539714,18.0],[11.876839900581782,45.408490663685846,18.0],[11.8768402977688,45.408495964482526,18.0],[11.876899507458592,45.40849429151793,18.0],[11.876940493200124,45.4084936183017,17.0],[11.876937515980176,45.40848532213696,17.0],[11.876936255643185,45.408465551029714,18.0]]]}},{"type":"Feature","id":"UN_VOL:45557","properties":{"OBJECTID":45557,"UN_VOL_POR":"01","UN_VOL_STA":"","UN_VOL_QGR":31.52,"UN_VOL_QCO":0.0,"UN_VOL_AV":15.53,"UN_VOL_INH":0.0,"Shape_Leng":34.3630115086,"Shape_Area":67.1519505968},"geometry":{"type":"Polygon","coordinates":[[[11.87791911435721,45.40846866909447,16.0],[11.877927278174694,45.408468373135534,16.0],[11.877924441098068,45.40845530293149,16.0],[11.877914112497345,45.40845574353816,16.0],[11.877909048461849,45.40842148625909,16.0],[11.877908818344654,45.40840186966121,16.0],[11.877796434839684,45.40840578435986,16.0],[11.877801875658312,45.40846253487042,16.0],[11.877803982398545,45.40847382334169,16.0],[11.87791911435721,45.40846866909447,16.0]]]}},{"type":"Feature","id":"UN_VOL:45565","properties":{"OBJECTID":45565,"UN_VOL_POR":"01","UN_VOL_STA":"","UN_VOL_QGR":28.18,"UN_VOL_QCO":0.0,"UN_VOL_AV":11.9,"UN_VOL_INH":0.0,"Shape_Leng":24.19509816,"Shape_Area":30.9717333748},"geometry":{"type":"Polygon","coordinates":[[[11.876279347397741,45.408486793209455,16.0],[11.876221984288128,45.40848706899204,16.0],[11.876172068647511,45.40848805709441,16.0],[11.87617405464778,45.40851960136856,16.0],[11.876282482188262,45.4085208290531,16.0],[11.876279347397741,45.408486793209455,16.0]]]}},{"type":"Feature","id":"UN_VOL:45567","properties":{"OBJECTID":45567,"UN_VOL_POR":"01","UN_VOL_STA":"","UN_VOL_QGR":28.81,"UN_VOL_QCO":0.0,"UN_VOL_AV":13.0,"UN_VOL_INH":0.0,"Shape_Leng":56.3966499093,"Shape_Area":124.057428885},"geometry":{"type":"Polygon","coordinates":[[[11.872396185536575,45.40859712602224,16.0],[11.872379998387576,45.40853749492379,16.0],[11.872268826424408,45.40855019513723,16.0],[11.872113186440277,45.408567974688815,16.0],[11.872117931714682,45.408588468159145,16.0],[11.872182360503883,45.40858135546171,16.0],[11.872192065981936,45.4086240470952,16.0],[11.872396185536575,45.40859712602224,16.0]]]}},{"type":"Feature","id":"UN_VOL:45569","properties":{"OBJECTID":45569,"UN_VOL_POR":"01","UN_VOL_STA":"","UN_VOL_QGR":28.91,"UN_VOL_QCO":0.0,"UN_VOL_AV":12.63,"UN_VOL_INH":0.0,"Shape_Leng":24.4375541109,"Shape_Area":30.9752247006},"geometry":{"type":"Polygon","coordinates":[[[11.876294483743777,45.40852061656243,16.0],[11.876312023117931,45.40851873406568,16.0],[11.876331718165748,45.40851652747429,16.0],[11.876315657187403,45.40843934125868,16.0],[11.876273367733951,45.40844454789401,16.0],[11.876279347397741,45.408486793209455,16.0],[11.876282482188262,45.4085208290531,16.0],[11.876292195825046,45.40852085394055,16.0],[11.876294483743777,45.40852061656243,16.0]]]}},{"type":"Feature","id":"UN_VOL:45572","properties":{"OBJECTID":45572,"UN_VOL_POR":"01","UN_VOL_STA":"","UN_VOL_QGR":31.96,"UN_VOL_QCO":0.0,"UN_VOL_AV":15.9,"UN_VOL_INH":0.0,"Shape_Leng":18.4812883216,"Shape_Area":21.2098416403},"geometry":{"type":"Polygon","coordinates":[[[11.87337327736514,45.40858980685207,16.0],[11.873370800242736,45.40855107388328,16.0],[11.873306477077055,45.408557734359,16.0],[11.873314606141149,45.40859704498603,16.0],[11.87337327736514,45.40858980685207,16.0]]]}},{"type":"Feature","id":"UN_VOL:45577","properties":{"OBJECTID":45577,"UN_VOL_POR":"01","UN_VOL_STA":"","UN_VOL_QGR":33.62,"UN_VOL_QCO":0.0,"UN_VOL_AV":18.15,"UN_VOL_INH":0.0,"Shape_Leng":28.0778033172,"Shape_Area":43.7355241518},"geometry":{"type":"Polygon","coordinates":[[[11.875225041872389,45.40850859484713,16.0],[11.8751070916606,45.40849851489079,16.0],[11.875100681857704,45.40854089236117,16.0],[11.875102217968763,45.40854094370138,16.0],[11.87510375864677,45.40854108497328,16.0],[11.875220368812453,45.408549938045674,16.0],[11.875225041872389,45.40850859484713,16.0]]]}},{"type":"Feature","id":"UN_VOL:45580","properties":{"OBJECTID":45580,"UN_VOL_POR":"01","UN_VOL_STA":"","UN_VOL_QGR":28.81,"UN_VOL_QCO":0.0,"UN_VOL_AV":12.53,"UN_VOL_INH":0.0,"Shape_Leng":47.998033099,"Shape_Area":100.164358535},"geometry":{"type":"Polygon","coordinates":[[[11.876504105105527,45.40851650201275,17.0],[11.876492041484365,45.40844254599951,17.0],[11.876361335633728,45.40846060284034,16.0],[11.876353734699526,45.408436761315784,16.0],[11.876315657187403,45.40843934125868,16.0],[11.876331718165748,45.40851652747429,16.0],[11.876422828619763,45.40850639933282,16.0],[11.876426877820236,45.40852069928237,16.0],[11.876504105105527,45.40851650201275,17.0]]]}},{"type":"Feature","id":"UN_VOL:45587","properties":{"OBJECTID":45587,"UN_VOL_POR":"01","UN_VOL_STA":"","UN_VOL_QGR":27.98,"UN_VOL_QCO":0.0,"UN_VOL_AV":10.67,"UN_VOL_INH":0.0,"Shape_Leng":29.0295356661,"Shape_Area":41.7236164552},"geometry":{"type":"Polygon","coordinates":[[[11.877169820751572,45.408505118181935,17.0],[11.87716712096205,45.40848970406062,17.0],[11.877162505092471,45.40846425691355,17.0],[11.877092114779021,45.408467202062226,17.0],[11.87709236003367,45.40845693444324,17.0],[11.877088777117867,45.4084568446937,17.0],[11.877088977893603,45.40845827998977,17.0],[11.87705290098625,45.408459999702124,17.0],[11.877052253097172,45.40849251045226,17.0],[11.877054829524365,45.40850549759325,17.0],[11.877067446591663,45.40850481926718,17.0],[11.877095738150292,45.40850329586017,17.0],[11.877096203644319,45.40850742471526,17.0],[11.877169820751572,45.408505118181935,17.0]]]}},{"type":"Feature","id":"UN_VOL:45589","properties":{"OBJECTID":45589,"UN_VOL_POR":"01","UN_VOL_STA":"","UN_VOL_QGR":28.74,"UN_VOL_QCO":0.0,"UN_VOL_AV":13.01,"UN_VOL_INH":0.0,"Shape_Leng":21.2822464465,"Shape_Area":28.3894082265},"geometry":{"type":"Polygon","coordinates":[[[11.872192065981936,45.4086240470952,16.0],[11.872182360503883,45.40858135546171,16.0],[11.872117931714682,45.408588468159145,16.0],[11.872108720187052,45.408590770323826,15.0],[11.872119710936479,45.40863360970477,15.0],[11.872192065981936,45.4086240470952,16.0]]]}},{"type":"Feature","id":"UN_VOL:45591","properties":{"OBJECTID":45591,"UN_VOL_POR":"01","UN_VOL_STA":"","UN_VOL_QGR":35.2,"UN_VOL_QCO":0.0,"UN_VOL_AV":19.73,"UN_VOL_INH":0.0,"Shape_Leng":22.4522773773,"Shape_Area":31.4302245125},"geometry":{"type":"Polygon","coordinates":[[[11.875439476491422,45.40849860031232,16.0],[11.875437666621748,45.40854851273758,16.0],[11.875512610498944,45.40854968449441,16.0],[11.875513285645207,45.40850259094529,16.0],[11.875439476491422,45.40849860031232,16.0]]]}},{"type":"Feature","id":"UN_VOL:45599","properties":{"OBJECTID":45599,"UN_VOL_POR":"01","UN_VOL_STA":"","UN_VOL_QGR":32.21,"UN_VOL_QCO":0.0,"UN_VOL_AV":16.15,"UN_VOL_INH":0.0,"Shape_Leng":26.4594981021,"Shape_Area":39.4748128519},"geometry":{"type":"Polygon","coordinates":[[[11.873305207124092,45.40859818175049,16.0],[11.873314606141149,45.40859704498603,16.0],[11.873306477077055,45.408557734359,16.0],[11.873196645856586,45.4085691410601,16.0],[11.873205791207097,45.40861085658709,16.0],[11.873305207124092,45.40859818175049,16.0]]]}},{"type":"Feature","id":"UN_VOL:45602","properties":{"OBJECTID":45602,"UN_VOL_POR":"01","UN_VOL_STA":"","UN_VOL_QGR":27.16,"UN_VOL_QCO":0.0,"UN_VOL_AV":10.36,"UN_VOL_INH":0.0,"Shape_Leng":43.6445082008,"Shape_Area":46.2045367255},"geometry":{"type":"Polygon","coordinates":[[[11.877460277847218,45.40837420660596,17.0],[11.877401898306392,45.40837711880262,17.0],[11.877404666514998,45.408426556012614,17.0],[11.877459244942402,45.40842427956373,17.0],[11.877465781049924,45.40846489033207,17.0],[11.877441445770238,45.40846631406038,17.0],[11.877445402637491,45.40850644998283,17.0],[11.877488517413164,45.40850743298792,17.0],[11.877460277847218,45.40837420660596,17.0]]]}},{"type":"Feature","id":"UN_VOL:45603","properties":{"OBJECTID":45603,"UN_VOL_POR":"01","UN_VOL_STA":"","UN_VOL_QGR":32.66,"UN_VOL_QCO":0.0,"UN_VOL_AV":15.35,"UN_VOL_INH":0.0,"Shape_Leng":27.4695668821,"Shape_Area":50.0448699765},"geometry":{"type":"Polygon","coordinates":[[[11.877052253097172,45.40849251045226,17.0],[11.87705290098625,45.408459999702124,17.0],[11.876936255643185,45.408465551029714,18.0],[11.876937515980176,45.40848532213696,17.0],[11.876940493200124,45.4084936183017,17.0],[11.876948444202617,45.40850926021164,17.0],[11.876961002592063,45.40851497435936,17.0],[11.876978483258748,45.40851948422278,17.0],[11.87698862963259,45.40852048865431,17.0],[11.877003119606325,45.40851895308007,17.0],[11.877023065154985,45.40851412947595,17.0],[11.877039592322054,45.40850741181257,17.0],[11.877048816853325,45.40850033839111,17.0],[11.877052253097172,45.40849251045226,17.0]]]}},{"type":"Feature","id":"UN_VOL:45605","properties":{"OBJECTID":45605,"UN_VOL_POR":"01","UN_VOL_STA":"","UN_VOL_QGR":31.67,"UN_VOL_QCO":0.0,"UN_VOL_AV":14.63,"UN_VOL_INH":0.0,"Shape_Leng":34.3266240376,"Shape_Area":63.4115931496},"geometry":{"type":"Polygon","coordinates":[[[11.877445402637491,45.40850644998283,17.0],[11.877441445770238,45.40846631406038,17.0],[11.877465781049924,45.40846489033207,17.0],[11.877459244942402,45.40842427956373,17.0],[11.877404666514998,45.408426556012614,17.0],[11.877362837371804,45.40842824078918,17.0],[11.877363286124849,45.40844713228002,17.0],[11.877364853260634,45.4085131617594,17.0],[11.877413550762183,45.40850581287112,17.0],[11.877445402637491,45.40850644998283,17.0]]]}},{"type":"Feature","id":"UN_VOL:45624","properties":{"OBJECTID":45624,"UN_VOL_POR":"01","UN_VOL_STA":"","UN_VOL_QGR":31.79,"UN_VOL_QCO":0.0,"UN_VOL_AV":15.85,"UN_VOL_INH":0.0,"Shape_Leng":55.4571726754,"Shape_Area":155.41292305},"geometry":{"type":"Polygon","coordinates":[[[11.87411595768888,45.40855390950081,16.0],[11.874117069474039,45.408548120451066,16.0],[11.874148789010556,45.40847819203917,16.0],[11.874092770385904,45.408477262664725,16.0],[11.874086844910995,45.40847885227954,16.0],[11.873981080974385,45.40850743964155,16.0],[11.873968208121491,45.40857104298915,16.0],[11.874016979392215,45.408570174333875,16.0],[11.874008532155617,45.40862529497994,16.0],[11.874101020977951,45.40862971609733,16.0],[11.87411595768888,45.40855390950081,16.0]]]}},{"type":"Feature","id":"UN_VOL:45625","properties":{"OBJECTID":45625,"UN_VOL_POR":"01","UN_VOL_STA":"","UN_VOL_QGR":26.04,"UN_VOL_QCO":0.0,"UN_VOL_AV":10.58,"UN_VOL_INH":0.0,"Shape_Leng":123.05383862,"Shape_Area":294.279364665},"geometry":{"type":"Polygon","coordinates":[[[11.875568099322956,45.40837663236398,16.0],[11.875395065438767,45.408371451558516,16.0],[11.875388410315374,45.408371259082614,16.0],[11.875364310425779,45.40851570658629,16.0],[11.875356438730082,45.40857459323437,16.0],[11.875395647522094,45.40857666558687,16.0],[11.875396891418548,45.4085709632422,16.0],[11.875556968655479,45.40858772213529,16.0],[11.875554776811779,45.40859236820008,16.0],[11.875566067132578,45.40859325388204,16.0],[11.875567304685054,45.40856981910672,16.0],[11.875572808749686,45.408439162458755,16.0],[11.875571886778149,45.408426043931726,16.0],[11.875570380524707,45.40840393857004,16.0],[11.875569002519661,45.40838183036601,16.0],[11.875568099322956,45.40837663236398,16.0]],[[11.87551635028236,45.40841448148453,16.0],[11.875511404513057,45.40846555311214,16.0],[11.87544466039761,45.408462284511636,16.0],[11.875449610794485,45.40841130281707,16.0],[11.87551635028236,45.40841448148453,16.0]],[[11.875439476491422,45.40849860031232,16.0],[11.875513285645207,45.40850259094529,16.0],[11.875512610498944,45.40854968449441,16.0],[11.875437666621748,45.40854851273758,16.0],[11.875439476491422,45.40849860031232,16.0]]]}},{"type":"Feature","id":"UN_VOL:45632","properties":{"OBJECTID":45632,"UN_VOL_POR":"01","UN_VOL_STA":"","UN_VOL_QGR":31.26,"UN_VOL_QCO":0.0,"UN_VOL_AV":15.79,"UN_VOL_INH":0.0,"Shape_Leng":35.4706178784,"Shape_Area":17.2667983064},"geometry":{"type":"Polygon","coordinates":[[[11.875566067132578,45.40859325388204,16.0],[11.875554776811779,45.40859236820008,16.0],[11.875556968655479,45.40858772213529,16.0],[11.875396891418548,45.4085709632422,16.0],[11.875395647522094,45.40857666558687,16.0],[11.875356438730082,45.40857459323437,16.0],[11.875355992658463,45.408578384880855,16.0],[11.875565844078876,45.408598930111594,16.0],[11.875566067132578,45.40859325388204,16.0]]]}},{"type":"Feature","id":"UN_VOL:45634","properties":{"OBJECTID":45634,"UN_VOL_POR":"01","UN_VOL_STA":"","UN_VOL_QGR":31.71,"UN_VOL_QCO":0.0,"UN_VOL_AV":15.56,"UN_VOL_INH":0.0,"Shape_Leng":27.2068993633,"Shape_Area":38.4261486967},"geometry":{"type":"Polygon","coordinates":[[[11.87556904007667,45.40865933800283,16.0],[11.87544370117708,45.40865475580436,16.0],[11.875466863411246,45.408685586337214,16.0],[11.87546568817009,45.40869515740459,16.0],[11.875566008232987,45.40870028005564,16.0],[11.875568516749983,45.408666642251994,16.0],[11.87556904007667,45.40865933800283,16.0]]]}},{"type":"Feature","id":"UN_VOL:45650","properties":{"OBJECTID":45650,"UN_VOL_POR":"01","UN_VOL_STA":"","UN_VOL_QGR":28.87,"UN_VOL_QCO":0.0,"UN_VOL_AV":12.23,"UN_VOL_INH":0.0,"Shape_Leng":66.9313952381,"Shape_Area":132.739214822},"geometry":{"type":"Polygon","coordinates":[[[11.877062016242137,45.40853376024821,17.0],[11.877068666815424,45.40853386269432,17.0],[11.877067446591663,45.40850481926718,17.0],[11.877054829524365,45.40850549759325,17.0],[11.877052253097172,45.40849251045226,17.0],[11.877048816853325,45.40850033839111,17.0],[11.877039592322054,45.40850741181257,17.0],[11.877023065154985,45.40851412947595,17.0],[11.877003119606325,45.40851895308007,17.0],[11.87698862963259,45.40852048865431,17.0],[11.876978483258748,45.40851948422278,17.0],[11.876961002592063,45.40851497435936,17.0],[11.876948444202617,45.40850926021164,17.0],[11.876940493200124,45.4084936183017,17.0],[11.876899507458592,45.40849429151793,18.0],[11.876903340528939,45.408537041157444,17.0],[11.876903728582827,45.40854216209059,17.0],[11.876907170034583,45.408622456297664,17.0],[11.87696116102339,45.40862622569413,17.0],[11.876956329049674,45.40866694342213,17.0],[11.876999827750186,45.40867043707215,17.0],[11.877008062121956,45.40853323048448,17.0],[11.877062016242137,45.40853376024821,17.0]]]}},{"type":"Feature","id":"UN_VOL:45653","properties":{"OBJECTID":45653,"UN_VOL_POR":"01","UN_VOL_STA":"","UN_VOL_QGR":30.05,"UN_VOL_QCO":0.0,"UN_VOL_AV":14.03,"UN_VOL_INH":0.0,"Shape_Leng":22.5402073028,"Shape_Area":25.9980082912},"geometry":{"type":"Polygon","coordinates":[[[11.873504034859168,45.408756547618694,16.0],[11.873481305900459,45.40871409402922,16.0],[11.873479354425879,45.40870082131869,16.0],[11.873425227016225,45.40870695495537,16.0],[11.873432703832634,45.40873593090729,16.0],[11.873446838872663,45.40873494461453,16.0],[11.8734479112551,45.4087611114754,16.0],[11.873504034859168,45.408756547618694,16.0]]]}},{"type":"Feature","id":"UN_VOL:45658","properties":{"OBJECTID":45658,"UN_VOL_POR":"01","UN_VOL_STA":"","UN_VOL_QGR":31.29,"UN_VOL_QCO":0.0,"UN_VOL_AV":15.01,"UN_VOL_INH":0.0,"Shape_Leng":69.226751234,"Shape_Area":187.199728922},"geometry":{"type":"Polygon","coordinates":[[[11.876515769759544,45.408610271356714,17.0],[11.876439299038873,45.40861174893787,16.0],[11.876444900913429,45.40857110225919,16.0],[11.876381607720324,45.40857287753883,16.0],[11.876380238588663,45.40855851002597,16.0],[11.876314633933877,45.40855755364711,16.0],[11.876312023117931,45.40851873406568,16.0],[11.876294483743777,45.40852061656243,16.0],[11.876306673482768,45.40867000016066,16.0],[11.876509989206498,45.40868764759535,16.0],[11.876515769759544,45.408610271356714,17.0]]]}},{"type":"Feature","id":"UN_VOL:45659","properties":{"OBJECTID":45659,"UN_VOL_POR":"01","UN_VOL_STA":"","UN_VOL_QGR":30.33,"UN_VOL_QCO":0.0,"UN_VOL_AV":13.69,"UN_VOL_INH":0.0,"Shape_Leng":46.9418410928,"Shape_Area":98.0400212192},"geometry":{"type":"Polygon","coordinates":[[[11.877106865378735,45.408671968768516,17.0],[11.877107937783892,45.40860254216858,17.0],[11.877059972956681,45.40860168131344,17.0],[11.877062016242137,45.40853376024821,17.0],[11.877008062121956,45.40853323048448,17.0],[11.876999827750186,45.40867043707215,17.0],[11.877055386874565,45.40867488686871,17.0],[11.877106865378735,45.408671968768516,17.0]]]}},{"type":"Feature","id":"UN_VOL:45660","properties":{"OBJECTID":45660,"UN_VOL_POR":"01","UN_VOL_STA":"","UN_VOL_QGR":28.16,"UN_VOL_QCO":0.0,"UN_VOL_AV":11.85,"UN_VOL_INH":0.0,"Shape_Leng":63.2910075746,"Shape_Area":201.051714493},"geometry":{"type":"Polygon","coordinates":[[[11.877537876969178,45.40865389882376,16.0],[11.877545369914321,45.40865298987338,16.0],[11.877494274262162,45.408507557947765,17.0],[11.877488517413164,45.40850743298792,17.0],[11.877445402637491,45.40850644998283,17.0],[11.877413550762183,45.40850581287112,17.0],[11.877364853260634,45.4085131617594,17.0],[11.877316027538127,45.408520514250036,17.0],[11.877337829008393,45.408597465126995,17.0],[11.877368162341481,45.40859084949355,17.0],[11.877404033699985,45.4085850839293,17.0],[11.877416609716027,45.408623832276,17.0],[11.877429094884901,45.40866582342669,16.0],[11.877442368084974,45.40866548869975,16.0],[11.877537876969178,45.40865389882376,16.0]]]}},{"type":"Feature","id":"UN_VOL:45664","properties":{"OBJECTID":45664,"UN_VOL_POR":"03","UN_VOL_STA":"","UN_VOL_QGR":25.82,"UN_VOL_QCO":0.0,"UN_VOL_AV":8.39,"UN_VOL_INH":2.63,"Shape_Leng":48.7326265903,"Shape_Area":77.4769267362},"geometry":{"type":"Polygon","coordinates":[[[11.877215558808267,45.40848479228784,17.0],[11.87716712096205,45.40848970406062,17.0],[11.877169820751572,45.408505118181935,17.0],[11.877171907812151,45.408538640139774,17.0],[11.877173492601301,45.4085647940453,17.0],[11.877182625448471,45.40867158844086,17.0],[11.877197065454316,45.40867158450739,17.0],[11.877230831992534,45.4086721733986,17.0],[11.877215558808267,45.40848479228784,17.0]]]}},{"type":"Feature","id":"UN_VOL:45665","properties":{"OBJECTID":45665,"UN_VOL_POR":"01","UN_VOL_STA":"","UN_VOL_QGR":33.28,"UN_VOL_QCO":0.0,"UN_VOL_AV":16.97,"UN_VOL_INH":0.0,"Shape_Leng":20.0501749564,"Shape_Area":20.8143623989},"geometry":{"type":"Polygon","coordinates":[[[11.877429094884901,45.40866582342669,16.0],[11.877416609716027,45.408623832276,17.0],[11.877379147393727,45.40862846774641,17.0],[11.87738258587394,45.408643322953615,17.0],[11.877353058884983,45.40864820814769,17.0],[11.877356908569242,45.40867115446739,17.0],[11.877422198088277,45.40866590730446,16.0],[11.877429094884901,45.40866582342669,16.0]]]}},{"type":"Feature","id":"UN_VOL:45669","properties":{"OBJECTID":45669,"UN_VOL_POR":"01","UN_VOL_STA":"","UN_VOL_QGR":28.09,"UN_VOL_QCO":0.0,"UN_VOL_AV":12.15,"UN_VOL_INH":0.0,"Shape_Leng":28.4733998095,"Shape_Area":50.6146970667},"geometry":{"type":"Polygon","coordinates":[[[11.874086051319885,45.4086948122424,16.0],[11.873994656705703,45.40868928338042,16.0],[11.873985489309009,45.4087528830521,16.0],[11.874079692234803,45.408755821043094,16.0],[11.874086051319885,45.4086948122424,16.0]]]}},{"type":"Feature","id":"UN_VOL:45673","properties":{"OBJECTID":45673,"UN_VOL_POR":"01","UN_VOL_STA":"","UN_VOL_QGR":31.82,"UN_VOL_QCO":0.0,"UN_VOL_AV":15.76,"UN_VOL_INH":0.0,"Shape_Leng":26.8748116095,"Shape_Area":43.815935204},"geometry":{"type":"Polygon","coordinates":[[[11.873305207124092,45.40859818175049,16.0],[11.873205791207097,45.40861085658709,16.0],[11.873216422712137,45.408659195812696,16.0],[11.8733152009485,45.40864905716537,16.0],[11.873305207124092,45.40859818175049,16.0]]]}},{"type":"Feature","id":"UN_VOL:45676","properties":{"OBJECTID":45676,"UN_VOL_POR":"01","UN_VOL_STA":"","UN_VOL_QGR":27.83,"UN_VOL_QCO":0.0,"UN_VOL_AV":11.89,"UN_VOL_INH":0.0,"Shape_Leng":24.3416742769,"Shape_Area":30.4587334188},"geometry":{"type":"Polygon","coordinates":[[[11.874153390862219,45.40859401232491,16.0],[11.874163521541163,45.408561982709294,16.0],[11.87411595768888,45.40855390950081,16.0],[11.874101020977951,45.40862971609733,16.0],[11.874145713250174,45.40863660138025,16.0],[11.874153390862219,45.40859401232491,16.0]]]}},{"type":"Feature","id":"UN_VOL:45677","properties":{"OBJECTID":45677,"UN_VOL_POR":"01","UN_VOL_STA":"","UN_VOL_QGR":26.71,"UN_VOL_QCO":0.0,"UN_VOL_AV":10.89,"UN_VOL_INH":0.0,"Shape_Leng":31.0390062103,"Shape_Area":54.2953485179},"geometry":{"type":"Polygon","coordinates":[[[11.874431084954622,45.408541290413325,16.0],[11.874364959996697,45.40853008458453,16.0],[11.874341623921575,45.408621675049034,16.0],[11.874408883698388,45.40863006202251,16.0],[11.874431084954622,45.408541290413325,16.0]]]}},{"type":"Feature","id":"UN_VOL:45680","properties":{"OBJECTID":45680,"UN_VOL_POR":"01","UN_VOL_STA":"","UN_VOL_QGR":26.9,"UN_VOL_QCO":0.0,"UN_VOL_AV":11.81,"UN_VOL_INH":0.0,"Shape_Leng":72.0257180718,"Shape_Area":233.740946689},"geometry":{"type":"Polygon","coordinates":[[[11.871936335293652,45.40868908235492,15.0],[11.871930412329027,45.40861515139304,16.0],[11.871924294514558,45.4085701190463,16.0],[11.87191875070477,45.40852885265688,16.0],[11.871911343752659,45.40852894904163,16.0],[11.871909479290467,45.40851486408255,16.0],[11.871904250133227,45.40847475999074,16.0],[11.87188264032119,45.408474493870145,16.0],[11.871791355617953,45.408476161098264,15.0],[11.871763496504174,45.408476142288634,15.0],[11.87177057176829,45.40854761416525,15.0],[11.87180860002186,45.408546566996655,16.0],[11.8718255869671,45.40869754083342,15.0],[11.871936335293652,45.40868908235492,15.0]]]}},{"type":"Feature","id":"UN_VOL:45687","properties":{"OBJECTID":45687,"UN_VOL_POR":"01","UN_VOL_STA":"","UN_VOL_QGR":27.29,"UN_VOL_QCO":0.0,"UN_VOL_AV":10.66,"UN_VOL_INH":0.0,"Shape_Leng":15.794443362,"Shape_Area":14.536676488},"geometry":{"type":"Polygon","coordinates":[[[11.877173492601301,45.4085647940453,17.0],[11.877171907812151,45.408538640139774,17.0],[11.877108254544753,45.408540875526406,17.0],[11.877108248350991,45.408565898941916,17.0],[11.87714479514053,45.40856587747283,17.0],[11.877173492601301,45.4085647940453,17.0]]]}},{"type":"Feature","id":"UN_VOL:45690","properties":{"OBJECTID":45690,"UN_VOL_POR":"01","UN_VOL_STA":"","UN_VOL_QGR":26.14,"UN_VOL_QCO":0.0,"UN_VOL_AV":10.73,"UN_VOL_INH":0.0,"Shape_Leng":26.8314499448,"Shape_Area":44.9359360081},"geometry":{"type":"Polygon","coordinates":[[[11.87254033623479,45.408617350118575,16.0],[11.872453513886281,45.40862637707978,15.0],[11.872454517102552,45.408631032307724,15.0],[11.872465531068212,45.408684402645555,16.0],[11.872553597782492,45.40867471441021,16.0],[11.87254033623479,45.408617350118575,16.0]]]}},{"type":"Feature","id":"UN_VOL:45696","properties":{"OBJECTID":45696,"UN_VOL_POR":"01","UN_VOL_STA":"","UN_VOL_QGR":26.1,"UN_VOL_QCO":0.0,"UN_VOL_AV":10.7,"UN_VOL_INH":0.0,"Shape_Leng":19.9977957397,"Shape_Area":23.9770060377},"geometry":{"type":"Polygon","coordinates":[[[11.872465531068212,45.408684402645555,16.0],[11.872454517102552,45.408631032307724,15.0],[11.872404564767821,45.40863634036955,15.0],[11.872414699201244,45.40869000299403,16.0],[11.872465531068212,45.408684402645555,16.0]]]}},{"type":"Feature","id":"UN_VOL:45706","properties":{"OBJECTID":45706,"UN_VOL_POR":"01","UN_VOL_STA":"","UN_VOL_QGR":29.94,"UN_VOL_QCO":0.0,"UN_VOL_AV":13.88,"UN_VOL_INH":0.0,"Shape_Leng":87.9852562716,"Shape_Area":276.425145359},"geometry":{"type":"Polygon","coordinates":[[[11.873636335477752,45.40870190854365,16.0],[11.873636376368935,45.408697676874496,16.0],[11.873615158709583,45.408700101440076,16.0],[11.873610617081564,45.40866601129751,16.0],[11.87360753913778,45.408648176132395,16.0],[11.873673658942849,45.40864165033158,16.0],[11.873653885556518,45.408556726288225,16.0],[11.873648169783202,45.408557410520864,16.0],[11.87353674305712,45.40856255679691,16.0],[11.873461406123983,45.40855113220424,16.0],[11.87337677593356,45.40855047316592,16.0],[11.873370800242736,45.40855107388328,16.0],[11.87337327736514,45.40858980685207,16.0],[11.873375074763748,45.4086176655655,16.0],[11.873422237060087,45.40861782780775,16.0],[11.87342155957416,45.40864475872066,16.0],[11.873423411046891,45.40866865557238,16.0],[11.87347358228415,45.408667661847495,16.0],[11.873474794777971,45.40867141210794,16.0],[11.87354592815557,45.40866295957611,16.0],[11.873553432812287,45.4087050765812,16.0],[11.873553875157073,45.4087062356594,16.0],[11.873599679033175,45.408699771306,16.0],[11.873609179836897,45.40872581555578,16.0],[11.873639149030126,45.40872209041332,16.0],[11.873636335477752,45.40870190854365,16.0]]]}},{"type":"Feature","id":"UN_VOL:45713","properties":{"OBJECTID":45713,"UN_VOL_POR":"01","UN_VOL_STA":"","UN_VOL_QGR":29.55,"UN_VOL_QCO":0.0,"UN_VOL_AV":13.53,"UN_VOL_INH":0.0,"Shape_Leng":69.6539315791,"Shape_Area":178.104980986},"geometry":{"type":"Polygon","coordinates":[[[11.87328073699054,45.40874047779003,16.0],[11.873391730952422,45.40873687267824,16.0],[11.873432703832634,45.40873593090729,16.0],[11.873425227016225,45.40870695495537,16.0],[11.873393644230461,45.40871162114413,16.0],[11.873387245841366,45.408643462496045,16.0],[11.87342155957416,45.40864475872066,16.0],[11.873422237060087,45.40861782780775,16.0],[11.873375074763748,45.4086176655655,16.0],[11.87337327736514,45.40858980685207,16.0],[11.873314606141149,45.40859704498603,16.0],[11.873305207124092,45.40859818175049,16.0],[11.8733152009485,45.40864905716537,16.0],[11.873216422712137,45.408659195812696,16.0],[11.87323455444156,45.40874200092702,16.0],[11.87328073699054,45.40874047779003,16.0]]]}},{"type":"Feature","id":"UN_VOL:45714","properties":{"OBJECTID":45714,"UN_VOL_POR":"01","UN_VOL_STA":"","UN_VOL_QGR":28.11,"UN_VOL_QCO":0.0,"UN_VOL_AV":11.9,"UN_VOL_INH":0.0,"Shape_Leng":21.7580131263,"Shape_Area":29.4864982762},"geometry":{"type":"Polygon","coordinates":[[[11.873762427356896,45.4087213260266,16.0],[11.873750660645662,45.40867580611412,16.0],[11.873685612308433,45.408680774568886,16.0],[11.873686747684083,45.40869559823509,16.0],[11.873689735656397,45.40873179818997,16.0],[11.873762427356896,45.4087213260266,16.0]]]}},{"type":"Feature","id":"UN_VOL:45717","properties":{"OBJECTID":45717,"UN_VOL_POR":"01","UN_VOL_STA":"","UN_VOL_QGR":25.86,"UN_VOL_QCO":0.0,"UN_VOL_AV":9.12,"UN_VOL_INH":0.0,"Shape_Leng":74.7001056601,"Shape_Area":290.864920138},"geometry":{"type":"Polygon","coordinates":[[[11.873123500410898,45.40873687636916,16.0],[11.873103682984503,45.408661134603385,16.0],[11.87308035076573,45.40857152954257,16.0],[11.873062730383383,45.40850383353809,16.0],[11.873020600697144,45.408509665270714,16.0],[11.872926312442848,45.40852266059559,16.0],[11.872940595263751,45.40858251965876,16.0],[11.872963125371959,45.40867646524072,16.0],[11.872968455883841,45.40872862832128,16.0],[11.872974191006096,45.40875098703476,16.0],[11.873123500410898,45.40873687636916,16.0]]]}},{"type":"Feature","id":"UN_VOL:45718","properties":{"OBJECTID":45718,"UN_VOL_POR":"01","UN_VOL_STA":"","UN_VOL_QGR":29.19,"UN_VOL_QCO":0.0,"UN_VOL_AV":12.98,"UN_VOL_INH":0.0,"Shape_Leng":22.7042853708,"Shape_Area":29.0072050632},"geometry":{"type":"Polygon","coordinates":[[[11.873943509174829,45.40867859974219,16.0],[11.873945490861406,45.408659737457995,16.0],[11.873892544477119,45.408663951366755,16.0],[11.873889562497238,45.408728565456,16.0],[11.873936456403287,45.40872846449485,16.0],[11.873943509174829,45.40867859974219,16.0]]]}},{"type":"Feature","id":"UN_VOL:45728","properties":{"OBJECTID":45728,"UN_VOL_POR":"01","UN_VOL_STA":"","UN_VOL_QGR":30.47,"UN_VOL_QCO":0.0,"UN_VOL_AV":14.46,"UN_VOL_INH":0.0,"Shape_Leng":117.320724207,"Shape_Area":425.464803407},"geometry":{"type":"Polygon","coordinates":[[[11.873514725292226,45.40905529995637,16.0],[11.873508153668512,45.40899380719315,16.0],[11.873460986545252,45.40899607481173,16.0],[11.8734525591684,45.40891815645603,14.0],[11.873452230252534,45.408899081839415,14.0],[11.873456241294821,45.40890006099958,14.0],[11.873456458819645,45.408874132185254,16.0],[11.873459461348931,45.408850203141526,16.0],[11.873452660789859,45.40884965402804,16.0],[11.873448586677902,45.408779456991994,16.0],[11.8734479112551,45.4087611114754,16.0],[11.873446838872663,45.40873494461453,16.0],[11.873432703832634,45.40873593090729,16.0],[11.873391730952422,45.40873687267824,16.0],[11.87328073699054,45.40874047779003,16.0],[11.87328316254956,45.40875049805108,16.0],[11.87337488580079,45.40913515238393,16.0],[11.873384471344513,45.4091351811348,16.0],[11.873387982072387,45.40906335273367,16.0],[11.873486287563944,45.40906150702822,16.0],[11.87348651993465,45.409056010272145,16.0],[11.873514725292226,45.40905529995637,16.0]]]}},{"type":"Feature","id":"UN_VOL:45731","properties":{"OBJECTID":45731,"UN_VOL_POR":"01","UN_VOL_STA":"","UN_VOL_QGR":43.76,"UN_VOL_QCO":0.0,"UN_VOL_AV":27.91,"UN_VOL_INH":0.0,"Shape_Leng":67.0552098417,"Shape_Area":44.6621832279},"geometry":{"type":"Polygon","coordinates":[[[11.875973046460908,45.40884673301144,14.0],[11.87597563901903,45.40883487621498,14.0],[11.875950277180117,45.40883119478248,13.0],[11.875911656169203,45.40882559754094,14.0],[11.875897365883777,45.40882352724161,14.0],[11.87589081219648,45.40907185704897,13.0],[11.875907435381354,45.40907206800304,13.0],[11.875916010100767,45.408838359421964,13.0],[11.875973046460908,45.40884673301144,14.0]]]}},{"type":"Feature","id":"UN_VOL:45901","properties":{"OBJECTID":45901,"UN_VOL_POR":"01","UN_VOL_STA":"","UN_VOL_QGR":29.94,"UN_VOL_QCO":0.0,"UN_VOL_AV":13.13,"UN_VOL_INH":0.0,"Shape_Leng":20.3962382188,"Shape_Area":16.8002320686},"geometry":{"type":"Polygon","coordinates":[[[11.876333253068228,45.40700481759277,17.0],[11.87633176185939,45.40699558387213,17.0],[11.876327771378195,45.40697237131135,17.0],[11.87624448369338,45.40697294043557,17.0],[11.876248852190066,45.406991012751895,17.0],[11.876298470071884,45.40698922209043,18.0],[11.876300485665421,45.406998712733056,18.0],[11.876302127173398,45.40700587236857,18.0],[11.876333253068228,45.40700481759277,17.0]]]}},{"type":"Feature","id":"UN_VOL:45902","properties":{"OBJECTID":45902,"UN_VOL_POR":"01","UN_VOL_STA":"","UN_VOL_QGR":32.46,"UN_VOL_QCO":0.0,"UN_VOL_AV":15.03,"UN_VOL_INH":0.0,"Shape_Leng":45.9839025669,"Shape_Area":90.7940403772},"geometry":{"type":"Polygon","coordinates":[[[11.87714374334007,45.406986093509346,18.0],[11.87710564652029,45.40689272095862,17.0],[11.87709500056009,45.40686679591639,17.0],[11.87700533375654,45.40683989260523,17.0],[11.877026605632473,45.40687878192926,17.0],[11.877076223635791,45.40700273835668,18.0],[11.87714374334007,45.406986093509346,18.0]]]}},{"type":"Feature","id":"UN_VOL:45907","properties":{"OBJECTID":45907,"UN_VOL_POR":"03","UN_VOL_STA":"","UN_VOL_QGR":23.65,"UN_VOL_QCO":0.0,"UN_VOL_AV":7.17,"UN_VOL_INH":0.0,"Shape_Leng":128.389968855,"Shape_Area":169.585694769},"geometry":{"type":"Polygon","coordinates":[[[11.875243000926664,45.407045437852105,17.0],[11.874838205708194,45.40701837223226,17.0],[11.874836936037276,45.40704369801687,17.0],[11.87524401471596,45.40707043595979,17.0],[11.875272606769888,45.40707232565209,17.0],[11.875301199378061,45.40707421532323,17.0],[11.875312097264239,45.40707493121593,17.0],[11.875617501247852,45.407094958241096,17.0],[11.875619714512258,45.40707059918201,17.0],[11.875615101750622,45.40707035563683,17.0],[11.875295700475636,45.40704897044129,17.0],[11.875243000926664,45.407045437852105,17.0]]]}},{"type":"Feature","id":"UN_VOL:45909","properties":{"OBJECTID":45909,"UN_VOL_POR":"01","UN_VOL_STA":"","UN_VOL_QGR":30.27,"UN_VOL_QCO":0.0,"UN_VOL_AV":12.84,"UN_VOL_INH":0.0,"Shape_Leng":77.8066336906,"Shape_Area":134.843483778},"geometry":{"type":"Polygon","coordinates":[[[11.876701908489139,45.407070054008024,18.0],[11.876784213915627,45.4070526768006,18.0],[11.876758067467856,45.406990777270146,17.0],[11.876740328051378,45.406993745051174,18.0],[11.876683195487129,45.4070060768465,17.0],[11.876670750130295,45.406984967661984,17.0],[11.876397257089003,45.40701202520205,17.0],[11.876411172533862,45.407057040838964,17.0],[11.876675196852975,45.40700960906709,17.0],[11.876689484948951,45.40704435344829,18.0],[11.876700263023299,45.40707036563358,18.0],[11.876701908489139,45.407070054008024,18.0]]]}},{"type":"Feature","id":"UN_VOL:45910","properties":{"OBJECTID":45910,"UN_VOL_POR":"01","UN_VOL_STA":"","UN_VOL_QGR":28.36,"UN_VOL_QCO":0.0,"UN_VOL_AV":11.88,"UN_VOL_INH":0.0,"Shape_Leng":77.7349870502,"Shape_Area":191.773703767},"geometry":{"type":"Polygon","coordinates":[[[11.87524401471596,45.40707043595979,17.0],[11.874836936037276,45.40704369801687,17.0],[11.874831948761605,45.40709648077961,17.0],[11.875222746582619,45.40712218903082,17.0],[11.87525569665685,45.4071243290974,17.0],[11.875253621265886,45.40710358838161,17.0],[11.875247235335333,45.40710365925439,17.0],[11.87524401471596,45.40707043595979,17.0]]]}},{"type":"Feature","id":"UN_VOL:45915","properties":{"OBJECTID":45915,"UN_VOL_POR":"01","UN_VOL_STA":"","UN_VOL_QGR":26.67,"UN_VOL_QCO":0.0,"UN_VOL_AV":9.91,"UN_VOL_INH":0.0,"Shape_Leng":61.8454294968,"Shape_Area":145.683790823},"geometry":{"type":"Polygon","coordinates":[[[11.875617501247852,45.407094958241096,17.0],[11.875312097264239,45.40707493121593,17.0],[11.875301199378061,45.40707421532323,17.0],[11.875303895351847,45.40710214141489,17.0],[11.875297386317198,45.40710230543942,17.0],[11.875299932191117,45.407127264938666,17.0],[11.8753545503534,45.40713083919924,17.0],[11.875613672896776,45.40714789231346,17.0],[11.875617501247852,45.407094958241096,17.0]]]}},{"type":"Feature","id":"UN_VOL:45916","properties":{"OBJECTID":45916,"UN_VOL_POR":"01","UN_VOL_STA":"","UN_VOL_QGR":29.73,"UN_VOL_QCO":0.0,"UN_VOL_AV":12.23,"UN_VOL_INH":0.0,"Shape_Leng":166.410703724,"Shape_Area":403.483227118},"geometry":{"type":"Polygon","coordinates":[[[11.877208334595437,45.40710796220599,17.0],[11.877519082735901,45.40702694550655,16.0],[11.877484228720393,45.40695968478589,17.0],[11.877409169709749,45.406815397391995,17.0],[11.87740702271386,45.40681590176899,17.0],[11.87710564652029,45.40689272095862,17.0],[11.87714374334007,45.406986093509346,18.0],[11.87716490259102,45.40703785727118,18.0],[11.877194674402908,45.407110736758234,17.0],[11.877208334595437,45.40710796220599,17.0]],[[11.877175678137913,45.406920479110084,18.0],[11.877366107912083,45.40687076087748,17.0],[11.877437118640325,45.407005789420616,17.0],[11.877246816157976,45.40705550456117,17.0],[11.877175678137913,45.406920479110084,18.0]]]}},{"type":"Feature","id":"UN_VOL:46226","properties":{"OBJECTID":46226,"UN_VOL_POR":"01","UN_VOL_STA":"","UN_VOL_QGR":75.34,"UN_VOL_QCO":0.0,"UN_VOL_AV":59.26,"UN_VOL_INH":0.0,"Shape_Leng":102.841995793,"Shape_Area":192.062333457},"geometry":{"type":"Polygon","coordinates":[[[11.874949361684905,45.40894823169678,16.0],[11.874889887330893,45.40894720969276,16.0],[11.874887348580545,45.409007942186,16.0],[11.87488261710039,45.40900788130619,16.0],[11.874880897625472,45.409052030787116,16.0],[11.87485019396743,45.40905136402862,16.0],[11.874849847752957,45.40905713379614,16.0],[11.874839231687144,45.409056951039496,16.0],[11.874837701110179,45.40906455080338,16.0],[11.874831050750885,45.40906948889194,16.0],[11.874823343446103,45.40907121348559,16.0],[11.874812617967928,45.409071393670246,16.0],[11.874805151613751,45.40907032152151,16.0],[11.87479891112644,45.40906570822154,16.0],[11.874795555721539,45.40905751157662,16.0],[11.874788248991315,45.40905706534264,16.0],[11.87478853588676,45.409050127241414,16.0],[11.874752066211594,45.40904915588721,16.0],[11.874754173565096,45.40894468829567,14.0],[11.874697776023421,45.40894385881223,16.0],[11.874696875330892,45.40897394582271,16.0],[11.874697769061171,45.40897392330587,16.0],[11.874720158251494,45.40897443939686,15.0],[11.874719130840845,45.40901209041052,16.0],[11.874696609393423,45.409011487604644,16.0],[11.874695843338396,45.409011506904804,16.0],[11.87469375211762,45.409088610393816,16.0],[11.8746936435264,45.40909401398702,16.0],[11.874945699457568,45.4090975646105,16.0],[11.874949361684905,45.40894823169678,16.0]]]}},{"type":"Feature","id":"UN_VOL:46228","properties":{"OBJECTID":46228,"UN_VOL_POR":"01","UN_VOL_STA":"","UN_VOL_QGR":32.17,"UN_VOL_QCO":0.0,"UN_VOL_AV":16.32,"UN_VOL_INH":0.0,"Shape_Leng":69.4784095934,"Shape_Area":156.773467871},"geometry":{"type":"Polygon","coordinates":[[[11.87603177961969,45.40895893880037,15.0],[11.87603318498248,45.40888095249539,15.0],[11.875967128020028,45.40887361594534,14.0],[11.875973046460908,45.40884673301144,14.0],[11.875916010100767,45.408838359421964,13.0],[11.875907435381354,45.40907206800304,13.0],[11.875961517705594,45.409072595056436,13.0],[11.875971548146476,45.408955596008326,14.0],[11.87603177961969,45.40895893880037,15.0]]]}},{"type":"Feature","id":"UN_VOL:46232","properties":{"OBJECTID":46232,"UN_VOL_POR":"01","UN_VOL_STA":"","UN_VOL_QGR":30.54,"UN_VOL_QCO":0.0,"UN_VOL_AV":14.67,"UN_VOL_INH":0.0,"Shape_Leng":51.9654149813,"Shape_Area":123.616045652},"geometry":{"type":"Polygon","coordinates":[[[11.87628000635382,45.40901290003673,16.0],[11.876301371781901,45.40889264485039,16.0],[11.87622184152063,45.40888672825767,16.0],[11.87620576860244,45.40896778492127,16.0],[11.876194378279013,45.409065555665784,16.0],[11.876257166623558,45.40906640301354,16.0],[11.876271812042912,45.4090679240348,16.0],[11.87628000635382,45.40901290003673,16.0]]]}},{"type":"Feature","id":"UN_VOL:46235","properties":{"OBJECTID":46235,"UN_VOL_POR":"01","UN_VOL_STA":"","UN_VOL_QGR":33.76,"UN_VOL_QCO":0.0,"UN_VOL_AV":17.76,"UN_VOL_INH":0.0,"Shape_Leng":40.5343126087,"Shape_Area":96.708547288},"geometry":{"type":"Polygon","coordinates":[[[11.873532132795049,45.40905585169193,16.0],[11.873527269641448,45.40905570441496,16.0],[11.873514725292226,45.40905529995637,16.0],[11.87348651993465,45.409056010272145,16.0],[11.873486287563944,45.40906150702822,16.0],[11.873387982072387,45.40906335273367,16.0],[11.873384471344513,45.4091351811348,16.0],[11.873531822506326,45.40913786093176,16.0],[11.873532132795049,45.40905585169193,16.0]]]}},{"type":"Feature","id":"UN_VOL:46246","properties":{"OBJECTID":46246,"UN_VOL_POR":"01","UN_VOL_STA":"","UN_VOL_QGR":29.83,"UN_VOL_QCO":0.0,"UN_VOL_AV":14.03,"UN_VOL_INH":0.0,"Shape_Leng":10.880314356,"Shape_Area":6.78240506553},"geometry":{"type":"Polygon","coordinates":[[[11.872921769671668,45.40890154797752,16.0],[11.87291807691876,45.40888417850825,16.0],[11.872873881242949,45.40888709144109,16.0],[11.87287692702938,45.40890429710772,16.0],[11.872921769671668,45.40890154797752,16.0]]]}},{"type":"Feature","id":"UN_VOL:46247","properties":{"OBJECTID":46247,"UN_VOL_POR":"01","UN_VOL_STA":"","UN_VOL_QGR":18.67,"UN_VOL_QCO":0.0,"UN_VOL_AV":4.51,"UN_VOL_INH":0.0,"Shape_Leng":156.661579268,"Shape_Area":712.242453402},"geometry":{"type":"Polygon","coordinates":[[[11.870610887295587,45.408958539198274,15.0],[11.870605964780758,45.408904295448096,15.0],[11.870704602594639,45.40889893351683,15.0],[11.870700158389582,45.408866730620815,15.0],[11.870696293135948,45.4088131806483,15.0],[11.870763552407256,45.408806447774744,15.0],[11.870741737050754,45.40862067036542,15.0],[11.870691561187956,45.40862157295703,15.0],[11.87060180771862,45.40862320070773,15.0],[11.870474622762126,45.40862252993908,15.0],[11.87047347820602,45.40880411408795,15.0],[11.870380606574733,45.40880726046705,15.0],[11.870367050689637,45.40880202092134,15.0],[11.870363577933759,45.40874612023689,15.0],[11.870311186969927,45.4087461779167,15.0],[11.870311697198813,45.40878901136538,15.0],[11.870312626970591,45.40885271692609,15.0],[11.870470488206916,45.40884847556011,15.0],[11.870549567304256,45.408845496005135,15.0],[11.87055654114334,45.40892759212684,15.0],[11.870568155247836,45.40892729993999,15.0],[11.870574695736584,45.4089630504143,15.0],[11.870610887295587,45.408958539198274,15.0]]]}},{"type":"Feature","id":"UN_VOL:46251","properties":{"OBJECTID":46251,"UN_VOL_POR":"01","UN_VOL_STA":"","UN_VOL_QGR":33.85,"UN_VOL_QCO":0.0,"UN_VOL_AV":17.56,"UN_VOL_INH":0.0,"Shape_Leng":24.8635794081,"Shape_Area":38.5153307631},"geometry":{"type":"Polygon","coordinates":[[[11.877503500529727,45.40873685723935,16.0],[11.87748759750448,45.40873824841896,16.0],[11.877491428032483,45.40879098900561,16.0],[11.877579608917618,45.40878606492656,16.0],[11.87756412262431,45.40873280787361,16.0],[11.877503500529727,45.40873685723935,16.0]]]}},{"type":"Feature","id":"UN_VOL:46256","properties":{"OBJECTID":46256,"UN_VOL_POR":"01","UN_VOL_STA":"","UN_VOL_QGR":28.16,"UN_VOL_QCO":0.0,"UN_VOL_AV":14.58,"UN_VOL_INH":0.0,"Shape_Leng":19.5106483336,"Shape_Area":22.966263093},"geometry":{"type":"Polygon","coordinates":[[[11.871286428905062,45.408891314678094,15.0],[11.871260475006803,45.408896108378926,15.0],[11.87123514580114,45.40890061621385,15.0],[11.871241053059707,45.40891378941969,15.0],[11.871256191092195,45.4089502235849,15.0],[11.871304288001586,45.408941092265366,15.0],[11.871286428905062,45.408891314678094,15.0]]]}},{"type":"Feature","id":"UN_VOL:46257","properties":{"OBJECTID":46257,"UN_VOL_POR":"01","UN_VOL_STA":"","UN_VOL_QGR":26.62,"UN_VOL_QCO":0.0,"UN_VOL_AV":10.65,"UN_VOL_INH":0.0,"Shape_Leng":18.6382219362,"Shape_Area":15.8466864744},"geometry":{"type":"Polygon","coordinates":[[[11.874515869928379,45.40880424167882,16.0],[11.874516425940993,45.40886804627762,16.0],[11.874544170685075,45.4088683374358,16.0],[11.874545287547143,45.40880476044312,16.0],[11.874515869928379,45.40880424167882,16.0]]]}},{"type":"Feature","id":"UN_VOL:46260","properties":{"OBJECTID":46260,"UN_VOL_POR":"01","UN_VOL_STA":"","UN_VOL_QGR":24.07,"UN_VOL_QCO":0.0,"UN_VOL_AV":8.1,"UN_VOL_INH":0.0,"Shape_Leng":30.8911403326,"Shape_Area":36.0493827767},"geometry":{"type":"Polygon","coordinates":[[[11.874578140653838,45.40877476892265,16.0],[11.874550413647727,45.408774837123154,16.0],[11.874515658149464,45.40877490267959,16.0],[11.874515869928379,45.40880424167882,16.0],[11.874545287547143,45.40880476044312,16.0],[11.874544170685075,45.4088683374358,16.0],[11.87458137891949,45.40886875035907,16.0],[11.874578140653838,45.40877476892265,16.0]]]}},{"type":"Feature","id":"UN_VOL:46263","properties":{"OBJECTID":46263,"UN_VOL_POR":"01","UN_VOL_STA":"","UN_VOL_QGR":27.89,"UN_VOL_QCO":0.0,"UN_VOL_AV":11.92,"UN_VOL_INH":0.0,"Shape_Leng":48.949107018,"Shape_Area":139.292696232},"geometry":{"type":"Polygon","coordinates":[[[11.874516425940993,45.40886804627762,16.0],[11.874515869928379,45.40880424167882,16.0],[11.874515658149464,45.40877490267959,16.0],[11.874422257876954,45.4087751853433,16.0],[11.874332303728739,45.40877538111913,16.0],[11.874339825107779,45.40885809315408,16.0],[11.874449726354465,45.408863155910396,16.0],[11.874463688219038,45.4088637943063,16.0],[11.874463798120928,45.408873512691315,16.0],[11.87450230927163,45.40887191256764,16.0],[11.87451399609245,45.4088680174451,16.0],[11.874516425940993,45.40886804627762,16.0]]]}},{"type":"Feature","id":"UN_VOL:46267","properties":{"OBJECTID":46267,"UN_VOL_POR":"01","UN_VOL_STA":"","UN_VOL_QGR":28.3,"UN_VOL_QCO":0.0,"UN_VOL_AV":14.72,"UN_VOL_INH":0.0,"Shape_Leng":16.4846469453,"Shape_Area":16.8597655953},"geometry":{"type":"Polygon","coordinates":[[[11.871256191092195,45.4089502235849,15.0],[11.871241053059707,45.40891378941969,15.0],[11.871195708698647,45.40891925113709,15.0],[11.871205947029402,45.40895985914809,15.0],[11.871256191092195,45.4089502235849,15.0]]]}},{"type":"Feature","id":"UN_VOL:46272","properties":{"OBJECTID":46272,"UN_VOL_POR":"01","UN_VOL_STA":"","UN_VOL_QGR":27.19,"UN_VOL_QCO":0.0,"UN_VOL_AV":11.22,"UN_VOL_INH":0.0,"Shape_Leng":21.736457638,"Shape_Area":19.7589258456},"geometry":{"type":"Polygon","coordinates":[[[11.874449726354465,45.408863155910396,16.0],[11.874339825107779,45.40885809315408,16.0],[11.874340118474462,45.408878968819636,16.0],[11.874340141303405,45.40887941847842,16.0],[11.874341039045555,45.408879485910084,16.0],[11.874342060450207,45.40887946017979,16.0],[11.874448328570143,45.40888344385176,16.0],[11.874449726354465,45.408863155910396,16.0]]]}},{"type":"Feature","id":"UN_VOL:46288","properties":{"OBJECTID":46288,"UN_VOL_POR":"01","UN_VOL_STA":"","UN_VOL_QGR":24.79,"UN_VOL_QCO":0.0,"UN_VOL_AV":8.85,"UN_VOL_INH":0.0,"Shape_Leng":75.5145449008,"Shape_Area":325.168687723},"geometry":{"type":"Polygon","coordinates":[[[11.874262750893774,45.40869414165053,16.0],[11.874139458097035,45.40868707599186,16.0],[11.874094857168886,45.40868450909177,16.0],[11.874087167464646,45.40868407245951,16.0],[11.874086051319885,45.4086948122424,16.0],[11.874079692234803,45.408755821043094,16.0],[11.87406766614578,45.40888142113128,16.0],[11.874066545429926,45.40889207098206,16.0],[11.874162954472853,45.408895673319314,16.0],[11.874265384896372,45.40889957412787,16.0],[11.874249688207327,45.408776652227075,16.0],[11.874262750893774,45.40869414165053,16.0]]]}},{"type":"Feature","id":"UN_VOL:46290","properties":{"OBJECTID":46290,"UN_VOL_POR":"01","UN_VOL_STA":"","UN_VOL_QGR":32.13,"UN_VOL_QCO":0.0,"UN_VOL_AV":16.08,"UN_VOL_INH":0.0,"Shape_Leng":24.0122405236,"Shape_Area":33.3792436236},"geometry":{"type":"Polygon","coordinates":[[[11.8735452738343,45.40887666602277,14.0],[11.873456458819645,45.408874132185254,16.0],[11.873456241294821,45.40890006099958,14.0],[11.873452230252534,45.408899081839415,14.0],[11.8734525591684,45.40891815645603,14.0],[11.873543165632913,45.40891821469722,15.0],[11.8735452738343,45.40887666602277,14.0]]]}},{"type":"Feature","id":"UN_VOL:46294","properties":{"OBJECTID":46294,"UN_VOL_POR":"01","UN_VOL_STA":"","UN_VOL_QGR":28.85,"UN_VOL_QCO":0.0,"UN_VOL_AV":15.29,"UN_VOL_INH":0.0,"Shape_Leng":20.9117677354,"Shape_Area":25.8159857254},"geometry":{"type":"Polygon","coordinates":[[[11.870610887295587,45.408958539198274,15.0],[11.870574695736584,45.4089630504143,15.0],[11.870579090235353,45.40899678458088,15.0],[11.870662727239862,45.40899044976468,15.0],[11.87065864278088,45.40895526744247,15.0],[11.870610887295587,45.408958539198274,15.0]]]}},{"type":"Feature","id":"UN_VOL:46295","properties":{"OBJECTID":46295,"UN_VOL_POR":"01","UN_VOL_STA":"","UN_VOL_QGR":28.49,"UN_VOL_QCO":0.0,"UN_VOL_AV":12.44,"UN_VOL_INH":0.0,"Shape_Leng":43.8096138178,"Shape_Area":100.866338133},"geometry":{"type":"Polygon","coordinates":[[[11.873705160612511,45.40882925313025,16.0],[11.873641210354297,45.408830683638875,16.0],[11.873586331129161,45.40883962695688,15.0],[11.873588197336566,45.40887639505563,15.0],[11.873549499166684,45.40887682975178,14.0],[11.8735452738343,45.40887666602277,14.0],[11.873543165632913,45.40891821469722,15.0],[11.873700858047394,45.4089182041365,17.0],[11.873701883868291,45.40883266621799,16.0],[11.873705160612511,45.40882925313025,16.0]]]}},{"type":"Feature","id":"UN_VOL:46296","properties":{"OBJECTID":46296,"UN_VOL_POR":"01","UN_VOL_STA":"","UN_VOL_QGR":33.55,"UN_VOL_QCO":0.0,"UN_VOL_AV":17.26,"UN_VOL_INH":0.0,"Shape_Leng":41.1330527757,"Shape_Area":57.1114188117},"geometry":{"type":"Polygon","coordinates":[[[11.877491428032483,45.40879098900561,16.0],[11.87748759750448,45.40873824841896,16.0],[11.877503500529727,45.40873685723935,16.0],[11.87750037792088,45.40869553006282,16.0],[11.877465700446987,45.40869964509712,16.0],[11.877472224730901,45.40875258789249,16.0],[11.877411091643252,45.408754129565416,16.0],[11.877420666857335,45.408816807015135,16.0],[11.877488838421842,45.4088230088337,16.0],[11.877491428032483,45.40879098900561,16.0]]]}},{"type":"Feature","id":"UN_VOL:46301","properties":{"OBJECTID":46301,"UN_VOL_POR":"01","UN_VOL_STA":"","UN_VOL_QGR":28.48,"UN_VOL_QCO":0.0,"UN_VOL_AV":12.27,"UN_VOL_INH":0.0,"Shape_Leng":36.0523761619,"Shape_Area":80.4411862295},"geometry":{"type":"Polygon","coordinates":[[[11.873799581589093,45.408821384535806,17.0],[11.873788501045963,45.40882211345771,16.0],[11.873711478113295,45.408822793085086,16.0],[11.873709659354033,45.40882472909424,16.0],[11.873705160612511,45.40882925313025,16.0],[11.873701883868291,45.40883266621799,16.0],[11.873700858047394,45.4089182041365,17.0],[11.873797212264432,45.40891820746243,17.0],[11.873799581589093,45.408821384535806,17.0]]]}},{"type":"Feature","id":"UN_VOL:46304","properties":{"OBJECTID":46304,"UN_VOL_POR":"01","UN_VOL_STA":"","UN_VOL_QGR":26.98,"UN_VOL_QCO":0.0,"UN_VOL_AV":10.77,"UN_VOL_INH":0.0,"Shape_Leng":41.9750730121,"Shape_Area":78.6710151046},"geometry":{"type":"Polygon","coordinates":[[[11.873924248922995,45.40887315203709,16.0],[11.873925253338315,45.4088174088338,16.0],[11.873864917340418,45.40881703832479,17.0],[11.873799581589093,45.408821384535806,17.0],[11.873797212264432,45.40891820746243,17.0],[11.873846795544088,45.408918218896254,17.0],[11.873850311671173,45.40886916360138,17.0],[11.873924248922995,45.40887315203709,16.0]]]}},{"type":"Feature","id":"UN_VOL:46305","properties":{"OBJECTID":46305,"UN_VOL_POR":"01","UN_VOL_STA":"","UN_VOL_QGR":29.92,"UN_VOL_QCO":0.0,"UN_VOL_AV":16.35,"UN_VOL_INH":0.0,"Shape_Leng":79.4776687566,"Shape_Area":372.658046387},"geometry":{"type":"Polygon","coordinates":[[[11.870869438609098,45.408986869026855,15.0],[11.87103764269921,45.408974895878195,15.0],[11.871033252335346,45.408905966589494,15.0],[11.871019431994375,45.40884510591782,15.0],[11.871011906462721,45.40884286479122,15.0],[11.870700158389582,45.408866730620815,15.0],[11.870704602594639,45.40889893351683,15.0],[11.870718299960723,45.40899769258952,15.0],[11.870869438609098,45.408986869026855,15.0]]]}},{"type":"Feature","id":"UN_VOL:46307","properties":{"OBJECTID":46307,"UN_VOL_POR":"01","UN_VOL_STA":"","UN_VOL_QGR":26.25,"UN_VOL_QCO":0.0,"UN_VOL_AV":12.68,"UN_VOL_INH":0.0,"Shape_Leng":76.2614530523,"Shape_Area":104.278964663},"geometry":{"type":"Polygon","coordinates":[[[11.871398518527359,45.40895213286965,15.0],[11.871297235374616,45.40880706106254,15.0],[11.871284062371096,45.40880937280173,15.0],[11.871287481099502,45.40881630769183,15.0],[11.871321494652063,45.40888476166018,15.0],[11.871286428905062,45.408891314678094,15.0],[11.871304288001586,45.408941092265366,15.0],[11.871256191092195,45.4089502235849,15.0],[11.871205947029402,45.40895985914809,15.0],[11.871195708698647,45.40891925113709,15.0],[11.871168656410036,45.40892254205095,15.0],[11.871175639880025,45.40898717544398,15.0],[11.871398518527359,45.40895213286965,15.0]]]}},{"type":"Feature","id":"UN_VOL:46312","properties":{"OBJECTID":46312,"UN_VOL_POR":"01","UN_VOL_STA":"","UN_VOL_QGR":28.69,"UN_VOL_QCO":0.0,"UN_VOL_AV":15.12,"UN_VOL_INH":0.0,"Shape_Leng":50.8889812035,"Shape_Area":75.2796882352},"geometry":{"type":"Polygon","coordinates":[[[11.870718299960723,45.40899769258952,15.0],[11.870704602594639,45.40889893351683,15.0],[11.870605964780758,45.408904295448096,15.0],[11.870610887295587,45.408958539198274,15.0],[11.87065864278088,45.40895526744247,15.0],[11.870662727239862,45.40899044976468,15.0],[11.870579090235353,45.40899678458088,15.0],[11.870580161072462,45.40900530857597,15.0],[11.870718299960723,45.40899769258952,15.0]]]}},{"type":"Feature","id":"UN_VOL:46313","properties":{"OBJECTID":46313,"UN_VOL_POR":"01","UN_VOL_STA":"","UN_VOL_QGR":28.56,"UN_VOL_QCO":0.0,"UN_VOL_AV":14.99,"UN_VOL_INH":0.0,"Shape_Leng":50.8159317427,"Shape_Area":126.220820064},"geometry":{"type":"Polygon","coordinates":[[[11.870580161072462,45.40900530857597,15.0],[11.870579090235353,45.40899678458088,15.0],[11.870574695736584,45.4089630504143,15.0],[11.870568155247836,45.40892729993999,15.0],[11.87055654114334,45.40892759212684,15.0],[11.870549567304256,45.408845496005135,15.0],[11.870470488206916,45.40884847556011,15.0],[11.870470902713441,45.408869258141465,15.0],[11.87047171413227,45.408905422499295,15.0],[11.870473377671589,45.40894327591895,15.0],[11.870473874470253,45.409006002244695,15.0],[11.870577102506887,45.40900547557037,15.0],[11.870580161072462,45.40900530857597,15.0]]]}},{"type":"Feature","id":"UN_VOL:46317","properties":{"OBJECTID":46317,"UN_VOL_POR":"01","UN_VOL_STA":"","UN_VOL_QGR":27.9,"UN_VOL_QCO":0.0,"UN_VOL_AV":11.83,"UN_VOL_INH":0.0,"Shape_Leng":46.0302193202,"Shape_Area":83.5627646664},"geometry":{"type":"Polygon","coordinates":[[[11.873921466780896,45.40891651823906,16.0],[11.873977937215761,45.40891626609922,16.0],[11.874063334201097,45.40892194604678,16.0],[11.874066545429926,45.40889207098206,16.0],[11.87406766614578,45.40888142113128,16.0],[11.873924248922995,45.40887315203709,16.0],[11.873850311671173,45.40886916360138,17.0],[11.873846795544088,45.408918218896254,17.0],[11.873846673262015,45.40892587283356,17.0],[11.873886205435957,45.40892676773196,16.0],[11.873886077352376,45.408916689227475,17.0],[11.873921466780896,45.40891651823906,16.0]]]}},{"type":"Feature","id":"UN_VOL:46319","properties":{"OBJECTID":46319,"UN_VOL_POR":"01","UN_VOL_STA":"","UN_VOL_QGR":30.73,"UN_VOL_QCO":0.0,"UN_VOL_AV":17.16,"UN_VOL_INH":0.0,"Shape_Leng":48.2255167129,"Shape_Area":129.294504239},"geometry":{"type":"Polygon","coordinates":[[[11.871175639880025,45.40898717544398,15.0],[11.871168656410036,45.40892254205095,15.0],[11.871156736255971,45.40886388397096,15.0],[11.87108882947409,45.408870453276016,15.0],[11.871096341649695,45.408895107804994,15.0],[11.871033252335346,45.408905966589494,15.0],[11.87103764269921,45.408974895878195,15.0],[11.871040459850546,45.409000208437945,15.0],[11.871175639880025,45.40898717544398,15.0]]]}},{"type":"Feature","id":"UN_VOL:46332","properties":{"OBJECTID":46332,"UN_VOL_POR":"01","UN_VOL_STA":"","UN_VOL_QGR":40.68,"UN_VOL_QCO":0.0,"UN_VOL_AV":24.78,"UN_VOL_INH":0.0,"Shape_Leng":61.6295023566,"Shape_Area":167.787950426},"geometry":{"type":"Polygon","coordinates":[[[11.876887394799283,45.409095880957125,16.0],[11.876814423634352,45.409095830585336,16.0],[11.876792980479845,45.40908124921465,16.0],[11.876793186174229,45.40904253833909,16.0],[11.876788833170158,45.40904237833911,16.0],[11.876788455090795,45.409002242213056,16.0],[11.876683422000077,45.40899993969563,16.0],[11.876679534738809,45.40913721674739,16.0],[11.876815841087108,45.40913882083259,16.0],[11.876885398685934,45.40913958720878,16.0],[11.876887394799283,45.409095880957125,16.0]]]}},{"type":"Feature","id":"UN_VOL:46336","properties":{"OBJECTID":46336,"UN_VOL_POR":"01","UN_VOL_STA":"","UN_VOL_QGR":33.51,"UN_VOL_QCO":0.0,"UN_VOL_AV":17.36,"UN_VOL_INH":0.0,"Shape_Leng":34.6957363026,"Shape_Area":73.7178088584},"geometry":{"type":"Polygon","coordinates":[[[11.875566008232987,45.40870028005564,16.0],[11.87546568817009,45.40869515740459,16.0],[11.87545545308355,45.40877543651789,16.0],[11.875509043412466,45.40877885651223,16.0],[11.875508842853732,45.40877994173808,16.0],[11.875508683383831,45.40878183595964,16.0],[11.87555977540033,45.40878387892211,16.0],[11.875566008232987,45.40870028005564,16.0]]]}},{"type":"Feature","id":"UN_VOL:46342","properties":{"OBJECTID":46342,"UN_VOL_POR":"01","UN_VOL_STA":"","UN_VOL_QGR":27.74,"UN_VOL_QCO":0.0,"UN_VOL_AV":14.17,"UN_VOL_INH":0.0,"Shape_Leng":49.3124852123,"Shape_Area":110.126577205},"geometry":{"type":"Polygon","coordinates":[[[11.871286428905062,45.408891314678094,15.0],[11.871321494652063,45.40888476166018,15.0],[11.871287481099502,45.40881630769183,15.0],[11.871284062371096,45.40880937280173,15.0],[11.87125949414702,45.4088137714458,15.0],[11.871239487922077,45.40877457945561,15.0],[11.871238006558128,45.40877056618672,15.0],[11.871144196224686,45.408780397932226,15.0],[11.871156736255971,45.40886388397096,15.0],[11.871245779328046,45.40885579263053,15.0],[11.871260475006803,45.408896108378926,15.0],[11.871286428905062,45.408891314678094,15.0]]]}},{"type":"Feature","id":"UN_VOL:46345","properties":{"OBJECTID":46345,"UN_VOL_POR":"01","UN_VOL_STA":"","UN_VOL_QGR":20.04,"UN_VOL_QCO":0.0,"UN_VOL_AV":4.51,"UN_VOL_INH":0.0,"Shape_Leng":174.059353315,"Shape_Area":113.920046887},"geometry":{"type":"Polygon","coordinates":[[[11.872094642722871,45.40885990222202,15.0],[11.872061040355476,45.4086912542723,15.0],[11.872054512112822,45.40865829385454,15.0],[11.872027442774263,45.408522696235174,15.0],[11.87198496687257,45.40837308436986,15.0],[11.871958053626162,45.4082783484472,15.0],[11.871931141029863,45.40818361250059,15.0],[11.87191846011616,45.408185552130114,15.0],[11.871976516946683,45.40839291984976,15.0],[11.872013039270065,45.408523418968976,15.0],[11.87201049143669,45.4085235731464,15.0],[11.872017826201066,45.40856488410877,15.0],[11.872031762085607,45.408625472002655,16.0],[11.872033794660295,45.4086252407475,16.0],[11.872048163829094,45.408696889198566,15.0],[11.872061611936488,45.40876802055061,15.0],[11.872075196882081,45.40883932854956,15.0],[11.871961951180454,45.40885397086431,15.0],[11.871968670324526,45.40888062554601,15.0],[11.872095636237752,45.40886437760364,15.0],[11.872094642722871,45.40885990222202,15.0]]]}},{"type":"Feature","id":"UN_VOL:46348","properties":{"OBJECTID":46348,"UN_VOL_POR":"01","UN_VOL_STA":"","UN_VOL_QGR":24.36,"UN_VOL_QCO":0.0,"UN_VOL_AV":8.33,"UN_VOL_INH":0.0,"Shape_Leng":40.2754821631,"Shape_Area":68.9929886354},"geometry":{"type":"Polygon","coordinates":[[[11.873586331129161,45.40883962695688,15.0],[11.873641210354297,45.408830683638875,16.0],[11.87361514247066,45.408742587945866,16.0],[11.873609179836897,45.40872581555578,16.0],[11.873599679033175,45.408699771306,16.0],[11.873553875157073,45.4087062356594,16.0],[11.873560257202723,45.40872119694409,16.0],[11.873571071205921,45.408763050510686,16.0],[11.873549160478918,45.40876693287704,16.0],[11.87357921142811,45.40884034615342,15.0],[11.873586331129161,45.40883962695688,15.0]]]}},{"type":"Feature","id":"UN_VOL:46350","properties":{"OBJECTID":46350,"UN_VOL_POR":"01","UN_VOL_STA":"","UN_VOL_QGR":30.62,"UN_VOL_QCO":0.0,"UN_VOL_AV":14.33,"UN_VOL_INH":0.0,"Shape_Leng":80.3572963627,"Shape_Area":314.41665792},"geometry":{"type":"Polygon","coordinates":[[[11.876804038743547,45.40862235632982,17.0],[11.876717251412863,45.40861194256937,17.0],[11.876645424148995,45.408604212001826,17.0],[11.876512554446606,45.40858973949919,17.0],[11.876515769759544,45.408610271356714,17.0],[11.876509989206498,45.40868764759535,16.0],[11.876510090115437,45.40869466597142,16.0],[11.876562308193034,45.408701270922634,16.0],[11.87663600467778,45.40871057447948,16.0],[11.876635054101884,45.408732111438404,16.0],[11.876774584351567,45.40875190677369,16.0],[11.87682555883026,45.408759172896,17.0],[11.876832667987141,45.408705436091125,17.0],[11.876792414614506,45.408700420195544,17.0],[11.876804038743547,45.40862235632982,17.0]]]}},{"type":"Feature","id":"UN_VOL:46354","properties":{"OBJECTID":46354,"UN_VOL_POR":"01","UN_VOL_STA":"","UN_VOL_QGR":26.29,"UN_VOL_QCO":0.0,"UN_VOL_AV":12.71,"UN_VOL_INH":0.0,"Shape_Leng":98.37099551,"Shape_Area":455.853795562},"geometry":{"type":"Polygon","coordinates":[[[11.871156736255971,45.40886388397096,15.0],[11.871144196224686,45.408780397932226,15.0],[11.871238006558128,45.40877056618672,15.0],[11.87119554185637,45.40865641853757,15.0],[11.871175864163439,45.408603536225456,15.0],[11.871174806881529,45.408600322705354,15.0],[11.871155722019923,45.408601972770505,15.0],[11.871053292073153,45.40861067102569,15.0],[11.871014867574152,45.40861397830237,15.0],[11.870971096043906,45.40861769024596,15.0],[11.871011906462721,45.40884286479122,15.0],[11.871019431994375,45.40884510591782,15.0],[11.871033252335346,45.408905966589494,15.0],[11.871096341649695,45.408895107804994,15.0],[11.87108882947409,45.408870453276016,15.0],[11.871156736255971,45.40886388397096,15.0]]]}},{"type":"Feature","id":"UN_VOL:46360","properties":{"OBJECTID":46360,"UN_VOL_POR":"01","UN_VOL_STA":"","UN_VOL_QGR":31.24,"UN_VOL_QCO":0.0,"UN_VOL_AV":15.04,"UN_VOL_INH":0.0,"Shape_Leng":69.4452651006,"Shape_Area":68.7971107754},"geometry":{"type":"Polygon","coordinates":[[[11.874786766183897,45.40878877539588,16.0],[11.874718111820998,45.40878816468574,16.0],[11.874713438298553,45.40864327242672,16.0],[11.874790128807897,45.40864611076258,16.0],[11.874791922919162,45.40862104230071,16.0],[11.874687145180754,45.40861621097914,16.0],[11.874699452787542,45.40881077810845,16.0],[11.874784138111426,45.408812514946746,16.0],[11.874786766183897,45.40878877539588,16.0]]]}},{"type":"Feature","id":"UN_VOL:46366","properties":{"OBJECTID":46366,"UN_VOL_POR":"01","UN_VOL_STA":"","UN_VOL_QGR":30.84,"UN_VOL_QCO":0.0,"UN_VOL_AV":15.7,"UN_VOL_INH":0.0,"Shape_Leng":109.419969809,"Shape_Area":570.003078512},"geometry":{"type":"Polygon","coordinates":[[[11.871655222308437,45.408891124874444,15.0],[11.871740609423187,45.40888150470652,15.0],[11.871961951180454,45.40885397086431,15.0],[11.872075196882081,45.40883932854956,15.0],[11.872061611936488,45.40876802055061,15.0],[11.871948557302145,45.408778877247585,15.0],[11.871938318341764,45.40870550476504,15.0],[11.871936335293652,45.40868908235492,15.0],[11.8718255869671,45.40869754083342,15.0],[11.871826562792783,45.408706697535926,15.0],[11.871592266903683,45.408725736056695,15.0],[11.871615264519484,45.40883146197767,15.0],[11.871630822804798,45.40889380924312,15.0],[11.871655222308437,45.408891124874444,15.0]]]}},{"type":"Feature","id":"UN_VOL:46376","properties":{"OBJECTID":46376,"UN_VOL_POR":"01","UN_VOL_STA":"","UN_VOL_QGR":30.88,"UN_VOL_QCO":0.0,"UN_VOL_AV":14.68,"UN_VOL_INH":0.0,"Shape_Leng":75.4863754176,"Shape_Area":251.925829353},"geometry":{"type":"Polygon","coordinates":[[[11.874955745576678,45.40862852601928,16.0],[11.874791922919162,45.40862104230071,16.0],[11.874790128807897,45.40864611076258,16.0],[11.874787916823406,45.408690632840106,16.0],[11.874784105921687,45.40869108865307,16.0],[11.874785937355224,45.408734698825214,16.0],[11.874835146689843,45.408737419484396,16.0],[11.874835390707982,45.40876990774884,16.0],[11.87482142485081,45.40876917945231,16.0],[11.874821124980459,45.40878845000127,16.0],[11.874786766183897,45.40878877539588,16.0],[11.874784138111426,45.408812514946746,16.0],[11.874947888160301,45.408816040396644,16.0],[11.874955745576678,45.40862852601928,16.0]]]}},{"type":"Feature","id":"UN_VOL:46377","properties":{"OBJECTID":46377,"UN_VOL_POR":"01","UN_VOL_STA":"","UN_VOL_QGR":33.99,"UN_VOL_QCO":0.0,"UN_VOL_AV":17.69,"UN_VOL_INH":0.0,"Shape_Leng":21.2295121756,"Shape_Area":27.7647616502},"geometry":{"type":"Polygon","coordinates":[[[11.877465700446987,45.40869964509712,16.0],[11.877450107609041,45.408702108620574,16.0],[11.877400123813164,45.408706789728114,16.0],[11.877411091643252,45.408754129565416,16.0],[11.877472224730901,45.40875258789249,16.0],[11.877465700446987,45.40869964509712,16.0]]]}},{"type":"Feature","id":"UN_VOL:46397","properties":{"OBJECTID":46397,"UN_VOL_POR":"01","UN_VOL_STA":"","UN_VOL_QGR":24.85,"UN_VOL_QCO":0.0,"UN_VOL_AV":9.77,"UN_VOL_INH":0.0,"Shape_Leng":35.1596558894,"Shape_Area":74.1785564114},"geometry":{"type":"Polygon","coordinates":[[[11.871630822804798,45.40889380924312,15.0],[11.871615264519484,45.40883146197767,15.0],[11.87148299250421,45.40884640255978,16.0],[11.87149715132832,45.40890887510903,15.0],[11.871630822804798,45.40889380924312,15.0]]]}},{"type":"Feature","id":"UN_VOL:46418","properties":{"OBJECTID":46418,"UN_VOL_POR":"01","UN_VOL_STA":"","UN_VOL_QGR":35.13,"UN_VOL_QCO":0.0,"UN_VOL_AV":18.99,"UN_VOL_INH":0.0,"Shape_Leng":78.7433311086,"Shape_Area":408.218850652},"geometry":{"type":"Polygon","coordinates":[[[11.87545545308355,45.40877543651789,16.0],[11.87546568817009,45.40869515740459,16.0],[11.875466863411246,45.408685586337214,16.0],[11.87544370117708,45.40865475580436,16.0],[11.875195325009507,45.408645622652934,16.0],[11.87516243573264,45.40866481393781,16.0],[11.875163999392784,45.40866792500402,16.0],[11.87515236624593,45.40877605285858,16.0],[11.875178207692915,45.40879421445703,16.0],[11.875184279419535,45.40879802195775,16.0],[11.875452352995111,45.408820070645476,16.0],[11.87545545308355,45.40877543651789,16.0]]]}},{"type":"Feature","id":"UN_VOL:46431","properties":{"OBJECTID":46431,"UN_VOL_POR":"01","UN_VOL_STA":"","UN_VOL_QGR":37.02,"UN_VOL_QCO":0.0,"UN_VOL_AV":20.87,"UN_VOL_INH":0.0,"Shape_Leng":18.28422968,"Shape_Area":20.7012260547},"geometry":{"type":"Polygon","coordinates":[[[11.875508683383831,45.40878183595964,16.0],[11.875508842853732,45.40877994173808,16.0],[11.875509043412466,45.40877885651223,16.0],[11.87545545308355,45.40877543651789,16.0],[11.875452352995111,45.408820070645476,16.0],[11.875504671180588,45.40882361274772,16.0],[11.875508683383831,45.40878183595964,16.0]]]}},{"type":"Feature","id":"UN_VOL:46438","properties":{"OBJECTID":46438,"UN_VOL_POR":"01","UN_VOL_STA":"","UN_VOL_QGR":34.37,"UN_VOL_QCO":0.0,"UN_VOL_AV":17.74,"UN_VOL_INH":0.0,"Shape_Leng":73.6121313856,"Shape_Area":274.013518778},"geometry":{"type":"Polygon","coordinates":[[[11.877055386874565,45.40867488686871,17.0],[11.876999827750186,45.40867043707215,17.0],[11.876956329049674,45.40866694342213,17.0],[11.87696116102339,45.40862622569413,17.0],[11.876907170034583,45.408622456297664,17.0],[11.876850494418395,45.40861866451669,17.0],[11.876835320126142,45.40861679671706,17.0],[11.876835311916132,45.408626698561385,17.0],[11.876804038743547,45.40862235632982,17.0],[11.876792414614506,45.408700420195544,17.0],[11.876832667987141,45.408705436091125,17.0],[11.87682555883026,45.408759172896,17.0],[11.877041579324837,45.40878793070978,17.0],[11.877055386874565,45.40867488686871,17.0]]]}},{"type":"Feature","id":"UN_VOL:46445","properties":{"OBJECTID":46445,"UN_VOL_POR":"01","UN_VOL_STA":"","UN_VOL_QGR":30.99,"UN_VOL_QCO":0.0,"UN_VOL_AV":14.85,"UN_VOL_INH":0.0,"Shape_Leng":17.5548590086,"Shape_Area":19.1367393786},"geometry":{"type":"Polygon","coordinates":[[[11.87555977540033,45.40878387892211,16.0],[11.875508683383831,45.40878183595964,16.0],[11.875504671180588,45.40882361274772,16.0],[11.875556602350217,45.40882707492242,15.0],[11.87555977540033,45.40878387892211,16.0]]]}},{"type":"Feature","id":"UN_VOL:46449","properties":{"OBJECTID":46449,"UN_VOL_POR":"01","UN_VOL_STA":"","UN_VOL_QGR":75.97,"UN_VOL_QCO":0.0,"UN_VOL_AV":59.89,"UN_VOL_INH":0.0,"Shape_Leng":47.6987504902,"Shape_Area":128.874092878},"geometry":{"type":"Polygon","coordinates":[[[11.874889887330893,45.40894720969276,16.0],[11.874754173565096,45.40894468829567,14.0],[11.874752066211594,45.40904915588721,16.0],[11.87478853588676,45.409050127241414,16.0],[11.874788248991315,45.40905706534264,16.0],[11.874795555721539,45.40905751157662,16.0],[11.87479891112644,45.40906570822154,16.0],[11.874805151613751,45.40907032152151,16.0],[11.874812617967928,45.409071393670246,16.0],[11.874823343446103,45.40907121348559,16.0],[11.874831050750885,45.40906948889194,16.0],[11.874837701110179,45.40906455080338,16.0],[11.874839231687144,45.409056951039496,16.0],[11.874849847752957,45.40905713379614,16.0],[11.87485019396743,45.40905136402862,16.0],[11.874880897625472,45.409052030787116,16.0],[11.87488261710039,45.40900788130619,16.0],[11.874887348580545,45.409007942186,16.0],[11.874889887330893,45.40894720969276,16.0]]]}},{"type":"Feature","id":"UN_VOL:46456","properties":{"OBJECTID":46456,"UN_VOL_POR":"01","UN_VOL_STA":"","UN_VOL_QGR":33.02,"UN_VOL_QCO":0.0,"UN_VOL_AV":19.44,"UN_VOL_INH":0.0,"Shape_Leng":46.5040661023,"Shape_Area":133.922127509},"geometry":{"type":"Polygon","coordinates":[[[11.870587449561372,45.409118811017876,15.0],[11.870585589801404,45.4090846532856,15.0],[11.870585471481283,45.40907223448526,15.0],[11.870445586707586,45.40907062292231,15.0],[11.870456471010666,45.409184484756054,15.0],[11.870590964013969,45.409183081875085,15.0],[11.870587449561372,45.409118811017876,15.0]]]}},{"type":"Feature","id":"UN_VOL:46468","properties":{"OBJECTID":46468,"UN_VOL_POR":"01","UN_VOL_STA":"","UN_VOL_QGR":27.05,"UN_VOL_QCO":0.0,"UN_VOL_AV":12.12,"UN_VOL_INH":0.0,"Shape_Leng":96.1772663991,"Shape_Area":431.051918974},"geometry":{"type":"Polygon","coordinates":[[[11.871406516183788,45.409140058028655,15.0],[11.871406242265543,45.40909181817254,15.0],[11.871397189660863,45.40909222568777,15.0],[11.871399855736621,45.40904904256267,15.0],[11.871406774859809,45.40904940872142,15.0],[11.871410366382538,45.40904967852655,15.0],[11.871409955644038,45.40900378215971,15.0],[11.871011128671395,45.40905180340602,15.0],[11.871013831801319,45.409079909505536,15.0],[11.871020437167548,45.409147162607546,15.0],[11.871311556681958,45.40915747964116,15.0],[11.871308908796038,45.40919598143292,15.0],[11.871318048104724,45.40918720051152,15.0],[11.8713346577448,45.409174540852625,15.0],[11.871357626188582,45.40916127093888,15.0],[11.87136339624108,45.4091591454865,15.0],[11.87138797831829,45.40914745541167,15.0],[11.871406516183788,45.409140058028655,15.0]]]}},{"type":"Feature","id":"UN_VOL:46469","properties":{"OBJECTID":46469,"UN_VOL_POR":"01","UN_VOL_STA":"","UN_VOL_QGR":38.55,"UN_VOL_QCO":0.0,"UN_VOL_AV":22.87,"UN_VOL_INH":0.0,"Shape_Leng":34.3970624044,"Shape_Area":51.982554472},"geometry":{"type":"Polygon","coordinates":[[[11.875992563485834,45.40907496300114,14.0],[11.876162978210063,45.40907381793795,16.0],[11.876165208182947,45.409039736910266,16.0],[11.875996593993348,45.40903858659329,14.0],[11.875992563485834,45.40907496300114,14.0]]]}},{"type":"Feature","id":"UN_VOL:46470","properties":{"OBJECTID":46470,"UN_VOL_POR":"01","UN_VOL_STA":"","UN_VOL_QGR":30.34,"UN_VOL_QCO":0.0,"UN_VOL_AV":14.66,"UN_VOL_INH":0.0,"Shape_Leng":69.4298379931,"Shape_Area":176.963745479},"geometry":{"type":"Polygon","coordinates":[[[11.87619424205553,45.40907293981651,16.0],[11.876194378279013,45.409065555665784,16.0],[11.87620576860244,45.40896778492127,16.0],[11.87603177961969,45.40895893880037,15.0],[11.875971548146476,45.408955596008326,14.0],[11.875961517705594,45.409072595056436,13.0],[11.87596662709649,45.40907255631929,13.0],[11.875966527563648,45.409075619248895,13.0],[11.875992563485834,45.40907496300114,14.0],[11.875996593993348,45.40903858659329,14.0],[11.876165208182947,45.409039736910266,16.0],[11.876162978210063,45.40907381793795,16.0],[11.87619424205553,45.40907293981651,16.0]]]}},{"type":"Feature","id":"UN_VOL:46471","properties":{"OBJECTID":46471,"UN_VOL_POR":"01","UN_VOL_STA":"","UN_VOL_QGR":34.36,"UN_VOL_QCO":0.0,"UN_VOL_AV":18.45,"UN_VOL_INH":0.0,"Shape_Leng":61.6815969781,"Shape_Area":197.634774251},"geometry":{"type":"Polygon","coordinates":[[[11.873194201084154,45.40913538166845,16.0],[11.873179665433277,45.40903529369255,16.0],[11.873065042486331,45.409045471004056,16.0],[11.87306935030589,45.40906237474699,16.0],[11.87295273113636,45.409070982147945,16.0],[11.872933878737609,45.4090721768136,16.0],[11.872945637738873,45.40915532252007,16.0],[11.873194201084154,45.40913538166845,16.0]]]}},{"type":"Feature","id":"UN_VOL:46475","properties":{"OBJECTID":46475,"UN_VOL_POR":"01","UN_VOL_STA":"","UN_VOL_QGR":28.87,"UN_VOL_QCO":0.0,"UN_VOL_AV":12.77,"UN_VOL_INH":0.0,"Shape_Leng":45.4457510917,"Shape_Area":127.172984593},"geometry":{"type":"Polygon","coordinates":[[[11.875167306219009,45.40909540131017,16.0],[11.875168357056467,45.40900788250088,16.0],[11.875012728187537,45.40900325266102,16.0],[11.875011095070036,45.409099427512395,16.0],[11.875128380274266,45.409101422843165,16.0],[11.875128366267832,45.40909611238555,16.0],[11.875167306219009,45.40909540131017,16.0]]]}},{"type":"Feature","id":"UN_VOL:46489","properties":{"OBJECTID":46489,"UN_VOL_POR":"01","UN_VOL_STA":"","UN_VOL_QGR":32.24,"UN_VOL_QCO":0.0,"UN_VOL_AV":16.4,"UN_VOL_INH":0.0,"Shape_Leng":50.2573927493,"Shape_Area":105.201597742},"geometry":{"type":"Polygon","coordinates":[[[11.876472741926419,45.40905619807675,16.0],[11.876473351665243,45.409000284708746,16.0],[11.876473582789007,45.40898974769751,16.0],[11.876397590074815,45.40898806273252,16.0],[11.876389193117678,45.40902400933817,16.0],[11.87628000635382,45.40901290003673,16.0],[11.876271812042912,45.4090679240348,16.0],[11.876349264520071,45.40907569312662,16.0],[11.876400917204082,45.4090787117028,16.0],[11.876403869005784,45.409056313876555,16.0],[11.876472741926419,45.40905619807675,16.0]]]}},{"type":"Feature","id":"UN_VOL:46496","properties":{"OBJECTID":46496,"UN_VOL_POR":"01","UN_VOL_STA":"","UN_VOL_QGR":40.01,"UN_VOL_QCO":0.0,"UN_VOL_AV":24.21,"UN_VOL_INH":0.0,"Shape_Leng":61.6776769668,"Shape_Area":191.508416839},"geometry":{"type":"Polygon","coordinates":[[[11.872945637738873,45.40915532252007,16.0],[11.872933878737609,45.4090721768136,16.0],[11.872750988647203,45.40908938348027,16.0],[11.872733800038095,45.409090626270135,16.0],[11.872732824020423,45.40907894944049,16.0],[11.87267085648159,45.40908419993761,16.0],[11.872690714825417,45.40917587278604,16.0],[11.872945637738873,45.40915532252007,16.0]]]}},{"type":"Feature","id":"UN_VOL:46497","properties":{"OBJECTID":46497,"UN_VOL_POR":"01","UN_VOL_STA":"","UN_VOL_QGR":33.98,"UN_VOL_QCO":0.0,"UN_VOL_AV":17.92,"UN_VOL_INH":0.0,"Shape_Leng":87.2177359954,"Shape_Area":287.00275257},"geometry":{"type":"Polygon","coordinates":[[[11.873917696884764,45.40906378353633,16.0],[11.873919504222949,45.409031423696376,16.0],[11.873843893919977,45.40902972739631,17.0],[11.873843212561102,45.40906917023159,16.0],[11.873722686413743,45.4090662650786,16.0],[11.873724030794344,45.409060020330955,16.0],[11.873532132795049,45.40905585169193,16.0],[11.873531822506326,45.40913786093176,16.0],[11.873596274786431,45.409138758277834,16.0],[11.873913795084254,45.409145523440486,16.0],[11.873917696884764,45.40906378353633,16.0]]]}},{"type":"Feature","id":"UN_VOL:46503","properties":{"OBJECTID":46503,"UN_VOL_POR":"01","UN_VOL_STA":"","UN_VOL_QGR":32.48,"UN_VOL_QCO":0.0,"UN_VOL_AV":16.38,"UN_VOL_INH":0.0,"Shape_Leng":64.3184898107,"Shape_Area":260.347618749},"geometry":{"type":"Polygon","coordinates":[[[11.875384075502232,45.40901558830817,16.0],[11.87538134634571,45.40897947192374,16.0],[11.875380953876379,45.408974261440015,16.0],[11.875168922351357,45.40895863138175,16.0],[11.875168357056467,45.40900788250088,16.0],[11.875167306219009,45.40909540131017,16.0],[11.875167557312517,45.40910034560649,16.0],[11.875375632897672,45.40911355482739,16.0],[11.875384075502232,45.40901558830817,16.0]]]}},{"type":"Feature","id":"UN_VOL:46510","properties":{"OBJECTID":46510,"UN_VOL_POR":"01","UN_VOL_STA":"","UN_VOL_QGR":37.15,"UN_VOL_QCO":0.0,"UN_VOL_AV":21.73,"UN_VOL_INH":0.0,"Shape_Leng":46.6049651121,"Shape_Area":97.0831429435},"geometry":{"type":"Polygon","coordinates":[[[11.87619424205553,45.40907293981651,16.0],[11.876162978210063,45.40907381793795,16.0],[11.875992563485834,45.40907496300114,14.0],[11.875966527563648,45.409075619248895,13.0],[11.875965168766587,45.40912182995083,14.0],[11.876193422512975,45.40912471787884,16.0],[11.87619424205553,45.40907293981651,16.0]]]}},{"type":"Feature","id":"UN_VOL:46526","properties":{"OBJECTID":46526,"UN_VOL_POR":"01","UN_VOL_STA":"","UN_VOL_QGR":47.75,"UN_VOL_QCO":0.0,"UN_VOL_AV":31.83,"UN_VOL_INH":0.0,"Shape_Leng":37.5533333658,"Shape_Area":76.6496429006},"geometry":{"type":"Polygon","coordinates":[[[11.877283990865426,45.409076969593,16.0],[11.877284607637195,45.40901367493676,16.0],[11.877176701832713,45.40900010370947,16.0],[11.877174537304393,45.40908576041727,16.0],[11.877174102207382,45.409107374428096,16.0],[11.877190867337703,45.409107851755955,16.0],[11.87723027353728,45.40907859391654,16.0],[11.877283990865426,45.409076969593,16.0]]]}},{"type":"Feature","id":"UN_VOL:46529","properties":{"OBJECTID":46529,"UN_VOL_POR":"01","UN_VOL_STA":"","UN_VOL_QGR":32.14,"UN_VOL_QCO":0.0,"UN_VOL_AV":16.53,"UN_VOL_INH":0.0,"Shape_Leng":60.5413676973,"Shape_Area":143.232345424},"geometry":{"type":"Polygon","coordinates":[[[11.876472741926419,45.40905619807675,16.0],[11.876403869005784,45.409056313876555,16.0],[11.876400917204082,45.4090787117028,16.0],[11.876349264520071,45.40907569312662,16.0],[11.876271812042912,45.4090679240348,16.0],[11.876257166623558,45.40906640301354,16.0],[11.876194378279013,45.409065555665784,16.0],[11.87619424205553,45.40907293981651,16.0],[11.876193422512975,45.40912471787884,16.0],[11.876471801229766,45.40912823192304,16.0],[11.876472741926419,45.40905619807675,16.0]]]}},{"type":"Feature","id":"UN_VOL:46581","properties":{"OBJECTID":46581,"UN_VOL_POR":"01","UN_VOL_STA":"","UN_VOL_QGR":34.84,"UN_VOL_QCO":0.0,"UN_VOL_AV":18.94,"UN_VOL_INH":0.0,"Shape_Leng":35.1344702497,"Shape_Area":35.0758551016},"geometry":{"type":"Polygon","coordinates":[[[11.876683422000077,45.40899993969563,16.0],[11.876652727511983,45.40899945328522,16.0],[11.876652138082248,45.40907084795017,16.0],[11.87665152940383,45.40913684263228,16.0],[11.876679534738809,45.40913721674739,16.0],[11.876683422000077,45.40899993969563,16.0]]]}},{"type":"Feature","id":"UN_VOL:46593","properties":{"OBJECTID":46593,"UN_VOL_POR":"01","UN_VOL_STA":"","UN_VOL_QGR":40.32,"UN_VOL_QCO":0.0,"UN_VOL_AV":24.4,"UN_VOL_INH":0.0,"Shape_Leng":126.115494343,"Shape_Area":246.925435192},"geometry":{"type":"Polygon","coordinates":[[[11.877589487828242,45.40895026887361,16.0],[11.877226009613747,45.408904167400465,16.0],[11.877179447368368,45.40889823055721,16.0],[11.87717852618059,45.40893290854065,16.0],[11.877508133809147,45.40898139436422,16.0],[11.877554094340844,45.40898806662205,16.0],[11.877551168556671,45.409103986556765,16.0],[11.877508709416645,45.40910334683837,16.0],[11.877508032559705,45.40912271694743,16.0],[11.877475332848565,45.409123001312466,16.0],[11.877475827077289,45.40914027120219,16.0],[11.877456523238408,45.409140128078874,16.0],[11.877456082141798,45.4091465301846,16.0],[11.877505309920988,45.40914708888235,16.0],[11.877606833164382,45.40914821889463,16.0],[11.877611359845183,45.40896573935679,16.0],[11.877589487828242,45.40895026887361,16.0]]]}},{"type":"Feature","id":"UN_VOL:46608","properties":{"OBJECTID":46608,"UN_VOL_POR":"01","UN_VOL_STA":"","UN_VOL_QGR":41.35,"UN_VOL_QCO":0.0,"UN_VOL_AV":27.77,"UN_VOL_INH":0.0,"Shape_Leng":88.1924939197,"Shape_Area":303.491547113},"geometry":{"type":"Polygon","coordinates":[[[11.870702711483503,45.40911618132295,15.0],[11.870587449561372,45.409118811017876,15.0],[11.870590964013969,45.409183081875085,15.0],[11.870592764524249,45.4092160708792,15.0],[11.870566600737382,45.409216729109936,15.0],[11.87056934939424,45.40926589683257,15.0],[11.870460874065548,45.40926880589602,15.0],[11.87046456158317,45.40933649262009,15.0],[11.870713482842248,45.4093311302958,15.0],[11.870706239513447,45.409226088007095,15.0],[11.87069947540832,45.40922625818632,15.0],[11.87069759719195,45.409199301544035,15.0],[11.870708445843054,45.40919902860102,15.0],[11.870702711483503,45.40911618132295,15.0]]]}},{"type":"Feature","id":"UN_VOL:46654","properties":{"OBJECTID":46654,"UN_VOL_POR":"01","UN_VOL_STA":"","UN_VOL_QGR":25.3,"UN_VOL_QCO":0.0,"UN_VOL_AV":10.17,"UN_VOL_INH":0.0,"Shape_Leng":118.988927539,"Shape_Area":405.527501987},"geometry":{"type":"Polygon","coordinates":[[[11.871820088846292,45.40929203197828,15.0],[11.871773436101837,45.40928933571831,15.0],[11.87177578327051,45.409260022357465,15.0],[11.871759506019298,45.409259082109656,15.0],[11.871761055235323,45.409239240234946,15.0],[11.87177450647193,45.409239891812035,15.0],[11.871774451152897,45.40921612982222,15.0],[11.871770421305955,45.40920218940853,15.0],[11.871765831141499,45.409189793112546,15.0],[11.871752042457203,45.409164846754315,15.0],[11.871734082595392,45.40914333554688,15.0],[11.871720923200904,45.40912827459355,15.0],[11.871709490917091,45.40911704101262,15.0],[11.871684471158254,45.40909741758954,15.0],[11.871670997160995,45.40908875553029,15.0],[11.87165582289384,45.409079326229886,15.0],[11.871636053922867,45.409070012174254,15.0],[11.871621563643306,45.40906146573304,15.0],[11.87159892307602,45.40905348420605,15.0],[11.871580558013994,45.4090466553386,15.0],[11.871560858024388,45.409041210375705,15.0],[11.871544972986616,45.40903791979001,15.0],[11.87153060071464,45.40903423094408,15.0],[11.871512810192455,45.40903116801183,15.0],[11.871523526106383,45.40900056426306,15.0],[11.871502262096026,45.40899704885336,15.0],[11.871486992628792,45.40899581267437,15.0],[11.87147891076234,45.40899520603155,15.0],[11.871461749511841,45.40899698822167,15.0],[11.871459302856168,45.40905204732311,15.0],[11.871457334484266,45.409096383109556,15.0],[11.871466970182684,45.40909740088425,15.0],[11.87151084687862,45.40910583774042,15.0],[11.871538383112428,45.40911207601586,15.0],[11.871560827601769,45.409121232317865,15.0],[11.871582583564598,45.40913193634884,15.0],[11.871614057864356,45.40914527612041,15.0],[11.871634551325847,45.40915880258533,15.0],[11.871642218267496,45.40916887106252,15.0],[11.871648755452137,45.409196970310155,15.0],[11.871635452827814,45.40933781470882,16.0],[11.871799049941862,45.40934332878188,15.0],[11.871801283159554,45.40933949177956,15.0],[11.87181208105186,45.40931554667396,15.0],[11.871820088846292,45.40929203197828,15.0]]]}},{"type":"Feature","id":"UN_VOL:46667","properties":{"OBJECTID":46667,"UN_VOL_POR":"01","UN_VOL_STA":"","UN_VOL_QGR":29.96,"UN_VOL_QCO":0.0,"UN_VOL_AV":15.13,"UN_VOL_INH":0.0,"Shape_Leng":65.864162204,"Shape_Area":101.483812698},"geometry":{"type":"Polygon","coordinates":[[[11.871635452827814,45.40933781470882,16.0],[11.871648755452137,45.409196970310155,15.0],[11.871642218267496,45.40916887106252,15.0],[11.871634551325847,45.40915880258533,15.0],[11.871614057864356,45.40914527612041,15.0],[11.871582583564598,45.40913193634884,15.0],[11.871539601035312,45.40916128223891,15.0],[11.871563385582336,45.40917418522097,15.0],[11.871590315347484,45.409201231365,15.0],[11.871603055782478,45.40921810342287,15.0],[11.871610540857803,45.409239697788216,16.0],[11.871613772697762,45.40926058955359,16.0],[11.871611384404412,45.4092790121849,16.0],[11.87160140265797,45.40929888618616,16.0],[11.871579902458882,45.409328501083195,16.0],[11.871560298097663,45.409345106986535,16.0],[11.871534717918234,45.40935727245079,16.0],[11.871628096459988,45.409359062607116,15.0],[11.871630579955335,45.40933748711214,16.0],[11.871635452827814,45.40933781470882,16.0]]]}},{"type":"Feature","id":"UN_VOL:46674","properties":{"OBJECTID":46674,"UN_VOL_POR":"01","UN_VOL_STA":"","UN_VOL_QGR":30.85,"UN_VOL_QCO":0.0,"UN_VOL_AV":16.02,"UN_VOL_INH":0.0,"Shape_Leng":80.9388068917,"Shape_Area":508.149616037},"geometry":{"type":"Polygon","coordinates":[[[11.87142416537737,45.40914033386371,15.0],[11.871406516183788,45.409140058028655,15.0],[11.87138797831829,45.40914745541167,15.0],[11.87136339624108,45.4091591454865,15.0],[11.871357626188582,45.40916127093888,15.0],[11.8713346577448,45.409174540852625,15.0],[11.871318048104724,45.40918720051152,15.0],[11.871308908796038,45.40919598143292,15.0],[11.871300532493095,45.40931806954901,15.0],[11.871322713068132,45.40933461364543,15.0],[11.871346716497623,45.40935183185007,15.0],[11.871365983938393,45.40936133867009,15.0],[11.871402134591444,45.40936862007135,15.0],[11.871403556710959,45.40936894408055,15.0],[11.871478452118119,45.40936912958561,15.0],[11.871483420207397,45.409368824854994,15.0],[11.871505203631164,45.409367466229995,16.0],[11.871534717918234,45.40935727245079,16.0],[11.871560298097663,45.409345106986535,16.0],[11.871579902458882,45.409328501083195,16.0],[11.87160140265797,45.40929888618616,16.0],[11.871611384404412,45.4092790121849,16.0],[11.871613772697762,45.40926058955359,16.0],[11.871610540857803,45.409239697788216,16.0],[11.871603055782478,45.40921810342287,15.0],[11.871590315347484,45.409201231365,15.0],[11.871563385582336,45.40917418522097,15.0],[11.871539601035312,45.40916128223891,15.0],[11.871522370796228,45.40915415466232,15.0],[11.871502369827217,45.40914781718604,15.0],[11.87148867238281,45.40914483133641,15.0],[11.871468862362839,45.40914226945402,15.0],[11.87142416537737,45.40914033386371,15.0]]]}},{"type":"Feature","id":"UN_VOL:46901","properties":{"OBJECTID":46901,"UN_VOL_POR":"01","UN_VOL_STA":"","UN_VOL_QGR":34.55,"UN_VOL_QCO":0.0,"UN_VOL_AV":18.89,"UN_VOL_INH":0.0,"Shape_Leng":32.1041983855,"Shape_Area":45.3126338967},"geometry":{"type":"Polygon","coordinates":[[[11.875650958996848,45.405967337539934,16.0],[11.875567305293592,45.40588267380808,16.0],[11.875543555437336,45.4058956040816,16.0],[11.875537607590692,45.40589926424339,16.0],[11.875610942919778,45.40599462996519,16.0],[11.875659451548788,45.40597855516223,16.0],[11.875650958996848,45.405967337539934,16.0]]]}},{"type":"Feature","id":"UN_VOL:46903","properties":{"OBJECTID":46903,"UN_VOL_POR":"01","UN_VOL_STA":"","UN_VOL_QGR":23.67,"UN_VOL_QCO":0.0,"UN_VOL_AV":8.1,"UN_VOL_INH":0.0,"Shape_Leng":47.3534253067,"Shape_Area":60.0638791419},"geometry":{"type":"Polygon","coordinates":[[[11.875444936388883,45.405888637995105,16.0],[11.875434566653214,45.40588070817881,16.0],[11.875417550907944,45.40586772507883,16.0],[11.875218632051222,45.405986783809475,16.0],[11.875235411160244,45.406007693902716,16.0],[11.875444936388883,45.405888637995105,16.0]]]}},{"type":"Feature","id":"UN_VOL:46904","properties":{"OBJECTID":46904,"UN_VOL_POR":"01","UN_VOL_STA":"","UN_VOL_QGR":30.61,"UN_VOL_QCO":0.0,"UN_VOL_AV":14.91,"UN_VOL_INH":0.0,"Shape_Leng":29.7142876022,"Shape_Area":48.4605163575},"geometry":{"type":"Polygon","coordinates":[[[11.875516840198884,45.40592814183356,16.0],[11.875462211737515,45.405959582475575,16.0],[11.875487611782356,45.40600178866712,16.0],[11.875501198729406,45.405997575416066,16.0],[11.87551854831993,45.4060246823715,16.0],[11.875575401507005,45.406004346762074,16.0],[11.875516840198884,45.40592814183356,16.0]]]}},{"type":"Feature","id":"UN_VOL:46905","properties":{"OBJECTID":46905,"UN_VOL_POR":"01","UN_VOL_STA":"","UN_VOL_QGR":32.28,"UN_VOL_QCO":0.0,"UN_VOL_AV":15.93,"UN_VOL_INH":0.0,"Shape_Leng":41.037689572,"Shape_Area":46.6884672542},"geometry":{"type":"Polygon","coordinates":[[[11.875499219826136,45.40604164180479,16.0],[11.875524109413579,45.4060335433965,16.0],[11.87551854831993,45.4060246823715,16.0],[11.875501198729406,45.405997575416066,16.0],[11.875487611782356,45.40600178866712,16.0],[11.875462211737515,45.405959582475575,16.0],[11.875516840198884,45.40592814183356,16.0],[11.875508356816997,45.40591710406308,16.0],[11.875492113642185,45.40592687477179,16.0],[11.875433237554114,45.40596274313279,16.0],[11.875423940178782,45.40596837829221,16.0],[11.875469735400534,45.40605237614349,16.0],[11.875499219826136,45.40604164180479,16.0]]]}},{"type":"Feature","id":"UN_VOL:46906","properties":{"OBJECTID":46906,"UN_VOL_POR":"01","UN_VOL_STA":"","UN_VOL_QGR":22.67,"UN_VOL_QCO":0.0,"UN_VOL_AV":7.15,"UN_VOL_INH":0.0,"Shape_Leng":78.1889858953,"Shape_Area":49.0417017974},"geometry":{"type":"Polygon","coordinates":[[[11.871389375787018,45.406189157077456,15.0],[11.871381030414224,45.406188376965,15.0],[11.871442471976637,45.40591580272972,15.0],[11.87142565820243,45.40591433565481,15.0],[11.871424632287795,45.40591427142567,15.0],[11.87140900001,45.40598649488719,15.0],[11.87140868083167,45.40598776318498,15.0],[11.87138549626083,45.40609501156027,15.0],[11.871365515489467,45.406187327039795,15.0],[11.87136640473092,45.406242662399094,16.0],[11.87136657793525,45.40625111932183,16.0],[11.871374144167792,45.406251648902035,16.0],[11.871389375787018,45.406189157077456,15.0]]]}},{"type":"Feature","id":"UN_VOL:46907","properties":{"OBJECTID":46907,"UN_VOL_POR":"01","UN_VOL_STA":"","UN_VOL_QGR":32.62,"UN_VOL_QCO":0.0,"UN_VOL_AV":16.84,"UN_VOL_INH":0.0,"Shape_Leng":77.8916568378,"Shape_Area":95.7201443405},"geometry":{"type":"Polygon","coordinates":[[[11.876832283218585,45.40613261635091,16.0],[11.876793665937033,45.40606419041826,16.0],[11.87690260507686,45.406032819753996,16.0],[11.876909306500542,45.40604399239696,16.0],[11.877087696606823,45.40599376776603,14.0],[11.877070911799185,45.40596772737015,14.0],[11.876751327391103,45.40606084714184,16.0],[11.876782448759498,45.406145214424264,17.0],[11.876832283218585,45.40613261635091,16.0]]]}},{"type":"Feature","id":"UN_VOL:46909","properties":{"OBJECTID":46909,"UN_VOL_POR":"01","UN_VOL_STA":"","UN_VOL_QGR":32.97,"UN_VOL_QCO":0.0,"UN_VOL_AV":17.45,"UN_VOL_INH":0.0,"Shape_Leng":27.74875771,"Shape_Area":45.7700046663},"geometry":{"type":"Polygon","coordinates":[[[11.872793486481562,45.40624742652453,16.0],[11.872685044464564,45.4062483566172,15.0],[11.872691695127163,45.40627114253613,15.0],[11.872715698246864,45.40629340113937,16.0],[11.872715356410096,45.406301780980286,16.0],[11.872797709121683,45.406302948085774,16.0],[11.872793486481562,45.40624742652453,16.0]]]}},{"type":"Feature","id":"UN_VOL:46910","properties":{"OBJECTID":46910,"UN_VOL_POR":"01","UN_VOL_STA":"","UN_VOL_QGR":22.93,"UN_VOL_QCO":0.0,"UN_VOL_AV":7.26,"UN_VOL_INH":0.0,"Shape_Leng":20.1287567413,"Shape_Area":14.1711347995},"geometry":{"type":"Polygon","coordinates":[[[11.873015226147317,45.40630602265954,16.0],[11.873008573140071,45.4062303095662,16.0],[11.872987018907908,45.406231122037504,16.0],[11.872993484933934,45.4063056700113,16.0],[11.873015226147317,45.40630602265954,16.0]]]}},{"type":"Feature","id":"UN_VOL:46913","properties":{"OBJECTID":46913,"UN_VOL_POR":"01","UN_VOL_STA":"","UN_VOL_QGR":20.87,"UN_VOL_QCO":0.0,"UN_VOL_AV":4.73,"UN_VOL_INH":0.0,"Shape_Leng":13.0857734767,"Shape_Area":1.78377448986},"geometry":{"type":"Polygon","coordinates":[[[11.874081983254086,45.40631129153045,16.0],[11.874080966370308,45.406308887050216,16.0],[11.874004635984015,45.406325661572616,16.0],[11.874005785119431,45.406328153158974,16.0],[11.874081983254086,45.40631129153045,16.0]]]}},{"type":"Feature","id":"UN_VOL:46915","properties":{"OBJECTID":46915,"UN_VOL_POR":"01","UN_VOL_STA":"","UN_VOL_QGR":27.2,"UN_VOL_QCO":0.0,"UN_VOL_AV":11.5,"UN_VOL_INH":0.0,"Shape_Leng":21.7020731994,"Shape_Area":26.4088461309},"geometry":{"type":"Polygon","coordinates":[[[11.8727139172319,45.406336382324135,16.0],[11.872663151205318,45.406335679799966,16.0],[11.872665709708924,45.4063709905273,16.0],[11.872667980309735,45.406400637503076,16.0],[11.872711403514632,45.406400174191965,16.0],[11.8727139172319,45.406336382324135,16.0]]]}},{"type":"Feature","id":"UN_VOL:46916","properties":{"OBJECTID":46916,"UN_VOL_POR":"01","UN_VOL_STA":"","UN_VOL_QGR":28.3,"UN_VOL_QCO":0.0,"UN_VOL_AV":12.33,"UN_VOL_INH":0.0,"Shape_Leng":28.7664470193,"Shape_Area":27.7866548952},"geometry":{"type":"Polygon","coordinates":[[[11.874014455001944,45.40634791737499,16.0],[11.874005785119431,45.406328153158974,16.0],[11.873858274072694,45.4063523914704,16.0],[11.873861492826354,45.40637301336914,16.0],[11.874012308542888,45.40634842167453,16.0],[11.874014455001944,45.40634791737499,16.0]]]}},{"type":"Feature","id":"UN_VOL:46919","properties":{"OBJECTID":46919,"UN_VOL_POR":"01","UN_VOL_STA":"","UN_VOL_QGR":24.76,"UN_VOL_QCO":0.0,"UN_VOL_AV":9.05,"UN_VOL_INH":0.0,"Shape_Leng":31.997127844,"Shape_Area":51.38701029},"geometry":{"type":"Polygon","coordinates":[[[11.872996649495152,45.40634033514358,16.0],[11.872946266497577,45.40633962349096,16.0],[11.872947594780438,45.40638342607891,16.0],[11.872935092092606,45.40638383092858,16.0],[11.87293550822812,45.40641721495188,16.0],[11.872938111669802,45.406438302603384,16.0],[11.873005186098023,45.40643805370019,16.0],[11.872996649495152,45.40634033514358,16.0]]]}},{"type":"Feature","id":"UN_VOL:46920","properties":{"OBJECTID":46920,"UN_VOL_POR":"01","UN_VOL_STA":"","UN_VOL_QGR":22.86,"UN_VOL_QCO":0.0,"UN_VOL_AV":7.15,"UN_VOL_INH":0.0,"Shape_Leng":25.1009248675,"Shape_Area":18.3709575578},"geometry":{"type":"Polygon","coordinates":[[[11.872996649495152,45.40634033514358,16.0],[11.873005186098023,45.40643805370019,16.0],[11.873026900001971,45.40643786714282,16.0],[11.873018263604482,45.406340690991634,16.0],[11.872996649495152,45.40634033514358,16.0]]]}},{"type":"Feature","id":"UN_VOL:46927","properties":{"OBJECTID":46927,"UN_VOL_POR":"01","UN_VOL_STA":"","UN_VOL_QGR":37.18,"UN_VOL_QCO":0.0,"UN_VOL_AV":20.72,"UN_VOL_INH":0.0,"Shape_Leng":48.828534673,"Shape_Area":37.9719864075},"geometry":{"type":"Polygon","coordinates":[[[11.877369594714066,45.406366062362274,16.0],[11.877361931256878,45.40635104355367,16.0],[11.877358900264204,45.40635174992586,16.0],[11.877087949563839,45.40641871098255,16.0],[11.877094373128473,45.40643196091721,16.0],[11.877359243890902,45.40636857377603,16.0],[11.877369594714066,45.406366062362274,16.0]]]}},{"type":"Feature","id":"UN_VOL:46934","properties":{"OBJECTID":46934,"UN_VOL_POR":"01","UN_VOL_STA":"","UN_VOL_QGR":25.13,"UN_VOL_QCO":0.0,"UN_VOL_AV":8.52,"UN_VOL_INH":0.0,"Shape_Leng":18.1802129996,"Shape_Area":11.371841727},"geometry":{"type":"Polygon","coordinates":[[[11.875998029838708,45.406528549571476,17.0],[11.875993831345625,45.406518844193634,17.0],[11.875901854379642,45.40653952502279,17.0],[11.875906294686951,45.406551474699576,17.0],[11.87590701980814,45.40655316692247,17.0],[11.87599918308059,45.406531131080946,17.0],[11.875998029838708,45.406528549571476,17.0]]]}},{"type":"Feature","id":"UN_VOL:47626","properties":{"OBJECTID":47626,"UN_VOL_POR":"01","UN_VOL_STA":"","UN_VOL_QGR":28.53,"UN_VOL_QCO":0.0,"UN_VOL_AV":11.72,"UN_VOL_INH":0.0,"Shape_Leng":21.5548812394,"Shape_Area":19.6344130401},"geometry":{"type":"Polygon","coordinates":[[[11.87639049330501,45.407195821399895,18.0],[11.876380803859421,45.40716105071158,18.0],[11.876351924818954,45.40716357887591,18.0],[11.876356589615996,45.40717993360878,18.0],[11.87630334349008,45.407185776647104,18.0],[11.87630680559215,45.40720864273028,18.0],[11.87639049330501,45.407195821399895,18.0]]]}},{"type":"Feature","id":"UN_VOL:47630","properties":{"OBJECTID":47630,"UN_VOL_POR":"01","UN_VOL_STA":"","UN_VOL_QGR":29.65,"UN_VOL_QCO":0.0,"UN_VOL_AV":12.22,"UN_VOL_INH":0.0,"Shape_Leng":49.7758187907,"Shape_Area":113.736550333},"geometry":{"type":"Polygon","coordinates":[[[11.8772426245669,45.40719179921657,17.0],[11.877208334595437,45.40710796220599,17.0],[11.877194674402908,45.407110736758234,17.0],[11.87716490259102,45.40703785727118,18.0],[11.877096877250796,45.407054604537684,18.0],[11.877159247723839,45.40721073417719,17.0],[11.8772426245669,45.40719179921657,17.0]]]}},{"type":"Feature","id":"UN_VOL:47631","properties":{"OBJECTID":47631,"UN_VOL_POR":"01","UN_VOL_STA":"","UN_VOL_QGR":29.84,"UN_VOL_QCO":0.0,"UN_VOL_AV":13.8,"UN_VOL_INH":0.0,"Shape_Leng":7.53081106487,"Shape_Area":2.77983842309},"geometry":{"type":"Polygon","coordinates":[[[11.870951763153181,45.40738968513923,16.0],[11.870949292444825,45.40738128602542,16.0],[11.87091477020986,45.40738593505167,16.0],[11.870917418175036,45.407395319831174,16.0],[11.870951763153181,45.40738968513923,16.0]]]}},{"type":"Feature","id":"UN_VOL:47636","properties":{"OBJECTID":47636,"UN_VOL_POR":"01","UN_VOL_STA":"","UN_VOL_QGR":33.99,"UN_VOL_QCO":0.0,"UN_VOL_AV":17.18,"UN_VOL_INH":0.0,"Shape_Leng":14.2945570925,"Shape_Area":9.44708694193},"geometry":{"type":"Polygon","coordinates":[[[11.875876465537878,45.40727493785598,17.0],[11.875876000318856,45.40727332912913,17.0],[11.875857166510917,45.407269843325864,17.0],[11.875860917552219,45.407318535434655,17.0],[11.875888794321359,45.40731891298472,17.0],[11.875876465537878,45.40727493785598,17.0]]]}},{"type":"Feature","id":"UN_VOL:47638","properties":{"OBJECTID":47638,"UN_VOL_POR":"01","UN_VOL_STA":"","UN_VOL_QGR":36.69,"UN_VOL_QCO":0.0,"UN_VOL_AV":19.7,"UN_VOL_INH":0.0,"Shape_Leng":33.5087434868,"Shape_Area":64.1317747254},"geometry":{"type":"Polygon","coordinates":[[[11.876005910392395,45.40725727315042,17.0],[11.875918471416608,45.407269198233934,17.0],[11.875876465537878,45.40727493785598,17.0],[11.875888794321359,45.40731891298472,17.0],[11.876028182183108,45.40732089057829,17.0],[11.876005910392395,45.40725727315042,17.0]]]}},{"type":"Feature","id":"UN_VOL:47642","properties":{"OBJECTID":47642,"UN_VOL_POR":"01","UN_VOL_STA":"","UN_VOL_QGR":38.85,"UN_VOL_QCO":0.0,"UN_VOL_AV":22.14,"UN_VOL_INH":0.0,"Shape_Leng":101.193825399,"Shape_Area":529.001201941},"geometry":{"type":"Polygon","coordinates":[[[11.875745471366152,45.40720172850301,17.0],[11.875304411534024,45.40717269819868,17.0],[11.875318753046562,45.40730915608175,17.0],[11.87577455917349,45.40733916459232,17.0],[11.875763296245756,45.40728598132322,17.0],[11.875745471366152,45.40720172850301,17.0]]]}},{"type":"Feature","id":"UN_VOL:47646","properties":{"OBJECTID":47646,"UN_VOL_POR":"01","UN_VOL_STA":"","UN_VOL_QGR":29.17,"UN_VOL_QCO":0.0,"UN_VOL_AV":11.56,"UN_VOL_INH":0.0,"Shape_Leng":61.4527835181,"Shape_Area":94.8851712121},"geometry":{"type":"Polygon","coordinates":[[[11.87678131239632,45.407282281966744,18.0],[11.87677355236473,45.40725781415014,18.0],[11.876850757736799,45.40723813538577,18.0],[11.876861811033262,45.40723686618236,18.0],[11.87684495117322,45.4071967858071,18.0],[11.87675955937973,45.40721631116927,18.0],[11.876772535349096,45.407255409697584,18.0],[11.876587799022811,45.40728644077646,18.0],[11.876601892608267,45.40733244202227,18.0],[11.87678131239632,45.407282281966744,18.0]]]}},{"type":"Feature","id":"UN_VOL:47647","properties":{"OBJECTID":47647,"UN_VOL_POR":"01","UN_VOL_STA":"","UN_VOL_QGR":29.17,"UN_VOL_QCO":0.0,"UN_VOL_AV":11.56,"UN_VOL_INH":0.0,"Shape_Leng":32.1952591697,"Shape_Area":14.0539920692},"geometry":{"type":"Polygon","coordinates":[[[11.87678131239632,45.407282281966744,18.0],[11.876601892608267,45.40733244202227,18.0],[11.87660386714518,45.40734112327302,18.0],[11.876774317501924,45.40729298990223,18.0],[11.87678389335103,45.40729031798736,18.0],[11.87678131239632,45.407282281966744,18.0]]]}},{"type":"Feature","id":"UN_VOL:47410","properties":{"OBJECTID":47410,"UN_VOL_POR":"01","UN_VOL_STA":"","UN_VOL_QGR":27.52,"UN_VOL_QCO":0.0,"UN_VOL_AV":12.53,"UN_VOL_INH":0.0,"Shape_Leng":39.8102450964,"Shape_Area":61.585096468},"geometry":{"type":"Polygon","coordinates":[[[11.873406582172484,45.405723417514956,13.0],[11.873357079183048,45.4057224141321,13.0],[11.873354743899851,45.4057821509785,15.0],[11.873352381937515,45.40586655235706,15.0],[11.873400153559272,45.405868679904444,15.0],[11.873406582172484,45.405723417514956,13.0]]]}},{"type":"Feature","id":"UN_VOL:47415","properties":{"OBJECTID":47415,"UN_VOL_POR":"01","UN_VOL_STA":"","UN_VOL_QGR":31.62,"UN_VOL_QCO":0.0,"UN_VOL_AV":15.79,"UN_VOL_INH":0.0,"Shape_Leng":18.2099396533,"Shape_Area":13.0962022389},"geometry":{"type":"Polygon","coordinates":[[[11.874082081121786,45.40588525968016,16.0],[11.873987336349163,45.40588161535297,16.0],[11.873987733619272,45.40589699750411,16.0],[11.874079228585007,45.40590207400213,16.0],[11.874082081121786,45.40588525968016,16.0]]]}},{"type":"Feature","id":"UN_VOL:47416","properties":{"OBJECTID":47416,"UN_VOL_POR":"01","UN_VOL_STA":"","UN_VOL_QGR":26.94,"UN_VOL_QCO":0.0,"UN_VOL_AV":11.16,"UN_VOL_INH":0.0,"Shape_Leng":38.80378443,"Shape_Area":26.8170019423},"geometry":{"type":"Polygon","coordinates":[[[11.876494442789427,45.405856334069796,16.0],[11.876442177836921,45.40572299269134,16.0],[11.87637858266784,45.40572882651953,16.0],[11.876453961039783,45.405778863413126,16.0],[11.87647086666235,45.4058299245131,16.0],[11.87648052751902,45.40585911496737,16.0],[11.876494442789427,45.405856334069796,16.0]]]}},{"type":"Feature","id":"UN_VOL:47418","properties":{"OBJECTID":47418,"UN_VOL_POR":"01","UN_VOL_STA":"","UN_VOL_QGR":25.72,"UN_VOL_QCO":0.0,"UN_VOL_AV":10.35,"UN_VOL_INH":0.0,"Shape_Leng":75.8545358019,"Shape_Area":332.580550048},"geometry":{"type":"Polygon","coordinates":[[[11.878050978346451,45.4057935899268,15.0],[11.87806969698414,45.40578978721012,15.0],[11.87806940052667,45.40578898465642,15.0],[11.878068087561545,45.40578577725859,15.0],[11.878019786402225,45.40566763873197,16.0],[11.877940650593581,45.40568448704438,15.0],[11.87789883802113,45.40569400294425,15.0],[11.877825837114427,45.40571087614402,15.0],[11.877745183409399,45.405728032355086,15.0],[11.877713580081483,45.405734770168245,15.0],[11.877725715108264,45.40575228675586,15.0],[11.87779097291523,45.4058470443761,15.0],[11.878050978346451,45.4057935899268,15.0]]]}},{"type":"Feature","id":"UN_VOL:47419","properties":{"OBJECTID":47419,"UN_VOL_POR":"01","UN_VOL_STA":"","UN_VOL_QGR":29.59,"UN_VOL_QCO":0.0,"UN_VOL_AV":14.44,"UN_VOL_INH":0.0,"Shape_Leng":75.2656607618,"Shape_Area":266.637791249},"geometry":{"type":"Polygon","coordinates":[[[11.877329699886708,45.40586011774266,14.0],[11.877500559610885,45.405812602891196,15.0],[11.877380534523915,45.40563335392057,15.0],[11.87737269072394,45.40563238189452,15.0],[11.877252850849638,45.40567302906343,15.0],[11.877297047520818,45.405745634836165,15.0],[11.877305525195117,45.40574146055346,15.0],[11.877325437162856,45.405771202463974,15.0],[11.877334148485257,45.40578421460154,15.0],[11.877328506143824,45.405786337526465,15.0],[11.87733506598692,45.40579472304346,15.0],[11.877287265678124,45.40581465115209,15.0],[11.877316733161118,45.405863954994494,14.0],[11.877329699886708,45.40586011774266,14.0]]]}},{"type":"Feature","id":"UN_VOL:47420","properties":{"OBJECTID":47420,"UN_VOL_POR":"01","UN_VOL_STA":"","UN_VOL_QGR":25.97,"UN_VOL_QCO":0.0,"UN_VOL_AV":11.09,"UN_VOL_INH":0.0,"Shape_Leng":76.5857730298,"Shape_Area":98.8355817274},"geometry":{"type":"Polygon","coordinates":[[[11.87104487391776,45.40587675105266,15.0],[11.871042335129486,45.40588968656062,15.0],[11.871253406386035,45.40591939031474,15.0],[11.871237874160519,45.40599611201633,15.0],[11.871194432469249,45.40599117398168,15.0],[11.871186588846669,45.406025486231655,15.0],[11.871284424086033,45.40603211554042,15.0],[11.871304768913886,45.40590666615927,15.0],[11.87104487391776,45.40587675105266,15.0]]]}},{"type":"Feature","id":"UN_VOL:47421","properties":{"OBJECTID":47421,"UN_VOL_POR":"01","UN_VOL_STA":"","UN_VOL_QGR":27.59,"UN_VOL_QCO":0.0,"UN_VOL_AV":12.3,"UN_VOL_INH":0.0,"Shape_Leng":56.5702504635,"Shape_Area":51.4844270843},"geometry":{"type":"Polygon","coordinates":[[[11.872745780227852,45.406035028033344,15.0],[11.872776865211558,45.406033165227484,16.0],[11.872802302511491,45.40603333481176,16.0],[11.872797663945587,45.40594946989004,15.0],[11.872587719106653,45.405952054969575,15.0],[11.87258970235943,45.40597855910364,15.0],[11.872611789955664,45.40597818273395,15.0],[11.872609911655966,45.40595626717591,15.0],[11.872740786696763,45.40595423246847,15.0],[11.872745780227852,45.406035028033344,15.0]]]}},{"type":"Feature","id":"UN_VOL:47424","properties":{"OBJECTID":47424,"UN_VOL_POR":"01","UN_VOL_STA":"","UN_VOL_QGR":25.81,"UN_VOL_QCO":0.0,"UN_VOL_AV":9.56,"UN_VOL_INH":0.0,"Shape_Leng":12.2476252202,"Shape_Area":6.09786229865},"geometry":{"type":"Polygon","coordinates":[[[11.874297952876987,45.40656580785481,17.0],[11.874301327300905,45.40658444556905,17.0],[11.874306424434963,45.40660934043425,17.0],[11.874322691735456,45.40660758072443,17.0],[11.87431294855989,45.40656416983633,17.0],[11.874297952876987,45.40656580785481,17.0]]]}},{"type":"Feature","id":"UN_VOL:47426","properties":{"OBJECTID":47426,"UN_VOL_POR":"01","UN_VOL_STA":"","UN_VOL_QGR":30.5,"UN_VOL_QCO":0.0,"UN_VOL_AV":14.25,"UN_VOL_INH":0.0,"Shape_Leng":8.9909113866,"Shape_Area":3.82994234561},"geometry":{"type":"Polygon","coordinates":[[[11.874542927013517,45.40661382403191,16.0],[11.874534018770564,45.40658434431534,16.0],[11.874519319502598,45.40658678492685,16.0],[11.874529243983782,45.40661614899591,16.0],[11.874542927013517,45.40661382403191,16.0]]]}},{"type":"Feature","id":"UN_VOL:47435","properties":{"OBJECTID":47435,"UN_VOL_POR":"01","UN_VOL_STA":"","UN_VOL_QGR":24.6,"UN_VOL_QCO":0.0,"UN_VOL_AV":7.94,"UN_VOL_INH":0.0,"Shape_Leng":11.8687413487,"Shape_Area":6.9749767541},"geometry":{"type":"Polygon","coordinates":[[[11.871926036339069,45.40678809599802,17.0],[11.871932576639084,45.40675327661424,17.0],[11.871910096579558,45.40675096210603,17.0],[11.871905111136277,45.40679123325904,17.0],[11.871914568603446,45.40678874482644,17.0],[11.871926036339069,45.40678809599802,17.0]]]}},{"type":"Feature","id":"UN_VOL:47720","properties":{"OBJECTID":47720,"UN_VOL_POR":"01","UN_VOL_STA":"","UN_VOL_QGR":26.89,"UN_VOL_QCO":0.0,"UN_VOL_AV":9.35,"UN_VOL_INH":0.0,"Shape_Leng":83.0866900564,"Shape_Area":239.480731616},"geometry":{"type":"Polygon","coordinates":[[[11.876764775423252,45.4076157453475,18.0],[11.876816181632933,45.40754099914869,18.0],[11.87686409289553,45.407558423829784,18.0],[11.876905906910029,45.40750363189104,18.0],[11.876855777706487,45.40750291556825,18.0],[11.876854488299838,45.407507718998986,18.0],[11.876807955189149,45.40750232115911,18.0],[11.876752995141487,45.40750460691775,18.0],[11.876756223051188,45.40751280672113,18.0],[11.876739463404233,45.40751745990899,18.0],[11.876713798260404,45.40756563375396,18.0],[11.876678313146174,45.407556356617214,18.0],[11.876639312548216,45.407621248931534,17.0],[11.876640294459747,45.40768585321341,17.0],[11.876642242834734,45.40770155643337,17.0],[11.876780842056123,45.40769554155308,18.0],[11.876812860083184,45.40763406575632,18.0],[11.876764775423252,45.4076157453475,18.0]]]}},{"type":"Feature","id":"UN_VOL:47724","properties":{"OBJECTID":47724,"UN_VOL_POR":"01","UN_VOL_STA":"","UN_VOL_QGR":21.51,"UN_VOL_QCO":0.0,"UN_VOL_AV":6.42,"UN_VOL_INH":0.0,"Shape_Leng":22.436325654,"Shape_Area":5.83289812269},"geometry":{"type":"Polygon","coordinates":[[[11.87089352299853,45.40787919867624,15.0],[11.87086587769736,45.40778511084604,15.0],[11.870858648652037,45.40778619281098,15.0],[11.870887045751061,45.40787999158674,15.0],[11.87089352299853,45.40787919867624,15.0]]]}},{"type":"Feature","id":"UN_VOL:47733","properties":{"OBJECTID":47733,"UN_VOL_POR":"01","UN_VOL_STA":"","UN_VOL_QGR":35.52,"UN_VOL_QCO":0.0,"UN_VOL_AV":18.97,"UN_VOL_INH":0.0,"Shape_Leng":16.5068416858,"Shape_Area":15.2110333105},"geometry":{"type":"Polygon","coordinates":[[[11.873723884218984,45.40788391990003,17.0],[11.873719196935427,45.40785703405112,17.0],[11.873649673753432,45.4078694962955,17.0],[11.87365720960798,45.40789207976597,17.0],[11.873723884218984,45.40788391990003,17.0]]]}},{"type":"Feature","id":"UN_VOL:47734","properties":{"OBJECTID":47734,"UN_VOL_POR":"01","UN_VOL_STA":"","UN_VOL_QGR":33.93,"UN_VOL_QCO":0.0,"UN_VOL_AV":16.57,"UN_VOL_INH":0.0,"Shape_Leng":39.6016302916,"Shape_Area":43.08864407},"geometry":{"type":"Polygon","coordinates":[[[11.87621084331277,45.407832598611144,17.0],[11.876207397196202,45.40782512427759,17.0],[11.876197768103136,45.40780412414636,17.0],[11.876242850476093,45.4077910157935,18.0],[11.876222417475399,45.40774850486947,18.0],[11.876150224367702,45.40776373656615,17.0],[11.876127192879018,45.407720391046794,17.0],[11.876174707390987,45.40783314931474,17.0],[11.876176891378114,45.40783840507398,17.0],[11.87621084331277,45.407832598611144,17.0]]]}},{"type":"Feature","id":"UN_VOL:47738","properties":{"OBJECTID":47738,"UN_VOL_POR":"01","UN_VOL_STA":"","UN_VOL_QGR":28.47,"UN_VOL_QCO":0.0,"UN_VOL_AV":12.37,"UN_VOL_INH":0.0,"Shape_Leng":33.4173420329,"Shape_Area":36.7139617499},"geometry":{"type":"Polygon","coordinates":[[[11.874221302974487,45.40789029340371,17.0],[11.874216753076313,45.40780318581211,17.0],[11.874186378584332,45.407806471472135,17.0],[11.874147603780376,45.407810418567315,17.0],[11.87412929448399,45.40781223007804,17.0],[11.874129125838477,45.40781394443545,17.0],[11.874149865055086,45.407814682293754,17.0],[11.87417483351879,45.40781567341249,17.0],[11.87417445812378,45.407861139344895,17.0],[11.874174249511153,45.40787464655038,17.0],[11.874174127816174,45.40789490234682,17.0],[11.874192273059004,45.40789489511752,17.0],[11.874221535733092,45.40789487836743,17.0],[11.874221302974487,45.40789029340371,17.0]]]}},{"type":"Feature","id":"UN_VOL:47747","properties":{"OBJECTID":47747,"UN_VOL_POR":"01","UN_VOL_STA":"","UN_VOL_QGR":26.18,"UN_VOL_QCO":0.0,"UN_VOL_AV":9.94,"UN_VOL_INH":0.0,"Shape_Leng":61.5366164153,"Shape_Area":108.69627772},"geometry":{"type":"Polygon","coordinates":[[[11.875044654677696,45.407852807696635,16.0],[11.874800357769416,45.407850952004615,16.0],[11.874793233609116,45.40791450065844,16.0],[11.874867716577983,45.40791415404665,16.0],[11.874875993763705,45.407913585309544,16.0],[11.87487820597621,45.40787410428086,16.0],[11.874944393311704,45.407871446493225,16.0],[11.87494563123392,45.40791093063906,16.0],[11.87497766964793,45.40791021342857,16.0],[11.874978358381137,45.40791370673005,16.0],[11.875044308811912,45.40791393518135,16.0],[11.875044654677696,45.407852807696635,16.0]]]}},{"type":"Feature","id":"UN_VOL:47748","properties":{"OBJECTID":47748,"UN_VOL_POR":"01","UN_VOL_STA":"","UN_VOL_QGR":33.75,"UN_VOL_QCO":0.0,"UN_VOL_AV":16.93,"UN_VOL_INH":0.0,"Shape_Leng":14.1658650793,"Shape_Area":12.2671505162},"geometry":{"type":"Polygon","coordinates":[[[11.873307519679573,45.40795885450489,17.0],[11.873297554617777,45.40793372160645,17.0],[11.873246906017371,45.4079429184137,17.0],[11.873258630610785,45.407969986868636,17.0],[11.873307519679573,45.40795885450489,17.0]]]}},{"type":"Feature","id":"UN_VOL:47750","properties":{"OBJECTID":47750,"UN_VOL_POR":"01","UN_VOL_STA":"","UN_VOL_QGR":29.95,"UN_VOL_QCO":0.0,"UN_VOL_AV":13.93,"UN_VOL_INH":0.0,"Shape_Leng":20.4404038432,"Shape_Area":12.3610020057},"geometry":{"type":"Polygon","coordinates":[[[11.87354209535298,45.407970589716214,16.0],[11.873498266304889,45.40789761306286,16.0],[11.873481169323497,45.40790065381422,16.0],[11.87352398208042,45.40797374611512,16.0],[11.87354209535298,45.407970589716214,16.0]]]}},{"type":"Feature","id":"UN_VOL:47752","properties":{"OBJECTID":47752,"UN_VOL_POR":"01","UN_VOL_STA":"","UN_VOL_QGR":33.49,"UN_VOL_QCO":0.0,"UN_VOL_AV":16.7,"UN_VOL_INH":0.0,"Shape_Leng":18.39102763,"Shape_Area":6.31232099236},"geometry":{"type":"Polygon","coordinates":[[[11.873153927692025,45.40796659261135,17.0],[11.873151288527701,45.407959908286934,17.0],[11.873048847338234,45.40798346049236,17.0],[11.873051085235987,45.407989795125594,17.0],[11.873153927692025,45.40796659261135,17.0]]]}},{"type":"Feature","id":"UN_VOL:47759","properties":{"OBJECTID":47759,"UN_VOL_POR":"01","UN_VOL_STA":"","UN_VOL_QGR":25.03,"UN_VOL_QCO":0.0,"UN_VOL_AV":8.15,"UN_VOL_INH":0.0,"Shape_Leng":10.0435543085,"Shape_Area":2.31239295956},"geometry":{"type":"Polygon","coordinates":[[[11.876024894572435,45.407930358668736,17.0],[11.876033448961946,45.40797046841547,17.0],[11.876040440842331,45.40796975228738,17.0],[11.87603086961052,45.40792975782858,17.0],[11.876024894572435,45.407930358668736,17.0]]]}},{"type":"Feature","id":"UN_VOL:47760","properties":{"OBJECTID":47760,"UN_VOL_POR":"01","UN_VOL_STA":"","UN_VOL_QGR":26.84,"UN_VOL_QCO":0.0,"UN_VOL_AV":9.93,"UN_VOL_INH":0.0,"Shape_Leng":37.8285455281,"Shape_Area":69.6431035938},"geometry":{"type":"Polygon","coordinates":[[[11.874234097375751,45.40795856064586,17.0],[11.874193279932825,45.40795499839932,17.0],[11.874169687318636,45.40795343234684,17.0],[11.874165690673088,45.407967845002354,17.0],[11.874144550787308,45.407969277582815,17.0],[11.874115142063674,45.40796641805407,17.0],[11.87411439970682,45.40797444779889,17.0],[11.87408071095319,45.40797034575932,17.0],[11.874073484067859,45.40800923310106,17.0],[11.874119757459232,45.40801454816278,17.0],[11.87417781785215,45.408015426092625,17.0],[11.874235390911162,45.408016766113036,17.0],[11.874234097375751,45.40795856064586,17.0]]]}},{"type":"Feature","id":"UN_VOL:47761","properties":{"OBJECTID":47761,"UN_VOL_POR":"01","UN_VOL_STA":"","UN_VOL_QGR":30.61,"UN_VOL_QCO":0.0,"UN_VOL_AV":13.9,"UN_VOL_INH":0.0,"Shape_Leng":73.27295677,"Shape_Area":135.839717466},"geometry":{"type":"Polygon","coordinates":[[[11.874436416893772,45.40798181821858,16.0],[11.874439563278685,45.407935562494956,17.0],[11.874462617801315,45.40793660176653,17.0],[11.874462657357748,45.40791724811722,16.0],[11.874454348205148,45.4079171873021,16.0],[11.87444965810467,45.40784997618587,16.0],[11.874418791046041,45.40785111397332,17.0],[11.874381675305083,45.407852498822926,17.0],[11.87438425119444,45.40786800617964,17.0],[11.874415519546279,45.40786721847943,17.0],[11.87441869003987,45.407909534663766,17.0],[11.8744239138593,45.40790922297277,17.0],[11.874424152258914,45.40793658066542,17.0],[11.874350763536642,45.407935819250284,17.0],[11.874350615767922,45.40790773890007,17.0],[11.874303357791545,45.407908209389994,17.0],[11.874301228571653,45.407964430782094,17.0],[11.874302412537984,45.408017958524766,17.0],[11.87439532814163,45.40801570791927,17.0],[11.874426017522048,45.40801610462997,17.0],[11.874436416893772,45.40798181821858,16.0]]]}},{"type":"Feature","id":"UN_VOL:47764","properties":{"OBJECTID":47764,"UN_VOL_POR":"01","UN_VOL_STA":"","UN_VOL_QGR":21.91,"UN_VOL_QCO":0.0,"UN_VOL_AV":4.92,"UN_VOL_INH":0.0,"Shape_Leng":80.3452104961,"Shape_Area":141.065841451},"geometry":{"type":"Polygon","coordinates":[[[11.876024894572435,45.407930358668736,17.0],[11.876021865776249,45.40790847178218,17.0],[11.875727368755832,45.407934707210444,17.0],[11.875725056946061,45.4079269341338,17.0],[11.875660844248667,45.40793323335757,17.0],[11.875657918003458,45.40793348720032,17.0],[11.875661442384201,45.40794500973427,17.0],[11.875609831819009,45.40795036099351,17.0],[11.875630927239731,45.40800842757851,17.0],[11.87578031148171,45.40799584156,17.0],[11.875770854396542,45.407955574062214,17.0],[11.875836558111157,45.407948427555084,17.0],[11.875920866961943,45.40794027178914,17.0],[11.876024894572435,45.407930358668736,17.0]]]}},{"type":"Feature","id":"UN_VOL:47765","properties":{"OBJECTID":47765,"UN_VOL_POR":"01","UN_VOL_STA":"","UN_VOL_QGR":24.52,"UN_VOL_QCO":0.0,"UN_VOL_AV":8.28,"UN_VOL_INH":0.0,"Shape_Leng":12.6835394709,"Shape_Area":4.37670551883},"geometry":{"type":"Polygon","coordinates":[[[11.875444618733386,45.40797081723334,16.0],[11.87544247134142,45.408019118105486,16.0],[11.875446701159444,45.408019371308086,16.0],[11.875463228888421,45.40802021506011,16.0],[11.875444618733386,45.40797081723334,16.0]]]}},{"type":"Feature","id":"UN_VOL:47766","properties":{"OBJECTID":47766,"UN_VOL_POR":"03","UN_VOL_STA":"","UN_VOL_QGR":24.96,"UN_VOL_QCO":0.0,"UN_VOL_AV":8.76,"UN_VOL_INH":3.67,"Shape_Leng":30.7079164483,"Shape_Area":30.9609416995},"geometry":{"type":"Polygon","coordinates":[[[11.875449184859878,45.407909763487524,16.0],[11.875435583807459,45.40790614574502,16.0],[11.87542484941948,45.40790614611825,16.0],[11.875428351587617,45.40792730071715,16.0],[11.875442681019738,45.407965375160295,16.0],[11.875444618733386,45.40797081723334,16.0],[11.875463228888421,45.40802021506011,16.0],[11.87549551318617,45.40802183194434,16.0],[11.875453975604236,45.40791099306872,16.0],[11.875449184859878,45.407909763487524,16.0]]]}},{"type":"Feature","id":"UN_VOL:47768","properties":{"OBJECTID":47768,"UN_VOL_POR":"01","UN_VOL_STA":"","UN_VOL_QGR":29.18,"UN_VOL_QCO":0.0,"UN_VOL_AV":12.52,"UN_VOL_INH":0.0,"Shape_Leng":10.0565070259,"Shape_Area":2.31773702781},"geometry":{"type":"Polygon","coordinates":[[[11.87435929956481,45.40806117153732,17.0],[11.874302437735867,45.408058733491494,17.0],[11.874300596992025,45.4080652608909,17.0],[11.874358670986433,45.40806388760612,17.0],[11.87435929956481,45.40806117153732,17.0]]]}},{"type":"Feature","id":"UN_VOL:47771","properties":{"OBJECTID":47771,"UN_VOL_POR":"01","UN_VOL_STA":"","UN_VOL_QGR":27.3,"UN_VOL_QCO":0.0,"UN_VOL_AV":11.1,"UN_VOL_INH":0.0,"Shape_Leng":18.2806845252,"Shape_Area":16.563360223},"geometry":{"type":"Polygon","coordinates":[[[11.875463228888421,45.40802021506011,16.0],[11.875446701159444,45.408019371308086,16.0],[11.875435565644214,45.40807437971702,16.0],[11.875487021928658,45.40807857348595,16.0],[11.875466333540405,45.408028508052496,16.0],[11.875463228888421,45.40802021506011,16.0]]]}},{"type":"Feature","id":"UN_VOL:47776","properties":{"OBJECTID":47776,"UN_VOL_POR":"01","UN_VOL_STA":"","UN_VOL_QGR":26.1,"UN_VOL_QCO":0.0,"UN_VOL_AV":9.9,"UN_VOL_INH":0.0,"Shape_Leng":22.7600937445,"Shape_Area":23.9420705038},"geometry":{"type":"Polygon","coordinates":[[[11.874931212924682,45.40813281486841,16.0],[11.874935589446055,45.40808562805915,16.0],[11.874900283154862,45.40808489757957,16.0],[11.87489977413456,45.40810507308846,16.0],[11.874857716330073,45.40810226231661,16.0],[11.874851760886116,45.40812842575332,16.0],[11.874931212924682,45.40813281486841,16.0]]]}},{"type":"Feature","id":"UN_VOL:47779","properties":{"OBJECTID":47779,"UN_VOL_POR":"03","UN_VOL_STA":"","UN_VOL_QGR":26.12,"UN_VOL_QCO":0.0,"UN_VOL_AV":10.07,"UN_VOL_INH":3.77,"Shape_Leng":15.3244386639,"Shape_Area":12.1633419333},"geometry":{"type":"Polygon","coordinates":[[[11.875487021928658,45.40807857348595,16.0],[11.875490240578698,45.40808659385419,16.0],[11.875505098313022,45.40812249424182,16.0],[11.8755380626795,45.40812490400658,16.0],[11.875520004539133,45.40808134298332,16.0],[11.875487021928658,45.40807857348595,16.0]]]}},{"type":"Feature","id":"UN_VOL:47787","properties":{"OBJECTID":47787,"UN_VOL_POR":"01","UN_VOL_STA":"","UN_VOL_QGR":25.42,"UN_VOL_QCO":0.0,"UN_VOL_AV":10.39,"UN_VOL_INH":0.0,"Shape_Leng":16.7293233122,"Shape_Area":11.3781478172},"geometry":{"type":"Polygon","coordinates":[[[11.87105888711045,45.40827496369901,15.0],[11.871035686121388,45.408218119468096,15.0],[11.871024737329163,45.40821893485293,15.0],[11.87101509720421,45.408220347635634,15.0],[11.87103672556611,45.408278941550606,15.0],[11.87105888711045,45.40827496369901,15.0]]]}},{"type":"Feature","id":"UN_VOL:47788","properties":{"OBJECTID":47788,"UN_VOL_POR":"03","UN_VOL_STA":"","UN_VOL_QGR":28.28,"UN_VOL_QCO":0.0,"UN_VOL_AV":12.3,"UN_VOL_INH":2.67,"Shape_Leng":16.1972625506,"Shape_Area":13.3160277015},"geometry":{"type":"Polygon","coordinates":[[[11.8755380626795,45.40812490400658,16.0],[11.875505098313022,45.40812249424182,16.0],[11.87550829869831,45.40813015488266,16.0],[11.875520627258924,45.40817160991137,16.0],[11.875552411169277,45.408173419093664,16.0],[11.8755380626795,45.40812490400658,16.0]]]}},{"type":"Feature","id":"UN_VOL:47797","properties":{"OBJECTID":47797,"UN_VOL_POR":"03","UN_VOL_STA":"","UN_VOL_QGR":28.62,"UN_VOL_QCO":0.0,"UN_VOL_AV":12.59,"UN_VOL_INH":2.83,"Shape_Leng":24.4664202426,"Shape_Area":23.3920604132},"geometry":{"type":"Polygon","coordinates":[[[11.875552411169277,45.408173419093664,16.0],[11.875520627258924,45.40817160991137,16.0],[11.875522346160896,45.40817777748177,16.0],[11.87554608718298,45.408257740246874,16.0],[11.875577710961664,45.408258923520016,16.0],[11.875552411169277,45.408173419093664,16.0]]]}},{"type":"Feature","id":"UN_VOL:47803","properties":{"OBJECTID":47803,"UN_VOL_POR":"01","UN_VOL_STA":"","UN_VOL_QGR":27.73,"UN_VOL_QCO":0.0,"UN_VOL_AV":11.59,"UN_VOL_INH":0.0,"Shape_Leng":16.2187236948,"Shape_Area":16.3223795072},"geometry":{"type":"Polygon","coordinates":[[[11.876755330090756,45.4082799163755,17.0],[11.87674071361108,45.40824878059961,17.0],[11.876689268099186,45.408259888841464,17.0],[11.876701332410251,45.40829360949902,17.0],[11.876755330090756,45.4082799163755,17.0]]]}},{"type":"Feature","id":"UN_VOL:47804","properties":{"OBJECTID":47804,"UN_VOL_POR":"03","UN_VOL_STA":"","UN_VOL_QGR":29.56,"UN_VOL_QCO":0.0,"UN_VOL_AV":13.59,"UN_VOL_INH":2.83,"Shape_Leng":19.5345587675,"Shape_Area":17.5545588314},"geometry":{"type":"Polygon","coordinates":[[[11.875577710961664,45.408258923520016,16.0],[11.87554608718298,45.408257740246874,16.0],[11.875547929197232,45.40826381466739,16.0],[11.875558614064632,45.40832322379798,16.0],[11.875589695229223,45.40832379080496,16.0],[11.875578167046449,45.40826035238451,16.0],[11.875577710961664,45.408258923520016,16.0]]]}},{"type":"Feature","id":"UN_VOL:47807","properties":{"OBJECTID":47807,"UN_VOL_POR":"01","UN_VOL_STA":"","UN_VOL_QGR":25.97,"UN_VOL_QCO":0.0,"UN_VOL_AV":9.53,"UN_VOL_INH":0.0,"Shape_Leng":40.0490132532,"Shape_Area":77.1432197066},"geometry":{"type":"Polygon","coordinates":[[[11.876091699905533,45.408339852158946,16.0],[11.876083715384514,45.408210345122555,16.0],[11.8760721060512,45.40821072779812,16.0],[11.876016630007493,45.408212936160986,17.0],[11.876026096263828,45.40834897692981,16.0],[11.876091699905533,45.408339852158946,16.0]]]}},{"type":"Feature","id":"UN_VOL:47809","properties":{"OBJECTID":47809,"UN_VOL_POR":"01","UN_VOL_STA":"","UN_VOL_QGR":26.98,"UN_VOL_QCO":0.0,"UN_VOL_AV":9.56,"UN_VOL_INH":0.0,"Shape_Leng":128.022138512,"Shape_Area":259.208045156},"geometry":{"type":"Polygon","coordinates":[[[11.876513137028088,45.408319506897605,17.0],[11.876495710056092,45.40826071805921,17.0],[11.876488765722856,45.40823721978742,17.0],[11.87649902123519,45.408235341183584,17.0],[11.876500666183055,45.40823502957404,17.0],[11.876484909838192,45.4081965413936,17.0],[11.876561246877083,45.408184895373765,17.0],[11.876581330248358,45.408233086047225,17.0],[11.876648785585193,45.408237776409884,17.0],[11.876645633858486,45.40822102335767,17.0],[11.876645455941738,45.408220037718365,17.0],[11.876618084746928,45.408171761039725,17.0],[11.876605860318096,45.40817764979185,17.0],[11.876568061009147,45.408097681478964,18.0],[11.876668727825722,45.408076961125616,18.0],[11.876663834809,45.40805359124068,18.0],[11.876664489361302,45.40803629238244,18.0],[11.876636294160837,45.40804222398638,18.0],[11.876636198679828,45.40804537686164,18.0],[11.876603048485,45.40804936308234,18.0],[11.876606438985377,45.408085912612876,18.0],[11.87651259361939,45.40809250914729,17.0],[11.876530367239122,45.408153089401374,17.0],[11.87651817034751,45.40815447705973,17.0],[11.876524416933217,45.408176822701996,17.0],[11.876367625975014,45.40819454742492,17.0],[11.876392392694973,45.40831228938232,16.0],[11.876398148351377,45.4083400482648,16.0],[11.876513137028088,45.408319506897605,17.0]]]}},{"type":"Feature","id":"UN_VOL:47811","properties":{"OBJECTID":47811,"UN_VOL_POR":"03","UN_VOL_STA":"","UN_VOL_QGR":29.94,"UN_VOL_QCO":0.0,"UN_VOL_AV":14.09,"UN_VOL_INH":3.41,"Shape_Leng":16.8898392552,"Shape_Area":14.4525625079},"geometry":{"type":"Polygon","coordinates":[[[11.875589695229223,45.40832379080496,16.0],[11.875558614064632,45.40832322379798,16.0],[11.875559119821007,45.40832564153551,16.0],[11.875568099322956,45.40837663236398,16.0],[11.875599326994854,45.40837755547338,16.0],[11.875589695229223,45.40832379080496,16.0]]]}},{"type":"Feature","id":"UN_VOL:47814","properties":{"OBJECTID":47814,"UN_VOL_POR":"01","UN_VOL_STA":"","UN_VOL_QGR":26.27,"UN_VOL_QCO":0.0,"UN_VOL_AV":10.22,"UN_VOL_INH":0.0,"Shape_Leng":14.0997898554,"Shape_Area":8.1057807538},"geometry":{"type":"Polygon","coordinates":[[[11.874627791488571,45.408380973342936,16.0],[11.8746109403922,45.40837878730463,16.0],[11.874597843546963,45.408427904293134,16.0],[11.874617179241667,45.40843119756615,16.0],[11.874627791488571,45.408380973342936,16.0]]]}},{"type":"Feature","id":"UN_VOL:47819","properties":{"OBJECTID":47819,"UN_VOL_POR":"01","UN_VOL_STA":"","UN_VOL_QGR":23.85,"UN_VOL_QCO":0.0,"UN_VOL_AV":7.77,"UN_VOL_INH":0.0,"Shape_Leng":76.0292672486,"Shape_Area":269.147107063},"geometry":{"type":"Polygon","coordinates":[[[11.87401913177926,45.408431320998154,16.0],[11.873857448655059,45.40829479373246,16.0],[11.873855470840807,45.40829610342268,16.0],[11.873831138688136,45.40827493352436,16.0],[11.873721760952156,45.408325484847886,16.0],[11.873738212362943,45.408342442909245,16.0],[11.873691592998968,45.40836053960396,16.0],[11.87370832712918,45.40837803044003,16.0],[11.873740492683416,45.40836974917435,16.0],[11.873783373120213,45.408418986237244,16.0],[11.873790060467398,45.40842736913392,16.0],[11.87382157443802,45.40841631397556,16.0],[11.873862591645437,45.40847918993295,16.0],[11.873864232604399,45.40847878841515,16.0],[11.87401913177926,45.408431320998154,16.0]]]}},{"type":"Feature","id":"UN_VOL:47828","properties":{"OBJECTID":47828,"UN_VOL_POR":"01","UN_VOL_STA":"","UN_VOL_QGR":24.64,"UN_VOL_QCO":0.0,"UN_VOL_AV":8.8,"UN_VOL_INH":0.0,"Shape_Leng":20.8036150502,"Shape_Area":7.90860619775},"geometry":{"type":"Polygon","coordinates":[[[11.872641686559101,45.40851434454489,16.0],[11.87263460238006,45.408488059278866,16.0],[11.872606816287629,45.40849199933612,16.0],[11.872630138355449,45.40856630264511,16.0],[11.872621736006904,45.40851655732087,16.0],[11.872641686559101,45.40851434454489,16.0]]]}},{"type":"Feature","id":"UN_VOL:47830","properties":{"OBJECTID":47830,"UN_VOL_POR":"01","UN_VOL_STA":"","UN_VOL_QGR":26.04,"UN_VOL_QCO":0.0,"UN_VOL_AV":9.8,"UN_VOL_INH":0.0,"Shape_Leng":45.5027224193,"Shape_Area":126.505527644},"geometry":{"type":"Polygon","coordinates":[[[11.876095210765547,45.408396381648515,16.0],[11.876094197140555,45.40837894474966,16.0],[11.876028698286783,45.408387616646735,16.0],[11.875965487859554,45.40839605073203,16.0],[11.875979673506157,45.40850172813395,16.0],[11.8761019351073,45.408503597030325,16.0],[11.876095210765547,45.408396381648515,16.0]]]}},{"type":"Feature","id":"UN_VOL:47832","properties":{"OBJECTID":47832,"UN_VOL_POR":"01","UN_VOL_STA":"","UN_VOL_QGR":28.62,"UN_VOL_QCO":0.0,"UN_VOL_AV":13.16,"UN_VOL_INH":0.0,"Shape_Leng":50.0715073729,"Shape_Area":74.3310392631},"geometry":{"type":"Polygon","coordinates":[[[11.8751070916606,45.40849851489079,16.0],[11.875119654989236,45.40839864439382,16.0],[11.875125384870122,45.40834791321183,16.0],[11.875090064162588,45.40834691301401,16.0],[11.875089476858284,45.408352958608226,16.0],[11.875076304560753,45.408420709830395,16.0],[11.875069636303593,45.40842024791626,16.0],[11.875051959998888,45.408537709299594,16.0],[11.875100681857704,45.40854089236117,16.0],[11.8751070916606,45.40849851489079,16.0]]]}},{"type":"Feature","id":"UN_VOL:47833","properties":{"OBJECTID":47833,"UN_VOL_POR":"01","UN_VOL_STA":"","UN_VOL_QGR":30.99,"UN_VOL_QCO":0.0,"UN_VOL_AV":15.05,"UN_VOL_INH":0.0,"Shape_Leng":85.9129913843,"Shape_Area":148.064774975},"geometry":{"type":"Polygon","coordinates":[[[11.877720310127584,45.40847440363441,16.0],[11.877718682083366,45.40846751343169,16.0],[11.877801875658312,45.40846253487042,16.0],[11.877796434839684,45.40840578435986,16.0],[11.877908818344654,45.40840186966121,16.0],[11.877909048461849,45.40842148625909,16.0],[11.878017876783616,45.40841550116983,16.0],[11.878018109010867,45.408417565608595,16.0],[11.878064956852464,45.40841656364245,16.0],[11.878060316334821,45.40837806543754,16.0],[11.877657522801515,45.40840064646164,17.0],[11.877672104559556,45.40848138005996,16.0],[11.877720310127584,45.40847440363441,16.0]]]}},{"type":"Feature","id":"UN_VOL:47839","properties":{"OBJECTID":47839,"UN_VOL_POR":"03","UN_VOL_STA":"","UN_VOL_QGR":32.04,"UN_VOL_QCO":0.0,"UN_VOL_AV":16.39,"UN_VOL_INH":3.41,"Shape_Leng":55.2465588234,"Shape_Area":38.2833126073},"geometry":{"type":"Polygon","coordinates":[[[11.875599326994854,45.40837755547338,16.0],[11.875568099322956,45.40837663236398,16.0],[11.875569002519661,45.40838183036601,16.0],[11.875570380524707,45.40840393857004,16.0],[11.875571886778149,45.408426043931726,16.0],[11.875572808749686,45.408439162458755,16.0],[11.875567304685054,45.40856981910672,16.0],[11.875566067132578,45.40859325388204,16.0],[11.875596870972107,45.408595897782604,16.0],[11.87559788040631,45.4085704888963,16.0],[11.875584721178575,45.408570550395716,16.0],[11.875590333920009,45.408429449479584,16.0],[11.875589941418053,45.4084242386072,16.0],[11.875588220736743,45.40840042854057,16.0],[11.875588115719443,45.408398360890864,16.0],[11.875600745938948,45.40839795253609,16.0],[11.875599326994854,45.40837755547338,16.0]]]}},{"type":"Feature","id":"UN_VOL:47840","properties":{"OBJECTID":47840,"UN_VOL_POR":"03","UN_VOL_STA":"","UN_VOL_QGR":32.18,"UN_VOL_QCO":0.0,"UN_VOL_AV":16.5,"UN_VOL_INH":3.41,"Shape_Leng":5.94899972423,"Shape_Area":1.43606306906},"geometry":{"type":"Polygon","coordinates":[[[11.875596870972107,45.408595897782604,16.0],[11.875566067132578,45.40859325388204,16.0],[11.875565844078876,45.408598930111594,16.0],[11.87557830629319,45.40860023610252,16.0],[11.875596697984367,45.40860004273485,16.0],[11.875596870972107,45.408595897782604,16.0]]]}},{"type":"Feature","id":"UN_VOL:48713","properties":{"OBJECTID":48713,"UN_VOL_POR":"03","UN_VOL_STA":"","UN_VOL_QGR":27.07,"UN_VOL_QCO":0.0,"UN_VOL_AV":11.29,"UN_VOL_INH":4.0,"Shape_Leng":96.1085580073,"Shape_Area":159.965591817},"geometry":{"type":"Polygon","coordinates":[[[11.87328073699054,45.40874047779003,16.0],[11.87323455444156,45.40874200092702,16.0],[11.87324674954142,45.40879345085339,16.0],[11.87328651359276,45.40896005308582,16.0],[11.873287165172474,45.40896282695842,16.0],[11.873287653135742,45.40896488496683,16.0],[11.87332761299903,45.409132832172176,16.0],[11.873327945923652,45.409134354193725,16.0],[11.873328105529751,45.40913498011209,16.0],[11.873328123786658,45.40913533983943,16.0],[11.873329650784951,45.40913521133947,16.0],[11.87333143770001,45.40913516634096,16.0],[11.87337488580079,45.40913515238393,16.0],[11.87328316254956,45.40875049805108,16.0],[11.87328073699054,45.40874047779003,16.0]]]}},{"type":"Feature","id":"UN_VOL:48717","properties":{"OBJECTID":48717,"UN_VOL_POR":"03","UN_VOL_STA":"","UN_VOL_QGR":40.25,"UN_VOL_QCO":0.0,"UN_VOL_AV":24.64,"UN_VOL_INH":4.54,"Shape_Leng":44.0581285184,"Shape_Area":44.2414081124},"geometry":{"type":"Polygon","coordinates":[[[11.875964428556697,45.40914750219293,15.0],[11.875776596748368,45.40914539557693,16.0],[11.875777200231182,45.4091195466885,16.0],[11.87574881242477,45.409119181991215,16.0],[11.87574808726319,45.40916528667374,16.0],[11.875963787699632,45.40916759136974,16.0],[11.875964428556697,45.40914750219293,15.0]]]}},{"type":"Feature","id":"UN_VOL:48719","properties":{"OBJECTID":48719,"UN_VOL_POR":"03","UN_VOL_STA":"","UN_VOL_QGR":37.74,"UN_VOL_QCO":0.0,"UN_VOL_AV":22.13,"UN_VOL_INH":4.78,"Shape_Leng":45.922994741,"Shape_Area":90.6123605973},"geometry":{"type":"Polygon","coordinates":[[[11.876193422512975,45.40912471787884,16.0],[11.875965168766587,45.40912182995083,14.0],[11.87596480532441,45.40913228063901,15.0],[11.875964428556697,45.40914750219293,15.0],[11.875963787699632,45.40916759136974,16.0],[11.87618997140131,45.40916999120015,16.0],[11.876192656613936,45.40917001355987,16.0],[11.876193422512975,45.40912471787884,16.0]]]}},{"type":"Feature","id":"UN_VOL:48720","properties":{"OBJECTID":48720,"UN_VOL_POR":"03","UN_VOL_STA":"","UN_VOL_QGR":30.61,"UN_VOL_QCO":0.0,"UN_VOL_AV":14.71,"UN_VOL_INH":4.7,"Shape_Leng":19.2601311409,"Shape_Area":19.8869257806},"geometry":{"type":"Polygon","coordinates":[[[11.8774584560053,45.40910020381995,16.0],[11.87746045479106,45.40908170084184,16.0],[11.877421003949603,45.409079905054554,16.0],[11.87741803462779,45.40913965833639,16.0],[11.877456523238408,45.409140128078874,16.0],[11.8774584560053,45.40910020381995,16.0]]]}},{"type":"Feature","id":"UN_VOL:48721","properties":{"OBJECTID":48721,"UN_VOL_POR":"03","UN_VOL_STA":"","UN_VOL_QGR":37.65,"UN_VOL_QCO":0.0,"UN_VOL_AV":21.75,"UN_VOL_INH":4.72,"Shape_Leng":36.7405864294,"Shape_Area":36.4461463236},"geometry":{"type":"Polygon","coordinates":[[[11.876885398685934,45.40913958720878,16.0],[11.876815841087108,45.40913882083259,16.0],[11.876679534738809,45.40913721674739,16.0],[11.876679044638992,45.40915775197143,16.0],[11.876718810007729,45.40915818938413,16.0],[11.876816486410819,45.40915905728967,16.0],[11.876817128807525,45.40915913113981,16.0],[11.876884507373262,45.40915977275237,16.0],[11.876885398685934,45.40913958720878,16.0]]]}},{"type":"Feature","id":"UN_VOL:48725","properties":{"OBJECTID":48725,"UN_VOL_POR":"03","UN_VOL_STA":"","UN_VOL_QGR":30.07,"UN_VOL_QCO":0.0,"UN_VOL_AV":15.44,"UN_VOL_INH":3.7,"Shape_Leng":10.2340841952,"Shape_Area":6.35799442105},"geometry":{"type":"Polygon","coordinates":[[[11.875969809705929,45.408742760282266,16.0],[11.875932268397506,45.40873830566181,16.0],[11.875927848964745,45.40875695967326,15.0],[11.87596554022969,45.40876186035953,15.0],[11.875969809705929,45.408742760282266,16.0]]]}},{"type":"Feature","id":"UN_VOL:48727","properties":{"OBJECTID":48727,"UN_VOL_POR":"03","UN_VOL_STA":"","UN_VOL_QGR":31.96,"UN_VOL_QCO":0.0,"UN_VOL_AV":17.33,"UN_VOL_INH":3.7,"Shape_Leng":8.74012604589,"Shape_Area":4.09264134799},"geometry":{"type":"Polygon","coordinates":[[[11.87596554022969,45.40876186035953,15.0],[11.875927848964745,45.40875695967326,15.0],[11.875925014753872,45.40876909269992,15.0],[11.875962957381196,45.408773897394504,15.0],[11.87596554022969,45.40876186035953,15.0]]]}},{"type":"Feature","id":"UN_VOL:48728","properties":{"OBJECTID":48728,"UN_VOL_POR":"03","UN_VOL_STA":"","UN_VOL_QGR":25.37,"UN_VOL_QCO":0.0,"UN_VOL_AV":10.35,"UN_VOL_INH":4.9,"Shape_Leng":41.4756808643,"Shape_Area":55.6170186459},"geometry":{"type":"Polygon","coordinates":[[[11.871968670324526,45.40888062554601,15.0],[11.871961951180454,45.40885397086431,15.0],[11.871740609423187,45.40888150470652,15.0],[11.871748741485654,45.408910824464044,15.0],[11.871968670324526,45.40888062554601,15.0]]]}},{"type":"Feature","id":"UN_VOL:48731","properties":{"OBJECTID":48731,"UN_VOL_POR":"03","UN_VOL_STA":"","UN_VOL_QGR":32.75,"UN_VOL_QCO":0.0,"UN_VOL_AV":18.12,"UN_VOL_INH":3.7,"Shape_Leng":18.9206099107,"Shape_Area":19.5507516453},"geometry":{"type":"Polygon","coordinates":[[[11.875962957381196,45.408773897394504,15.0],[11.875925014753872,45.40876909269992,15.0],[11.875911656169203,45.40882559754094,14.0],[11.875950277180117,45.40883119478248,13.0],[11.875962957381196,45.408773897394504,15.0]]]}},{"type":"Feature","id":"UN_VOL:48733","properties":{"OBJECTID":48733,"UN_VOL_POR":"03","UN_VOL_STA":"","UN_VOL_QGR":23.98,"UN_VOL_QCO":0.0,"UN_VOL_AV":8.08,"UN_VOL_INH":4.25,"Shape_Leng":27.5671730365,"Shape_Area":34.5697368873},"geometry":{"type":"Polygon","coordinates":[[[11.874620175446628,45.40877461000293,16.0],[11.874578140653838,45.40877476892265,16.0],[11.87458137891949,45.40886875035907,16.0],[11.874587901306505,45.408868856179375,16.0],[11.87462357342102,45.40886921774195,16.0],[11.874620175446628,45.40877461000293,16.0]]]}},{"type":"Feature","id":"UN_VOL:48735","properties":{"OBJECTID":48735,"UN_VOL_POR":"03","UN_VOL_STA":"","UN_VOL_QGR":27.07,"UN_VOL_QCO":0.0,"UN_VOL_AV":10.56,"UN_VOL_INH":3.57,"Shape_Leng":37.7006343872,"Shape_Area":56.2986151687},"geometry":{"type":"Polygon","coordinates":[[[11.877230831992534,45.4086721733986,17.0],[11.877197065454316,45.40867158450739,17.0],[11.877182625448471,45.40867158844086,17.0],[11.87719411377127,45.40880460735163,16.0],[11.877216344052895,45.40880701755169,16.0],[11.877241915042953,45.40880979296059,16.0],[11.877230831992534,45.4086721733986,17.0]]]}},{"type":"Feature","id":"UN_VOL:48738","properties":{"OBJECTID":48738,"UN_VOL_POR":"03","UN_VOL_STA":"","UN_VOL_QGR":23.38,"UN_VOL_QCO":0.0,"UN_VOL_AV":7.43,"UN_VOL_INH":4.5,"Shape_Leng":48.6615417132,"Shape_Area":45.8227811061},"geometry":{"type":"Polygon","coordinates":[[[11.874283002560967,45.40869534199995,16.0],[11.874262750893774,45.40869414165053,16.0],[11.874249688207327,45.408776652227075,16.0],[11.874265384896372,45.40889957412787,16.0],[11.874282664677343,45.40890012896615,16.0],[11.874282665827097,45.40884981189028,16.0],[11.87428266296608,45.40879940486833,16.0],[11.874282660710962,45.408698680782884,16.0],[11.874283002560967,45.40869534199995,16.0]]]}},{"type":"Feature","id":"UN_VOL:48746","properties":{"OBJECTID":48746,"UN_VOL_POR":"03","UN_VOL_STA":"","UN_VOL_QGR":24.64,"UN_VOL_QCO":0.0,"UN_VOL_AV":7.61,"UN_VOL_INH":4.14,"Shape_Leng":49.6715722837,"Shape_Area":57.4792037101},"geometry":{"type":"Polygon","coordinates":[[[11.877570776657546,45.40865000869577,16.0],[11.877545369914321,45.40865298987338,16.0],[11.877537876969178,45.40865389882376,16.0],[11.877608984816865,45.408818448816454,16.0],[11.877620674850661,45.40884227717628,16.0],[11.877654473466215,45.40884349507055,16.0],[11.877618404018175,45.408759883174106,16.0],[11.877570776657546,45.40865000869577,16.0]]]}},{"type":"Feature","id":"UN_VOL:48759","properties":{"OBJECTID":48759,"UN_VOL_POR":"03","UN_VOL_STA":"","UN_VOL_QGR":27.43,"UN_VOL_QCO":0.0,"UN_VOL_AV":11.51,"UN_VOL_INH":4.55,"Shape_Leng":56.8391243603,"Shape_Area":92.0160608232},"geometry":{"type":"Polygon","coordinates":[[[11.8732268644568,45.4090311347947,16.0],[11.873226276125472,45.40902709906405,16.0],[11.873169668403762,45.40881312443351,16.0],[11.873122177160583,45.40881657068158,16.0],[11.873179109033304,45.409031887095225,16.0],[11.873179665433277,45.40903529369255,16.0],[11.8732268644568,45.4090311347947,16.0]]]}},{"type":"Feature","id":"UN_VOL:48762","properties":{"OBJECTID":48762,"UN_VOL_POR":"03","UN_VOL_STA":"","UN_VOL_QGR":75.34,"UN_VOL_QCO":0.0,"UN_VOL_AV":59.3,"UN_VOL_INH":4.75,"Shape_Leng":12.0115334676,"Shape_Area":7.62751901175},"geometry":{"type":"Polygon","coordinates":[[[11.874720158251494,45.40897443939686,15.0],[11.874697769061171,45.40897392330587,16.0],[11.874696875330892,45.40897394582271,16.0],[11.874695843338396,45.409011506904804,16.0],[11.874696609393423,45.409011487604644,16.0],[11.874719130840845,45.40901209041052,16.0],[11.874720158251494,45.40897443939686,15.0]]]}},{"type":"Feature","id":"UN_VOL:48875","properties":{"OBJECTID":48875,"UN_VOL_POR":"02","UN_VOL_STA":"","UN_VOL_QGR":23.75,"UN_VOL_QCO":0.0,"UN_VOL_AV":7.76,"UN_VOL_INH":5.7,"Shape_Leng":28.6442894529,"Shape_Area":18.0192169098},"geometry":{"type":"Polygon","coordinates":[[[11.874575319620266,45.40640867929209,16.0],[11.874551542641951,45.406292712131645,16.0],[11.874534523248482,45.40629728149292,16.0],[11.874536238094114,45.40630587966606,16.0],[11.874557812764671,45.406411190640576,16.0],[11.874575319620266,45.40640867929209,16.0]]]}},{"type":"Feature","id":"UN_VOL:48876","properties":{"OBJECTID":48876,"UN_VOL_POR":"02","UN_VOL_STA":"","UN_VOL_QGR":26.3,"UN_VOL_QCO":0.0,"UN_VOL_AV":10.03,"UN_VOL_INH":4.95,"Shape_Leng":24.1625587875,"Shape_Area":11.1130697264},"geometry":{"type":"Polygon","coordinates":[[[11.874541077839723,45.40650189488393,16.0],[11.874514626330098,45.406403727690105,16.0],[11.874502064432715,45.40640548412581,16.0],[11.874528361429686,45.40650311532412,16.0],[11.874541077839723,45.40650189488393,16.0]]]}},{"type":"Feature","id":"UN_VOL:49237","properties":{"OBJECTID":49237,"UN_VOL_POR":"03","UN_VOL_STA":"","UN_VOL_QGR":22.6,"UN_VOL_QCO":0.0,"UN_VOL_AV":7.31,"UN_VOL_INH":3.63,"Shape_Leng":15.4110942872,"Shape_Area":12.816821995},"geometry":{"type":"Polygon","coordinates":[[[11.873144618504302,45.40646109646638,16.0],[11.873139939752342,45.40641422777917,16.0],[11.873109064922433,45.406417705844966,16.0],[11.873113770457715,45.40646511375002,16.0],[11.873144618504302,45.40646109646638,16.0]]]}},{"type":"Feature","id":"UN_VOL:49238","properties":{"OBJECTID":49238,"UN_VOL_POR":"03","UN_VOL_STA":"","UN_VOL_QGR":31.83,"UN_VOL_QCO":0.0,"UN_VOL_AV":15.96,"UN_VOL_INH":3.57,"Shape_Leng":26.9589847749,"Shape_Area":37.4944145968},"geometry":{"type":"Polygon","coordinates":[[[11.875454314518286,45.40641047473155,17.0],[11.875464605535665,45.40640679477936,16.0],[11.875498630139685,45.406399906524534,16.0],[11.875460108597233,45.40631824591653,16.0],[11.87541273477921,45.40633150136475,16.0],[11.875450544879692,45.40641173994832,17.0],[11.875454314518286,45.40641047473155,17.0]]]}},{"type":"Feature","id":"UN_VOL:49243","properties":{"OBJECTID":49243,"UN_VOL_POR":"03","UN_VOL_STA":"","UN_VOL_QGR":31.24,"UN_VOL_QCO":0.0,"UN_VOL_AV":13.81,"UN_VOL_INH":5.6,"Shape_Leng":106.203789177,"Shape_Area":230.538224049},"geometry":{"type":"Polygon","coordinates":[[[11.87716490259102,45.40703785727118,18.0],[11.87714374334007,45.406986093509346,18.0],[11.877076223635791,45.40700273835668,18.0],[11.877026605632473,45.40687878192926,17.0],[11.87700533375654,45.40683989260523,17.0],[11.8769537890747,45.406849023219024,17.0],[11.876958480420699,45.40686087686762,17.0],[11.876970626306395,45.406891174837156,17.0],[11.877103409487217,45.407223393732494,17.0],[11.877159247723839,45.40721073417719,17.0],[11.877096877250796,45.407054604537684,18.0],[11.87716490259102,45.40703785727118,18.0]]]}},{"type":"Feature","id":"UN_VOL:49245","properties":{"OBJECTID":49245,"UN_VOL_POR":"03","UN_VOL_STA":"","UN_VOL_QGR":25.41,"UN_VOL_QCO":0.0,"UN_VOL_AV":9.29,"UN_VOL_INH":5.75,"Shape_Leng":20.5749692774,"Shape_Area":25.2391978692},"geometry":{"type":"Polygon","coordinates":[[[11.870949292444825,45.40738128602542,16.0],[11.87093945181337,45.40734597878804,16.0],[11.87086060270854,45.40735597374855,16.0],[11.870870193060796,45.40739137733667,16.0],[11.87091477020986,45.40738593505167,16.0],[11.870949292444825,45.40738128602542,16.0]]]}},{"type":"Feature","id":"UN_VOL:49250","properties":{"OBJECTID":49250,"UN_VOL_POR":"03","UN_VOL_STA":"","UN_VOL_QGR":27.86,"UN_VOL_QCO":0.0,"UN_VOL_AV":11.9,"UN_VOL_INH":6.4,"Shape_Leng":22.1535529782,"Shape_Area":24.5484508435},"geometry":{"type":"Polygon","coordinates":[[[11.874742141621953,45.40802821346999,16.0],[11.874703202268753,45.40802640424446,16.0],[11.874688143081176,45.408097263384775,16.0],[11.874727502014716,45.40809978202878,16.0],[11.874742141621953,45.40802821346999,16.0]]]}},{"type":"Feature","id":"UN_VOL:49255","properties":{"OBJECTID":49255,"UN_VOL_POR":"03","UN_VOL_STA":"","UN_VOL_QGR":27.32,"UN_VOL_QCO":0.0,"UN_VOL_AV":10.06,"UN_VOL_INH":3.6,"Shape_Leng":21.0606461883,"Shape_Area":23.1825523298},"geometry":{"type":"Polygon","coordinates":[[[11.87689714530123,45.40811584819747,17.0],[11.876891118540346,45.408105378920574,18.0],[11.876862219450537,45.40805471033981,17.0],[11.876824215217866,45.40806376963481,18.0],[11.876825058922005,45.408065278768134,18.0],[11.876859706544767,45.4081259734182,17.0],[11.87689714530123,45.40811584819747,17.0]]]}},{"type":"Feature","id":"UN_VOL:49732","properties":{"OBJECTID":49732,"UN_VOL_POR":"03","UN_VOL_STA":"","UN_VOL_QGR":25.39,"UN_VOL_QCO":0.0,"UN_VOL_AV":10.72,"UN_VOL_INH":5.86,"Shape_Leng":52.3415264085,"Shape_Area":75.9291512292},"geometry":{"type":"Polygon","coordinates":[[[11.870714218006631,45.40583232304218,15.0],[11.870714313713343,45.4058064869443,15.0],[11.870583853535255,45.4057940171973,15.0],[11.870429067771775,45.40577558817811,15.0],[11.8704232882107,45.40580525762323,15.0],[11.870577431149107,45.405823612775606,15.0],[11.870714309117622,45.40583664143766,15.0],[11.870714218006631,45.40583232304218,15.0]]]}},{"type":"Feature","id":"UN_VOL:49734","properties":{"OBJECTID":49734,"UN_VOL_POR":"03","UN_VOL_STA":"","UN_VOL_QGR":26.64,"UN_VOL_QCO":0.0,"UN_VOL_AV":11.16,"UN_VOL_INH":4.0,"Shape_Leng":25.7036114387,"Shape_Area":14.7565654697},"geometry":{"type":"Polygon","coordinates":[[[11.876149880454806,45.40570425755827,16.0],[11.876003203604556,45.40569706297725,16.0],[11.876004891057024,45.40571016221104,16.0],[11.87615269338153,45.40571435804466,16.0],[11.876149880454806,45.40570425755827,16.0]]]}},{"type":"Feature","id":"UN_VOL:49735","properties":{"OBJECTID":49735,"UN_VOL_POR":"03","UN_VOL_STA":"","UN_VOL_QGR":25.39,"UN_VOL_QCO":0.0,"UN_VOL_AV":10.72,"UN_VOL_INH":4.07,"Shape_Leng":37.8825781254,"Shape_Area":45.9065001426},"geometry":{"type":"Polygon","coordinates":[[[11.87091836536303,45.40584392913096,15.0],[11.870918533748398,45.40582961290837,15.0],[11.870918488252537,45.405823673302336,15.0],[11.870816337125284,45.40581508158081,15.0],[11.870714313713343,45.4058064869443,15.0],[11.870714218006631,45.40583232304218,15.0],[11.87091762206437,45.40584943873965,15.0],[11.87091836536303,45.40584392913096,15.0]]]}},{"type":"Feature","id":"UN_VOL:49737","properties":{"OBJECTID":49737,"UN_VOL_POR":"03","UN_VOL_STA":"","UN_VOL_QGR":22.33,"UN_VOL_QCO":0.0,"UN_VOL_AV":6.85,"UN_VOL_INH":4.03,"Shape_Leng":44.8469494573,"Shape_Area":35.7221150078},"geometry":{"type":"Polygon","coordinates":[[[11.875957895054338,45.405713237361866,16.0],[11.876001819007817,45.40571005994034,16.0],[11.876004891057024,45.40571016221104,16.0],[11.876003203604556,45.40569706297725,16.0],[11.876002701873572,45.40569473518619,16.0],[11.875958094484742,45.405697029755935,16.0],[11.875915656346454,45.40569926963245,16.0],[11.87590457134786,45.405699909215656,16.0],[11.87582442259736,45.40570940047928,16.0],[11.875756543252166,45.405718942252385,15.0],[11.8757370997039,45.405726093032136,15.0],[11.875744393548638,45.40573635073477,16.0],[11.875828384834183,45.405724512678795,16.0],[11.875907011273807,45.40571523987564,16.0],[11.875919509209437,45.405714744772816,16.0],[11.875957895054338,45.405713237361866,16.0]]]}},{"type":"Feature","id":"UN_VOL:49744","properties":{"OBJECTID":49744,"UN_VOL_POR":"03","UN_VOL_STA":"","UN_VOL_QGR":28.13,"UN_VOL_QCO":0.0,"UN_VOL_AV":11.96,"UN_VOL_INH":2.93,"Shape_Leng":35.672629103,"Shape_Area":39.8954633031},"geometry":{"type":"Polygon","coordinates":[[[11.875423940178782,45.40596837829221,16.0],[11.875411107788793,45.405944668142716,16.0],[11.875403669557539,45.40594917627721,16.0],[11.875389417734992,45.40595790666321,16.0],[11.87526521242354,45.406033406565264,16.0],[11.875264095922102,45.406034065027896,16.0],[11.875276426568272,45.40605544739981,16.0],[11.875304570816215,45.40604096608647,16.0],[11.875423940178782,45.40596837829221,16.0]]]}},{"type":"Feature","id":"UN_VOL:49745","properties":{"OBJECTID":49745,"UN_VOL_POR":"03","UN_VOL_STA":"","UN_VOL_QGR":26.48,"UN_VOL_QCO":0.0,"UN_VOL_AV":10.67,"UN_VOL_INH":3.2,"Shape_Leng":17.6427139407,"Shape_Area":14.681017066},"geometry":{"type":"Polygon","coordinates":[[[11.874708463173167,45.406051125596235,16.0],[11.87463458721735,45.406025622732045,16.0],[11.874628079863802,45.40604594975495,16.0],[11.874702749234931,45.406071972524806,15.0],[11.874708463173167,45.406051125596235,16.0]]]}},{"type":"Feature","id":"UN_VOL:49746","properties":{"OBJECTID":49746,"UN_VOL_POR":"03","UN_VOL_STA":"","UN_VOL_QGR":25.51,"UN_VOL_QCO":0.0,"UN_VOL_AV":10.22,"UN_VOL_INH":5.3,"Shape_Leng":15.4340331527,"Shape_Area":14.855677332},"geometry":{"type":"Polygon","coordinates":[[[11.872993484933934,45.4063056700113,16.0],[11.872945275794342,45.40630499327904,16.0],[11.872946266497577,45.40633962349096,16.0],[11.872996649495152,45.40634033514358,16.0],[11.872993484933934,45.4063056700113,16.0]]]}},{"type":"Feature","id":"UN_VOL:49747","properties":{"OBJECTID":49747,"UN_VOL_POR":"03","UN_VOL_STA":"","UN_VOL_QGR":23.82,"UN_VOL_QCO":0.0,"UN_VOL_AV":8.53,"UN_VOL_INH":5.08,"Shape_Leng":11.1187797346,"Shape_Area":6.53225345879},"geometry":{"type":"Polygon","coordinates":[[[11.873015226147317,45.40630602265954,16.0],[11.872993484933934,45.4063056700113,16.0],[11.872996649495152,45.40634033514358,16.0],[11.873018263604482,45.406340690991634,16.0],[11.873015226147317,45.40630602265954,16.0]]]}},{"type":"Feature","id":"UN_VOL:49748","properties":{"OBJECTID":49748,"UN_VOL_POR":"03","UN_VOL_STA":"","UN_VOL_QGR":34.68,"UN_VOL_QCO":0.0,"UN_VOL_AV":19.13,"UN_VOL_INH":4.61,"Shape_Leng":66.2311054558,"Shape_Area":108.742030989},"geometry":{"type":"Polygon","coordinates":[[[11.877729169133678,45.40626023087866,16.0],[11.877713896071885,45.40622875159158,15.0],[11.87735828052077,45.40631441055295,15.0],[11.877373804181897,45.40634579352101,16.0],[11.877729169133678,45.40626023087866,16.0]]]}},{"type":"Feature","id":"UN_VOL:49774","properties":{"OBJECTID":49774,"UN_VOL_POR":"03","UN_VOL_STA":"","UN_VOL_QGR":30.06,"UN_VOL_QCO":0.0,"UN_VOL_AV":14.42,"UN_VOL_INH":5.3,"Shape_Leng":60.8902638355,"Shape_Area":78.7000865867},"geometry":{"type":"Polygon","coordinates":[[[11.87525305627645,45.40671501832571,16.0],[11.87524321829716,45.40668988278079,16.0],[11.875242712734485,45.406689985567255,16.0],[11.87522336891823,45.4066940733235,16.0],[11.874903917163625,45.40676225095431,17.0],[11.874917628990179,45.406785668859484,17.0],[11.875226885471053,45.40672053838173,16.0],[11.87525305627645,45.40671501832571,16.0]]]}},{"type":"Feature","id":"UN_VOL:49778","properties":{"OBJECTID":49778,"UN_VOL_POR":"03","UN_VOL_STA":"","UN_VOL_QGR":26.07,"UN_VOL_QCO":0.0,"UN_VOL_AV":10.03,"UN_VOL_INH":4.85,"Shape_Leng":52.555260705,"Shape_Area":75.6596946704},"geometry":{"type":"Polygon","coordinates":[[[11.87282756076141,45.40684848277104,16.0],[11.872767816761467,45.40664313817112,16.0],[11.872725259851872,45.406653120756026,16.0],[11.872729521713953,45.406666605455015,16.0],[11.872788116214348,45.40685181632894,16.0],[11.87282756076141,45.40684848277104,16.0]]]}},{"type":"Feature","id":"UN_VOL:49779","properties":{"OBJECTID":49779,"UN_VOL_POR":"03","UN_VOL_STA":"","UN_VOL_QGR":25.42,"UN_VOL_QCO":0.0,"UN_VOL_AV":9.18,"UN_VOL_INH":3.56,"Shape_Leng":13.4828270548,"Shape_Area":9.20286559046},"geometry":{"type":"Polygon","coordinates":[[[11.874707412981635,45.4068005968008,17.0],[11.8746916079436,45.40675859893592,16.0],[11.874668193950688,45.406763059282945,17.0],[11.874684008104964,45.40680523701497,17.0],[11.874707412981635,45.4068005968008,17.0]]]}},{"type":"Feature","id":"UN_VOL:49858","properties":{"OBJECTID":49858,"UN_VOL_POR":"03","UN_VOL_STA":"","UN_VOL_QGR":34.17,"UN_VOL_QCO":0.0,"UN_VOL_AV":18.62,"UN_VOL_INH":6.28,"Shape_Leng":36.0096952091,"Shape_Area":72.3653004708},"geometry":{"type":"Polygon","coordinates":[[[11.877009471100454,45.40645858508782,17.0],[11.876993216506053,45.40641029793832,17.0],[11.876999182565617,45.40640699703897,17.0],[11.876993238196496,45.40639814575049,17.0],[11.876853879388209,45.406434424073495,17.0],[11.876854772757486,45.40643692207975,17.0],[11.876873556904116,45.40648721537749,17.0],[11.877009471100454,45.40645858508782,17.0]]]}},{"type":"Feature","id":"UN_VOL:49863","properties":{"OBJECTID":49863,"UN_VOL_POR":"03","UN_VOL_STA":"","UN_VOL_QGR":27.15,"UN_VOL_QCO":0.0,"UN_VOL_AV":10.89,"UN_VOL_INH":4.64,"Shape_Leng":10.502080049,"Shape_Area":6.47982230118},"geometry":{"type":"Polygon","coordinates":[[[11.874297952876987,45.40656580785481,17.0],[11.874292764364437,45.40653659460365,17.0],[11.87426838426215,45.406539638846546,17.0],[11.874272159830033,45.406568707987795,17.0],[11.874297952876987,45.40656580785481,17.0]]]}},{"type":"Feature","id":"UN_VOL:49864","properties":{"OBJECTID":49864,"UN_VOL_POR":"03","UN_VOL_STA":"","UN_VOL_QGR":26.75,"UN_VOL_QCO":0.0,"UN_VOL_AV":10.52,"UN_VOL_INH":5.76,"Shape_Leng":15.1128371151,"Shape_Area":10.7584227998},"geometry":{"type":"Polygon","coordinates":[[[11.874623611886841,45.406556973866564,16.0],[11.874609579205789,45.40650710038345,16.0],[11.874585878560032,45.40651093760784,16.0],[11.874599911221507,45.40656081109434,16.0],[11.874623611886841,45.406556973866564,16.0]]]}},{"type":"Feature","id":"UN_VOL:49869","properties":{"OBJECTID":49869,"UN_VOL_POR":"03","UN_VOL_STA":"","UN_VOL_QGR":28.69,"UN_VOL_QCO":0.0,"UN_VOL_AV":13.04,"UN_VOL_INH":5.3,"Shape_Leng":21.8220170791,"Shape_Area":20.32183051},"geometry":{"type":"Polygon","coordinates":[[[11.87547986365549,45.406543679400784,16.0],[11.875448011276518,45.406472562391464,16.0],[11.875447013133757,45.40647051724858,16.0],[11.875415818932543,45.40647778400453,16.0],[11.875453341359883,45.406549838694495,16.0],[11.87547986365549,45.406543679400784,16.0]]]}},{"type":"Feature","id":"UN_VOL:49870","properties":{"OBJECTID":49870,"UN_VOL_POR":"03","UN_VOL_STA":"","UN_VOL_QGR":24.53,"UN_VOL_QCO":0.0,"UN_VOL_AV":8.64,"UN_VOL_INH":5.28,"Shape_Leng":94.023767232,"Shape_Area":117.679172759},"geometry":{"type":"Polygon","coordinates":[[[11.872817925117774,45.40660065072414,16.0],[11.87292698630176,45.40657414136835,16.0],[11.872914232404497,45.40655447989989,16.0],[11.872727012753886,45.406596998904796,16.0],[11.872608817784258,45.40637548326868,16.0],[11.872576529505228,45.40638385735348,16.0],[11.872669316898127,45.40655794602584,16.0],[11.872703640033443,45.406622430918,16.0],[11.872706462003599,45.406627670682305,16.0],[11.872708736156621,45.406627163192475,16.0],[11.872817925117774,45.40660065072414,16.0]]]}},{"type":"Feature","id":"UN_VOL:49872","properties":{"OBJECTID":49872,"UN_VOL_POR":"03","UN_VOL_STA":"","UN_VOL_QGR":29.46,"UN_VOL_QCO":0.0,"UN_VOL_AV":12.35,"UN_VOL_INH":4.95,"Shape_Leng":21.7246153141,"Shape_Area":17.3730100681},"geometry":{"type":"Polygon","coordinates":[[[11.874561894389355,45.40657968154718,16.0],[11.874541077839723,45.40650189488393,16.0],[11.874528361429686,45.40650311532412,16.0],[11.874519965905515,45.406503867110914,16.0],[11.874534018770564,45.40658434431534,16.0],[11.874561894389355,45.40657968154718,16.0]]]}},{"type":"Feature","id":"UN_VOL:49877","properties":{"OBJECTID":49877,"UN_VOL_POR":"03","UN_VOL_STA":"","UN_VOL_QGR":28.89,"UN_VOL_QCO":0.0,"UN_VOL_AV":12.23,"UN_VOL_INH":5.21,"Shape_Leng":39.4994762398,"Shape_Area":50.2364928806},"geometry":{"type":"Polygon","coordinates":[[[11.876214360830055,45.40650824472944,17.0],[11.876200306449462,45.4064831255047,17.0],[11.876182238927324,45.40648718125173,17.0],[11.875998029838708,45.406528549571476,17.0],[11.87599918308059,45.406531131080946,17.0],[11.876009053141026,45.406554375549234,17.0],[11.876067047132306,45.40654139205027,17.0],[11.876209055699729,45.406509458630424,17.0],[11.876214360830055,45.40650824472944,17.0]]]}},{"type":"Feature","id":"UN_VOL:49880","properties":{"OBJECTID":49880,"UN_VOL_POR":"03","UN_VOL_STA":"","UN_VOL_QGR":25.25,"UN_VOL_QCO":0.0,"UN_VOL_AV":9.0,"UN_VOL_INH":4.64,"Shape_Leng":14.0949087814,"Shape_Area":10.4852971923},"geometry":{"type":"Polygon","coordinates":[[[11.874306424434963,45.40660934043425,17.0],[11.874301327300905,45.40658444556905,17.0],[11.874297952876987,45.40656580785481,17.0],[11.874272159830033,45.406568707987795,17.0],[11.874277837419402,45.40661258109116,17.0],[11.874306424434963,45.40660934043425,17.0]]]}},{"type":"Feature","id":"UN_VOL:49882","properties":{"OBJECTID":49882,"UN_VOL_POR":"03","UN_VOL_STA":"","UN_VOL_QGR":26.92,"UN_VOL_QCO":0.0,"UN_VOL_AV":10.26,"UN_VOL_INH":4.06,"Shape_Leng":20.732513125,"Shape_Area":20.6999608093},"geometry":{"type":"Polygon","coordinates":[[[11.875939997520394,45.40657096839131,17.0],[11.875991127508243,45.4065586978299,17.0],[11.876009053141026,45.406554375549234,17.0],[11.87599918308059,45.406531131080946,17.0],[11.87590701980814,45.40655316692247,17.0],[11.87591588217742,45.406576706937855,17.0],[11.875939997520394,45.40657096839131,17.0]]]}},{"type":"Feature","id":"UN_VOL:49883","properties":{"OBJECTID":49883,"UN_VOL_POR":"03","UN_VOL_STA":"","UN_VOL_QGR":30.05,"UN_VOL_QCO":0.0,"UN_VOL_AV":12.95,"UN_VOL_INH":13.5,"Shape_Leng":11.1240701573,"Shape_Area":7.40043410166},"geometry":{"type":"Polygon","coordinates":[[[11.874569918636942,45.40660936362578,16.0],[11.874561894389355,45.40657968154718,16.0],[11.874534018770564,45.40658434431534,16.0],[11.874542927013517,45.40661382403191,16.0],[11.874569918636942,45.40660936362578,16.0]]]}},{"type":"Feature","id":"UN_VOL:49888","properties":{"OBJECTID":49888,"UN_VOL_POR":"03","UN_VOL_STA":"","UN_VOL_QGR":26.1,"UN_VOL_QCO":0.0,"UN_VOL_AV":9.45,"UN_VOL_INH":3.26,"Shape_Leng":18.0068201957,"Shape_Area":17.706024493},"geometry":{"type":"Polygon","coordinates":[[[11.87591588217742,45.406576706937855,17.0],[11.87590701980814,45.40655316692247,17.0],[11.875906294686951,45.406551474699576,17.0],[11.875831222476023,45.40656785893553,17.0],[11.875842072935868,45.406592789207444,17.0],[11.87591588217742,45.406576706937855,17.0]]]}},{"type":"Feature","id":"UN_VOL:49901","properties":{"OBJECTID":49901,"UN_VOL_POR":"03","UN_VOL_STA":"","UN_VOL_QGR":32.32,"UN_VOL_QCO":0.0,"UN_VOL_AV":15.66,"UN_VOL_INH":6.7,"Shape_Leng":27.2848500307,"Shape_Area":31.1636920308},"geometry":{"type":"Polygon","coordinates":[[[11.875842072935868,45.406592789207444,17.0],[11.875831222476023,45.40656785893553,17.0],[11.875830210802526,45.40656806452753,17.0],[11.875699514823236,45.4065962921449,16.0],[11.875711504004688,45.406621013246514,16.0],[11.875842072935868,45.406592789207444,17.0]]]}},{"type":"Feature","id":"UN_VOL:49909","properties":{"OBJECTID":49909,"UN_VOL_POR":"03","UN_VOL_STA":"","UN_VOL_QGR":29.28,"UN_VOL_QCO":0.0,"UN_VOL_AV":13.64,"UN_VOL_INH":5.3,"Shape_Leng":25.2737704511,"Shape_Area":21.6119715903},"geometry":{"type":"Polygon","coordinates":[[[11.87552305744661,45.40663431386076,16.0],[11.87547986365549,45.406543679400784,16.0],[11.875453341359883,45.406549838694495,16.0],[11.875499784950541,45.40663904095322,16.0],[11.87552305744661,45.40663431386076,16.0]]]}},{"type":"Feature","id":"UN_VOL:49913","properties":{"OBJECTID":49913,"UN_VOL_POR":"03","UN_VOL_STA":"","UN_VOL_QGR":28.52,"UN_VOL_QCO":0.0,"UN_VOL_AV":11.87,"UN_VOL_INH":4.17,"Shape_Leng":27.0822541301,"Shape_Area":31.7351714215},"geometry":{"type":"Polygon","coordinates":[[[11.875711504004688,45.406621013246514,16.0],[11.875699514823236,45.4065962921449,16.0],[11.875698511548853,45.40659415708679,16.0],[11.875608663098774,45.406613974002674,16.0],[11.875570244616366,45.406622412993485,16.0],[11.875582352856318,45.40664695140431,17.0],[11.875711504004688,45.406621013246514,16.0]]]}},{"type":"Feature","id":"UN_VOL:49915","properties":{"OBJECTID":49915,"UN_VOL_POR":"03","UN_VOL_STA":"","UN_VOL_QGR":26.1,"UN_VOL_QCO":0.0,"UN_VOL_AV":9.86,"UN_VOL_INH":3.56,"Shape_Leng":11.9335363982,"Shape_Area":7.71559526604},"geometry":{"type":"Polygon","coordinates":[[[11.8746916079436,45.40675859893592,16.0],[11.874678614985358,45.40672418147037,17.0],[11.874678164055988,45.40672284251891,17.0],[11.874672352752595,45.40672415914767,17.0],[11.874655046511432,45.40672810581573,17.0],[11.874668193950688,45.406763059282945,17.0],[11.8746916079436,45.40675859893592,16.0]]]}},{"type":"Feature","id":"UN_VOL:49920","properties":{"OBJECTID":49920,"UN_VOL_POR":"03","UN_VOL_STA":"","UN_VOL_QGR":26.51,"UN_VOL_QCO":0.0,"UN_VOL_AV":10.24,"UN_VOL_INH":4.64,"Shape_Leng":23.6102727575,"Shape_Area":21.1665703328},"geometry":{"type":"Polygon","coordinates":[[[11.874323868512048,45.40669369312599,17.0],[11.874306424434963,45.40660934043425,17.0],[11.874277837419402,45.40661258109116,17.0],[11.87427846630727,45.40661742582741,17.0],[11.874297947838746,45.406699116620786,17.0],[11.874323868512048,45.40669369312599,17.0]]]}},{"type":"Feature","id":"UN_VOL:49924","properties":{"OBJECTID":49924,"UN_VOL_POR":"03","UN_VOL_STA":"","UN_VOL_QGR":28.81,"UN_VOL_QCO":0.0,"UN_VOL_AV":13.17,"UN_VOL_INH":5.3,"Shape_Leng":24.5746536695,"Shape_Area":27.2147334031},"geometry":{"type":"Polygon","coordinates":[[[11.875534791792482,45.4066590417929,16.0],[11.87552305744661,45.40663431386076,16.0],[11.875499784950541,45.40663904095322,16.0],[11.875408213269557,45.40665764087308,16.0],[11.875419318352964,45.406682564768346,16.0],[11.875531756191066,45.4066596581858,16.0],[11.875534791792482,45.4066590417929,16.0]]]}},{"type":"Feature","id":"UN_VOL:49927","properties":{"OBJECTID":49927,"UN_VOL_POR":"03","UN_VOL_STA":"","UN_VOL_QGR":23.79,"UN_VOL_QCO":0.0,"UN_VOL_AV":6.87,"UN_VOL_INH":6.25,"Shape_Leng":13.668333659,"Shape_Area":11.4189301747},"geometry":{"type":"Polygon","coordinates":[[[11.871969573227782,45.40675711632676,17.0],[11.871932576639084,45.40675327661424,17.0],[11.871926036339069,45.40678809599802,17.0],[11.871962536483654,45.406792217958845,17.0],[11.871969573227782,45.40675711632676,17.0]]]}},{"type":"Feature","id":"UN_VOL:49928","properties":{"OBJECTID":49928,"UN_VOL_POR":"03","UN_VOL_STA":"","UN_VOL_QGR":25.1,"UN_VOL_QCO":0.0,"UN_VOL_AV":8.86,"UN_VOL_INH":3.56,"Shape_Leng":34.1016621021,"Shape_Area":7.85749409553},"geometry":{"type":"Polygon","coordinates":[[[11.874678164055988,45.40672284251891,17.0],[11.87465643181199,45.40666479218135,17.0],[11.87462930618754,45.40657600296928,16.0],[11.874630711311376,45.40659108958483,16.0],[11.874635722127998,45.40661931717219,16.0],[11.874650101368587,45.40666846193557,17.0],[11.874672352752595,45.40672415914767,17.0],[11.874678164055988,45.40672284251891,17.0]]]}},{"type":"Feature","id":"UN_VOL:49932","properties":{"OBJECTID":49932,"UN_VOL_POR":"03","UN_VOL_STA":"","UN_VOL_QGR":29.06,"UN_VOL_QCO":0.0,"UN_VOL_AV":12.82,"UN_VOL_INH":5.67,"Shape_Leng":41.4412636048,"Shape_Area":28.3202323231},"geometry":{"type":"Polygon","coordinates":[[[11.874672352752595,45.40672415914767,17.0],[11.874650101368587,45.40666846193557,17.0],[11.874635722127998,45.40661931717219,16.0],[11.874630711311376,45.40659108958483,16.0],[11.87462930618754,45.40657600296928,16.0],[11.874623611886841,45.406556973866564,16.0],[11.874599911221507,45.40656081109434,16.0],[11.874632740236333,45.40666880928052,17.0],[11.874655046511432,45.40672810581573,17.0],[11.874672352752595,45.40672415914767,17.0]]]}},{"type":"Feature","id":"UN_VOL:49935","properties":{"OBJECTID":49935,"UN_VOL_POR":"03","UN_VOL_STA":"","UN_VOL_QGR":31.87,"UN_VOL_QCO":0.0,"UN_VOL_AV":16.23,"UN_VOL_INH":5.3,"Shape_Leng":32.7205125572,"Shape_Area":39.036618252},"geometry":{"type":"Polygon","coordinates":[[[11.875419318352964,45.406682564768346,16.0],[11.875408213269557,45.40665764087308,16.0],[11.87524321829716,45.40668988278079,16.0],[11.87525305627645,45.40671501832571,16.0],[11.875419318352964,45.406682564768346,16.0]]]}},{"type":"Feature","id":"UN_VOL:49941","properties":{"OBJECTID":49941,"UN_VOL_POR":"03","UN_VOL_STA":"","UN_VOL_QGR":21.24,"UN_VOL_QCO":0.0,"UN_VOL_AV":6.89,"UN_VOL_INH":5.29,"Shape_Leng":66.9487974738,"Shape_Area":110.411560501},"geometry":{"type":"Polygon","coordinates":[[[11.870826400961407,45.405748939443086,15.0],[11.870826860983206,45.405745417212515,15.0],[11.870749354411739,45.40573647589503,15.0],[11.87065179794658,45.40572524828468,15.0],[11.870450763898962,45.40570195203546,15.0],[11.870448279740637,45.40573612940802,15.0],[11.870822130287904,45.40577812071043,15.0],[11.870826400961407,45.405748939443086,15.0]]]}},{"type":"Feature","id":"UN_VOL:49948","properties":{"OBJECTID":49948,"UN_VOL_POR":"03","UN_VOL_STA":"","UN_VOL_QGR":24.95,"UN_VOL_QCO":0.0,"UN_VOL_AV":10.6,"UN_VOL_INH":6.2,"Shape_Leng":33.4508783124,"Shape_Area":43.8372247302},"geometry":{"type":"Polygon","coordinates":[[[11.870994709072814,45.40576441748955,15.0],[11.870826400961407,45.405748939443086,15.0],[11.870822130287904,45.40577812071043,15.0],[11.870971436695516,45.4057918264859,15.0],[11.870994545588687,45.40579394565328,15.0],[11.870994709072814,45.40576441748955,15.0]]]}},{"type":"Feature","id":"UN_VOL:49950","properties":{"OBJECTID":49950,"UN_VOL_POR":"03","UN_VOL_STA":"","UN_VOL_QGR":25.08,"UN_VOL_QCO":0.0,"UN_VOL_AV":10.73,"UN_VOL_INH":5.18,"Shape_Leng":26.9006522517,"Shape_Area":34.0724340668},"geometry":{"type":"Polygon","coordinates":[[[11.871122644359684,45.4057749700494,15.0],[11.870994640692599,45.40576306889772,15.0],[11.870994709072814,45.40576441748955,15.0],[11.870994545588687,45.40579394565328,15.0],[11.87112061604945,45.40580553526273,15.0],[11.871122644359684,45.4057749700494,15.0]]]}},{"type":"Feature","id":"UN_VOL:49959","properties":{"OBJECTID":49959,"UN_VOL_POR":"03","UN_VOL_STA":"","UN_VOL_QGR":28.58,"UN_VOL_QCO":0.0,"UN_VOL_AV":11.47,"UN_VOL_INH":13.5,"Shape_Leng":99.8055777426,"Shape_Area":109.714581856},"geometry":{"type":"Polygon","coordinates":[[[11.87457890461491,45.4066428919279,16.0],[11.874569918636942,45.40660936362578,16.0],[11.874542927013517,45.40661382403191,16.0],[11.874605330080065,45.40682108096035,17.0],[11.874334986992913,45.4068648867075,17.0],[11.874339414206196,45.4068841278368,17.0],[11.874413676558515,45.4068744261104,17.0],[11.874426875812171,45.406872653628355,17.0],[11.87457063246368,45.40684994913652,17.0],[11.874573804869781,45.4068495090265,17.0],[11.87462589717967,45.40684108567718,17.0],[11.874640345731748,45.406838741415264,17.0],[11.874633479965718,45.40681677145229,17.0],[11.874609558731548,45.40674077352176,17.0],[11.87457890461491,45.4066428919279,16.0]]]}},{"type":"Feature","id":"UN_VOL:49962","properties":{"OBJECTID":49962,"UN_VOL_POR":"03","UN_VOL_STA":"","UN_VOL_QGR":26.15,"UN_VOL_QCO":0.0,"UN_VOL_AV":10.12,"UN_VOL_INH":5.72,"Shape_Leng":55.4861540452,"Shape_Area":37.8470700574},"geometry":{"type":"Polygon","coordinates":[[[11.87426550569583,45.40671955665346,17.0],[11.874252055981941,45.40666102706764,17.0],[11.874231882750571,45.406663875673196,17.0],[11.874284959743182,45.406876228668494,17.0],[11.874290106881189,45.40689707172708,17.0],[11.874300494472543,45.40689528004046,17.0],[11.874305941031382,45.40689433241627,17.0],[11.874285784881996,45.40680689796407,17.0],[11.87426550569583,45.40671955665346,17.0]]]}},{"type":"Feature","id":"UN_VOL:49966","properties":{"OBJECTID":49966,"UN_VOL_POR":"03","UN_VOL_STA":"","UN_VOL_QGR":27.31,"UN_VOL_QCO":0.0,"UN_VOL_AV":11.28,"UN_VOL_INH":5.58,"Shape_Leng":15.2142953463,"Shape_Area":12.3230224818},"geometry":{"type":"Polygon","coordinates":[[[11.874290106881189,45.40689707172708,17.0],[11.874284959743182,45.406876228668494,17.0],[11.874217831155315,45.40688800100195,17.0],[11.874226902480801,45.40690811527517,17.0],[11.874290106881189,45.40689707172708,17.0]]]}},{"type":"Feature","id":"UN_VOL:49972","properties":{"OBJECTID":49972,"UN_VOL_POR":"03","UN_VOL_STA":"","UN_VOL_QGR":26.14,"UN_VOL_QCO":0.0,"UN_VOL_AV":10.26,"UN_VOL_INH":3.11,"Shape_Leng":28.8244779346,"Shape_Area":31.6260561593},"geometry":{"type":"Polygon","coordinates":[[[11.870542623888467,45.40698961148179,17.0],[11.870398459935398,45.4069589432664,16.0],[11.870388136072137,45.40698215633608,16.0],[11.870530230526835,45.40701233634738,17.0],[11.870542623888467,45.40698961148179,17.0]]]}},{"type":"Feature","id":"UN_VOL:49974","properties":{"OBJECTID":49974,"UN_VOL_POR":"03","UN_VOL_STA":"","UN_VOL_QGR":29.24,"UN_VOL_QCO":0.0,"UN_VOL_AV":13.21,"UN_VOL_INH":5.58,"Shape_Leng":19.1593092245,"Shape_Area":16.6531782986},"geometry":{"type":"Polygon","coordinates":[[[11.874226902480801,45.40690811527517,17.0],[11.874217831155315,45.40688800100195,17.0],[11.874127775765151,45.40690377141551,17.0],[11.874135908284304,45.40692300926556,17.0],[11.874226902480801,45.40690811527517,17.0]]]}},{"type":"Feature","id":"UN_VOL:49975","properties":{"OBJECTID":49975,"UN_VOL_POR":"03","UN_VOL_STA":"","UN_VOL_QGR":28.18,"UN_VOL_QCO":0.0,"UN_VOL_AV":11.24,"UN_VOL_INH":11.89,"Shape_Leng":23.8642912552,"Shape_Area":15.3784303749},"geometry":{"type":"Polygon","coordinates":[[[11.87209631262011,45.40696320508855,17.0],[11.871963598188163,45.40696177508772,17.0],[11.871962253651038,45.40696801982028,17.0],[11.871961050470372,45.40697453113525,17.0],[11.871977568743723,45.4069751955374,17.0],[11.872096084724514,45.40697635297988,17.0],[11.87209631262011,45.40696320508855,17.0]]]}},{"type":"Feature","id":"UN_VOL:49982","properties":{"OBJECTID":49982,"UN_VOL_POR":"03","UN_VOL_STA":"","UN_VOL_QGR":28.22,"UN_VOL_QCO":0.0,"UN_VOL_AV":12.18,"UN_VOL_INH":5.58,"Shape_Leng":25.3189938412,"Shape_Area":24.2193305126},"geometry":{"type":"Polygon","coordinates":[[[11.874135908284304,45.40692300926556,17.0],[11.874127775765151,45.40690377141551,17.0],[11.874000231485267,45.406926156647664,17.0],[11.874008728827187,45.40694754566109,17.0],[11.874135908284304,45.40692300926556,17.0]]]}},{"type":"Feature","id":"UN_VOL:49985","properties":{"OBJECTID":49985,"UN_VOL_POR":"03","UN_VOL_STA":"","UN_VOL_QGR":24.01,"UN_VOL_QCO":0.0,"UN_VOL_AV":8.13,"UN_VOL_INH":3.11,"Shape_Leng":52.9181328889,"Shape_Area":58.7456537329},"geometry":{"type":"Polygon","coordinates":[[[11.870723962691027,45.406924290668435,16.0],[11.87073668864405,45.406910648632156,17.0],[11.87071246292145,45.40689910649559,17.0],[11.870672462218678,45.40694187860912,17.0],[11.870640296310636,45.40701064746915,17.0],[11.870543786060031,45.40698985238455,17.0],[11.870542623888467,45.40698961148179,17.0],[11.870530230526835,45.40701233634738,17.0],[11.870533849807048,45.4070131453729,17.0],[11.870657616530172,45.40703973576035,17.0],[11.870699117226888,45.40695092954129,16.0],[11.870723962691027,45.406924290668435,16.0]]]}},{"type":"Feature","id":"UN_VOL:49988","properties":{"OBJECTID":49988,"UN_VOL_POR":"03","UN_VOL_STA":"","UN_VOL_QGR":25.46,"UN_VOL_QCO":0.0,"UN_VOL_AV":9.43,"UN_VOL_INH":4.04,"Shape_Leng":38.3584398451,"Shape_Area":40.9720060967},"geometry":{"type":"Polygon","coordinates":[[[11.872870119551392,45.40699467204634,16.0],[11.87282756076141,45.40684848277104,16.0],[11.872788116214348,45.40685181632894,16.0],[11.872797766729677,45.40687578658669,16.0],[11.872846244695646,45.40699509307588,16.0],[11.872846604951038,45.40699715430211,16.0],[11.872870119551392,45.40699467204634,16.0]]]}},{"type":"Feature","id":"UN_VOL:49989","properties":{"OBJECTID":49989,"UN_VOL_POR":"03","UN_VOL_STA":"","UN_VOL_QGR":28.34,"UN_VOL_QCO":0.0,"UN_VOL_AV":12.04,"UN_VOL_INH":9.2,"Shape_Leng":107.129172699,"Shape_Area":199.270905662},"geometry":{"type":"Polygon","coordinates":[[[11.872277299855906,45.406943887415245,16.0],[11.872144881272952,45.40693821953785,17.0],[11.872145423928956,45.40694639701844,17.0],[11.872146705303802,45.406964096966675,17.0],[11.872147589967728,45.40697649647855,17.0],[11.872777346890603,45.40699970809065,16.0],[11.872778165921671,45.40696548254992,16.0],[11.872747942155856,45.40696417320444,16.0],[11.872409717905077,45.406949555152195,16.0],[11.872277299855906,45.406943887415245,16.0]]]}},{"type":"Feature","id":"UN_VOL:49990","properties":{"OBJECTID":49990,"UN_VOL_POR":"03","UN_VOL_STA":"","UN_VOL_QGR":28.01,"UN_VOL_QCO":0.0,"UN_VOL_AV":11.98,"UN_VOL_INH":5.58,"Shape_Leng":29.7977680285,"Shape_Area":30.0347110553},"geometry":{"type":"Polygon","coordinates":[[[11.874008728827187,45.40694754566109,17.0],[11.874000231485267,45.406926156647664,17.0],[11.873874715591882,45.40694822050763,17.0],[11.873845577262447,45.406953185051464,17.0],[11.873853253766226,45.40697351457889,17.0],[11.874004681504275,45.4069483675903,17.0],[11.874008728827187,45.40694754566109,17.0]]]}},{"type":"Feature","id":"UN_VOL:49992","properties":{"OBJECTID":49992,"UN_VOL_POR":"03","UN_VOL_STA":"","UN_VOL_QGR":26.73,"UN_VOL_QCO":0.0,"UN_VOL_AV":9.82,"UN_VOL_INH":3.5,"Shape_Leng":36.1254487522,"Shape_Area":33.3745880412},"geometry":{"type":"Polygon","coordinates":[[[11.874255087351589,45.40695988269548,17.0],[11.874245660247045,45.406937796747044,17.0],[11.874148148615914,45.4069577155009,17.0],[11.874050636912528,45.4069776341731,17.0],[11.874055318630072,45.406991828230915,17.0],[11.874255087351589,45.40695988269548,17.0]]]}},{"type":"Feature","id":"UN_VOL:49995","properties":{"OBJECTID":49995,"UN_VOL_POR":"03","UN_VOL_STA":"","UN_VOL_QGR":27.59,"UN_VOL_QCO":0.0,"UN_VOL_AV":10.69,"UN_VOL_INH":3.5,"Shape_Leng":15.8595252056,"Shape_Area":10.3625348655},"geometry":{"type":"Polygon","coordinates":[[[11.874055318630072,45.406991828230915,17.0],[11.874050636912528,45.4069776341731,17.0],[11.87397227239309,45.40698959972102,17.0],[11.873977109133461,45.40700432976831,17.0],[11.874055318630072,45.406991828230915,17.0]]]}},{"type":"Feature","id":"UN_VOL:49998","properties":{"OBJECTID":49998,"UN_VOL_POR":"03","UN_VOL_STA":"","UN_VOL_QGR":23.65,"UN_VOL_QCO":0.0,"UN_VOL_AV":8.87,"UN_VOL_INH":5.43,"Shape_Leng":15.9470174679,"Shape_Area":14.8000811791},"geometry":{"type":"Polygon","coordinates":[[[11.871284062371096,45.40880937280173,15.0],[11.871297235374616,45.40880706106254,15.0],[11.871295448475168,45.40880458549863,15.0],[11.87127614444071,45.4087666361097,15.0],[11.871238006558128,45.40877056618672,15.0],[11.871239487922077,45.40877457945561,15.0],[11.87125949414702,45.4088137714458,15.0],[11.871284062371096,45.40880937280173,15.0]]]}},{"type":"Feature","id":"UN_VOL:50001","properties":{"OBJECTID":50001,"UN_VOL_POR":"03","UN_VOL_STA":"","UN_VOL_QGR":26.16,"UN_VOL_QCO":0.0,"UN_VOL_AV":9.87,"UN_VOL_INH":6.0,"Shape_Leng":17.2793769024,"Shape_Area":16.0092001036},"geometry":{"type":"Polygon","coordinates":[[[11.873160416912587,45.40874413792881,16.0],[11.873157713205206,45.40873367443526,16.0],[11.873123500410898,45.40873687636916,16.0],[11.873134915484469,45.40878051499781,16.0],[11.873135567607022,45.40878328885769,16.0],[11.873137154033873,45.40878936975258,16.0],[11.873159288279554,45.408787372039804,16.0],[11.873171371975353,45.408786257731784,16.0],[11.873160416912587,45.40874413792881,16.0]]]}},{"type":"Feature","id":"UN_VOL:50003","properties":{"OBJECTID":50003,"UN_VOL_POR":"03","UN_VOL_STA":"","UN_VOL_QGR":24.3,"UN_VOL_QCO":0.0,"UN_VOL_AV":8.01,"UN_VOL_INH":6.24,"Shape_Leng":38.357886685,"Shape_Area":46.6458680745},"geometry":{"type":"Polygon","coordinates":[[[11.876510090115437,45.40869466597142,16.0],[11.876509989206498,45.40868764759535,16.0],[11.876306673482768,45.40867000016066,16.0],[11.87630716652888,45.40867718874535,16.0],[11.87630141564802,45.4086947957737,16.0],[11.876510338604529,45.40871464268517,16.0],[11.876510090115437,45.40869466597142,16.0]]]}},{"type":"Feature","id":"UN_VOL:50005","properties":{"OBJECTID":50005,"UN_VOL_POR":"03","UN_VOL_STA":"","UN_VOL_QGR":24.65,"UN_VOL_QCO":0.0,"UN_VOL_AV":8.75,"UN_VOL_INH":5.0,"Shape_Leng":27.6694767224,"Shape_Area":34.7891648824},"geometry":{"type":"Polygon","coordinates":[[[11.874616576915745,45.40868108748688,16.0],[11.874586858349733,45.408679675855026,16.0],[11.874574049619307,45.40867909846992,16.0],[11.874578140653838,45.40877476892265,16.0],[11.874620175446628,45.40877461000293,16.0],[11.874616576915745,45.40868108748688,16.0]]]}},{"type":"Feature","id":"UN_VOL:50006","properties":{"OBJECTID":50006,"UN_VOL_POR":"03","UN_VOL_STA":"","UN_VOL_QGR":33.19,"UN_VOL_QCO":0.0,"UN_VOL_AV":17.26,"UN_VOL_INH":4.23,"Shape_Leng":14.3438805473,"Shape_Area":9.17257680502},"geometry":{"type":"Polygon","coordinates":[[[11.875785684536002,45.40873812977033,16.0],[11.875816040428493,45.40872440301486,16.0],[11.875755612866973,45.40871719459859,16.0],[11.87575495072389,45.40875195608935,16.0],[11.875785684536002,45.40873812977033,16.0]]]}},{"type":"Feature","id":"UN_VOL:50007","properties":{"OBJECTID":50007,"UN_VOL_POR":"03","UN_VOL_STA":"","UN_VOL_QGR":23.83,"UN_VOL_QCO":0.0,"UN_VOL_AV":7.54,"UN_VOL_INH":2.96,"Shape_Leng":24.5909661,"Shape_Area":22.5725228589},"geometry":{"type":"Polygon","coordinates":[[[11.876562308193034,45.408701270922634,16.0],[11.876510090115437,45.40869466597142,16.0],[11.876510338604529,45.40871464268517,16.0],[11.876514445391402,45.40871498938633,16.0],[11.876563358732305,45.40872194740048,16.0],[11.876635054101884,45.408732111438404,16.0],[11.87663600467778,45.40871057447948,16.0],[11.876562308193034,45.408701270922634,16.0]]]}},{"type":"Feature","id":"UN_VOL:50011","properties":{"OBJECTID":50011,"UN_VOL_POR":"03","UN_VOL_STA":"","UN_VOL_QGR":33.54,"UN_VOL_QCO":0.0,"UN_VOL_AV":17.63,"UN_VOL_INH":4.55,"Shape_Leng":29.865558199,"Shape_Area":41.7535925885},"geometry":{"type":"Polygon","coordinates":[[[11.87324154612186,45.409131579274856,15.0],[11.8732268644568,45.4090311347947,16.0],[11.873179665433277,45.40903529369255,16.0],[11.873194201084154,45.40913538166845,16.0],[11.87319814369878,45.40913501224898,16.0],[11.87324154612186,45.409131579274856,15.0]]]}},{"type":"Feature","id":"UN_VOL:50012","properties":{"OBJECTID":50012,"UN_VOL_POR":"03","UN_VOL_STA":"","UN_VOL_QGR":24.22,"UN_VOL_QCO":0.0,"UN_VOL_AV":8.32,"UN_VOL_INH":4.63,"Shape_Leng":39.4498708532,"Shape_Area":47.3585778345},"geometry":{"type":"Polygon","coordinates":[[[11.87462357342102,45.40886921774195,16.0],[11.874587901306505,45.408868856179375,16.0],[11.874590505865358,45.40902082187276,16.0],[11.874626332576451,45.409021719430484,16.0],[11.87462357342102,45.40886921774195,16.0]]]}},{"type":"Feature","id":"UN_VOL:50022","properties":{"OBJECTID":50022,"UN_VOL_POR":"03","UN_VOL_STA":"","UN_VOL_QGR":25.6,"UN_VOL_QCO":0.0,"UN_VOL_AV":8.36,"UN_VOL_INH":3.17,"Shape_Leng":58.6684843745,"Shape_Area":57.2941509224},"geometry":{"type":"Polygon","coordinates":[[[11.871566012411012,45.40706422469957,17.0],[11.87122478372641,45.40701556386928,17.0],[11.871220230610461,45.407034131019714,17.0],[11.871307119546636,45.40704661631959,17.0],[11.871394003424141,45.40705901202352,17.0],[11.871560693925883,45.4070828111253,17.0],[11.871566012411012,45.40706422469957,17.0]]]}},{"type":"Feature","id":"UN_VOL:50023","properties":{"OBJECTID":50023,"UN_VOL_POR":"03","UN_VOL_STA":"","UN_VOL_QGR":24.62,"UN_VOL_QCO":0.0,"UN_VOL_AV":7.38,"UN_VOL_INH":2.84,"Shape_Leng":11.7203520116,"Shape_Area":7.65670221619},"geometry":{"type":"Polygon","coordinates":[[[11.871611409955023,45.407067402869224,17.0],[11.871599937647447,45.407050319188656,17.0],[11.871566012411012,45.40706422469957,17.0],[11.871560693925883,45.4070828111253,17.0],[11.871567772389065,45.407083803202106,17.0],[11.871611409955023,45.407067402869224,17.0]]]}},{"type":"Feature","id":"UN_VOL:50024","properties":{"OBJECTID":50024,"UN_VOL_POR":"03","UN_VOL_STA":"","UN_VOL_QGR":26.4,"UN_VOL_QCO":0.0,"UN_VOL_AV":10.37,"UN_VOL_INH":4.53,"Shape_Leng":63.6051631451,"Shape_Area":101.982340932},"geometry":{"type":"Polygon","coordinates":[[[11.873853253766226,45.40697351457889,17.0],[11.873845577262447,45.406953185051464,17.0],[11.873842331013561,45.40694462582949,17.0],[11.8734920090761,45.40700385585831,17.0],[11.873492934771066,45.407006982624615,17.0],[11.873500780124228,45.40703567915712,17.0],[11.87381602031227,45.40698264350516,17.0],[11.873853253766226,45.40697351457889,17.0]]]}},{"type":"Feature","id":"UN_VOL:50025","properties":{"OBJECTID":50025,"UN_VOL_POR":"03","UN_VOL_STA":"","UN_VOL_QGR":27.29,"UN_VOL_QCO":0.0,"UN_VOL_AV":10.39,"UN_VOL_INH":3.5,"Shape_Leng":33.7631601177,"Shape_Area":23.5303038462},"geometry":{"type":"Polygon","coordinates":[[[11.873977109133461,45.40700432976831,17.0],[11.87397227239309,45.40698959972102,17.0],[11.873857066395706,45.40700834345499,17.0],[11.87378032472058,45.407027108824465,17.0],[11.87378380295252,45.407035212361166,17.0],[11.873977109133461,45.40700432976831,17.0]]]}},{"type":"Feature","id":"UN_VOL:50027","properties":{"OBJECTID":50027,"UN_VOL_POR":"03","UN_VOL_STA":"","UN_VOL_QGR":25.39,"UN_VOL_QCO":0.0,"UN_VOL_AV":9.36,"UN_VOL_INH":2.94,"Shape_Leng":24.5533879384,"Shape_Area":29.3175486593},"geometry":{"type":"Polygon","coordinates":[[[11.873500780124228,45.40703567915712,17.0],[11.873492934771066,45.407006982624615,17.0],[11.873379792954749,45.40702360398542,17.0],[11.873388144376106,45.407052197734686,17.0],[11.873500780124228,45.40703567915712,17.0]]]}},{"type":"Feature","id":"UN_VOL:50028","properties":{"OBJECTID":50028,"UN_VOL_POR":"03","UN_VOL_STA":"","UN_VOL_QGR":23.57,"UN_VOL_QCO":0.0,"UN_VOL_AV":6.67,"UN_VOL_INH":3.48,"Shape_Leng":17.4578981925,"Shape_Area":8.004083782},"geometry":{"type":"Polygon","coordinates":[[[11.87378380295252,45.407035212361166,17.0],[11.87378032472058,45.407027108824465,17.0],[11.873682875822928,45.407040724662956,17.0],[11.873689877624642,45.407050269476144,17.0],[11.87378380295252,45.407035212361166,17.0]]]}},{"type":"Feature","id":"UN_VOL:50037","properties":{"OBJECTID":50037,"UN_VOL_POR":"03","UN_VOL_STA":"","UN_VOL_QGR":33.41,"UN_VOL_QCO":0.0,"UN_VOL_AV":16.6,"UN_VOL_INH":7.75,"Shape_Leng":64.9426093934,"Shape_Area":113.522240253},"geometry":{"type":"Polygon","coordinates":[[[11.876740328051378,45.406993745051174,18.0],[11.876722720703633,45.40694900262802,17.0],[11.876385579889085,45.406973344123,17.0],[11.876391302237632,45.4069929127103,17.0],[11.87639422066241,45.40700256029549,17.0],[11.876397257089003,45.40701202520205,17.0],[11.876670750130295,45.406984967661984,17.0],[11.876683195487129,45.4070060768465,17.0],[11.876740328051378,45.406993745051174,18.0]]]}},{"type":"Feature","id":"UN_VOL:50038","properties":{"OBJECTID":50038,"UN_VOL_POR":"03","UN_VOL_STA":"","UN_VOL_QGR":25.33,"UN_VOL_QCO":0.0,"UN_VOL_AV":9.3,"UN_VOL_INH":4.62,"Shape_Leng":56.0831136014,"Shape_Area":84.6352896323},"geometry":{"type":"Polygon","coordinates":[[[11.873388144376106,45.407052197734686,17.0],[11.873379792954749,45.40702360398542,17.0],[11.873379341500362,45.40702226504209,17.0],[11.873073116269543,45.40706913173995,16.0],[11.873074862295919,45.40707835908689,16.0],[11.873080560772495,45.407099998738076,16.0],[11.873388144376106,45.407052197734686,17.0]]]}},{"type":"Feature","id":"UN_VOL:50041","properties":{"OBJECTID":50041,"UN_VOL_POR":"03","UN_VOL_STA":"","UN_VOL_QGR":25.05,"UN_VOL_QCO":0.0,"UN_VOL_AV":9.02,"UN_VOL_INH":4.62,"Shape_Leng":61.1678729755,"Shape_Area":63.7430965029},"geometry":{"type":"Polygon","coordinates":[[[11.873080560772495,45.407099998738076,16.0],[11.873074862295919,45.40707835908689,16.0],[11.872892361712085,45.40709807631754,16.0],[11.872870119551392,45.40699467204634,16.0],[11.872846604951038,45.40699715430211,16.0],[11.872868100646768,45.40711353943354,16.0],[11.872869846641676,45.40712276678434,16.0],[11.873080560772495,45.407099998738076,16.0]]]}},{"type":"Feature","id":"UN_VOL:50047","properties":{"OBJECTID":50047,"UN_VOL_POR":"03","UN_VOL_STA":"","UN_VOL_QGR":31.42,"UN_VOL_QCO":0.0,"UN_VOL_AV":14.98,"UN_VOL_INH":13.6,"Shape_Leng":27.218288203,"Shape_Area":45.2655226485},"geometry":{"type":"Polygon","coordinates":[[[11.874836936037276,45.40704369801687,17.0],[11.874734495138274,45.4070370077035,17.0],[11.874734627496483,45.40703961455649,17.0],[11.874738610223904,45.4070903715531,17.0],[11.874831948761605,45.40709648077961,17.0],[11.874836936037276,45.40704369801687,17.0]]]}},{"type":"Feature","id":"UN_VOL:50050","properties":{"OBJECTID":50050,"UN_VOL_POR":"03","UN_VOL_STA":"","UN_VOL_QGR":31.25,"UN_VOL_QCO":0.0,"UN_VOL_AV":14.44,"UN_VOL_INH":8.0,"Shape_Leng":51.1137662959,"Shape_Area":87.5038338485},"geometry":{"type":"Polygon","coordinates":[[[11.876639977109829,45.407053342910615,17.0],[11.876689484948951,45.40704435344829,18.0],[11.876675196852975,45.40700960906709,17.0],[11.876411172533862,45.407057040838964,17.0],[11.876422479695277,45.4070934808531,18.0],[11.876639977109829,45.407053342910615,17.0]]]}},{"type":"Feature","id":"UN_VOL:50054","properties":{"OBJECTID":50054,"UN_VOL_POR":"03","UN_VOL_STA":"","UN_VOL_QGR":23.34,"UN_VOL_QCO":0.0,"UN_VOL_AV":6.9,"UN_VOL_INH":4.86,"Shape_Leng":20.8936860282,"Shape_Area":23.8759565687},"geometry":{"type":"Polygon","coordinates":[[[11.875301199378061,45.40707421532323,17.0],[11.875272606769888,45.40707232565209,17.0],[11.87524401471596,45.40707043595979,17.0],[11.875247235335333,45.40710365925439,17.0],[11.875253621265886,45.40710358838161,17.0],[11.87525569665685,45.4071243290974,17.0],[11.875299932191117,45.407127264938666,17.0],[11.875297386317198,45.40710230543942,17.0],[11.875303895351847,45.40710214141489,17.0],[11.875301199378061,45.40707421532323,17.0]]]}},{"type":"Feature","id":"UN_VOL:50055","properties":{"OBJECTID":50055,"UN_VOL_POR":"03","UN_VOL_STA":"","UN_VOL_QGR":31.68,"UN_VOL_QCO":0.0,"UN_VOL_AV":15.24,"UN_VOL_INH":13.6,"Shape_Leng":30.0158573751,"Shape_Area":53.1974088279},"geometry":{"type":"Polygon","coordinates":[[[11.875617501247852,45.407094958241096,17.0],[11.875613672896776,45.40714789231346,17.0],[11.875735863624788,45.40715597427944,17.0],[11.875725074922151,45.40710205867883,16.0],[11.875617501247852,45.407094958241096,17.0]]]}},{"type":"Feature","id":"UN_VOL:50059","properties":{"OBJECTID":50059,"UN_VOL_POR":"03","UN_VOL_STA":"","UN_VOL_QGR":45.38,"UN_VOL_QCO":0.0,"UN_VOL_AV":28.57,"UN_VOL_INH":8.0,"Shape_Leng":12.2845341894,"Shape_Area":11.9438823286},"geometry":{"type":"Polygon","coordinates":[[[11.876778416199915,45.40713725490633,18.0],[11.876784770142423,45.40713655442667,18.0],[11.876790554036672,45.407134698490324,18.0],[11.876795521658641,45.407131873009114,18.0],[11.87679930478791,45.40712835701758,18.0],[11.876801774667621,45.407124154151894,18.0],[11.876802571663893,45.40711972332368,18.0],[11.87680183260704,45.40711524156654,18.0],[11.876799448616838,45.40711107103316,18.0],[11.876795687639055,45.40710747510817,18.0],[11.876790687609075,45.407104630797164,18.0],[11.876784971795102,45.407102794657625,18.0],[11.876778672437567,45.40710205340214,18.0],[11.876772300221381,45.407102394155,18.0],[11.876766243282168,45.407103897177144,18.0],[11.876761001488358,45.40710636938242,18.0],[11.876756831327407,45.407109805083884,18.0],[11.87675396472287,45.407113747810534,18.0],[11.876752657037443,45.40711819151403,18.0],[11.876752885424809,45.40712268653643,18.0],[11.876754763828925,45.407126959474766,18.0],[11.876758150930074,45.407130744920984,18.0],[11.876762654516268,45.407133871500484,18.0],[11.87676825636944,45.40713598065475,18.0],[11.876774450906098,45.407137174787586,18.0],[11.876778416199915,45.40713725490633,18.0]]]}},{"type":"Feature","id":"UN_VOL:50063","properties":{"OBJECTID":50063,"UN_VOL_POR":"03","UN_VOL_STA":"","UN_VOL_QGR":41.61,"UN_VOL_QCO":0.0,"UN_VOL_AV":24.8,"UN_VOL_INH":8.0,"Shape_Leng":33.880883225,"Shape_Area":17.1208105466},"geometry":{"type":"Polygon","coordinates":[[[11.876820832961025,45.407139605685316,18.0],[11.876800194034614,45.40709052936578,18.0],[11.876737942485825,45.407102720111205,18.0],[11.876757314360779,45.40715200887067,18.0],[11.876820832961025,45.407139605685316,18.0]],[[11.876778416199915,45.40713725490633,18.0],[11.876774450906098,45.407137174787586,18.0],[11.87676825636944,45.40713598065475,18.0],[11.876762654516268,45.407133871500484,18.0],[11.876758150930074,45.407130744920984,18.0],[11.876754763828925,45.407126959474766,18.0],[11.876752885424809,45.40712268653643,18.0],[11.876752657037443,45.40711819151403,18.0],[11.87675396472287,45.407113747810534,18.0],[11.876756831327407,45.407109805083884,18.0],[11.876761001488358,45.40710636938242,18.0],[11.876766243282168,45.407103897177144,18.0],[11.876772300221381,45.407102394155,18.0],[11.876778672437567,45.40710205340214,18.0],[11.876784971795102,45.407102794657625,18.0],[11.876790687609075,45.407104630797164,18.0],[11.876795687639055,45.40710747510817,18.0],[11.876799448616838,45.40711107103316,18.0],[11.87680183260704,45.40711524156654,18.0],[11.876802571663893,45.40711972332368,18.0],[11.876801774667621,45.407124154151894,18.0],[11.87679930478791,45.40712835701758,18.0],[11.876795521658641,45.407131873009114,18.0],[11.876790554036672,45.407134698490324,18.0],[11.876784770142423,45.40713655442667,18.0],[11.876778416199915,45.40713725490633,18.0]]]}},{"type":"Feature","id":"UN_VOL:50064","properties":{"OBJECTID":50064,"UN_VOL_POR":"03","UN_VOL_STA":"","UN_VOL_QGR":30.27,"UN_VOL_QCO":0.0,"UN_VOL_AV":15.04,"UN_VOL_INH":5.14,"Shape_Leng":19.152329149,"Shape_Area":22.3105882861},"geometry":{"type":"Polygon","coordinates":[[[11.877886174133188,45.40711670090611,15.0],[11.877863651215007,45.4070683022353,15.0],[11.877816728949034,45.40708289760481,15.0],[11.877837100000791,45.40712919060503,15.0],[11.877886174133188,45.40711670090611,15.0]]]}},{"type":"Feature","id":"UN_VOL:50073","properties":{"OBJECTID":50073,"UN_VOL_POR":"03","UN_VOL_STA":"","UN_VOL_QGR":30.63,"UN_VOL_QCO":0.0,"UN_VOL_AV":15.4,"UN_VOL_INH":5.14,"Shape_Leng":21.2960705806,"Shape_Area":26.9614040706},"geometry":{"type":"Polygon","coordinates":[[[11.877912380463206,45.407172208072346,15.0],[11.877886174133188,45.40711670090611,15.0],[11.877837100000791,45.40712919060503,15.0],[11.877847503890772,45.4071528712922,15.0],[11.877847932595595,45.4071537605576,15.0],[11.877862048373451,45.40718508891825,15.0],[11.877912380463206,45.407172208072346,15.0]]]}},{"type":"Feature","id":"UN_VOL:50074","properties":{"OBJECTID":50074,"UN_VOL_POR":"03","UN_VOL_STA":"","UN_VOL_QGR":35.07,"UN_VOL_QCO":0.0,"UN_VOL_AV":18.26,"UN_VOL_INH":8.0,"Shape_Leng":57.5599981462,"Shape_Area":86.4137115674},"geometry":{"type":"Polygon","coordinates":[[[11.87684495117322,45.4071967858071,18.0],[11.876820832961025,45.407139605685316,18.0],[11.876757314360779,45.40715200887067,18.0],[11.876737942485825,45.407102720111205,18.0],[11.876800194034614,45.40709052936578,18.0],[11.876784213915627,45.4070526768006,18.0],[11.876701908489139,45.407070054008024,18.0],[11.87675955937973,45.40721631116927,18.0],[11.87684495117322,45.4071967858071,18.0]]]}},{"type":"Feature","id":"UN_VOL:50077","properties":{"OBJECTID":50077,"UN_VOL_POR":"03","UN_VOL_STA":"","UN_VOL_QGR":32.78,"UN_VOL_QCO":0.0,"UN_VOL_AV":15.97,"UN_VOL_INH":8.0,"Shape_Leng":48.2626132294,"Shape_Area":81.0783564882},"geometry":{"type":"Polygon","coordinates":[[[11.87675955937973,45.40721631116927,18.0],[11.876701908489139,45.407070054008024,18.0],[11.876700263023299,45.40707036563358,18.0],[11.876689484948951,45.40704435344829,18.0],[11.876639977109829,45.407053342910615,17.0],[11.876712134910075,45.40722857830833,18.0],[11.87675955937973,45.40721631116927,18.0]]]}},{"type":"Feature","id":"UN_VOL:50080","properties":{"OBJECTID":50080,"UN_VOL_POR":"03","UN_VOL_STA":"","UN_VOL_QGR":35.6,"UN_VOL_QCO":0.0,"UN_VOL_AV":18.79,"UN_VOL_INH":5.77,"Shape_Leng":211.714928784,"Shape_Area":519.80169286},"geometry":{"type":"Polygon","coordinates":[[[11.876233244767043,45.40693280793381,17.0],[11.876222137564405,45.406892762546896,17.0],[11.876157610817897,45.4068978993594,17.0],[11.876084622217196,45.40663582251448,17.0],[11.87602675653522,45.40665132292912,17.0],[11.876102101816668,45.40692207182782,17.0],[11.876032129046457,45.4069281562658,17.0],[11.875962032603478,45.40693433382483,16.0],[11.875760645389446,45.40695201116112,16.0],[11.875768309794955,45.40697711178544,16.0],[11.875831848180608,45.40718649976107,17.0],[11.875857166510917,45.407269843325864,17.0],[11.875876000318856,45.40727332912913,17.0],[11.875876465537878,45.40727493785598,17.0],[11.875918471416608,45.407269198233934,17.0],[11.875890239746957,45.40717629661379,17.0],[11.875833024766484,45.406988262293034,17.0],[11.875978805747845,45.40698278775164,17.0],[11.87624448369338,45.40697294043557,17.0],[11.876233244767043,45.40693280793381,17.0]]]}},{"type":"Feature","id":"UN_VOL:50081","properties":{"OBJECTID":50081,"UN_VOL_POR":"03","UN_VOL_STA":"","UN_VOL_QGR":29.73,"UN_VOL_QCO":0.0,"UN_VOL_AV":12.46,"UN_VOL_INH":8.14,"Shape_Leng":89.9524842322,"Shape_Area":205.808315588},"geometry":{"type":"Polygon","coordinates":[[[11.874558366341711,45.40697078521382,17.0],[11.874486006243878,45.4069399332554,17.0],[11.874509687964713,45.407121972220466,17.0],[11.874534934492994,45.40731720356556,17.0],[11.874552746623676,45.407315674655024,17.0],[11.874598041628131,45.40727906873734,17.0],[11.874577629474329,45.40712116065661,17.0],[11.874558366341711,45.40697078521382,17.0]]]}},{"type":"Feature","id":"UN_VOL:50088","properties":{"OBJECTID":50088,"UN_VOL_POR":"03","UN_VOL_STA":"","UN_VOL_QGR":30.46,"UN_VOL_QCO":0.0,"UN_VOL_AV":13.64,"UN_VOL_INH":8.0,"Shape_Leng":38.1771543818,"Shape_Area":60.2749366264},"geometry":{"type":"Polygon","coordinates":[[[11.87675955937973,45.40721631116927,18.0],[11.876712134910075,45.40722857830833,18.0],[11.876576938653855,45.4072512493912,17.0],[11.876587799022811,45.40728644077646,18.0],[11.876772535349096,45.407255409697584,18.0],[11.87675955937973,45.40721631116927,18.0]]]}},{"type":"Feature","id":"UN_VOL:50098","properties":{"OBJECTID":50098,"UN_VOL_POR":"03","UN_VOL_STA":"","UN_VOL_QGR":29.7,"UN_VOL_QCO":0.0,"UN_VOL_AV":12.89,"UN_VOL_INH":8.0,"Shape_Leng":49.0388737103,"Shape_Area":82.3193636162},"geometry":{"type":"Polygon","coordinates":[[[11.876587799022811,45.40728644077646,18.0],[11.876576938653855,45.4072512493912,17.0],[11.876323013201763,45.407293745873,18.0],[11.876332364737753,45.40732942516197,18.0],[11.876587799022811,45.40728644077646,18.0]]]}},{"type":"Feature","id":"UN_VOL:50101","properties":{"OBJECTID":50101,"UN_VOL_POR":"03","UN_VOL_STA":"","UN_VOL_QGR":32.12,"UN_VOL_QCO":0.0,"UN_VOL_AV":15.68,"UN_VOL_INH":7.27,"Shape_Leng":9.88733968773,"Shape_Area":6.00968490536},"geometry":{"type":"Polygon","coordinates":[[[11.875888794321359,45.40731891298472,17.0],[11.875860917552219,45.407318535434655,17.0],[11.87586556469754,45.40734461217766,17.0],[11.875867592639626,45.40734429092403,17.0],[11.8758948717883,45.407340452895255,17.0],[11.875888794321359,45.40731891298472,17.0]]]}},{"type":"Feature","id":"UN_VOL:50102","properties":{"OBJECTID":50102,"UN_VOL_POR":"03","UN_VOL_STA":"","UN_VOL_QGR":31.61,"UN_VOL_QCO":0.0,"UN_VOL_AV":15.17,"UN_VOL_INH":7.27,"Shape_Leng":28.4246660586,"Shape_Area":48.494821395},"geometry":{"type":"Polygon","coordinates":[[[11.87586556469754,45.40734461217766,17.0],[11.875860917552219,45.407318535434655,17.0],[11.875857166510917,45.407269843325864,17.0],[11.875810292651206,45.407277865571594,17.0],[11.875776846585483,45.4072835695087,17.0],[11.875795527249798,45.4073544785063,17.0],[11.87586556469754,45.40734461217766,17.0]]]}},{"type":"Feature","id":"UN_VOL:50109","properties":{"OBJECTID":50109,"UN_VOL_POR":"03","UN_VOL_STA":"","UN_VOL_QGR":29.13,"UN_VOL_QCO":0.0,"UN_VOL_AV":12.68,"UN_VOL_INH":3.36,"Shape_Leng":20.7653620643,"Shape_Area":15.1051346872},"geometry":{"type":"Polygon","coordinates":[[[11.873290748828383,45.40743198309498,17.0],[11.873180814668958,45.40743376126579,17.0],[11.87318106582479,45.40744878690871,17.0],[11.873197547751825,45.40744873206467,17.0],[11.87329158370587,45.40744843439733,17.0],[11.873290748828383,45.40743198309498,17.0]]]}},{"type":"Feature","id":"UN_VOL:50111","properties":{"OBJECTID":50111,"UN_VOL_POR":"03","UN_VOL_STA":"","UN_VOL_QGR":28.58,"UN_VOL_QCO":0.0,"UN_VOL_AV":12.13,"UN_VOL_INH":3.36,"Shape_Leng":17.9544300305,"Shape_Area":13.4197544139},"geometry":{"type":"Polygon","coordinates":[[[11.87338140304837,45.40743051024659,17.0],[11.873290748828383,45.40743198309498,17.0],[11.87329158370587,45.40744843439733,17.0],[11.873381786575013,45.40744814313301,17.0],[11.87338140304837,45.40743051024659,17.0]]]}},{"type":"Feature","id":"UN_VOL:50308","properties":{"OBJECTID":50308,"UN_VOL_POR":"03","UN_VOL_STA":"","UN_VOL_QGR":25.49,"UN_VOL_QCO":0.0,"UN_VOL_AV":9.04,"UN_VOL_INH":3.36,"Shape_Leng":12.1404203988,"Shape_Area":8.12286904997},"geometry":{"type":"Polygon","coordinates":[[[11.87338140304837,45.40743051024659,17.0],[11.873381786575013,45.40744814313301,17.0],[11.8734322531575,45.407447952409825,17.0],[11.873434772493756,45.40742961648267,17.0],[11.87338140304837,45.40743051024659,17.0]]]}},{"type":"Feature","id":"UN_VOL:50310","properties":{"OBJECTID":50310,"UN_VOL_POR":"03","UN_VOL_STA":"","UN_VOL_QGR":31.47,"UN_VOL_QCO":0.0,"UN_VOL_AV":15.03,"UN_VOL_INH":13.6,"Shape_Leng":22.1200219921,"Shape_Area":26.4451342047},"geometry":{"type":"Polygon","coordinates":[[[11.874800015840075,45.407348420393454,17.0],[11.874753988726361,45.40734543944978,17.0],[11.874757692678617,45.407383151749826,17.0],[11.874760475126347,45.407412785783976,17.0],[11.87480546265201,45.40741543273043,17.0],[11.874800015840075,45.407348420393454,17.0]]]}},{"type":"Feature","id":"UN_VOL:50312","properties":{"OBJECTID":50312,"UN_VOL_POR":"03","UN_VOL_STA":"","UN_VOL_QGR":25.62,"UN_VOL_QCO":0.0,"UN_VOL_AV":8.63,"UN_VOL_INH":3.9,"Shape_Leng":72.0192953913,"Shape_Area":98.468277611},"geometry":{"type":"Polygon","coordinates":[[[11.874366979005067,45.407351589082104,17.0],[11.874362779688886,45.407331801933296,17.0],[11.874241209359212,45.40733594455335,17.0],[11.874168610906805,45.4073507353619,17.0],[11.874109057124334,45.40737329824507,17.0],[11.873995250185786,45.4074045187034,17.0],[11.87399474461427,45.40740462148456,17.0],[11.873959315472858,45.407414065197194,17.0],[11.873962921428909,45.40742216551093,17.0],[11.873970985520872,45.40744005478287,17.0],[11.87399833768905,45.40743261505651,17.0],[11.874125130229078,45.407397917030636,17.0],[11.874183174770234,45.40737584200068,17.0],[11.874247933917983,45.40736268901634,17.0],[11.874368278784452,45.40735704724431,17.0],[11.874366979005067,45.407351589082104,17.0]]]}},{"type":"Feature","id":"UN_VOL:50313","properties":{"OBJECTID":50313,"UN_VOL_POR":"03","UN_VOL_STA":"","UN_VOL_QGR":28.49,"UN_VOL_QCO":0.0,"UN_VOL_AV":11.68,"UN_VOL_INH":5.7,"Shape_Leng":57.5638237697,"Shape_Area":94.251745975},"geometry":{"type":"Polygon","coordinates":[[[11.876870053319301,45.40729345645527,18.0],[11.876850757736799,45.40723813538577,18.0],[11.87677355236473,45.40725781415014,18.0],[11.87678131239632,45.407282281966744,18.0],[11.87678389335103,45.40729031798736,18.0],[11.876774317501924,45.40729298990223,18.0],[11.87660386714518,45.40734112327302,18.0],[11.876611829062744,45.40737458718219,17.0],[11.876870053319301,45.40729345645527,18.0]]]}},{"type":"Feature","id":"UN_VOL:50316","properties":{"OBJECTID":50316,"UN_VOL_POR":"03","UN_VOL_STA":"","UN_VOL_QGR":39.68,"UN_VOL_QCO":0.0,"UN_VOL_AV":23.25,"UN_VOL_INH":6.07,"Shape_Leng":24.6655102918,"Shape_Area":23.395707851},"geometry":{"type":"Polygon","coordinates":[[[11.876173133561768,45.407397168003016,17.0],[11.876174292270889,45.40735960370541,17.0],[11.876071081035118,45.40735788463667,17.0],[11.876068991063601,45.40738215054902,17.0],[11.876163793012088,45.40738435173403,17.0],[11.876163329525376,45.40739786536864,17.0],[11.876173133561768,45.407397168003016,17.0]]]}},{"type":"Feature","id":"UN_VOL:50321","properties":{"OBJECTID":50321,"UN_VOL_POR":"03","UN_VOL_STA":"","UN_VOL_QGR":23.34,"UN_VOL_QCO":0.0,"UN_VOL_AV":6.9,"UN_VOL_INH":13.6,"Shape_Leng":373.307386232,"Shape_Area":1110.71615202},"geometry":{"type":"Polygon","coordinates":[[[11.87577455917349,45.40733916459232,17.0],[11.875318753046562,45.40730915608175,17.0],[11.875304411534024,45.40717269819868,17.0],[11.875745471366152,45.40720172850301,17.0],[11.875744609820112,45.40719733948319,17.0],[11.875740601659873,45.40717880822214,17.0],[11.875735863624788,45.40715597427944,17.0],[11.875613672896776,45.40714789231346,17.0],[11.8753545503534,45.40713083919924,17.0],[11.875299932191117,45.407127264938666,17.0],[11.87525569665685,45.4071243290974,17.0],[11.875222746582619,45.40712218903082,17.0],[11.874831948761605,45.40709648077961,17.0],[11.874738610223904,45.4070903715531,17.0],[11.874718463986508,45.40708871878395,16.0],[11.874721546423192,45.407111684138066,17.0],[11.874721902181268,45.407113655424844,17.0],[11.87472475254078,45.407134556718994,17.0],[11.875260691217582,45.40716983942291,17.0],[11.875273656167835,45.4073068718909,17.0],[11.874743518411906,45.40727009278469,17.0],[11.874748762973761,45.40730794597409,17.0],[11.874750139963217,45.40731745273319,17.0],[11.874753988726361,45.40734543944978,17.0],[11.874800015840075,45.407348420393454,17.0],[11.875281187127346,45.40737968238913,17.0],[11.875326443686385,45.40738259249081,17.0],[11.875727226121235,45.407408587291414,17.0],[11.87579004934739,45.40741267453293,17.0],[11.87577455917349,45.40733916459232,17.0]]]}},{"type":"Feature","id":"UN_VOL:50323","properties":{"OBJECTID":50323,"UN_VOL_POR":"03","UN_VOL_STA":"","UN_VOL_QGR":34.2,"UN_VOL_QCO":0.0,"UN_VOL_AV":17.76,"UN_VOL_INH":6.9,"Shape_Leng":43.2622825415,"Shape_Area":57.1759877897},"geometry":{"type":"Polygon","coordinates":[[[11.875836773189594,45.40740924690393,17.0],[11.875882657732182,45.40740187952054,17.0],[11.87586556469754,45.40734461217766,17.0],[11.875795527249798,45.4073544785063,17.0],[11.875776846585483,45.4072835695087,17.0],[11.875763296245756,45.40728598132322,17.0],[11.87577455917349,45.40733916459232,17.0],[11.87579004934739,45.40741267453293,17.0],[11.875790888081527,45.40741661428308,17.0],[11.875836773189594,45.40740924690393,17.0]]]}},{"type":"Feature","id":"UN_VOL:50324","properties":{"OBJECTID":50324,"UN_VOL_POR":"03","UN_VOL_STA":"","UN_VOL_QGR":28.5,"UN_VOL_QCO":0.0,"UN_VOL_AV":12.05,"UN_VOL_INH":8.42,"Shape_Leng":71.743246466,"Shape_Area":281.278895161},"geometry":{"type":"Polygon","coordinates":[[[11.87318106582479,45.40744878690871,17.0],[11.873180814668958,45.40743376126579,17.0],[11.873179868909478,45.407379867711605,17.0],[11.87291761065496,45.40737909020196,17.0],[11.872871087169283,45.40737891127682,17.0],[11.87287054426633,45.40748405945001,17.0],[11.872912582721726,45.40748399150469,17.0],[11.87314486307986,45.407483273501,17.0],[11.873182043035179,45.4074831473127,17.0],[11.87318106582479,45.40744878690871,17.0]]]}},{"type":"Feature","id":"UN_VOL:50331","properties":{"OBJECTID":50331,"UN_VOL_POR":"03","UN_VOL_STA":"","UN_VOL_QGR":23.46,"UN_VOL_QCO":0.0,"UN_VOL_AV":7.45,"UN_VOL_INH":6.86,"Shape_Leng":23.3302638796,"Shape_Area":29.4971273388},"geometry":{"type":"Polygon","coordinates":[[[11.875334777410957,45.407403265542584,17.0],[11.875328387432583,45.40740324647513,17.0],[11.875326443686385,45.40738259249081,17.0],[11.875281187127346,45.40737968238913,17.0],[11.8752837278929,45.40740455196974,17.0],[11.875277347048335,45.407404712762826,17.0],[11.875281351776282,45.4074433171545,17.0],[11.875310318474572,45.407445017692645,17.0],[11.875339284601768,45.407446717847996,17.0],[11.875334777410957,45.407403265542584,17.0]]]}},{"type":"Feature","id":"UN_VOL:50337","properties":{"OBJECTID":50337,"UN_VOL_POR":"03","UN_VOL_STA":"","UN_VOL_QGR":29.02,"UN_VOL_QCO":0.0,"UN_VOL_AV":12.04,"UN_VOL_INH":3.9,"Shape_Leng":49.0568075523,"Shape_Area":64.5308595304},"geometry":{"type":"Polygon","coordinates":[[[11.873962921428909,45.40742216551093,17.0],[11.873959315472858,45.407414065197194,17.0],[11.873923376735155,45.40742352173422,17.0],[11.873816784748719,45.40745086992853,17.0],[11.873701654787899,45.40747114199487,17.0],[11.873705070394273,45.40749814953074,17.0],[11.873706725020126,45.40749801781132,17.0],[11.873827934921101,45.40747669252899,17.0],[11.873895551968863,45.40745941721786,17.0],[11.873970985520872,45.40744005478287,17.0],[11.873962921428909,45.40742216551093,17.0]]]}},{"type":"Feature","id":"UN_VOL:50339","properties":{"OBJECTID":50339,"UN_VOL_POR":"03","UN_VOL_STA":"","UN_VOL_QGR":26.57,"UN_VOL_QCO":0.0,"UN_VOL_AV":9.59,"UN_VOL_INH":3.9,"Shape_Leng":12.8419352912,"Shape_Area":10.2724531574},"geometry":{"type":"Polygon","coordinates":[[[11.87347210496265,45.40748034330633,17.0],[11.873428630682826,45.407477297538094,17.0],[11.873425200244846,45.4075053779546,17.0],[11.873467571602166,45.407506831436876,17.0],[11.87347210496265,45.40748034330633,17.0]]]}},{"type":"Feature","id":"UN_VOL:50342","properties":{"OBJECTID":50342,"UN_VOL_POR":"03","UN_VOL_STA":"","UN_VOL_QGR":29.7,"UN_VOL_QCO":0.0,"UN_VOL_AV":12.72,"UN_VOL_INH":3.9,"Shape_Leng":17.0000877096,"Shape_Area":16.4326764665},"geometry":{"type":"Polygon","coordinates":[[[11.873540188468981,45.40748483959681,17.0],[11.873539167641388,45.407484865305385,17.0],[11.87347210496265,45.40748034330633,17.0],[11.873467571602166,45.407506831436876,17.0],[11.873539396493637,45.40751204353815,17.0],[11.873540188468981,45.40748483959681,17.0]]]}},{"type":"Feature","id":"UN_VOL:50343","properties":{"OBJECTID":50343,"UN_VOL_POR":"03","UN_VOL_STA":"","UN_VOL_QGR":30.41,"UN_VOL_QCO":0.0,"UN_VOL_AV":13.42,"UN_VOL_INH":3.9,"Shape_Leng":31.8397508582,"Shape_Area":38.642493168},"geometry":{"type":"Polygon","coordinates":[[[11.873705070394273,45.40749814953074,17.0],[11.873701654787899,45.40747114199487,17.0],[11.873699754479876,45.40747145960561,17.0],[11.873540188468981,45.40748483959681,17.0],[11.873539396493637,45.40751204353815,17.0],[11.873705070394273,45.40749814953074,17.0]]]}},{"type":"Feature","id":"UN_VOL:50344","properties":{"OBJECTID":50344,"UN_VOL_POR":"03","UN_VOL_STA":"","UN_VOL_QGR":38.76,"UN_VOL_QCO":0.0,"UN_VOL_AV":22.32,"UN_VOL_INH":7.8,"Shape_Leng":55.9725095421,"Shape_Area":189.315454721},"geometry":{"type":"Polygon","coordinates":[[[11.876028182183108,45.40732089057829,17.0],[11.875888794321359,45.40731891298472,17.0],[11.8758948717883,45.407340452895255,17.0],[11.875867592639626,45.40734429092403,17.0],[11.87586556469754,45.40734461217766,17.0],[11.875882657732182,45.40740187952054,17.0],[11.875890572292816,45.407424363252716,17.0],[11.876064689929152,45.407448418409345,17.0],[11.876068991063601,45.40738215054902,17.0],[11.876071081035118,45.40735788463667,17.0],[11.876069783374419,45.40732227245889,17.0],[11.876028182183108,45.40732089057829,17.0]]]}},{"type":"Feature","id":"UN_VOL:50346","properties":{"OBJECTID":50346,"UN_VOL_POR":"03","UN_VOL_STA":"","UN_VOL_QGR":34.4,"UN_VOL_QCO":0.0,"UN_VOL_AV":17.96,"UN_VOL_INH":5.7,"Shape_Leng":82.0016890118,"Shape_Area":169.290608152},"geometry":{"type":"Polygon","coordinates":[[[11.876211443197063,45.407441928937935,16.0],[11.87660918561044,45.407375374200655,17.0],[11.876611829062744,45.40737458718219,17.0],[11.87660386714518,45.40734112327302,18.0],[11.876601892608267,45.40733244202227,18.0],[11.876249001175195,45.407393905257386,17.0],[11.876173133561768,45.407397168003016,17.0],[11.876163329525376,45.40739786536864,17.0],[11.876161643588857,45.40745020517241,17.0],[11.876211443197063,45.407441928937935,16.0]]]}},{"type":"Feature","id":"UN_VOL:50351","properties":{"OBJECTID":50351,"UN_VOL_POR":"03","UN_VOL_STA":"","UN_VOL_QGR":29.91,"UN_VOL_QCO":0.0,"UN_VOL_AV":13.47,"UN_VOL_INH":13.17,"Shape_Leng":23.0893370762,"Shape_Area":32.7503799356},"geometry":{"type":"Polygon","coordinates":[[[11.87579004934739,45.40741267453293,17.0],[11.875727226121235,45.407408587291414,17.0],[11.875720453890509,45.40746897627897,17.0],[11.875764543233112,45.40747155582683,17.0],[11.87578030987175,45.40747250837211,16.0],[11.875790888081527,45.40741661428308,17.0],[11.87579004934739,45.40741267453293,17.0]]]}},{"type":"Feature","id":"UN_VOL:50362","properties":{"OBJECTID":50362,"UN_VOL_POR":"03","UN_VOL_STA":"","UN_VOL_QGR":28.93,"UN_VOL_QCO":0.0,"UN_VOL_AV":11.38,"UN_VOL_INH":5.25,"Shape_Leng":51.6585138551,"Shape_Area":68.379756979},"geometry":{"type":"Polygon","coordinates":[[[11.876900685041138,45.40739835890977,18.0],[11.876890413496564,45.40737224431621,18.0],[11.876620278729952,45.407452865334825,18.0],[11.876631220287338,45.407477072857624,18.0],[11.876666056293724,45.407468543346255,18.0],[11.876900685041138,45.40739835890977,18.0]]]}},{"type":"Feature","id":"UN_VOL:50379","properties":{"OBJECTID":50379,"UN_VOL_POR":"03","UN_VOL_STA":"","UN_VOL_QGR":29.33,"UN_VOL_QCO":0.0,"UN_VOL_AV":11.78,"UN_VOL_INH":4.58,"Shape_Leng":35.6784928806,"Shape_Area":44.4875893077},"geometry":{"type":"Polygon","coordinates":[[[11.876631220287338,45.407477072857624,18.0],[11.876620278729952,45.407452865334825,18.0],[11.876438390868467,45.407489675060376,17.0],[11.876446739134046,45.40751565847559,17.0],[11.876482177242865,45.40750891438775,17.0],[11.876593608551268,45.407486302274634,18.0],[11.876629830153714,45.40747737804492,18.0],[11.876631220287338,45.407477072857624,18.0]]]}},{"type":"Feature","id":"UN_VOL:50389","properties":{"OBJECTID":50389,"UN_VOL_POR":"03","UN_VOL_STA":"","UN_VOL_QGR":29.81,"UN_VOL_QCO":0.0,"UN_VOL_AV":12.26,"UN_VOL_INH":5.25,"Shape_Leng":46.4994830478,"Shape_Area":107.507885196},"geometry":{"type":"Polygon","coordinates":[[[11.876996257551628,45.40744338587479,18.0],[11.876957136156078,45.407360030410125,18.0],[11.876932058919595,45.40736444311228,18.0],[11.876906853474152,45.40736885943137,18.0],[11.876894064078048,45.40737116214739,18.0],[11.876890413496564,45.40737224431621,18.0],[11.876900685041138,45.40739835890977,18.0],[11.87691112137746,45.407425189721636,18.0],[11.876911986861598,45.40745982266113,18.0],[11.876910886105849,45.40748343370909,18.0],[11.876905906910029,45.40750363189104,18.0],[11.876935111337344,45.40751756770804,18.0],[11.876958052208298,45.407523920152016,18.0],[11.876980865964635,45.407530275796475,18.0],[11.876999520819165,45.4074824591352,18.0],[11.876996257551628,45.40744338587479,18.0]]]}},{"type":"Feature","id":"UN_VOL:50393","properties":{"OBJECTID":50393,"UN_VOL_POR":"03","UN_VOL_STA":"","UN_VOL_QGR":27.81,"UN_VOL_QCO":0.0,"UN_VOL_AV":10.33,"UN_VOL_INH":4.6,"Shape_Leng":48.2765048017,"Shape_Area":63.4445620039},"geometry":{"type":"Polygon","coordinates":[[[11.876446739134046,45.40751565847559,17.0],[11.876438390868467,45.407489675060376,17.0],[11.876175617457957,45.40753662490471,17.0],[11.87618588469434,45.407562649623955,17.0],[11.876408261383439,45.407522929413446,17.0],[11.876445216757194,45.407515876947635,17.0],[11.876446739134046,45.40751565847559,17.0]]]}},{"type":"Feature","id":"UN_VOL:50399","properties":{"OBJECTID":50399,"UN_VOL_POR":"03","UN_VOL_STA":"","UN_VOL_QGR":27.73,"UN_VOL_QCO":0.0,"UN_VOL_AV":10.19,"UN_VOL_INH":4.7,"Shape_Leng":23.2695188502,"Shape_Area":25.9117973551},"geometry":{"type":"Polygon","coordinates":[[[11.87618588469434,45.407562649623955,17.0],[11.876175617457957,45.40753662490471,17.0],[11.876069810176304,45.40755675441135,17.0],[11.876078809780669,45.40758299118603,17.0],[11.876185379125875,45.407562752414755,17.0],[11.87618588469434,45.407562649623955,17.0]]]}},{"type":"Feature","id":"UN_VOL:50406","properties":{"OBJECTID":50406,"UN_VOL_POR":"03","UN_VOL_STA":"","UN_VOL_QGR":24.95,"UN_VOL_QCO":0.0,"UN_VOL_AV":9.33,"UN_VOL_INH":3.85,"Shape_Leng":48.78771956,"Shape_Area":148.091082779},"geometry":{"type":"Polygon","coordinates":[[[11.871126346260947,45.40771527827873,16.0],[11.871094202104619,45.40760051108324,16.0],[11.870951878291045,45.40762128454215,16.0],[11.870965000754397,45.40766839108998,16.0],[11.87098376682847,45.40773605820929,15.0],[11.871126346260947,45.40771527827873,16.0]]]}},{"type":"Feature","id":"UN_VOL:50410","properties":{"OBJECTID":50410,"UN_VOL_POR":"03","UN_VOL_STA":"","UN_VOL_QGR":30.38,"UN_VOL_QCO":0.0,"UN_VOL_AV":13.66,"UN_VOL_INH":3.6,"Shape_Leng":17.6223436885,"Shape_Area":17.349175426},"geometry":{"type":"Polygon","coordinates":[[[11.873719196935427,45.40785703405112,17.0],[11.873719579955484,45.40785702440451,17.0],[11.873718257420876,45.40785111696424,17.0],[11.873714632765592,45.407830055054404,17.0],[11.873640930005106,45.407843252886124,17.0],[11.873649673753432,45.4078694962955,17.0],[11.873719196935427,45.40785703405112,17.0]]]}},{"type":"Feature","id":"UN_VOL:50413","properties":{"OBJECTID":50413,"UN_VOL_POR":"03","UN_VOL_STA":"","UN_VOL_QGR":26.06,"UN_VOL_QCO":0.0,"UN_VOL_AV":8.8,"UN_VOL_INH":3.6,"Shape_Leng":34.4581052418,"Shape_Area":20.6022093521},"geometry":{"type":"Polygon","coordinates":[[[11.87676008979897,45.408290597698254,17.0],[11.876755330090756,45.4082799163755,17.0],[11.876701332410251,45.40829360949902,17.0],[11.876698934553755,45.408294209844186,17.0],[11.876558822091392,45.408318265113984,17.0],[11.87656592503984,45.40832978783819,17.0],[11.876703698842016,45.408304981490396,17.0],[11.87676008979897,45.408290597698254,17.0]]]}},{"type":"Feature","id":"UN_VOL:50414","properties":{"OBJECTID":50414,"UN_VOL_POR":"03","UN_VOL_STA":"","UN_VOL_QGR":28.18,"UN_VOL_QCO":0.0,"UN_VOL_AV":12.16,"UN_VOL_INH":6.69,"Shape_Leng":26.4624992252,"Shape_Area":30.4904548271},"geometry":{"type":"Polygon","coordinates":[[[11.87315025071749,45.40840531633993,16.0],[11.873118973571815,45.40831528140443,17.0],[11.873081625064623,45.40832216259633,16.0],[11.873113872818747,45.40841118297699,16.0],[11.87315025071749,45.40840531633993,16.0]]]}},{"type":"Feature","id":"UN_VOL:50418","properties":{"OBJECTID":50418,"UN_VOL_POR":"03","UN_VOL_STA":"","UN_VOL_QGR":28.54,"UN_VOL_QCO":0.0,"UN_VOL_AV":12.58,"UN_VOL_INH":5.5,"Shape_Leng":40.1554148007,"Shape_Area":52.7617815322},"geometry":{"type":"Polygon","coordinates":[[[11.874699060175335,45.408234257448576,16.0],[11.87465978772733,45.40823092619485,16.0],[11.874627791488571,45.408380973342936,16.0],[11.87466702765016,45.40838610567782,16.0],[11.87468453834096,45.408303122798664,16.0],[11.874699060175335,45.408234257448576,16.0]]]}},{"type":"Feature","id":"UN_VOL:50419","properties":{"OBJECTID":50419,"UN_VOL_POR":"03","UN_VOL_STA":"","UN_VOL_QGR":27.04,"UN_VOL_QCO":0.0,"UN_VOL_AV":10.84,"UN_VOL_INH":4.91,"Shape_Leng":29.3959620264,"Shape_Area":51.678860156},"geometry":{"type":"Polygon","coordinates":[[[11.874804110499447,45.40830740128251,16.0],[11.874755298117362,45.408302420218675,16.0],[11.874730761419057,45.40829988794359,16.0],[11.874711564061775,45.40837985290322,16.0],[11.874750403914971,45.408382204523534,16.0],[11.874786681721996,45.408384440977635,16.0],[11.874804110499447,45.40830740128251,16.0]]]}},{"type":"Feature","id":"UN_VOL:50420","properties":{"OBJECTID":50420,"UN_VOL_POR":"03","UN_VOL_STA":"","UN_VOL_QGR":24.73,"UN_VOL_QCO":0.0,"UN_VOL_AV":8.72,"UN_VOL_INH":8.84,"Shape_Leng":20.7075508622,"Shape_Area":9.76317390789},"geometry":{"type":"Polygon","coordinates":[[[11.87651514337471,45.40832629753384,17.0],[11.876513137028088,45.408319506897605,17.0],[11.876398148351377,45.4083400482648,16.0],[11.876399967831814,45.40834819353588,16.0],[11.876516096122481,45.408329963873705,17.0],[11.87651514337471,45.40832629753384,17.0]]]}},{"type":"Feature","id":"UN_VOL:50425","properties":{"OBJECTID":50425,"UN_VOL_POR":"03","UN_VOL_STA":"","UN_VOL_QGR":27.13,"UN_VOL_QCO":0.0,"UN_VOL_AV":11.06,"UN_VOL_INH":3.9,"Shape_Leng":46.1212217896,"Shape_Area":56.6761721688},"geometry":{"type":"Polygon","coordinates":[[[11.874052610468393,45.408421206412804,16.0],[11.874046278829036,45.408414794821375,16.0],[11.873883806839691,45.408277837619,16.0],[11.873857448655059,45.40829479373246,16.0],[11.87401913177926,45.408431320998154,16.0],[11.874052610468393,45.408421206412804,16.0]]]}},{"type":"Feature","id":"UN_VOL:50426","properties":{"OBJECTID":50426,"UN_VOL_POR":"03","UN_VOL_STA":"","UN_VOL_QGR":25.44,"UN_VOL_QCO":0.0,"UN_VOL_AV":9.14,"UN_VOL_INH":3.42,"Shape_Leng":19.1053232639,"Shape_Area":22.3748193593},"geometry":{"type":"Polygon","coordinates":[[[11.876094197140555,45.40837894474966,16.0],[11.876092950806687,45.40835944342015,16.0],[11.876091699905533,45.408339852158946,16.0],[11.876026096263828,45.40834897692981,16.0],[11.876028698286783,45.408387616646735,16.0],[11.876094197140555,45.40837894474966,16.0]]]}},{"type":"Feature","id":"UN_VOL:50428","properties":{"OBJECTID":50428,"UN_VOL_POR":"03","UN_VOL_STA":"","UN_VOL_QGR":27.92,"UN_VOL_QCO":0.0,"UN_VOL_AV":11.96,"UN_VOL_INH":5.64,"Shape_Leng":17.7118557678,"Shape_Area":17.8812709435},"geometry":{"type":"Polygon","coordinates":[[[11.87466702765016,45.40838610567782,16.0],[11.874627791488571,45.408380973342936,16.0],[11.874617179241667,45.40843119756615,16.0],[11.874656106006235,45.40843777805825,16.0],[11.87466702765016,45.40838610567782,16.0]]]}},{"type":"Feature","id":"UN_VOL:50429","properties":{"OBJECTID":50429,"UN_VOL_POR":"03","UN_VOL_STA":"","UN_VOL_QGR":29.7,"UN_VOL_QCO":0.0,"UN_VOL_AV":15.88,"UN_VOL_INH":5.06,"Shape_Leng":43.3700975661,"Shape_Area":35.0421117434},"geometry":{"type":"Polygon","coordinates":[[[11.871190380744979,45.408526930552455,15.0],[11.871133348685023,45.40835986201562,15.0],[11.871132906392285,45.40835870292664,15.0],[11.871103866848236,45.408363124391876,15.0],[11.871105813266157,45.4083687460232,15.0],[11.871115909613508,45.40839900613613,15.0],[11.871126721642517,45.40839801409036,15.0],[11.871136699436924,45.408430977808315,15.0],[11.871166756542559,45.4085297754062,15.0],[11.871190380744979,45.408526930552455,15.0]]]}},{"type":"Feature","id":"UN_VOL:50430","properties":{"OBJECTID":50430,"UN_VOL_POR":"03","UN_VOL_STA":"","UN_VOL_QGR":27.44,"UN_VOL_QCO":0.0,"UN_VOL_AV":12.65,"UN_VOL_INH":3.9,"Shape_Leng":24.9786929699,"Shape_Area":14.279635442},"geometry":{"type":"Polygon","coordinates":[[[11.871166756542559,45.4085297754062,15.0],[11.871136699436924,45.408430977808315,15.0],[11.871118927312237,45.40843331520922,15.0],[11.871152389466248,45.408531216709186,15.0],[11.871166756542559,45.4085297754062,15.0]]]}},{"type":"Feature","id":"UN_VOL:50431","properties":{"OBJECTID":50431,"UN_VOL_POR":"03","UN_VOL_STA":"","UN_VOL_QGR":27.87,"UN_VOL_QCO":0.0,"UN_VOL_AV":10.84,"UN_VOL_INH":5.33,"Shape_Leng":21.9485480718,"Shape_Area":18.3828122716},"geometry":{"type":"Polygon","coordinates":[[[11.877486915218656,45.408372814474845,17.0],[11.877486454534216,45.408371296077036,17.0],[11.87746973998176,45.40829385675451,17.0],[11.87744346736622,45.40829487910616,17.0],[11.877459963100375,45.40837304432505,17.0],[11.877460277847218,45.40837420660596,17.0],[11.877486915218656,45.408372814474845,17.0]]]}},{"type":"Feature","id":"UN_VOL:50435","properties":{"OBJECTID":50435,"UN_VOL_POR":"03","UN_VOL_STA":"","UN_VOL_QGR":25.27,"UN_VOL_QCO":0.0,"UN_VOL_AV":8.98,"UN_VOL_INH":3.42,"Shape_Leng":67.9413308123,"Shape_Area":127.829579293},"geometry":{"type":"Polygon","coordinates":[[[11.875693752588733,45.408435214301356,16.0],[11.875845648642573,45.40841419327071,16.0],[11.875965487859554,45.40839605073203,16.0],[11.876028698286783,45.408387616646735,16.0],[11.876026096263828,45.40834897692981,16.0],[11.87589718702855,45.408367168046695,16.0],[11.875655425090228,45.408400175192575,16.0],[11.875656694094724,45.408420125799495,16.0],[11.875657967135338,45.40844016674123,16.0],[11.875693752588733,45.408435214301356,16.0]]]}},{"type":"Feature","id":"UN_VOL:50439","properties":{"OBJECTID":50439,"UN_VOL_POR":"03","UN_VOL_STA":"","UN_VOL_QGR":23.5,"UN_VOL_QCO":0.0,"UN_VOL_AV":7.54,"UN_VOL_INH":3.67,"Shape_Leng":57.8215707272,"Shape_Area":95.0767293781},"geometry":{"type":"Polygon","coordinates":[[[11.874186060140916,45.408396781778436,16.0],[11.874136089307484,45.40838660886621,16.0],[11.874119340586702,45.408419165370276,16.0],[11.874360630344697,45.40846745482668,16.0],[11.87442957222742,45.408481290318306,16.0],[11.874442629010906,45.408449006869766,16.0],[11.874440951530264,45.4084486889417,16.0],[11.874371480743497,45.408434506983404,16.0],[11.874186060140916,45.408396781778436,16.0]]]}},{"type":"Feature","id":"UN_VOL:50445","properties":{"OBJECTID":50445,"UN_VOL_POR":"03","UN_VOL_STA":"","UN_VOL_QGR":23.83,"UN_VOL_QCO":0.0,"UN_VOL_AV":9.05,"UN_VOL_INH":4.14,"Shape_Leng":21.9155034315,"Shape_Area":23.8320247847},"geometry":{"type":"Polygon","coordinates":[[[11.871213108244836,45.40859710852008,15.0],[11.871190380744979,45.408526930552455,15.0],[11.871166756542559,45.4085297754062,15.0],[11.871152389466248,45.408531216709186,15.0],[11.871174806881529,45.408600322705354,15.0],[11.871213108244836,45.40859710852008,15.0]]]}},{"type":"Feature","id":"UN_VOL:50446","properties":{"OBJECTID":50446,"UN_VOL_POR":"03","UN_VOL_STA":"","UN_VOL_QGR":26.5,"UN_VOL_QCO":0.0,"UN_VOL_AV":10.54,"UN_VOL_INH":5.64,"Shape_Leng":23.7132323529,"Shape_Area":26.9570849224},"geometry":{"type":"Polygon","coordinates":[[[11.874656106006235,45.40843777805825,16.0],[11.874617179241667,45.40843119756615,16.0],[11.874600347062309,45.40850993270014,16.0],[11.874638179995054,45.40851510039694,16.0],[11.874656106006235,45.40843777805825,16.0]]]}},{"type":"Feature","id":"UN_VOL:50448","properties":{"OBJECTID":50448,"UN_VOL_POR":"03","UN_VOL_STA":"","UN_VOL_QGR":23.43,"UN_VOL_QCO":0.0,"UN_VOL_AV":7.24,"UN_VOL_INH":3.9,"Shape_Leng":24.2681137576,"Shape_Area":31.1951132873},"geometry":{"type":"Polygon","coordinates":[[[11.872630138355449,45.40856630264511,16.0],[11.872606816287629,45.40849199933612,16.0],[11.872560506308535,45.408498566078755,16.0],[11.872583677829395,45.40857242295338,16.0],[11.872630138355449,45.40856630264511,16.0]]]}},{"type":"Feature","id":"UN_VOL:50449","properties":{"OBJECTID":50449,"UN_VOL_POR":"03","UN_VOL_STA":"","UN_VOL_QGR":28.57,"UN_VOL_QCO":0.0,"UN_VOL_AV":12.37,"UN_VOL_INH":5.65,"Shape_Leng":36.4558221327,"Shape_Area":45.6413962868},"geometry":{"type":"Polygon","coordinates":[[[11.874750403914971,45.408382204523534,16.0],[11.874711564061775,45.40837985290322,16.0],[11.874686349349943,45.40851496699389,15.0],[11.874687635209972,45.40851511430151,15.0],[11.874723593985575,45.4085186190785,16.0],[11.874750403914971,45.408382204523534,16.0]]]}},{"type":"Feature","id":"UN_VOL:50452","properties":{"OBJECTID":50452,"UN_VOL_POR":"03","UN_VOL_STA":"","UN_VOL_QGR":24.06,"UN_VOL_QCO":0.0,"UN_VOL_AV":8.17,"UN_VOL_INH":3.35,"Shape_Leng":15.0694592447,"Shape_Area":11.7769019697},"geometry":{"type":"Polygon","coordinates":[[[11.874435956231526,45.4085214548582,16.0],[11.874369977233952,45.40851060554237,16.0],[11.874364959996697,45.40853008458453,16.0],[11.874431084954622,45.408541290413325,16.0],[11.874435956231526,45.4085214548582,16.0]]]}},{"type":"Feature","id":"UN_VOL:50453","properties":{"OBJECTID":50453,"UN_VOL_POR":"03","UN_VOL_STA":"","UN_VOL_QGR":25.92,"UN_VOL_QCO":0.0,"UN_VOL_AV":9.98,"UN_VOL_INH":4.0,"Shape_Leng":34.066183279,"Shape_Area":51.2079122486},"geometry":{"type":"Polygon","coordinates":[[[11.875037451505554,45.408418088123675,16.0],[11.875020012247683,45.4084169074805,16.0],[11.87500246810182,45.40853445596279,16.0],[11.875016702932397,45.40853544721037,16.0],[11.875051959998888,45.408537709299594,16.0],[11.875069636303593,45.40842024791626,16.0],[11.875048222507143,45.40841880684878,16.0],[11.875047451913279,45.4084187366087,16.0],[11.875037451505554,45.408418088123675,16.0]]]}},{"type":"Feature","id":"UN_VOL:50456","properties":{"OBJECTID":50456,"UN_VOL_POR":"03","UN_VOL_STA":"","UN_VOL_QGR":26.57,"UN_VOL_QCO":0.0,"UN_VOL_AV":10.58,"UN_VOL_INH":5.73,"Shape_Leng":93.6821844457,"Shape_Area":134.350106402},"geometry":{"type":"Polygon","coordinates":[[[11.877672104559556,45.40848138005996,16.0],[11.877657522801515,45.40840064646164,17.0],[11.878060316334821,45.40837806543754,16.0],[11.878057007975146,45.40835069514329,16.0],[11.877845501425641,45.4083604406594,16.0],[11.877792719110275,45.40836285208645,16.0],[11.877654296618061,45.40837237400525,17.0],[11.877607818358204,45.40837561648189,17.0],[11.87761868389117,45.408408376760065,17.0],[11.87764025192027,45.40847318221986,17.0],[11.877667681976638,45.40846978980539,16.0],[11.877672104559556,45.40848138005996,16.0]]]}},{"type":"Feature","id":"UN_VOL:50458","properties":{"OBJECTID":50458,"UN_VOL_POR":"03","UN_VOL_STA":"","UN_VOL_QGR":20.44,"UN_VOL_QCO":0.0,"UN_VOL_AV":5.65,"UN_VOL_INH":2.63,"Shape_Leng":18.505017746,"Shape_Area":18.7145113736},"geometry":{"type":"Polygon","coordinates":[[[11.871232522049862,45.40864981737267,15.0],[11.871213108244836,45.40859710852008,15.0],[11.871174806881529,45.408600322705354,15.0],[11.871175864163439,45.408603536225456,15.0],[11.87119554185637,45.40865641853757,15.0],[11.871232522049862,45.40864981737267,15.0]]]}},{"type":"Feature","id":"UN_VOL:50461","properties":{"OBJECTID":50461,"UN_VOL_POR":"03","UN_VOL_STA":"","UN_VOL_QGR":29.77,"UN_VOL_QCO":0.0,"UN_VOL_AV":12.74,"UN_VOL_INH":5.33,"Shape_Leng":34.8875553523,"Shape_Area":31.6953756585},"geometry":{"type":"Polygon","coordinates":[[[11.877486915218656,45.408372814474845,17.0],[11.877460277847218,45.40837420660596,17.0],[11.877488517413164,45.40850743298792,17.0],[11.877494274262162,45.408507557947765,17.0],[11.877520756883131,45.408508150350684,17.0],[11.877504168971491,45.40846086181799,17.0],[11.877486915218656,45.408372814474845,17.0]]]}},{"type":"Feature","id":"UN_VOL:50465","properties":{"OBJECTID":50465,"UN_VOL_POR":"03","UN_VOL_STA":"","UN_VOL_QGR":30.99,"UN_VOL_QCO":0.0,"UN_VOL_AV":14.69,"UN_VOL_INH":4.95,"Shape_Leng":27.0785671847,"Shape_Area":44.8479998512},"geometry":{"type":"Polygon","coordinates":[[[11.875947315499822,45.40850119341642,16.0],[11.875847561441208,45.40849965714712,16.0],[11.875840496659444,45.40854925218102,16.0],[11.87593693274428,45.408555912757,16.0],[11.875947315499822,45.40850119341642,16.0]]]}},{"type":"Feature","id":"UN_VOL:50472","properties":{"OBJECTID":50472,"UN_VOL_POR":"03","UN_VOL_STA":"","UN_VOL_QGR":23.72,"UN_VOL_QCO":0.0,"UN_VOL_AV":7.43,"UN_VOL_INH":3.06,"Shape_Leng":40.9788207454,"Shape_Area":48.024164102},"geometry":{"type":"Polygon","coordinates":[[[11.873114089202332,45.40856653941009,16.0],[11.873096615264435,45.408499199910416,16.0],[11.873062730383383,45.40850383353809,16.0],[11.87308035076573,45.40857152954257,16.0],[11.873103682984503,45.408661134603385,16.0],[11.873137576510173,45.40865668044968,16.0],[11.873114089202332,45.40856653941009,16.0]]]}},{"type":"Feature","id":"UN_VOL:50475","properties":{"OBJECTID":50475,"UN_VOL_POR":"01","UN_VOL_STA":"","UN_VOL_QGR":26.09,"UN_VOL_QCO":0.0,"UN_VOL_AV":9.8,"UN_VOL_INH":4.95,"Shape_Leng":61.1376253404,"Shape_Area":220.553672247},"geometry":{"type":"Polygon","coordinates":[[[11.875840496659444,45.40854925218102,16.0],[11.875847561441208,45.40849965714712,16.0],[11.875845648642573,45.40841419327071,16.0],[11.875693752588733,45.408435214301356,16.0],[11.875695469973191,45.40847657655496,16.0],[11.875694685221363,45.40851899238421,16.0],[11.875685269712775,45.40858520902404,16.0],[11.875831822877375,45.408599877892485,16.0],[11.875840496659444,45.40854925218102,16.0]]]}},{"type":"Feature","id":"UN_VOL:50481","properties":{"OBJECTID":50481,"UN_VOL_POR":"03","UN_VOL_STA":"","UN_VOL_QGR":23.84,"UN_VOL_QCO":0.0,"UN_VOL_AV":7.54,"UN_VOL_INH":2.75,"Shape_Leng":66.7745111088,"Shape_Area":84.5171017875},"geometry":{"type":"Polygon","coordinates":[[[11.875695469973191,45.40847657655496,16.0],[11.875693752588733,45.408435214301356,16.0],[11.875657967135338,45.40844016674123,16.0],[11.875660345356076,45.40847692190377,16.0],[11.87565959691595,45.40851753627182,16.0],[11.875646983600419,45.408606336620615,16.0],[11.875675371316547,45.40860922148599,16.0],[11.875827471714455,45.40862492077229,16.0],[11.875831822877375,45.408599877892485,16.0],[11.875685269712775,45.40858520902404,16.0],[11.875694685221363,45.40851899238421,16.0],[11.875695469973191,45.40847657655496,16.0]]]}},{"type":"Feature","id":"UN_VOL:50485","properties":{"OBJECTID":50485,"UN_VOL_POR":"03","UN_VOL_STA":"","UN_VOL_QGR":24.65,"UN_VOL_QCO":0.0,"UN_VOL_AV":8.75,"UN_VOL_INH":5.0,"Shape_Leng":59.7854052224,"Shape_Area":63.1979660564},"geometry":{"type":"Polygon","coordinates":[[[11.874498461782446,45.40853185213951,16.0],[11.874435956231526,45.4085214548582,16.0],[11.874431084954622,45.408541290413325,16.0],[11.874596467895886,45.40856943869491,16.0],[11.874587732767324,45.40866921268726,16.0],[11.874586858349733,45.408679675855026,16.0],[11.874616576915745,45.40868108748688,16.0],[11.874626946973146,45.40855309857551,16.0],[11.874498461782446,45.40853185213951,16.0]]]}},{"type":"Feature","id":"UN_VOL:50486","properties":{"OBJECTID":50486,"UN_VOL_POR":"03","UN_VOL_STA":"","UN_VOL_QGR":23.63,"UN_VOL_QCO":0.0,"UN_VOL_AV":8.85,"UN_VOL_INH":5.43,"Shape_Leng":32.552819028,"Shape_Area":39.5166325488},"geometry":{"type":"Polygon","coordinates":[[[11.87127614444071,45.4087666361097,15.0],[11.871274731448686,45.40876397104281,15.0],[11.871232522049862,45.40864981737267,15.0],[11.87119554185637,45.40865641853757,15.0],[11.871238006558128,45.40877056618672,15.0],[11.87127614444071,45.4087666361097,15.0]]]}},{"type":"Feature","id":"UN_VOL:50488","properties":{"OBJECTID":50488,"UN_VOL_POR":"03","UN_VOL_STA":"","UN_VOL_QGR":25.28,"UN_VOL_QCO":0.0,"UN_VOL_AV":9.0,"UN_VOL_INH":5.38,"Shape_Leng":22.6672371637,"Shape_Area":23.3029007395},"geometry":{"type":"Polygon","coordinates":[[[11.873157713205206,45.40873367443526,16.0],[11.873137576510173,45.40865668044968,16.0],[11.873103682984503,45.408661134603385,16.0],[11.873123500410898,45.40873687636916,16.0],[11.873157713205206,45.40873367443526,16.0]]]}},{"type":"Feature","id":"UN_VOL:50489","properties":{"OBJECTID":50489,"UN_VOL_POR":"03","UN_VOL_STA":"","UN_VOL_QGR":27.27,"UN_VOL_QCO":0.0,"UN_VOL_AV":10.98,"UN_VOL_INH":4.8,"Shape_Leng":43.2424614437,"Shape_Area":89.6685683006},"geometry":{"type":"Polygon","coordinates":[[[11.876117935182148,45.408519215812355,16.0],[11.876102725164785,45.40851914936144,16.0],[11.876103841731178,45.40865936069407,16.0],[11.876118487041756,45.40866088173785,16.0],[11.876139814350159,45.40866313442561,16.0],[11.876162933144318,45.40866543238784,16.0],[11.876175910652094,45.40866681537113,16.0],[11.87617405464778,45.40851960136856,16.0],[11.876161268789305,45.408519473819226,16.0],[11.876138387355663,45.408519330606396,16.0],[11.876117935182148,45.408519215812355,16.0]]]}},{"type":"Feature","id":"UN_VOL:50494","properties":{"OBJECTID":50494,"UN_VOL_POR":"03","UN_VOL_STA":"","UN_VOL_QGR":26.08,"UN_VOL_QCO":0.0,"UN_VOL_AV":9.04,"UN_VOL_INH":3.71,"Shape_Leng":36.9957254111,"Shape_Area":32.8894681826},"geometry":{"type":"Polygon","coordinates":[[[11.877570776657546,45.40865000869577,16.0],[11.87757004690626,45.408648226943754,16.0],[11.877537340786382,45.40855534854519,17.0],[11.877520756883131,45.408508150350684,17.0],[11.877494274262162,45.408507557947765,17.0],[11.877545369914321,45.40865298987338,16.0],[11.877570776657546,45.40865000869577,16.0]]]}},{"type":"Feature","id":"UN_VOL:50547","properties":{"OBJECTID":50547,"UN_VOL_POR":"03","UN_VOL_STA":"","UN_VOL_QGR":38.4,"UN_VOL_QCO":0.0,"UN_VOL_AV":22.79,"UN_VOL_INH":4.54,"Shape_Leng":28.4892478265,"Shape_Area":15.5621518319},"geometry":{"type":"Polygon","coordinates":[[[11.875965168766587,45.40912182995083,14.0],[11.87579855090361,45.409119728554955,15.0],[11.875798086610839,45.4091307220651,16.0],[11.87596480532441,45.40913228063901,15.0],[11.875965168766587,45.40912182995083,14.0]]]}},{"type":"Feature","id":"UN_VOL:50548","properties":{"OBJECTID":50548,"UN_VOL_POR":"03","UN_VOL_STA":"","UN_VOL_QGR":41.79,"UN_VOL_QCO":0.0,"UN_VOL_AV":26.18,"UN_VOL_INH":4.54,"Shape_Leng":35.2262657968,"Shape_Area":26.6414009849},"geometry":{"type":"Polygon","coordinates":[[[11.87596480532441,45.40913228063901,15.0],[11.875798086610839,45.4091307220651,16.0],[11.87579855090361,45.409119728554955,15.0],[11.875777200231182,45.4091195466885,16.0],[11.875776596748368,45.40914539557693,16.0],[11.875964428556697,45.40914750219293,15.0],[11.87596480532441,45.40913228063901,15.0]]]}},{"type":"Feature","id":"UN_VOL:50549","properties":{"OBJECTID":50549,"UN_VOL_POR":"03","UN_VOL_STA":"","UN_VOL_QGR":30.97,"UN_VOL_QCO":0.0,"UN_VOL_AV":15.37,"UN_VOL_INH":4.78,"Shape_Leng":53.619680492,"Shape_Area":109.049377083},"geometry":{"type":"Polygon","coordinates":[[[11.876471372039383,45.40916253730949,16.0],[11.876471801229766,45.40912823192304,16.0],[11.876193422512975,45.40912471787884,16.0],[11.876192656613936,45.40917001355987,16.0],[11.876471258920748,45.40917289164185,16.0],[11.876471372039383,45.40916253730949,16.0]]]}},{"type":"Feature","id":"UN_VOL:50550","properties":{"OBJECTID":50550,"UN_VOL_POR":"03","UN_VOL_STA":"","UN_VOL_QGR":24.83,"UN_VOL_QCO":0.0,"UN_VOL_AV":9.68,"UN_VOL_INH":5.65,"Shape_Leng":92.2241411851,"Shape_Area":149.09613725},"geometry":{"type":"Polygon","coordinates":[[[11.871823867257035,45.40926070273402,15.0],[11.871821144901608,45.40922719628107,15.0],[11.87181866995529,45.409211146437706,15.0],[11.871814019947003,45.40919506129145,15.0],[11.871808536042536,45.40918016735142,15.0],[11.871792495287703,45.409151136698014,15.0],[11.871772489142542,45.40912706681192,15.0],[11.871758121924397,45.4091108660438,15.0],[11.871744397117492,45.40909725968224,15.0],[11.871716186009653,45.409075196446665,15.0],[11.871700856692886,45.40906523077388,15.0],[11.871683052479757,45.40905433726198,15.0],[11.871662887372427,45.40904476343033,15.0],[11.8716462864251,45.40903491980083,15.0],[11.871619356702244,45.40902551620934,15.0],[11.87159916881373,45.40901801323592,15.0],[11.87158076271507,45.40901289551032,15.0],[11.87157544357438,45.40901131926723,15.0],[11.871558915602003,45.4090079548173,15.0],[11.871543641033622,45.40900410858725,15.0],[11.871523526106383,45.40900056426306,15.0],[11.871512810192455,45.40903116801183,15.0],[11.87153060071464,45.40903423094408,15.0],[11.871544972986616,45.40903791979001,15.0],[11.871560858024388,45.409041210375705,15.0],[11.871580558013994,45.4090466553386,15.0],[11.87159892307602,45.40905348420605,15.0],[11.871621563643306,45.40906146573304,15.0],[11.871636053922867,45.409070012174254,15.0],[11.87165582289384,45.409079326229886,15.0],[11.871670997160995,45.40908875553029,15.0],[11.871684471158254,45.40909741758954,15.0],[11.871709490917091,45.40911704101262,15.0],[11.871720923200904,45.40912827459355,15.0],[11.871734082595392,45.40914333554688,15.0],[11.871752042457203,45.409164846754315,15.0],[11.871765831141499,45.409189793112546,15.0],[11.871770421305955,45.40920218940853,15.0],[11.871774451152897,45.40921612982222,15.0],[11.87177450647193,45.409239891812035,15.0],[11.871761055235323,45.409239240234946,15.0],[11.871759506019298,45.409259082109656,15.0],[11.87177578327051,45.409260022357465,15.0],[11.871773436101837,45.40928933571831,15.0],[11.871820088846292,45.40929203197828,15.0],[11.871823867257035,45.40926070273402,15.0]]]}},{"type":"Feature","id":"UN_VOL:50552","properties":{"OBJECTID":50552,"UN_VOL_POR":"03","UN_VOL_STA":"","UN_VOL_QGR":35.92,"UN_VOL_QCO":0.0,"UN_VOL_AV":20.02,"UN_VOL_INH":4.72,"Shape_Leng":19.8328513656,"Shape_Area":17.0834462068},"geometry":{"type":"Polygon","coordinates":[[[11.876718810007729,45.40915818938413,16.0],[11.876679044638992,45.40915775197143,16.0],[11.876679534738809,45.40913721674739,16.0],[11.87665152940383,45.40913684263228,16.0],[11.876651322714077,45.409165471802034,16.0],[11.876651178424892,45.40917771712301,16.0],[11.87665296990558,45.40917776200408,16.0],[11.876720484739101,45.40917857998188,16.0],[11.876718810007729,45.40915818938413,16.0]]]}},{"type":"Feature","id":"UN_VOL:50553","properties":{"OBJECTID":50553,"UN_VOL_POR":"03","UN_VOL_STA":"","UN_VOL_QGR":40.96,"UN_VOL_QCO":0.0,"UN_VOL_AV":25.05,"UN_VOL_INH":4.72,"Shape_Leng":19.8526598501,"Shape_Area":17.4674871976},"geometry":{"type":"Polygon","coordinates":[[[11.876817128807525,45.40915913113981,16.0],[11.876816486410819,45.40915905728967,16.0],[11.876718810007729,45.40915818938413,16.0],[11.876720484739101,45.40917857998188,16.0],[11.87681728627717,45.409179830130846,16.0],[11.876817128807525,45.40915913113981,16.0]]]}},{"type":"Feature","id":"UN_VOL:50554","properties":{"OBJECTID":50554,"UN_VOL_POR":"03","UN_VOL_STA":"","UN_VOL_QGR":40.49,"UN_VOL_QCO":0.0,"UN_VOL_AV":24.57,"UN_VOL_INH":4.7,"Shape_Leng":15.0905166128,"Shape_Area":12.1007355561},"geometry":{"type":"Polygon","coordinates":[[[11.876884507373262,45.40915977275237,16.0],[11.876817128807525,45.40915913113981,16.0],[11.87681728627717,45.409179830130846,16.0],[11.87688352490369,45.40918068018881,16.0],[11.876884507373262,45.40915977275237,16.0]]]}},{"type":"Feature","id":"UN_VOL:50556","properties":{"OBJECTID":50556,"UN_VOL_POR":"03","UN_VOL_STA":"","UN_VOL_QGR":37.81,"UN_VOL_QCO":0.0,"UN_VOL_AV":21.9,"UN_VOL_INH":4.7,"Shape_Leng":54.245595432,"Shape_Area":102.390889596},"geometry":{"type":"Polygon","coordinates":[[[11.877173358948832,45.40914303804853,16.0],[11.876885398685934,45.40913958720878,16.0],[11.876884507373262,45.40915977275237,16.0],[11.87688352490369,45.40918068018881,16.0],[11.877172474810571,45.40918347614088,16.0],[11.877173358948832,45.40914303804853,16.0]]]}},{"type":"Feature","id":"UN_VOL:50558","properties":{"OBJECTID":50558,"UN_VOL_POR":"03","UN_VOL_STA":"","UN_VOL_QGR":41.11,"UN_VOL_QCO":0.0,"UN_VOL_AV":27.54,"UN_VOL_INH":6.1,"Shape_Leng":93.9733842856,"Shape_Area":64.5859144153},"geometry":{"type":"Polygon","coordinates":[[[11.870726651229841,45.40934133056226,15.0],[11.870713049412604,45.40911592122883,15.0],[11.870702711483503,45.40911618132295,15.0],[11.870708445843054,45.40919902860102,15.0],[11.87069759719195,45.409199301544035,15.0],[11.87069947540832,45.40922625818632,15.0],[11.870706239513447,45.409226088007095,15.0],[11.870713482842248,45.4093311302958,15.0],[11.87046456158317,45.40933649262009,15.0],[11.870465587190877,45.40935419940584,15.0],[11.870727034143536,45.40934888212844,15.0],[11.870726651229841,45.40934133056226,15.0]]]}},{"type":"Feature","id":"UN_VOL:50559","properties":{"OBJECTID":50559,"UN_VOL_POR":"03","UN_VOL_STA":"","UN_VOL_QGR":34.79,"UN_VOL_QCO":0.0,"UN_VOL_AV":18.89,"UN_VOL_INH":4.7,"Shape_Leng":62.1840051312,"Shape_Area":117.649917193},"geometry":{"type":"Polygon","coordinates":[[[11.877505309920988,45.40914708888235,16.0],[11.877456082141798,45.4091465301846,16.0],[11.877456523238408,45.409140128078874,16.0],[11.87741803462779,45.40913965833639,16.0],[11.877417716079252,45.40914596730477,16.0],[11.877214277402896,45.40914353625895,16.0],[11.877173358948832,45.40914303804853,16.0],[11.877172474810571,45.40918347614088,16.0],[11.877502597971812,45.40918676265158,16.0],[11.877505309920988,45.40914708888235,16.0]]]}},{"type":"Feature","id":"UN_VOL:50561","properties":{"OBJECTID":50561,"UN_VOL_POR":"03","UN_VOL_STA":"","UN_VOL_QGR":32.26,"UN_VOL_QCO":0.0,"UN_VOL_AV":16.34,"UN_VOL_INH":4.7,"Shape_Leng":24.8520156346,"Shape_Area":35.3254447742},"geometry":{"type":"Polygon","coordinates":[[[11.877606833164382,45.40914821889463,16.0],[11.877505309920988,45.40914708888235,16.0],[11.877502597971812,45.40918676265158,16.0],[11.877605903645117,45.40918775805688,16.0],[11.877606833164382,45.40914821889463,16.0]]]}},{"type":"Feature","id":"UN_VOL:50565","properties":{"OBJECTID":50565,"UN_VOL_POR":"03","UN_VOL_STA":"","UN_VOL_QGR":41.44,"UN_VOL_QCO":0.0,"UN_VOL_AV":27.86,"UN_VOL_INH":6.1,"Shape_Leng":113.94454035,"Shape_Area":161.258518751},"geometry":{"type":"Polygon","coordinates":[[[11.870767478754649,45.40937279777021,15.0],[11.870757400278244,45.409226961174895,15.0],[11.87074732641254,45.409081214116824,15.0],[11.870700350048983,45.409082215918,15.0],[11.870702711483503,45.40911618132295,15.0],[11.870713049412604,45.40911592122883,15.0],[11.870726651229841,45.40934133056226,15.0],[11.870727034143536,45.40934888212844,15.0],[11.870465587190877,45.40935419940584,15.0],[11.870467095933982,45.40938143509678,15.0],[11.870767592720426,45.40937504529251,15.0],[11.870767478754649,45.40937279777021,15.0]]]}},{"type":"Feature","id":"UN_VOL:50570","properties":{"OBJECTID":50570,"UN_VOL_POR":"03","UN_VOL_STA":"","UN_VOL_QGR":37.66,"UN_VOL_QCO":0.0,"UN_VOL_AV":22.06,"UN_VOL_INH":4.95,"Shape_Leng":27.2135878598,"Shape_Area":43.4034600842},"geometry":{"type":"Polygon","coordinates":[[[11.87372233754177,45.409273392746435,16.0],[11.873613365857906,45.40927154639244,16.0],[11.873612885187976,45.40931746480962,16.0],[11.873720963776373,45.40931933365723,16.0],[11.87372233754177,45.409273392746435,16.0]]]}},{"type":"Feature","id":"UN_VOL:50571","properties":{"OBJECTID":50571,"UN_VOL_POR":"03","UN_VOL_STA":"","UN_VOL_QGR":41.62,"UN_VOL_QCO":0.0,"UN_VOL_AV":26.02,"UN_VOL_INH":4.95,"Shape_Leng":20.5019616714,"Shape_Area":26.2508347038},"geometry":{"type":"Polygon","coordinates":[[[11.873787569155322,45.409274540106736,16.0],[11.87372233754177,45.409273392746435,16.0],[11.873720963776373,45.40931933365723,16.0],[11.873786318554467,45.409320387869485,16.0],[11.873787088626546,45.409320458521044,16.0],[11.873787569155322,45.409274540106736,16.0]]]}},{"type":"Feature","id":"UN_VOL:50632","properties":{"OBJECTID":50632,"UN_VOL_POR":"03","UN_VOL_STA":"","UN_VOL_QGR":40.28,"UN_VOL_QCO":0.0,"UN_VOL_AV":24.7,"UN_VOL_INH":4.97,"Shape_Leng":129.896155277,"Shape_Area":305.408411599},"geometry":{"type":"Polygon","coordinates":[[[11.874303004884352,45.4092781194237,16.0],[11.873787569155322,45.409274540106736,16.0],[11.873787088626546,45.409320458521044,16.0],[11.874300350810742,45.409324002546576,16.0],[11.874551035719428,45.409325698377394,16.0],[11.8745521580252,45.40927985383846,16.0],[11.87430440877294,45.40927808405868,16.0],[11.874303004884352,45.4092781194237,16.0]]]}},{"type":"Feature","id":"UN_VOL:50634","properties":{"OBJECTID":50634,"UN_VOL_POR":"03","UN_VOL_STA":"","UN_VOL_QGR":43.29,"UN_VOL_QCO":0.0,"UN_VOL_AV":27.7,"UN_VOL_INH":9.7,"Shape_Leng":21.7233057293,"Shape_Area":29.4980126858},"geometry":{"type":"Polygon","coordinates":[[[11.874605206009047,45.40928013745335,16.0],[11.8745521580252,45.40927985383846,16.0],[11.874551035719428,45.409325698377394,16.0],[11.8745509355576,45.409328761321525,16.0],[11.874619380868417,45.40933027747694,16.0],[11.874620676177585,45.4092802879866,16.0],[11.874605206009047,45.40928013745335,16.0]]]}},{"type":"Feature","id":"UN_VOL:50641","properties":{"OBJECTID":50641,"UN_VOL_POR":"03","UN_VOL_STA":"","UN_VOL_QGR":41.73,"UN_VOL_QCO":0.0,"UN_VOL_AV":25.66,"UN_VOL_INH":5.6,"Shape_Leng":68.8313069873,"Shape_Area":139.22989269},"geometry":{"type":"Polygon","coordinates":[[[11.876133381609591,45.40930121560117,16.0],[11.875753126865144,45.40929720837599,16.0],[11.875753250867644,45.40930971668425,16.0],[11.875753449597976,45.4093387858676,16.0],[11.875809460477434,45.4093395345271,16.0],[11.876132483234175,45.40934390443316,16.0],[11.876133381609591,45.40930121560117,16.0]]]}},{"type":"Feature","id":"UN_VOL:50647","properties":{"OBJECTID":50647,"UN_VOL_POR":"03","UN_VOL_STA":"","UN_VOL_QGR":29.38,"UN_VOL_QCO":0.0,"UN_VOL_AV":13.78,"UN_VOL_INH":4.96,"Shape_Leng":73.7387067208,"Shape_Area":161.973293977},"geometry":{"type":"Polygon","coordinates":[[[11.873467589597158,45.40931752363172,16.0],[11.873488433592877,45.40931528859753,16.0],[11.873611986886738,45.40931739738629,16.0],[11.873612885187976,45.40931746480962,16.0],[11.873613365857906,45.40927154639244,16.0],[11.873484438193662,45.40926930242104,16.0],[11.873449354740021,45.409272976612755,16.0],[11.873418655832591,45.40928248073592,16.0],[11.873406850365834,45.40928907896747,16.0],[11.873397903331496,45.40929407480915,16.0],[11.873390774613451,45.40929965518732,16.0],[11.873374179104777,45.40931258493013,16.0],[11.873362360167366,45.40932647455599,16.0],[11.873352219343275,45.40934320224889,16.0],[11.8733472106753,45.40935782045179,16.0],[11.873344608565626,45.40937453800472,16.0],[11.873350615636001,45.409450087219525,16.0],[11.873388142793335,45.40944671209608,16.0],[11.873415368457266,45.40944431597746,16.0],[11.873409844863014,45.409375775510064,16.0],[11.873411385253048,45.40936583547194,16.0],[11.873414297670335,45.40935775108464,16.0],[11.87342054163005,45.409347332409396,16.0],[11.873426690482104,45.40934006659642,16.0],[11.873442674989352,45.409327692513614,16.0],[11.873452616051418,45.40932213135494,16.0],[11.873467589597158,45.40931752363172,16.0]]]}},{"type":"Feature","id":"UN_VOL:50650","properties":{"OBJECTID":50650,"UN_VOL_POR":"03","UN_VOL_STA":"","UN_VOL_QGR":29.12,"UN_VOL_QCO":0.0,"UN_VOL_AV":12.31,"UN_VOL_INH":12.9,"Shape_Leng":11.5821917562,"Shape_Area":4.99902611507},"geometry":{"type":"Polygon","coordinates":[[[11.87633176185939,45.40699558387213,17.0],[11.876333253068228,45.40700481759277,17.0],[11.87639422066241,45.40700256029549,17.0],[11.876391302237632,45.4069929127103,17.0],[11.87633176185939,45.40699558387213,17.0]]]}},{"type":"Feature","id":"UN_VOL:50651","properties":{"OBJECTID":50651,"UN_VOL_POR":"03","UN_VOL_STA":"","UN_VOL_QGR":29.27,"UN_VOL_QCO":0.0,"UN_VOL_AV":12.46,"UN_VOL_INH":12.9,"Shape_Leng":9.45145361902,"Shape_Area":3.35299718008},"geometry":{"type":"Polygon","coordinates":[[[11.876302127173398,45.40700587236857,18.0],[11.876300485665421,45.406998712733056,18.0],[11.87625105004123,45.40699905844212,17.0],[11.876251646955147,45.40700075389455,17.0],[11.876253525525303,45.40700754736773,17.0],[11.876302127173398,45.40700587236857,18.0]]]}},{"type":"Feature","id":"UN_VOL:52126","properties":{"OBJECTID":52126,"UN_VOL_POR":"01","UN_VOL_STA":"","UN_VOL_QGR":20.96,"UN_VOL_QCO":0.0,"UN_VOL_AV":9.15,"UN_VOL_INH":0.0,"Shape_Leng":156.997978966,"Shape_Area":737.63105956},"geometry":{"type":"Polygon","coordinates":[[[11.87722225625516,45.40577002395343,15.0],[11.877297047520818,45.405745634836165,15.0],[11.877252850849638,45.40567302906343,15.0],[11.87737269072394,45.40563238189452,15.0],[11.87729778778942,45.40552382501839,16.0],[11.87720782887441,45.40555651800025,13.0],[11.877175082153515,45.40556841521568,16.0],[11.877153616030789,45.40553826223326,17.0],[11.877098990913629,45.40546159867186,20.0],[11.877097062521454,45.40545885701498,20.0],[11.877074971614029,45.40542646938063,16.0],[11.877072072441567,45.40542222179555,19.0],[11.877069884147549,45.40541939664482,19.0],[11.877001853450954,45.405330379133645,19.0],[11.876914878674864,45.405353905031525,15.0],[11.876946388945047,45.40541071867048,15.0],[11.876887663278204,45.40542939167748,15.0],[11.876912172099766,45.40548422151183,16.0],[11.876920250533537,45.40550238074822,16.0],[11.876965286862225,45.40558900732616,15.0],[11.877055543120143,45.40556467827372,15.0],[11.877158274973644,45.40579089992357,15.0],[11.87722225625516,45.40577002395343,15.0]]]}},{"type":"Feature","id":"UN_VOL:85791","properties":{"OBJECTID":85791,"UN_VOL_POR":"01","UN_VOL_STA":"","UN_VOL_QGR":37.88,"UN_VOL_QCO":0.0,"UN_VOL_AV":22.06,"UN_VOL_INH":0.0,"Shape_Leng":30.499589681,"Shape_Area":45.2017084575},"geometry":{"type":"Polygon","coordinates":[[[11.871700181173395,45.40627296774271,15.0],[11.871639163915102,45.40626667245025,15.0],[11.871622660932722,45.4063444087572,15.0],[11.871669161323604,45.406349179211475,15.0],[11.87166602534209,45.40636293979388,15.0],[11.871674648889869,45.40636416311846,15.0],[11.87168094811219,45.40636490465961,15.0],[11.871683632642755,45.406364927142775,15.0],[11.871700181173395,45.40627296774271,15.0]]]}},{"type":"Feature","id":"UN_VOL:85814","properties":{"OBJECTID":85814,"UN_VOL_POR":"03","UN_VOL_STA":"","UN_VOL_QGR":27.04,"UN_VOL_QCO":0.0,"UN_VOL_AV":11.04,"UN_VOL_INH":3.74,"Shape_Leng":161.228841908,"Shape_Area":215.464884633},"geometry":{"type":"Polygon","coordinates":[[[11.878131044062068,45.408927248396935,16.0],[11.878127510543047,45.408885391712786,16.0],[11.878100163982868,45.40890300367494,16.0],[11.878097196850165,45.40890496872077,16.0],[11.877836477581308,45.40890695438432,16.0],[11.877807362794092,45.40888725588541,16.0],[11.877672104559556,45.40848138005996,16.0],[11.877667681976638,45.40846978980539,16.0],[11.87764025192027,45.40847318221986,17.0],[11.87763248024457,45.40847364797217,17.0],[11.877635941108734,45.40848391217078,16.0],[11.877670226184017,45.40858773213924,16.0],[11.877688639075037,45.40864325580525,16.0],[11.877765344360578,45.40887517388462,16.0],[11.877774099326643,45.40890159678433,16.0],[11.877779074051688,45.40891650327981,16.0],[11.87778346095932,45.408929894585,16.0],[11.877838386030918,45.40892940936767,16.0],[11.877867001652339,45.40892922751779,16.0],[11.877907368141255,45.40892892975967,16.0],[11.878100126252106,45.40892739794716,16.0],[11.878131044062068,45.408927248396935,16.0]]]}}]}
